Vendor NR,Invoice Value,startTimestamp,caseId,activityName,CompCode,Vendor,Material type,Cash (discount %),Current Date,Net Order Value Normalized,Cash (discount Days),Invoice Base Date,Invoice ID,Planned delivery time in days,Cash (discount Days) 2,Cash (discount %) 2,Prompt Payment
Vendor2,729.27,2022-07-28T09:23:50.000,0,Invoice Entry,356,Contoso Metal,Finished products,0.05,7/23/2022 12:00:00 AM,729.27,9,2022-08-27T00:00:00.000,1069,21,9,0.05,656.343
Vendor2,729.27,2022-07-28T17:59:05.000,0,Check Customer Payment,356,Contoso Metal,Finished products,0.05,7/23/2022 12:00:00 AM,729.27,9,2022-08-27T00:00:00.000,1069,21,9,0.05,656.343
Vendor2,729.27,2022-07-29T09:43:19.000,0,Credit Memo Entry,356,Contoso Metal,Finished products,0.05,7/23/2022 12:00:00 AM,729.27,9,2022-08-27T00:00:00.000,1069,21,9,0.05,656.343
Vendor2,729.27,2022-07-29T15:04:04.000,0,Refund Customer,356,Contoso Metal,Finished products,0.05,7/23/2022 12:00:00 AM,729.27,9,2022-08-27T00:00:00.000,1069,21,9,0.05,656.343
Vendor2,729.27,2022-08-01T09:49:00.000,0,Re-issuing the invoice,356,Contoso Metal,Finished products,0.05,7/23/2022 12:00:00 AM,729.27,9,2022-08-27T00:00:00.000,1069,21,9,0.05,656.343
Vendor2,2499.1,2022-07-21T09:43:01.000,1,Invoice Entry,356,Contoso Metal,Materials procured externally,0.05,7/11/2022 12:00:00 AM,2499.1,9,2022-08-20T00:00:00.000,1105,21,9,0.05,2249.19
Vendor2,2499.1,2022-07-21T12:05:24.000,1,Check Customer Payment,356,Contoso Metal,Materials procured externally,0.05,7/11/2022 12:00:00 AM,2499.1,9,2022-08-20T00:00:00.000,1105,21,9,0.05,2249.19
Vendor2,2499.1,2022-07-21T13:54:26.000,1,Credit Memo Entry,356,Contoso Metal,Materials procured externally,0.05,7/11/2022 12:00:00 AM,2499.1,9,2022-08-20T00:00:00.000,1105,21,9,0.05,2249.19
Vendor2,2499.1,2022-07-21T15:44:38.000,1,Refund Customer,356,Contoso Metal,Materials procured externally,0.05,7/11/2022 12:00:00 AM,2499.1,9,2022-08-20T00:00:00.000,1105,21,9,0.05,2249.19
Vendor2,2499.1,2022-07-21T17:51:44.000,1,Re-issuing the invoice,356,Contoso Metal,Materials procured externally,0.05,7/11/2022 12:00:00 AM,2499.1,9,2022-08-20T00:00:00.000,1105,21,9,0.05,2249.19
Vendor2,624.12,2022-07-19T10:03:03.000,2,Invoice Entry,356,Contoso Metal,Finished products,0.05,7/5/2022 12:00:00 AM,561.708,9,2022-08-18T00:00:00.000,1109,14,9,0.05,561.708
Vendor2,624.12,2022-07-20T09:12:49.000,2,Confirm Payment Received,356,Contoso Metal,Finished products,0.05,7/5/2022 12:00:00 AM,561.708,9,2022-08-18T00:00:00.000,1109,14,9,0.05,561.708
Vendor2,624.12,2022-07-20T14:47:47.000,2,Refund With Special Voucher,356,Contoso Metal,Finished products,0.05,7/5/2022 12:00:00 AM,561.708,9,2022-08-18T00:00:00.000,1109,14,9,0.05,561.708
Vendor2,624.12,2022-07-21T15:15:56.000,2,Complete the Customer Memo,356,Contoso Metal,Finished products,0.05,7/5/2022 12:00:00 AM,561.708,9,2022-08-18T00:00:00.000,1109,14,9,0.05,561.708
Vendor2,624.12,2022-07-22T09:35:21.000,2,Approve Invoice,356,Contoso Metal,Finished products,0.05,7/5/2022 12:00:00 AM,561.708,9,2022-08-18T00:00:00.000,1109,14,9,0.05,561.708
Vendor2,624.12,2022-07-22T17:05:44.000,2,Credit Memo Creation,356,Contoso Metal,Finished products,0.05,7/5/2022 12:00:00 AM,561.708,9,2022-08-18T00:00:00.000,1109,14,9,0.05,561.708
Vendor2,624.12,2022-07-25T09:44:07.000,2,Fill Credit Memo,356,Contoso Metal,Finished products,0.05,7/5/2022 12:00:00 AM,561.708,9,2022-08-18T00:00:00.000,1109,14,9,0.05,561.708
Vendor2,624.12,2022-07-25T15:59:49.000,2,Re-issuing the invoice,356,Contoso Metal,Finished products,0.05,7/5/2022 12:00:00 AM,561.708,9,2022-08-18T00:00:00.000,1109,14,9,0.05,561.708
Vendor3,3960.7,2022-08-22T09:12:15.000,3,Invoice Entry,356,Northwind,Trading goods,0.05,8/12/2022 12:00:00 AM,3960.7,9,2022-09-21T00:00:00.000,1002,7,9,0.05,3564.63
Vendor3,3960.7,2022-08-22T10:42:50.000,3,Confirm Payment Received,356,Northwind,Trading goods,0.05,8/12/2022 12:00:00 AM,3960.7,9,2022-09-21T00:00:00.000,1002,7,9,0.05,3564.63
Vendor3,3960.7,2022-08-22T12:11:44.000,3,Refund With Standard Voucher,356,Northwind,Trading goods,0.05,8/12/2022 12:00:00 AM,3960.7,9,2022-09-21T00:00:00.000,1002,7,9,0.05,3564.63
Vendor3,3960.7,2022-08-22T13:36:21.000,3,Complete the Customer Memo,356,Northwind,Trading goods,0.05,8/12/2022 12:00:00 AM,3960.7,9,2022-09-21T00:00:00.000,1002,7,9,0.05,3564.63
Vendor3,3960.7,2022-08-23T09:17:14.000,3,Reject Invoice,356,Northwind,Trading goods,0.05,8/12/2022 12:00:00 AM,3960.7,9,2022-09-21T00:00:00.000,1002,7,9,0.05,3564.63
Vendor3,3960.7,2022-08-23T12:35:54.000,3,Refund With Standard Voucher,356,Northwind,Trading goods,0.05,8/12/2022 12:00:00 AM,3960.7,9,2022-09-21T00:00:00.000,1002,7,9,0.05,3564.63
Vendor3,3960.7,2022-08-23T13:48:59.000,3,Complete the Customer Memo,356,Northwind,Trading goods,0.05,8/12/2022 12:00:00 AM,3960.7,9,2022-09-21T00:00:00.000,1002,7,9,0.05,3564.63
Vendor3,3960.7,2022-08-23T17:03:09.000,3,Reject Invoice,356,Northwind,Trading goods,0.05,8/12/2022 12:00:00 AM,3960.7,9,2022-09-21T00:00:00.000,1002,7,9,0.05,3564.63
Vendor3,3960.7,2022-08-24T09:21:17.000,3,Refund With Standard Voucher,356,Northwind,Trading goods,0.05,8/12/2022 12:00:00 AM,3960.7,9,2022-09-21T00:00:00.000,1002,7,9,0.05,3564.63
Vendor3,3960.7,2022-08-24T10:36:27.000,3,Complete the Customer Memo,356,Northwind,Trading goods,0.05,8/12/2022 12:00:00 AM,3960.7,9,2022-09-21T00:00:00.000,1002,7,9,0.05,3564.63
Vendor3,3960.7,2022-08-24T14:05:48.000,3,Reject Invoice,356,Northwind,Trading goods,0.05,8/12/2022 12:00:00 AM,3960.7,9,2022-09-21T00:00:00.000,1002,7,9,0.05,3564.63
Vendor3,3960.7,2022-08-25T09:20:57.000,3,Refund With Standard Voucher,356,Northwind,Trading goods,0.05,8/12/2022 12:00:00 AM,3960.7,9,2022-09-21T00:00:00.000,1002,7,9,0.05,3564.63
Vendor3,3960.7,2022-08-25T10:54:55.000,3,Complete the Customer Memo,356,Northwind,Trading goods,0.05,8/12/2022 12:00:00 AM,3960.7,9,2022-09-21T00:00:00.000,1002,7,9,0.05,3564.63
Vendor3,3960.7,2022-08-25T15:15:26.000,3,Approve Invoice,356,Northwind,Trading goods,0.05,8/12/2022 12:00:00 AM,3960.7,9,2022-09-21T00:00:00.000,1002,7,9,0.05,3564.63
Vendor3,3960.7,2022-08-26T09:55:44.000,3,Credit Memo Creation,356,Northwind,Trading goods,0.05,8/12/2022 12:00:00 AM,3960.7,9,2022-09-21T00:00:00.000,1002,7,9,0.05,3564.63
Vendor3,3960.7,2022-08-26T11:05:23.000,3,Fill Credit Memo,356,Northwind,Trading goods,0.05,8/12/2022 12:00:00 AM,3960.7,9,2022-09-21T00:00:00.000,1002,7,9,0.05,3564.63
Vendor3,3960.7,2022-08-26T12:44:03.000,3,Re-issuing the invoice,356,Northwind,Trading goods,0.05,8/12/2022 12:00:00 AM,3960.7,9,2022-09-21T00:00:00.000,1002,7,9,0.05,3564.63
Vendor1,1034.24,2022-08-24T09:18:34.000,4,Invoice Entry,356,AdventureWorks Holding,Finished products,0.1,8/16/2022 12:00:00 AM,1034.24,4.5,2022-09-08T00:00:00.000,1116,14,4.5,0.1,930.816
Vendor1,1034.24,2022-08-24T11:54:04.000,4,Confirm Payment Received,356,AdventureWorks Holding,Finished products,0.1,8/16/2022 12:00:00 AM,1034.24,4.5,2022-09-08T00:00:00.000,1116,14,4.5,0.1,930.816
Vendor1,1034.24,2022-08-24T13:19:34.000,4,Refund With Standard Voucher,356,AdventureWorks Holding,Finished products,0.1,8/16/2022 12:00:00 AM,1034.24,4.5,2022-09-08T00:00:00.000,1116,14,4.5,0.1,930.816
Vendor1,1034.24,2022-08-24T14:30:43.000,4,Complete the Customer Memo,356,AdventureWorks Holding,Finished products,0.1,8/16/2022 12:00:00 AM,1034.24,4.5,2022-09-08T00:00:00.000,1116,14,4.5,0.1,930.816
Vendor1,1034.24,2022-08-24T16:37:18.000,4,Approve Invoice,356,AdventureWorks Holding,Finished products,0.1,8/16/2022 12:00:00 AM,1034.24,4.5,2022-09-08T00:00:00.000,1116,14,4.5,0.1,930.816
Vendor1,1034.24,2022-08-25T09:04:26.000,4,Credit Memo Creation,356,AdventureWorks Holding,Finished products,0.1,8/16/2022 12:00:00 AM,1034.24,4.5,2022-09-08T00:00:00.000,1116,14,4.5,0.1,930.816
Vendor1,1034.24,2022-08-25T10:31:49.000,4,Fill Credit Memo,356,AdventureWorks Holding,Finished products,0.1,8/16/2022 12:00:00 AM,1034.24,4.5,2022-09-08T00:00:00.000,1116,14,4.5,0.1,930.816
Vendor1,1034.24,2022-08-25T11:24:57.000,4,Re-issuing the invoice,356,AdventureWorks Holding,Finished products,0.1,8/16/2022 12:00:00 AM,1034.24,4.5,2022-09-08T00:00:00.000,1116,14,4.5,0.1,930.816
Vendor2,555.66,2022-07-21T13:59:40.000,5,Invoice Entry,105,Contoso Metal,Finished products,0.05,7/9/2022 12:00:00 AM,555.66,9,2022-08-20T00:00:00.000,1065,7,9,0.05,500.09396
Vendor2,555.66,2022-07-22T09:19:22.000,5,Check Customer Payment,105,Contoso Metal,Finished products,0.05,7/9/2022 12:00:00 AM,555.66,9,2022-08-20T00:00:00.000,1065,7,9,0.05,500.09396
Vendor2,555.66,2022-07-22T16:32:10.000,5,Credit Memo Entry,105,Contoso Metal,Finished products,0.05,7/9/2022 12:00:00 AM,555.66,9,2022-08-20T00:00:00.000,1065,7,9,0.05,500.09396
Vendor2,555.66,2022-07-25T09:05:26.000,5,Refund Customer,105,Contoso Metal,Finished products,0.05,7/9/2022 12:00:00 AM,555.66,9,2022-08-20T00:00:00.000,1065,7,9,0.05,500.09396
Vendor2,555.66,2022-07-25T16:22:46.000,5,Re-issuing the invoice,105,Contoso Metal,Finished products,0.05,7/9/2022 12:00:00 AM,555.66,9,2022-08-20T00:00:00.000,1065,7,9,0.05,500.09396
Vendor2,501.61,2022-07-27T09:54:58.000,6,Invoice Entry,105,Contoso Metal,Finished products,0.05,7/14/2022 12:00:00 AM,451.44897,9,2022-08-26T00:00:00.000,1131,21,9,0.05,451.44897
Vendor2,501.61,2022-07-27T17:33:44.000,6,Confirm Payment Received,105,Contoso Metal,Finished products,0.05,7/14/2022 12:00:00 AM,451.44897,9,2022-08-26T00:00:00.000,1131,21,9,0.05,451.44897
Vendor2,501.61,2022-07-28T09:39:07.000,6,Refund With Special Voucher,105,Contoso Metal,Finished products,0.05,7/14/2022 12:00:00 AM,451.44897,9,2022-08-26T00:00:00.000,1131,21,9,0.05,451.44897
Vendor2,501.61,2022-07-29T09:05:10.000,6,Complete the Customer Memo,105,Contoso Metal,Finished products,0.05,7/14/2022 12:00:00 AM,451.44897,9,2022-08-26T00:00:00.000,1131,21,9,0.05,451.44897
Vendor2,501.61,2022-08-01T09:09:39.000,6,Approve Invoice,105,Contoso Metal,Finished products,0.05,7/14/2022 12:00:00 AM,451.44897,9,2022-08-26T00:00:00.000,1131,21,9,0.05,451.44897
Vendor2,501.61,2022-08-01T17:33:08.000,6,Credit Memo Creation,105,Contoso Metal,Finished products,0.05,7/14/2022 12:00:00 AM,451.44897,9,2022-08-26T00:00:00.000,1131,21,9,0.05,451.44897
Vendor2,501.61,2022-08-02T09:26:37.000,6,Fill Credit Memo,105,Contoso Metal,Finished products,0.05,7/14/2022 12:00:00 AM,451.44897,9,2022-08-26T00:00:00.000,1131,21,9,0.05,451.44897
Vendor2,501.61,2022-08-02T17:15:24.000,6,Re-issuing the invoice,105,Contoso Metal,Finished products,0.05,7/14/2022 12:00:00 AM,451.44897,9,2022-08-26T00:00:00.000,1131,21,9,0.05,451.44897
Vendor1,1489.96,2022-07-28T15:11:06.000,7,Invoice Entry,356,AdventureWorks Holding,Finished products,0.05,7/15/2022 12:00:00 AM,1340.964,9,2022-08-27T00:00:00.000,1104,21,9,0.05,1340.964
Vendor1,1489.96,2022-07-28T16:11:25.000,7,Check Customer Payment,356,AdventureWorks Holding,Finished products,0.05,7/15/2022 12:00:00 AM,1340.964,9,2022-08-27T00:00:00.000,1104,21,9,0.05,1340.964
Vendor1,1489.96,2022-07-28T17:09:56.000,7,Credit Memo Entry,356,AdventureWorks Holding,Finished products,0.05,7/15/2022 12:00:00 AM,1340.964,9,2022-08-27T00:00:00.000,1104,21,9,0.05,1340.964
Vendor1,1489.96,2022-07-29T09:38:28.000,7,Refund Customer,356,AdventureWorks Holding,Finished products,0.05,7/15/2022 12:00:00 AM,1340.964,9,2022-08-27T00:00:00.000,1104,21,9,0.05,1340.964
Vendor1,1489.96,2022-07-29T10:22:07.000,7,Re-issuing the invoice,356,AdventureWorks Holding,Finished products,0.05,7/15/2022 12:00:00 AM,1340.964,9,2022-08-27T00:00:00.000,1104,21,9,0.05,1340.964
Vendor2,2077.94,2022-07-26T12:19:50.000,8,Invoice Entry,105,Contoso Metal,Trading goods,0.05,7/16/2022 12:00:00 AM,1870.1459,9,2022-08-25T00:00:00.000,1015,21,9,0.05,1870.1459
Vendor2,2077.94,2022-07-26T13:35:06.000,8,Confirm Payment Received,105,Contoso Metal,Trading goods,0.05,7/16/2022 12:00:00 AM,1870.1459,9,2022-08-25T00:00:00.000,1015,21,9,0.05,1870.1459
Vendor2,2077.94,2022-07-26T14:33:29.000,8,Refund With Standard Voucher,105,Contoso Metal,Trading goods,0.05,7/16/2022 12:00:00 AM,1870.1459,9,2022-08-25T00:00:00.000,1015,21,9,0.05,1870.1459
Vendor2,2077.94,2022-07-26T15:39:33.000,8,Complete the Customer Memo,105,Contoso Metal,Trading goods,0.05,7/16/2022 12:00:00 AM,1870.1459,9,2022-08-25T00:00:00.000,1015,21,9,0.05,1870.1459
Vendor2,2077.94,2022-07-26T17:35:28.000,8,Reject Invoice,105,Contoso Metal,Trading goods,0.05,7/16/2022 12:00:00 AM,1870.1459,9,2022-08-25T00:00:00.000,1015,21,9,0.05,1870.1459
Vendor2,2077.94,2022-07-27T09:33:39.000,8,Refund With Standard Voucher,105,Contoso Metal,Trading goods,0.05,7/16/2022 12:00:00 AM,1870.1459,9,2022-08-25T00:00:00.000,1015,21,9,0.05,1870.1459
Vendor2,2077.94,2022-07-27T10:17:13.000,8,Complete the Customer Memo,105,Contoso Metal,Trading goods,0.05,7/16/2022 12:00:00 AM,1870.1459,9,2022-08-25T00:00:00.000,1015,21,9,0.05,1870.1459
Vendor2,2077.94,2022-07-27T12:56:40.000,8,Reject Invoice,105,Contoso Metal,Trading goods,0.05,7/16/2022 12:00:00 AM,1870.1459,9,2022-08-25T00:00:00.000,1015,21,9,0.05,1870.1459
Vendor2,2077.94,2022-07-27T15:08:05.000,8,Refund With Standard Voucher,105,Contoso Metal,Trading goods,0.05,7/16/2022 12:00:00 AM,1870.1459,9,2022-08-25T00:00:00.000,1015,21,9,0.05,1870.1459
Vendor2,2077.94,2022-07-27T16:05:31.000,8,Complete the Customer Memo,105,Contoso Metal,Trading goods,0.05,7/16/2022 12:00:00 AM,1870.1459,9,2022-08-25T00:00:00.000,1015,21,9,0.05,1870.1459
Vendor2,2077.94,2022-07-28T09:43:59.000,8,Approve Invoice,105,Contoso Metal,Trading goods,0.05,7/16/2022 12:00:00 AM,1870.1459,9,2022-08-25T00:00:00.000,1015,21,9,0.05,1870.1459
Vendor2,2077.94,2022-07-28T12:05:28.000,8,Credit Memo Creation,105,Contoso Metal,Trading goods,0.05,7/16/2022 12:00:00 AM,1870.1459,9,2022-08-25T00:00:00.000,1015,21,9,0.05,1870.1459
Vendor2,2077.94,2022-07-28T12:57:23.000,8,Fill Credit Memo,105,Contoso Metal,Trading goods,0.05,7/16/2022 12:00:00 AM,1870.1459,9,2022-08-25T00:00:00.000,1015,21,9,0.05,1870.1459
Vendor2,2077.94,2022-07-28T13:39:13.000,8,Re-issuing the invoice,105,Contoso Metal,Trading goods,0.05,7/16/2022 12:00:00 AM,1870.1459,9,2022-08-25T00:00:00.000,1015,21,9,0.05,1870.1459
Vendor4,347.96,2022-07-29T13:36:36.000,9,Invoice Entry,105,Leprechaun Ltd.,Finished products,0.1,7/18/2022 12:00:00 AM,313.16397,4.5,2022-08-13T00:00:00.000,1028,21,4.5,0.1,313.16397
Vendor4,347.96,2022-07-29T14:43:19.000,9,Check Customer Payment,105,Leprechaun Ltd.,Finished products,0.1,7/18/2022 12:00:00 AM,313.16397,4.5,2022-08-13T00:00:00.000,1028,21,4.5,0.1,313.16397
Vendor4,347.96,2022-07-29T15:48:18.000,9,Credit Memo Entry,105,Leprechaun Ltd.,Finished products,0.1,7/18/2022 12:00:00 AM,313.16397,4.5,2022-08-13T00:00:00.000,1028,21,4.5,0.1,313.16397
Vendor4,347.96,2022-07-29T16:30:46.000,9,Refund Customer,105,Leprechaun Ltd.,Finished products,0.1,7/18/2022 12:00:00 AM,313.16397,4.5,2022-08-13T00:00:00.000,1028,21,4.5,0.1,313.16397
Vendor4,347.96,2022-07-29T17:48:24.000,9,Re-issuing the invoice,105,Leprechaun Ltd.,Finished products,0.1,7/18/2022 12:00:00 AM,313.16397,4.5,2022-08-13T00:00:00.000,1028,21,4.5,0.1,313.16397
Vendor5,1020.03,2022-07-25T10:07:36.000,10,Invoice Entry,105,Katingale Union,Finished products,0.05,7/18/2022 12:00:00 AM,1020.03,9,2022-08-24T00:00:00.000,1006,21,9,0.05,918.027
Vendor5,1020.03,2022-07-25T15:53:52.000,10,Confirm Payment Received,105,Katingale Union,Finished products,0.05,7/18/2022 12:00:00 AM,1020.03,9,2022-08-24T00:00:00.000,1006,21,9,0.05,918.027
Vendor5,1020.03,2022-07-26T09:52:09.000,10,Refund With Standard Voucher,105,Katingale Union,Finished products,0.05,7/18/2022 12:00:00 AM,1020.03,9,2022-08-24T00:00:00.000,1006,21,9,0.05,918.027
Vendor5,1020.03,2022-07-26T16:03:21.000,10,Complete the Customer Memo,105,Katingale Union,Finished products,0.05,7/18/2022 12:00:00 AM,1020.03,9,2022-08-24T00:00:00.000,1006,21,9,0.05,918.027
Vendor5,1020.03,2022-07-27T09:12:27.000,10,Approve Invoice,105,Katingale Union,Finished products,0.05,7/18/2022 12:00:00 AM,1020.03,9,2022-08-24T00:00:00.000,1006,21,9,0.05,918.027
Vendor5,1020.03,2022-07-28T09:18:15.000,10,Credit Memo Creation,105,Katingale Union,Finished products,0.05,7/18/2022 12:00:00 AM,1020.03,9,2022-08-24T00:00:00.000,1006,21,9,0.05,918.027
Vendor5,1020.03,2022-07-28T16:03:38.000,10,Fill Credit Memo,105,Katingale Union,Finished products,0.05,7/18/2022 12:00:00 AM,1020.03,9,2022-08-24T00:00:00.000,1006,21,9,0.05,918.027
Vendor5,1020.03,2022-07-29T09:04:33.000,10,Re-issuing the invoice,105,Katingale Union,Finished products,0.05,7/18/2022 12:00:00 AM,1020.03,9,2022-08-24T00:00:00.000,1006,21,9,0.05,918.027
Vendor3,3392,2022-07-19T09:58:31.000,11,Invoice Entry,356,Northwind,Materials procured externally,0.05,7/12/2022 12:00:00 AM,3052.7998,9,2022-08-18T00:00:00.000,1112,14,9,0.05,3052.7998
Vendor3,3392,2022-07-19T11:06:38.000,11,Check Customer Payment,356,Northwind,Materials procured externally,0.05,7/12/2022 12:00:00 AM,3052.7998,9,2022-08-18T00:00:00.000,1112,14,9,0.05,3052.7998
Vendor3,3392,2022-07-19T11:48:20.000,11,Credit Memo Entry,356,Northwind,Materials procured externally,0.05,7/12/2022 12:00:00 AM,3052.7998,9,2022-08-18T00:00:00.000,1112,14,9,0.05,3052.7998
Vendor3,3392,2022-07-19T12:56:56.000,11,Refund Customer,356,Northwind,Materials procured externally,0.05,7/12/2022 12:00:00 AM,3052.7998,9,2022-08-18T00:00:00.000,1112,14,9,0.05,3052.7998
Vendor3,3392,2022-07-19T14:45:31.000,11,Re-issuing the invoice,356,Northwind,Materials procured externally,0.05,7/12/2022 12:00:00 AM,3052.7998,9,2022-08-18T00:00:00.000,1112,14,9,0.05,3052.7998
Vendor3,4833.42,2022-08-09T15:36:12.000,12,Invoice Entry,356,Northwind,Finished products,0.1,7/31/2022 12:00:00 AM,4350.0776,4.5,2022-08-24T00:00:00.000,1045,21,4.5,0.1,4350.0776
Vendor3,4833.42,2022-08-09T16:51:43.000,12,Check Customer Payment,356,Northwind,Finished products,0.1,7/31/2022 12:00:00 AM,4350.0776,4.5,2022-08-24T00:00:00.000,1045,21,4.5,0.1,4350.0776
Vendor3,4833.42,2022-08-09T17:45:30.000,12,Credit Memo Entry,356,Northwind,Finished products,0.1,7/31/2022 12:00:00 AM,4350.0776,4.5,2022-08-24T00:00:00.000,1045,21,4.5,0.1,4350.0776
Vendor3,4833.42,2022-08-10T09:54:45.000,12,Refund Customer,356,Northwind,Finished products,0.1,7/31/2022 12:00:00 AM,4350.0776,4.5,2022-08-24T00:00:00.000,1045,21,4.5,0.1,4350.0776
Vendor3,4833.42,2022-08-10T10:53:13.000,12,Re-issuing the invoice,356,Northwind,Finished products,0.1,7/31/2022 12:00:00 AM,4350.0776,4.5,2022-08-24T00:00:00.000,1045,21,4.5,0.1,4350.0776
Vendor2,2060.53,2022-08-18T10:20:49.000,13,Invoice Entry,356,Contoso Metal,Trading goods,0.05,8/4/2022 12:00:00 AM,1854.4769,9,2022-09-17T00:00:00.000,1056,7,9,0.05,1854.4769
Vendor2,2060.53,2022-08-18T11:41:40.000,13,Check Customer Payment,356,Contoso Metal,Trading goods,0.05,8/4/2022 12:00:00 AM,1854.4769,9,2022-09-17T00:00:00.000,1056,7,9,0.05,1854.4769
Vendor2,2060.53,2022-08-18T12:20:45.000,13,Credit Memo Entry,356,Contoso Metal,Trading goods,0.05,8/4/2022 12:00:00 AM,1854.4769,9,2022-09-17T00:00:00.000,1056,7,9,0.05,1854.4769
Vendor2,2060.53,2022-08-18T13:00:57.000,13,Refund Customer,356,Contoso Metal,Trading goods,0.05,8/4/2022 12:00:00 AM,1854.4769,9,2022-09-17T00:00:00.000,1056,7,9,0.05,1854.4769
Vendor2,2060.53,2022-08-18T13:56:37.000,13,Re-issuing the invoice,356,Contoso Metal,Trading goods,0.05,8/4/2022 12:00:00 AM,1854.4769,9,2022-09-17T00:00:00.000,1056,7,9,0.05,1854.4769
Vendor4,173.17,2022-07-21T16:38:04.000,14,Invoice Entry,356,Leprechaun Ltd.,Finished products,0.1,7/13/2022 12:00:00 AM,155.853,4.5,2022-08-05T00:00:00.000,1011,21,4.5,0.1,155.853
Vendor4,173.17,2022-07-22T09:11:51.000,14,Confirm Payment Received,356,Leprechaun Ltd.,Finished products,0.1,7/13/2022 12:00:00 AM,155.853,4.5,2022-08-05T00:00:00.000,1011,21,4.5,0.1,155.853
Vendor4,173.17,2022-07-22T10:46:54.000,14,Refund With Standard Voucher,356,Leprechaun Ltd.,Finished products,0.1,7/13/2022 12:00:00 AM,155.853,4.5,2022-08-05T00:00:00.000,1011,21,4.5,0.1,155.853
Vendor4,173.17,2022-07-22T11:36:02.000,14,Complete the Customer Memo,356,Leprechaun Ltd.,Finished products,0.1,7/13/2022 12:00:00 AM,155.853,4.5,2022-08-05T00:00:00.000,1011,21,4.5,0.1,155.853
Vendor4,173.17,2022-07-22T13:49:21.000,14,Reject Invoice,356,Leprechaun Ltd.,Finished products,0.1,7/13/2022 12:00:00 AM,155.853,4.5,2022-08-05T00:00:00.000,1011,21,4.5,0.1,155.853
Vendor4,173.17,2022-07-22T16:44:19.000,14,Refund With Standard Voucher,356,Leprechaun Ltd.,Finished products,0.1,7/13/2022 12:00:00 AM,155.853,4.5,2022-08-05T00:00:00.000,1011,21,4.5,0.1,155.853
Vendor4,173.17,2022-07-22T17:24:25.000,14,Complete the Customer Memo,356,Leprechaun Ltd.,Finished products,0.1,7/13/2022 12:00:00 AM,155.853,4.5,2022-08-05T00:00:00.000,1011,21,4.5,0.1,155.853
Vendor4,173.17,2022-07-25T09:48:35.000,14,Approve Invoice,356,Leprechaun Ltd.,Finished products,0.1,7/13/2022 12:00:00 AM,155.853,4.5,2022-08-05T00:00:00.000,1011,21,4.5,0.1,155.853
Vendor4,173.17,2022-07-25T13:09:43.000,14,Credit Memo Creation,356,Leprechaun Ltd.,Finished products,0.1,7/13/2022 12:00:00 AM,155.853,4.5,2022-08-05T00:00:00.000,1011,21,4.5,0.1,155.853
Vendor4,173.17,2022-07-25T13:57:11.000,14,Fill Credit Memo,356,Leprechaun Ltd.,Finished products,0.1,7/13/2022 12:00:00 AM,155.853,4.5,2022-08-05T00:00:00.000,1011,21,4.5,0.1,155.853
Vendor4,173.17,2022-07-25T14:38:32.000,14,Re-issuing the invoice,356,Leprechaun Ltd.,Finished products,0.1,7/13/2022 12:00:00 AM,155.853,4.5,2022-08-05T00:00:00.000,1011,21,4.5,0.1,155.853
Vendor5,1198.1,2022-07-22T09:03:03.000,15,Invoice Entry,105,Katingale Union,Finished products,0.1,7/15/2022 12:00:00 AM,1198.1,4.5,2022-08-06T00:00:00.000,1040,7,4.5,0.1,1078.2899
Vendor5,1198.1,2022-07-22T17:47:02.000,15,Confirm Payment Received,105,Katingale Union,Finished products,0.1,7/15/2022 12:00:00 AM,1198.1,4.5,2022-08-06T00:00:00.000,1040,7,4.5,0.1,1078.2899
Vendor5,1198.1,2022-07-25T09:12:17.000,15,Refund With Special Voucher,105,Katingale Union,Finished products,0.1,7/15/2022 12:00:00 AM,1198.1,4.5,2022-08-06T00:00:00.000,1040,7,4.5,0.1,1078.2899
Vendor5,1198.1,2022-07-26T09:38:31.000,15,Complete the Customer Memo,105,Katingale Union,Finished products,0.1,7/15/2022 12:00:00 AM,1198.1,4.5,2022-08-06T00:00:00.000,1040,7,4.5,0.1,1078.2899
Vendor5,1198.1,2022-07-26T17:56:45.000,15,Approve Invoice,105,Katingale Union,Finished products,0.1,7/15/2022 12:00:00 AM,1198.1,4.5,2022-08-06T00:00:00.000,1040,7,4.5,0.1,1078.2899
Vendor5,1198.1,2022-07-27T09:25:15.000,15,Credit Memo Creation,105,Katingale Union,Finished products,0.1,7/15/2022 12:00:00 AM,1198.1,4.5,2022-08-06T00:00:00.000,1040,7,4.5,0.1,1078.2899
Vendor5,1198.1,2022-07-27T16:14:20.000,15,Fill Credit Memo,105,Katingale Union,Finished products,0.1,7/15/2022 12:00:00 AM,1198.1,4.5,2022-08-06T00:00:00.000,1040,7,4.5,0.1,1078.2899
Vendor5,1198.1,2022-07-28T09:33:15.000,15,Re-issuing the invoice,105,Katingale Union,Finished products,0.1,7/15/2022 12:00:00 AM,1198.1,4.5,2022-08-06T00:00:00.000,1040,7,4.5,0.1,1078.2899
Vendor2,591.28,2022-07-20T09:26:55.000,16,Invoice Entry,105,Contoso Metal,Materials procured externally,0.05,7/13/2022 12:00:00 AM,591.28,9,2022-08-19T00:00:00.000,1016,7,9,0.05,532.15204
Vendor2,591.28,2022-07-20T15:25:49.000,16,Confirm Payment Received,105,Contoso Metal,Materials procured externally,0.05,7/13/2022 12:00:00 AM,591.28,9,2022-08-19T00:00:00.000,1016,7,9,0.05,532.15204
Vendor2,591.28,2022-07-21T09:19:58.000,16,Refund With Special Voucher,105,Contoso Metal,Materials procured externally,0.05,7/13/2022 12:00:00 AM,591.28,9,2022-08-19T00:00:00.000,1016,7,9,0.05,532.15204
Vendor2,591.28,2022-07-22T09:22:58.000,16,Complete the Customer Memo,105,Contoso Metal,Materials procured externally,0.05,7/13/2022 12:00:00 AM,591.28,9,2022-08-19T00:00:00.000,1016,7,9,0.05,532.15204
Vendor2,591.28,2022-07-22T15:36:16.000,16,Reject Invoice,105,Contoso Metal,Materials procured externally,0.05,7/13/2022 12:00:00 AM,591.28,9,2022-08-19T00:00:00.000,1016,7,9,0.05,532.15204
Vendor2,591.28,2022-07-25T09:45:09.000,16,Refund With Standard Voucher,105,Contoso Metal,Materials procured externally,0.05,7/13/2022 12:00:00 AM,591.28,9,2022-08-19T00:00:00.000,1016,7,9,0.05,532.15204
Vendor2,591.28,2022-07-25T16:04:56.000,16,Complete the Customer Memo,105,Contoso Metal,Materials procured externally,0.05,7/13/2022 12:00:00 AM,591.28,9,2022-08-19T00:00:00.000,1016,7,9,0.05,532.15204
Vendor2,591.28,2022-07-26T09:07:27.000,16,Reject Invoice,105,Contoso Metal,Materials procured externally,0.05,7/13/2022 12:00:00 AM,591.28,9,2022-08-19T00:00:00.000,1016,7,9,0.05,532.15204
Vendor2,591.28,2022-07-26T16:57:30.000,16,Refund With Special Voucher,105,Contoso Metal,Materials procured externally,0.05,7/13/2022 12:00:00 AM,591.28,9,2022-08-19T00:00:00.000,1016,7,9,0.05,532.15204
Vendor2,591.28,2022-07-27T09:08:43.000,16,Complete the Customer Memo,105,Contoso Metal,Materials procured externally,0.05,7/13/2022 12:00:00 AM,591.28,9,2022-08-19T00:00:00.000,1016,7,9,0.05,532.15204
Vendor2,591.28,2022-07-28T09:02:55.000,16,Reject Invoice,105,Contoso Metal,Materials procured externally,0.05,7/13/2022 12:00:00 AM,591.28,9,2022-08-19T00:00:00.000,1016,7,9,0.05,532.15204
Vendor2,591.28,2022-07-28T15:32:42.000,16,Refund With Special Voucher,105,Contoso Metal,Materials procured externally,0.05,7/13/2022 12:00:00 AM,591.28,9,2022-08-19T00:00:00.000,1016,7,9,0.05,532.15204
Vendor2,591.28,2022-07-29T09:40:28.000,16,Complete the Customer Memo,105,Contoso Metal,Materials procured externally,0.05,7/13/2022 12:00:00 AM,591.28,9,2022-08-19T00:00:00.000,1016,7,9,0.05,532.15204
Vendor2,591.28,2022-08-01T09:51:26.000,16,Approve Invoice,105,Contoso Metal,Materials procured externally,0.05,7/13/2022 12:00:00 AM,591.28,9,2022-08-19T00:00:00.000,1016,7,9,0.05,532.15204
Vendor2,591.28,2022-08-02T09:43:49.000,16,Credit Memo Creation,105,Contoso Metal,Materials procured externally,0.05,7/13/2022 12:00:00 AM,591.28,9,2022-08-19T00:00:00.000,1016,7,9,0.05,532.15204
Vendor2,591.28,2022-08-02T16:41:31.000,16,Fill Credit Memo,105,Contoso Metal,Materials procured externally,0.05,7/13/2022 12:00:00 AM,591.28,9,2022-08-19T00:00:00.000,1016,7,9,0.05,532.15204
Vendor2,591.28,2022-08-03T09:40:02.000,16,Re-issuing the invoice,105,Contoso Metal,Materials procured externally,0.05,7/13/2022 12:00:00 AM,591.28,9,2022-08-19T00:00:00.000,1016,7,9,0.05,532.15204
Vendor4,674.93,2022-07-14T09:49:50.000,17,Invoice Entry,356,Leprechaun Ltd.,Finished products,0.05,7/9/2022 12:00:00 AM,674.93,9,2022-08-13T00:00:00.000,1001,14,9,0.05,607.43695
Vendor4,674.93,2022-07-14T10:57:28.000,17,Confirm Payment Received,356,Leprechaun Ltd.,Finished products,0.05,7/9/2022 12:00:00 AM,674.93,9,2022-08-13T00:00:00.000,1001,14,9,0.05,607.43695
Vendor4,674.93,2022-07-14T12:22:03.000,17,Refund With Standard Voucher,356,Leprechaun Ltd.,Finished products,0.05,7/9/2022 12:00:00 AM,674.93,9,2022-08-13T00:00:00.000,1001,14,9,0.05,607.43695
Vendor4,674.93,2022-07-14T13:02:51.000,17,Complete the Customer Memo,356,Leprechaun Ltd.,Finished products,0.05,7/9/2022 12:00:00 AM,674.93,9,2022-08-13T00:00:00.000,1001,14,9,0.05,607.43695
Vendor4,674.93,2022-07-14T16:01:59.000,17,Approve Invoice,356,Leprechaun Ltd.,Finished products,0.05,7/9/2022 12:00:00 AM,674.93,9,2022-08-13T00:00:00.000,1001,14,9,0.05,607.43695
Vendor4,674.93,2022-07-15T09:48:17.000,17,Credit Memo Creation,356,Leprechaun Ltd.,Finished products,0.05,7/9/2022 12:00:00 AM,674.93,9,2022-08-13T00:00:00.000,1001,14,9,0.05,607.43695
Vendor4,674.93,2022-07-15T10:32:13.000,17,Fill Credit Memo,356,Leprechaun Ltd.,Finished products,0.05,7/9/2022 12:00:00 AM,674.93,9,2022-08-13T00:00:00.000,1001,14,9,0.05,607.43695
Vendor4,674.93,2022-07-15T11:22:00.000,17,Re-issuing the invoice,356,Leprechaun Ltd.,Finished products,0.05,7/9/2022 12:00:00 AM,674.93,9,2022-08-13T00:00:00.000,1001,14,9,0.05,607.43695
Vendor3,2768.95,2022-08-17T15:11:38.000,18,Invoice Entry,105,Northwind,Finished products,0.05,8/11/2022 12:00:00 AM,2492.055,9,2022-09-16T00:00:00.000,1041,21,9,0.05,2492.055
Vendor3,2768.95,2022-08-17T16:26:56.000,18,Check Customer Payment,105,Northwind,Finished products,0.05,8/11/2022 12:00:00 AM,2492.055,9,2022-09-16T00:00:00.000,1041,21,9,0.05,2492.055
Vendor3,2768.95,2022-08-17T17:36:08.000,18,Credit Memo Entry,105,Northwind,Finished products,0.05,8/11/2022 12:00:00 AM,2492.055,9,2022-09-16T00:00:00.000,1041,21,9,0.05,2492.055
Vendor3,2768.95,2022-08-18T09:10:58.000,18,Refund Customer,105,Northwind,Finished products,0.05,8/11/2022 12:00:00 AM,2492.055,9,2022-09-16T00:00:00.000,1041,21,9,0.05,2492.055
Vendor3,2768.95,2022-08-18T11:32:20.000,18,Re-issuing the invoice,105,Northwind,Finished products,0.05,8/11/2022 12:00:00 AM,2492.055,9,2022-09-16T00:00:00.000,1041,21,9,0.05,2492.055
Vendor3,2609.33,2022-08-16T09:02:14.000,19,Invoice Entry,356,Northwind,Materials procured externally,0.05,8/3/2022 12:00:00 AM,2609.33,9,2022-09-15T00:00:00.000,1026,14,9,0.05,2348.397
Vendor3,2609.33,2022-08-16T10:50:50.000,19,Confirm Payment Received,356,Northwind,Materials procured externally,0.05,8/3/2022 12:00:00 AM,2609.33,9,2022-09-15T00:00:00.000,1026,14,9,0.05,2348.397
Vendor3,2609.33,2022-08-16T12:45:13.000,19,Refund With Standard Voucher,356,Northwind,Materials procured externally,0.05,8/3/2022 12:00:00 AM,2609.33,9,2022-09-15T00:00:00.000,1026,14,9,0.05,2348.397
Vendor3,2609.33,2022-08-16T14:09:28.000,19,Complete the Customer Memo,356,Northwind,Materials procured externally,0.05,8/3/2022 12:00:00 AM,2609.33,9,2022-09-15T00:00:00.000,1026,14,9,0.05,2348.397
Vendor3,2609.33,2022-08-17T09:24:30.000,19,Reject Invoice,356,Northwind,Materials procured externally,0.05,8/3/2022 12:00:00 AM,2609.33,9,2022-09-15T00:00:00.000,1026,14,9,0.05,2348.397
Vendor3,2609.33,2022-08-17T13:00:59.000,19,Refund With Standard Voucher,356,Northwind,Materials procured externally,0.05,8/3/2022 12:00:00 AM,2609.33,9,2022-09-15T00:00:00.000,1026,14,9,0.05,2348.397
Vendor3,2609.33,2022-08-17T13:43:33.000,19,Complete the Customer Memo,356,Northwind,Materials procured externally,0.05,8/3/2022 12:00:00 AM,2609.33,9,2022-09-15T00:00:00.000,1026,14,9,0.05,2348.397
Vendor3,2609.33,2022-08-17T16:29:52.000,19,Approve Invoice,356,Northwind,Materials procured externally,0.05,8/3/2022 12:00:00 AM,2609.33,9,2022-09-15T00:00:00.000,1026,14,9,0.05,2348.397
Vendor3,2609.33,2022-08-18T09:04:46.000,19,Credit Memo Creation,356,Northwind,Materials procured externally,0.05,8/3/2022 12:00:00 AM,2609.33,9,2022-09-15T00:00:00.000,1026,14,9,0.05,2348.397
Vendor3,2609.33,2022-08-18T10:37:52.000,19,Fill Credit Memo,356,Northwind,Materials procured externally,0.05,8/3/2022 12:00:00 AM,2609.33,9,2022-09-15T00:00:00.000,1026,14,9,0.05,2348.397
Vendor3,2609.33,2022-08-18T12:22:34.000,19,Re-issuing the invoice,356,Northwind,Materials procured externally,0.05,8/3/2022 12:00:00 AM,2609.33,9,2022-09-15T00:00:00.000,1026,14,9,0.05,2348.397
Vendor4,382.76,2022-07-18T15:12:45.000,20,Invoice Entry,105,Leprechaun Ltd.,Finished products,0.05,7/10/2022 12:00:00 AM,344.484,9,2022-08-17T00:00:00.000,1070,21,9,0.05,344.484
Vendor4,382.76,2022-07-18T16:53:49.000,20,Check Customer Payment,105,Leprechaun Ltd.,Finished products,0.05,7/10/2022 12:00:00 AM,344.484,9,2022-08-17T00:00:00.000,1070,21,9,0.05,344.484
Vendor4,382.76,2022-07-19T09:09:43.000,20,Credit Memo Entry,105,Leprechaun Ltd.,Finished products,0.05,7/10/2022 12:00:00 AM,344.484,9,2022-08-17T00:00:00.000,1070,21,9,0.05,344.484
Vendor4,382.76,2022-07-19T09:56:40.000,20,Refund Customer,105,Leprechaun Ltd.,Finished products,0.05,7/10/2022 12:00:00 AM,344.484,9,2022-08-17T00:00:00.000,1070,21,9,0.05,344.484
Vendor4,382.76,2022-07-19T11:25:52.000,20,Re-issuing the invoice,105,Leprechaun Ltd.,Finished products,0.05,7/10/2022 12:00:00 AM,344.484,9,2022-08-17T00:00:00.000,1070,21,9,0.05,344.484
Vendor2,371.87,2022-07-15T13:20:36.000,21,Invoice Entry,356,Contoso Metal,Finished products,0.1,7/4/2022 12:00:00 AM,334.68298,4.5,2022-07-30T00:00:00.000,1044,21,4.5,0.1,334.68298
Vendor2,371.87,2022-07-18T09:51:03.000,21,Check Customer Payment,356,Contoso Metal,Finished products,0.1,7/4/2022 12:00:00 AM,334.68298,4.5,2022-07-30T00:00:00.000,1044,21,4.5,0.1,334.68298
Vendor2,371.87,2022-07-18T17:09:23.000,21,Credit Memo Entry,356,Contoso Metal,Finished products,0.1,7/4/2022 12:00:00 AM,334.68298,4.5,2022-07-30T00:00:00.000,1044,21,4.5,0.1,334.68298
Vendor2,371.87,2022-07-19T09:39:43.000,21,Refund Customer,356,Contoso Metal,Finished products,0.1,7/4/2022 12:00:00 AM,334.68298,4.5,2022-07-30T00:00:00.000,1044,21,4.5,0.1,334.68298
Vendor2,371.87,2022-07-19T17:25:55.000,21,Re-issuing the invoice,356,Contoso Metal,Finished products,0.1,7/4/2022 12:00:00 AM,334.68298,4.5,2022-07-30T00:00:00.000,1044,21,4.5,0.1,334.68298
Vendor1,1023.73,2022-08-16T11:11:05.000,22,Invoice Entry,356,AdventureWorks Holding,Finished products,0.05,8/4/2022 12:00:00 AM,1023.73,9,2022-09-15T00:00:00.000,1049,7,9,0.05,921.35693
Vendor1,1023.73,2022-08-16T12:29:10.000,22,Confirm Payment Received,356,AdventureWorks Holding,Finished products,0.05,8/4/2022 12:00:00 AM,1023.73,9,2022-09-15T00:00:00.000,1049,7,9,0.05,921.35693
Vendor1,1023.73,2022-08-16T13:36:57.000,22,Refund With Standard Voucher,356,AdventureWorks Holding,Finished products,0.05,8/4/2022 12:00:00 AM,1023.73,9,2022-09-15T00:00:00.000,1049,7,9,0.05,921.35693
Vendor1,1023.73,2022-08-16T14:39:32.000,22,Complete the Customer Memo,356,AdventureWorks Holding,Finished products,0.05,8/4/2022 12:00:00 AM,1023.73,9,2022-09-15T00:00:00.000,1049,7,9,0.05,921.35693
Vendor1,1023.73,2022-08-16T17:31:00.000,22,Reject Invoice,356,AdventureWorks Holding,Finished products,0.05,8/4/2022 12:00:00 AM,1023.73,9,2022-09-15T00:00:00.000,1049,7,9,0.05,921.35693
Vendor1,1023.73,2022-08-17T09:56:55.000,22,Refund With Standard Voucher,356,AdventureWorks Holding,Finished products,0.05,8/4/2022 12:00:00 AM,1023.73,9,2022-09-15T00:00:00.000,1049,7,9,0.05,921.35693
Vendor1,1023.73,2022-08-17T10:37:11.000,22,Complete the Customer Memo,356,AdventureWorks Holding,Finished products,0.05,8/4/2022 12:00:00 AM,1023.73,9,2022-09-15T00:00:00.000,1049,7,9,0.05,921.35693
Vendor1,1023.73,2022-08-17T13:17:08.000,22,Reject Invoice,356,AdventureWorks Holding,Finished products,0.05,8/4/2022 12:00:00 AM,1023.73,9,2022-09-15T00:00:00.000,1049,7,9,0.05,921.35693
Vendor1,1023.73,2022-08-17T15:55:43.000,22,Refund With Standard Voucher,356,AdventureWorks Holding,Finished products,0.05,8/4/2022 12:00:00 AM,1023.73,9,2022-09-15T00:00:00.000,1049,7,9,0.05,921.35693
Vendor1,1023.73,2022-08-17T17:03:34.000,22,Complete the Customer Memo,356,AdventureWorks Holding,Finished products,0.05,8/4/2022 12:00:00 AM,1023.73,9,2022-09-15T00:00:00.000,1049,7,9,0.05,921.35693
Vendor1,1023.73,2022-08-18T09:09:54.000,22,Reject Invoice,356,AdventureWorks Holding,Finished products,0.05,8/4/2022 12:00:00 AM,1023.73,9,2022-09-15T00:00:00.000,1049,7,9,0.05,921.35693
Vendor1,1023.73,2022-08-18T11:26:45.000,22,Refund With Standard Voucher,356,AdventureWorks Holding,Finished products,0.05,8/4/2022 12:00:00 AM,1023.73,9,2022-09-15T00:00:00.000,1049,7,9,0.05,921.35693
Vendor1,1023.73,2022-08-18T12:20:53.000,22,Complete the Customer Memo,356,AdventureWorks Holding,Finished products,0.05,8/4/2022 12:00:00 AM,1023.73,9,2022-09-15T00:00:00.000,1049,7,9,0.05,921.35693
Vendor1,1023.73,2022-08-18T15:03:59.000,22,Reject Invoice,356,AdventureWorks Holding,Finished products,0.05,8/4/2022 12:00:00 AM,1023.73,9,2022-09-15T00:00:00.000,1049,7,9,0.05,921.35693
Vendor1,1023.73,2022-08-18T17:21:30.000,22,Refund With Standard Voucher,356,AdventureWorks Holding,Finished products,0.05,8/4/2022 12:00:00 AM,1023.73,9,2022-09-15T00:00:00.000,1049,7,9,0.05,921.35693
Vendor1,1023.73,2022-08-19T09:31:03.000,22,Complete the Customer Memo,356,AdventureWorks Holding,Finished products,0.05,8/4/2022 12:00:00 AM,1023.73,9,2022-09-15T00:00:00.000,1049,7,9,0.05,921.35693
Vendor1,1023.73,2022-08-19T12:38:29.000,22,Approve Invoice,356,AdventureWorks Holding,Finished products,0.05,8/4/2022 12:00:00 AM,1023.73,9,2022-09-15T00:00:00.000,1049,7,9,0.05,921.35693
Vendor1,1023.73,2022-08-19T15:39:07.000,22,Credit Memo Creation,356,AdventureWorks Holding,Finished products,0.05,8/4/2022 12:00:00 AM,1023.73,9,2022-09-15T00:00:00.000,1049,7,9,0.05,921.35693
Vendor1,1023.73,2022-08-19T16:11:10.000,22,Fill Credit Memo,356,AdventureWorks Holding,Finished products,0.05,8/4/2022 12:00:00 AM,1023.73,9,2022-09-15T00:00:00.000,1049,7,9,0.05,921.35693
Vendor1,1023.73,2022-08-19T16:25:17.000,22,Re-issuing the invoice,356,AdventureWorks Holding,Finished products,0.05,8/4/2022 12:00:00 AM,1023.73,9,2022-09-15T00:00:00.000,1049,7,9,0.05,921.35693
Vendor1,1049.95,2022-08-15T09:50:39.000,23,Invoice Entry,356,AdventureWorks Holding,Materials procured externally,0.05,8/2/2022 12:00:00 AM,944.95496,9,2022-09-14T00:00:00.000,1083,14,9,0.05,944.95496
Vendor1,1049.95,2022-08-15T11:24:22.000,23,Confirm Payment Received,356,AdventureWorks Holding,Materials procured externally,0.05,8/2/2022 12:00:00 AM,944.95496,9,2022-09-14T00:00:00.000,1083,14,9,0.05,944.95496
Vendor1,1049.95,2022-08-15T12:20:39.000,23,Refund With Standard Voucher,356,AdventureWorks Holding,Materials procured externally,0.05,8/2/2022 12:00:00 AM,944.95496,9,2022-09-14T00:00:00.000,1083,14,9,0.05,944.95496
Vendor1,1049.95,2022-08-15T13:05:35.000,23,Complete the Customer Memo,356,AdventureWorks Holding,Materials procured externally,0.05,8/2/2022 12:00:00 AM,944.95496,9,2022-09-14T00:00:00.000,1083,14,9,0.05,944.95496
Vendor1,1049.95,2022-08-15T16:08:23.000,23,Approve Invoice,356,AdventureWorks Holding,Materials procured externally,0.05,8/2/2022 12:00:00 AM,944.95496,9,2022-09-14T00:00:00.000,1083,14,9,0.05,944.95496
Vendor1,1049.95,2022-08-16T09:19:09.000,23,Credit Memo Creation,356,AdventureWorks Holding,Materials procured externally,0.05,8/2/2022 12:00:00 AM,944.95496,9,2022-09-14T00:00:00.000,1083,14,9,0.05,944.95496
Vendor1,1049.95,2022-08-16T10:14:54.000,23,Fill Credit Memo,356,AdventureWorks Holding,Materials procured externally,0.05,8/2/2022 12:00:00 AM,944.95496,9,2022-09-14T00:00:00.000,1083,14,9,0.05,944.95496
Vendor1,1049.95,2022-08-16T11:05:50.000,23,Re-issuing the invoice,356,AdventureWorks Holding,Materials procured externally,0.05,8/2/2022 12:00:00 AM,944.95496,9,2022-09-14T00:00:00.000,1083,14,9,0.05,944.95496
Vendor5,526.72,2022-08-22T11:50:40.000,24,Invoice Entry,105,Katingale Union,Process materials,0.05,8/9/2022 12:00:00 AM,474.04797,9,2022-09-21T00:00:00.000,1043,7,9,0.05,474.04797
Vendor5,526.72,2022-08-22T13:10:36.000,24,Confirm Payment Received,105,Katingale Union,Process materials,0.05,8/9/2022 12:00:00 AM,474.04797,9,2022-09-21T00:00:00.000,1043,7,9,0.05,474.04797
Vendor5,526.72,2022-08-22T14:26:57.000,24,Refund With Standard Voucher,105,Katingale Union,Process materials,0.05,8/9/2022 12:00:00 AM,474.04797,9,2022-09-21T00:00:00.000,1043,7,9,0.05,474.04797
Vendor5,526.72,2022-08-22T15:14:30.000,24,Complete the Customer Memo,105,Katingale Union,Process materials,0.05,8/9/2022 12:00:00 AM,474.04797,9,2022-09-21T00:00:00.000,1043,7,9,0.05,474.04797
Vendor5,526.72,2022-08-23T09:20:55.000,24,Reject Invoice,105,Katingale Union,Process materials,0.05,8/9/2022 12:00:00 AM,474.04797,9,2022-09-21T00:00:00.000,1043,7,9,0.05,474.04797
Vendor5,526.72,2022-08-23T12:33:49.000,24,Refund With Standard Voucher,105,Katingale Union,Process materials,0.05,8/9/2022 12:00:00 AM,474.04797,9,2022-09-21T00:00:00.000,1043,7,9,0.05,474.04797
Vendor5,526.72,2022-08-23T13:21:25.000,24,Complete the Customer Memo,105,Katingale Union,Process materials,0.05,8/9/2022 12:00:00 AM,474.04797,9,2022-09-21T00:00:00.000,1043,7,9,0.05,474.04797
Vendor5,526.72,2022-08-23T17:34:51.000,24,Reject Invoice,105,Katingale Union,Process materials,0.05,8/9/2022 12:00:00 AM,474.04797,9,2022-09-21T00:00:00.000,1043,7,9,0.05,474.04797
Vendor5,526.72,2022-08-24T09:22:59.000,24,Refund With Standard Voucher,105,Katingale Union,Process materials,0.05,8/9/2022 12:00:00 AM,474.04797,9,2022-09-21T00:00:00.000,1043,7,9,0.05,474.04797
Vendor5,526.72,2022-08-24T10:02:54.000,24,Complete the Customer Memo,105,Katingale Union,Process materials,0.05,8/9/2022 12:00:00 AM,474.04797,9,2022-09-21T00:00:00.000,1043,7,9,0.05,474.04797
Vendor5,526.72,2022-08-24T13:13:54.000,24,Reject Invoice,105,Katingale Union,Process materials,0.05,8/9/2022 12:00:00 AM,474.04797,9,2022-09-21T00:00:00.000,1043,7,9,0.05,474.04797
Vendor5,526.72,2022-08-24T16:29:35.000,24,Refund With Standard Voucher,105,Katingale Union,Process materials,0.05,8/9/2022 12:00:00 AM,474.04797,9,2022-09-21T00:00:00.000,1043,7,9,0.05,474.04797
Vendor5,526.72,2022-08-24T17:25:36.000,24,Complete the Customer Memo,105,Katingale Union,Process materials,0.05,8/9/2022 12:00:00 AM,474.04797,9,2022-09-21T00:00:00.000,1043,7,9,0.05,474.04797
Vendor5,526.72,2022-08-25T09:04:49.000,24,Approve Invoice,105,Katingale Union,Process materials,0.05,8/9/2022 12:00:00 AM,474.04797,9,2022-09-21T00:00:00.000,1043,7,9,0.05,474.04797
Vendor5,526.72,2022-08-25T11:41:19.000,24,Credit Memo Creation,105,Katingale Union,Process materials,0.05,8/9/2022 12:00:00 AM,474.04797,9,2022-09-21T00:00:00.000,1043,7,9,0.05,474.04797
Vendor5,526.72,2022-08-25T12:35:12.000,24,Fill Credit Memo,105,Katingale Union,Process materials,0.05,8/9/2022 12:00:00 AM,474.04797,9,2022-09-21T00:00:00.000,1043,7,9,0.05,474.04797
Vendor5,526.72,2022-08-25T13:19:04.000,24,Re-issuing the invoice,105,Katingale Union,Process materials,0.05,8/9/2022 12:00:00 AM,474.04797,9,2022-09-21T00:00:00.000,1043,7,9,0.05,474.04797
Vendor1,787.22,2022-07-26T09:21:36.000,25,Invoice Entry,105,AdventureWorks Holding,Finished products,0.05,7/18/2022 12:00:00 AM,787.22,9,2022-08-25T00:00:00.000,1084,21,9,0.05,708.4979
Vendor1,787.22,2022-07-26T11:26:00.000,25,Check Customer Payment,105,AdventureWorks Holding,Finished products,0.05,7/18/2022 12:00:00 AM,787.22,9,2022-08-25T00:00:00.000,1084,21,9,0.05,708.4979
Vendor1,787.22,2022-07-26T13:00:59.000,25,Credit Memo Entry,105,AdventureWorks Holding,Finished products,0.05,7/18/2022 12:00:00 AM,787.22,9,2022-08-25T00:00:00.000,1084,21,9,0.05,708.4979
Vendor1,787.22,2022-07-26T14:28:33.000,25,Refund Customer,105,AdventureWorks Holding,Finished products,0.05,7/18/2022 12:00:00 AM,787.22,9,2022-08-25T00:00:00.000,1084,21,9,0.05,708.4979
Vendor1,787.22,2022-07-26T16:20:49.000,25,Re-issuing the invoice,105,AdventureWorks Holding,Finished products,0.05,7/18/2022 12:00:00 AM,787.22,9,2022-08-25T00:00:00.000,1084,21,9,0.05,708.4979
Vendor4,234.9,2022-08-17T14:27:30.000,26,Invoice Entry,356,Leprechaun Ltd.,Trading goods,0.05,8/11/2022 12:00:00 AM,211.40999,9,2022-09-16T00:00:00.000,1064,14,9,0.05,211.40999
Vendor4,234.9,2022-08-17T15:58:29.000,26,Confirm Payment Received,356,Leprechaun Ltd.,Trading goods,0.05,8/11/2022 12:00:00 AM,211.40999,9,2022-09-16T00:00:00.000,1064,14,9,0.05,211.40999
Vendor4,234.9,2022-08-17T17:29:17.000,26,Refund With Standard Voucher,356,Leprechaun Ltd.,Trading goods,0.05,8/11/2022 12:00:00 AM,211.40999,9,2022-09-16T00:00:00.000,1064,14,9,0.05,211.40999
Vendor4,234.9,2022-08-18T09:05:18.000,26,Complete the Customer Memo,356,Leprechaun Ltd.,Trading goods,0.05,8/11/2022 12:00:00 AM,211.40999,9,2022-09-16T00:00:00.000,1064,14,9,0.05,211.40999
Vendor4,234.9,2022-08-18T11:15:37.000,26,Approve Invoice,356,Leprechaun Ltd.,Trading goods,0.05,8/11/2022 12:00:00 AM,211.40999,9,2022-09-16T00:00:00.000,1064,14,9,0.05,211.40999
Vendor4,234.9,2022-08-18T15:03:40.000,26,Credit Memo Creation,356,Leprechaun Ltd.,Trading goods,0.05,8/11/2022 12:00:00 AM,211.40999,9,2022-09-16T00:00:00.000,1064,14,9,0.05,211.40999
Vendor4,234.9,2022-08-18T15:54:38.000,26,Fill Credit Memo,356,Leprechaun Ltd.,Trading goods,0.05,8/11/2022 12:00:00 AM,211.40999,9,2022-09-16T00:00:00.000,1064,14,9,0.05,211.40999
Vendor4,234.9,2022-08-18T16:42:46.000,26,Re-issuing the invoice,356,Leprechaun Ltd.,Trading goods,0.05,8/11/2022 12:00:00 AM,211.40999,9,2022-09-16T00:00:00.000,1064,14,9,0.05,211.40999
Vendor5,626.16,2022-08-19T11:05:19.000,27,Invoice Entry,356,Katingale Union,Finished products,0.05,8/5/2022 12:00:00 AM,563.54395,9,2022-09-18T00:00:00.000,1129,14,9,0.05,563.54395
Vendor5,626.16,2022-08-19T12:24:55.000,27,Check Customer Payment,356,Katingale Union,Finished products,0.05,8/5/2022 12:00:00 AM,563.54395,9,2022-09-18T00:00:00.000,1129,14,9,0.05,563.54395
Vendor5,626.16,2022-08-19T13:45:26.000,27,Credit Memo Entry,356,Katingale Union,Finished products,0.05,8/5/2022 12:00:00 AM,563.54395,9,2022-09-18T00:00:00.000,1129,14,9,0.05,563.54395
Vendor5,626.16,2022-08-19T14:12:57.000,27,Refund Customer,356,Katingale Union,Finished products,0.05,8/5/2022 12:00:00 AM,563.54395,9,2022-09-18T00:00:00.000,1129,14,9,0.05,563.54395
Vendor5,626.16,2022-08-19T14:55:36.000,27,Re-issuing the invoice,356,Katingale Union,Finished products,0.05,8/5/2022 12:00:00 AM,563.54395,9,2022-09-18T00:00:00.000,1129,14,9,0.05,563.54395
Vendor2,468.9,2022-07-25T09:27:41.000,28,Invoice Entry,356,Contoso Metal,Trading goods,0.1,7/17/2022 12:00:00 AM,468.9,4.5,2022-08-09T00:00:00.000,1079,14,4.5,0.1,422.00998
Vendor2,468.9,2022-07-25T17:07:04.000,28,Confirm Payment Received,356,Contoso Metal,Trading goods,0.1,7/17/2022 12:00:00 AM,468.9,4.5,2022-08-09T00:00:00.000,1079,14,4.5,0.1,422.00998
Vendor2,468.9,2022-07-26T09:40:15.000,28,Refund With Standard Voucher,356,Contoso Metal,Trading goods,0.1,7/17/2022 12:00:00 AM,468.9,4.5,2022-08-09T00:00:00.000,1079,14,4.5,0.1,422.00998
Vendor2,468.9,2022-07-26T15:23:57.000,28,Complete the Customer Memo,356,Contoso Metal,Trading goods,0.1,7/17/2022 12:00:00 AM,468.9,4.5,2022-08-09T00:00:00.000,1079,14,4.5,0.1,422.00998
Vendor2,468.9,2022-07-27T09:05:28.000,28,Approve Invoice,356,Contoso Metal,Trading goods,0.1,7/17/2022 12:00:00 AM,468.9,4.5,2022-08-09T00:00:00.000,1079,14,4.5,0.1,422.00998
Vendor2,468.9,2022-07-28T09:21:17.000,28,Credit Memo Creation,356,Contoso Metal,Trading goods,0.1,7/17/2022 12:00:00 AM,468.9,4.5,2022-08-09T00:00:00.000,1079,14,4.5,0.1,422.00998
Vendor2,468.9,2022-07-28T15:12:11.000,28,Fill Credit Memo,356,Contoso Metal,Trading goods,0.1,7/17/2022 12:00:00 AM,468.9,4.5,2022-08-09T00:00:00.000,1079,14,4.5,0.1,422.00998
Vendor2,468.9,2022-07-29T09:40:04.000,28,Re-issuing the invoice,356,Contoso Metal,Trading goods,0.1,7/17/2022 12:00:00 AM,468.9,4.5,2022-08-09T00:00:00.000,1079,14,4.5,0.1,422.00998
Vendor4,560.51,2022-07-20T09:49:07.000,29,Invoice Entry,356,Leprechaun Ltd.,Finished products,0.05,7/11/2022 12:00:00 AM,504.45898,9,2022-08-19T00:00:00.000,1059,7,9,0.05,504.45898
Vendor4,560.51,2022-07-20T10:41:18.000,29,Check Customer Payment,356,Leprechaun Ltd.,Finished products,0.05,7/11/2022 12:00:00 AM,504.45898,9,2022-08-19T00:00:00.000,1059,7,9,0.05,504.45898
Vendor4,560.51,2022-07-20T11:44:00.000,29,Credit Memo Entry,356,Leprechaun Ltd.,Finished products,0.05,7/11/2022 12:00:00 AM,504.45898,9,2022-08-19T00:00:00.000,1059,7,9,0.05,504.45898
Vendor4,560.51,2022-07-20T13:16:01.000,29,Refund Customer,356,Leprechaun Ltd.,Finished products,0.05,7/11/2022 12:00:00 AM,504.45898,9,2022-08-19T00:00:00.000,1059,7,9,0.05,504.45898
Vendor4,560.51,2022-07-20T14:21:31.000,29,Re-issuing the invoice,356,Leprechaun Ltd.,Finished products,0.05,7/11/2022 12:00:00 AM,504.45898,9,2022-08-19T00:00:00.000,1059,7,9,0.05,504.45898
Vendor5,984.56,2022-07-26T14:47:04.000,30,Invoice Entry,105,Katingale Union,Finished products,0.05,7/14/2022 12:00:00 AM,886.104,9,2022-08-25T00:00:00.000,1063,21,9,0.05,886.104
Vendor5,984.56,2022-07-27T09:04:35.000,30,Check Customer Payment,105,Katingale Union,Finished products,0.05,7/14/2022 12:00:00 AM,886.104,9,2022-08-25T00:00:00.000,1063,21,9,0.05,886.104
Vendor5,984.56,2022-07-27T16:19:37.000,30,Credit Memo Entry,105,Katingale Union,Finished products,0.05,7/14/2022 12:00:00 AM,886.104,9,2022-08-25T00:00:00.000,1063,21,9,0.05,886.104
Vendor5,984.56,2022-07-28T09:16:58.000,30,Refund Customer,105,Katingale Union,Finished products,0.05,7/14/2022 12:00:00 AM,886.104,9,2022-08-25T00:00:00.000,1063,21,9,0.05,886.104
Vendor5,984.56,2022-07-28T15:16:50.000,30,Re-issuing the invoice,105,Katingale Union,Finished products,0.05,7/14/2022 12:00:00 AM,886.104,9,2022-08-25T00:00:00.000,1063,21,9,0.05,886.104
Vendor2,1889.23,2022-08-08T10:05:36.000,31,Invoice Entry,356,Contoso Metal,Process materials,0.1,7/25/2022 12:00:00 AM,1889.23,4.5,2022-08-23T00:00:00.000,1124,7,4.5,0.1,1700.3069
Vendor2,1889.23,2022-08-08T12:22:32.000,31,Check Customer Payment,356,Contoso Metal,Process materials,0.1,7/25/2022 12:00:00 AM,1889.23,4.5,2022-08-23T00:00:00.000,1124,7,4.5,0.1,1700.3069
Vendor2,1889.23,2022-08-08T13:47:06.000,31,Credit Memo Entry,356,Contoso Metal,Process materials,0.1,7/25/2022 12:00:00 AM,1889.23,4.5,2022-08-23T00:00:00.000,1124,7,4.5,0.1,1700.3069
Vendor2,1889.23,2022-08-08T15:33:48.000,31,Refund Customer,356,Contoso Metal,Process materials,0.1,7/25/2022 12:00:00 AM,1889.23,4.5,2022-08-23T00:00:00.000,1124,7,4.5,0.1,1700.3069
Vendor2,1889.23,2022-08-08T17:32:18.000,31,Re-issuing the invoice,356,Contoso Metal,Process materials,0.1,7/25/2022 12:00:00 AM,1889.23,4.5,2022-08-23T00:00:00.000,1124,7,4.5,0.1,1700.3069
Vendor4,322.31,2022-08-12T09:03:50.000,32,Invoice Entry,105,Leprechaun Ltd.,Process materials,0.1,8/7/2022 12:00:00 AM,322.31,4.5,2022-08-27T00:00:00.000,1032,7,4.5,0.1,290.07898
Vendor4,322.31,2022-08-12T10:19:09.000,32,Check Customer Payment,105,Leprechaun Ltd.,Process materials,0.1,8/7/2022 12:00:00 AM,322.31,4.5,2022-08-27T00:00:00.000,1032,7,4.5,0.1,290.07898
Vendor4,322.31,2022-08-12T12:55:15.000,32,Credit Memo Entry,105,Leprechaun Ltd.,Process materials,0.1,8/7/2022 12:00:00 AM,322.31,4.5,2022-08-27T00:00:00.000,1032,7,4.5,0.1,290.07898
Vendor4,322.31,2022-08-12T15:07:09.000,32,Refund Customer,105,Leprechaun Ltd.,Process materials,0.1,8/7/2022 12:00:00 AM,322.31,4.5,2022-08-27T00:00:00.000,1032,7,4.5,0.1,290.07898
Vendor4,322.31,2022-08-12T16:33:36.000,32,Re-issuing the invoice,105,Leprechaun Ltd.,Process materials,0.1,8/7/2022 12:00:00 AM,322.31,4.5,2022-08-27T00:00:00.000,1032,7,4.5,0.1,290.07898
Vendor5,246.28,2022-08-10T15:31:56.000,33,Invoice Entry,356,Katingale Union,Finished products,0.1,8/5/2022 12:00:00 AM,246.28,4.5,2022-08-25T00:00:00.000,1101,14,4.5,0.1,221.652
Vendor5,246.28,2022-08-10T16:46:46.000,33,Check Customer Payment,356,Katingale Union,Finished products,0.1,8/5/2022 12:00:00 AM,246.28,4.5,2022-08-25T00:00:00.000,1101,14,4.5,0.1,221.652
Vendor5,246.28,2022-08-10T17:50:31.000,33,Credit Memo Entry,356,Katingale Union,Finished products,0.1,8/5/2022 12:00:00 AM,246.28,4.5,2022-08-25T00:00:00.000,1101,14,4.5,0.1,221.652
Vendor5,246.28,2022-08-11T09:22:04.000,33,Refund Customer,356,Katingale Union,Finished products,0.1,8/5/2022 12:00:00 AM,246.28,4.5,2022-08-25T00:00:00.000,1101,14,4.5,0.1,221.652
Vendor5,246.28,2022-08-11T11:11:09.000,33,Re-issuing the invoice,356,Katingale Union,Finished products,0.1,8/5/2022 12:00:00 AM,246.28,4.5,2022-08-25T00:00:00.000,1101,14,4.5,0.1,221.652
Vendor4,749.79,2022-07-22T14:02:10.000,34,Invoice Entry,356,Leprechaun Ltd.,Operating supplies,0.1,7/9/2022 12:00:00 AM,749.79,4.5,2022-08-06T00:00:00.000,1094,14,4.5,0.1,674.811
Vendor4,749.79,2022-07-22T15:28:46.000,34,Check Customer Payment,356,Leprechaun Ltd.,Operating supplies,0.1,7/9/2022 12:00:00 AM,749.79,4.5,2022-08-06T00:00:00.000,1094,14,4.5,0.1,674.811
Vendor4,749.79,2022-07-22T16:30:32.000,34,Credit Memo Entry,356,Leprechaun Ltd.,Operating supplies,0.1,7/9/2022 12:00:00 AM,749.79,4.5,2022-08-06T00:00:00.000,1094,14,4.5,0.1,674.811
Vendor4,749.79,2022-07-22T17:35:22.000,34,Refund Customer,356,Leprechaun Ltd.,Operating supplies,0.1,7/9/2022 12:00:00 AM,749.79,4.5,2022-08-06T00:00:00.000,1094,14,4.5,0.1,674.811
Vendor4,749.79,2022-07-25T09:07:20.000,34,Re-issuing the invoice,356,Leprechaun Ltd.,Operating supplies,0.1,7/9/2022 12:00:00 AM,749.79,4.5,2022-08-06T00:00:00.000,1094,14,4.5,0.1,674.811
Vendor2,1765.7,2022-07-25T09:21:36.000,35,Invoice Entry,356,Contoso Metal,Finished products,0.05,7/20/2022 12:00:00 AM,1765.7,9,2022-08-24T00:00:00.000,1110,21,9,0.05,1589.1299
Vendor2,1765.7,2022-07-25T11:34:26.000,35,Check Customer Payment,356,Contoso Metal,Finished products,0.05,7/20/2022 12:00:00 AM,1765.7,9,2022-08-24T00:00:00.000,1110,21,9,0.05,1589.1299
Vendor2,1765.7,2022-07-25T13:21:09.000,35,Credit Memo Entry,356,Contoso Metal,Finished products,0.05,7/20/2022 12:00:00 AM,1765.7,9,2022-08-24T00:00:00.000,1110,21,9,0.05,1589.1299
Vendor2,1765.7,2022-07-25T14:38:04.000,35,Refund Customer,356,Contoso Metal,Finished products,0.05,7/20/2022 12:00:00 AM,1765.7,9,2022-08-24T00:00:00.000,1110,21,9,0.05,1589.1299
Vendor2,1765.7,2022-07-25T16:25:22.000,35,Re-issuing the invoice,356,Contoso Metal,Finished products,0.05,7/20/2022 12:00:00 AM,1765.7,9,2022-08-24T00:00:00.000,1110,21,9,0.05,1589.1299
Vendor2,2571.35,2022-08-23T13:26:42.000,36,Invoice Entry,105,Contoso Metal,Semifinished products,0.05,8/17/2022 12:00:00 AM,2314.215,9,2022-09-22T00:00:00.000,1075,21,9,0.05,2314.215
Vendor2,2571.35,2022-08-23T14:41:14.000,36,Confirm Payment Received,105,Contoso Metal,Semifinished products,0.05,8/17/2022 12:00:00 AM,2314.215,9,2022-09-22T00:00:00.000,1075,21,9,0.05,2314.215
Vendor2,2571.35,2022-08-23T15:46:23.000,36,Refund With Standard Voucher,105,Contoso Metal,Semifinished products,0.05,8/17/2022 12:00:00 AM,2314.215,9,2022-09-22T00:00:00.000,1075,21,9,0.05,2314.215
Vendor2,2571.35,2022-08-23T16:33:04.000,36,Complete the Customer Memo,105,Contoso Metal,Semifinished products,0.05,8/17/2022 12:00:00 AM,2314.215,9,2022-09-22T00:00:00.000,1075,21,9,0.05,2314.215
Vendor2,2571.35,2022-08-24T09:16:46.000,36,Approve Invoice,105,Contoso Metal,Semifinished products,0.05,8/17/2022 12:00:00 AM,2314.215,9,2022-09-22T00:00:00.000,1075,21,9,0.05,2314.215
Vendor2,2571.35,2022-08-24T12:19:29.000,36,Credit Memo Creation,105,Contoso Metal,Semifinished products,0.05,8/17/2022 12:00:00 AM,2314.215,9,2022-09-22T00:00:00.000,1075,21,9,0.05,2314.215
Vendor2,2571.35,2022-08-24T13:10:22.000,36,Fill Credit Memo,105,Contoso Metal,Semifinished products,0.05,8/17/2022 12:00:00 AM,2314.215,9,2022-09-22T00:00:00.000,1075,21,9,0.05,2314.215
Vendor2,2571.35,2022-08-24T14:15:38.000,36,Re-issuing the invoice,105,Contoso Metal,Semifinished products,0.05,8/17/2022 12:00:00 AM,2314.215,9,2022-09-22T00:00:00.000,1075,21,9,0.05,2314.215
Vendor2,1945.03,2022-07-29T13:46:36.000,37,Invoice Entry,356,Contoso Metal,Finished products,0.1,7/15/2022 12:00:00 AM,1945.03,4.5,2022-08-13T00:00:00.000,1061,14,4.5,0.1,1750.527
Vendor2,1945.03,2022-07-29T15:44:34.000,37,Check Customer Payment,356,Contoso Metal,Finished products,0.1,7/15/2022 12:00:00 AM,1945.03,4.5,2022-08-13T00:00:00.000,1061,14,4.5,0.1,1750.527
Vendor2,1945.03,2022-07-29T17:26:36.000,37,Credit Memo Entry,356,Contoso Metal,Finished products,0.1,7/15/2022 12:00:00 AM,1945.03,4.5,2022-08-13T00:00:00.000,1061,14,4.5,0.1,1750.527
Vendor2,1945.03,2022-08-01T09:03:35.000,37,Refund Customer,356,Contoso Metal,Finished products,0.1,7/15/2022 12:00:00 AM,1945.03,4.5,2022-08-13T00:00:00.000,1061,14,4.5,0.1,1750.527
Vendor2,1945.03,2022-08-01T10:16:15.000,37,Re-issuing the invoice,356,Contoso Metal,Finished products,0.1,7/15/2022 12:00:00 AM,1945.03,4.5,2022-08-13T00:00:00.000,1061,14,4.5,0.1,1750.527
Vendor3,3836.06,2022-08-17T14:17:30.000,38,Invoice Entry,356,Northwind,Finished products,0.1,8/9/2022 12:00:00 AM,3836.06,4.5,2022-09-01T00:00:00.000,1023,21,4.5,0.1,3452.4539
Vendor3,3836.06,2022-08-17T16:53:45.000,38,Confirm Payment Received,356,Northwind,Finished products,0.1,8/9/2022 12:00:00 AM,3836.06,4.5,2022-09-01T00:00:00.000,1023,21,4.5,0.1,3452.4539
Vendor3,3836.06,2022-08-18T09:37:32.000,38,Refund With Standard Voucher,356,Northwind,Finished products,0.1,8/9/2022 12:00:00 AM,3836.06,4.5,2022-09-01T00:00:00.000,1023,21,4.5,0.1,3452.4539
Vendor3,3836.06,2022-08-18T11:13:40.000,38,Complete the Customer Memo,356,Northwind,Finished products,0.1,8/9/2022 12:00:00 AM,3836.06,4.5,2022-09-01T00:00:00.000,1023,21,4.5,0.1,3452.4539
Vendor3,3836.06,2022-08-18T14:24:07.000,38,Approve Invoice,356,Northwind,Finished products,0.1,8/9/2022 12:00:00 AM,3836.06,4.5,2022-09-01T00:00:00.000,1023,21,4.5,0.1,3452.4539
Vendor3,3836.06,2022-08-19T09:15:59.000,38,Credit Memo Creation,356,Northwind,Finished products,0.1,8/9/2022 12:00:00 AM,3836.06,4.5,2022-09-01T00:00:00.000,1023,21,4.5,0.1,3452.4539
Vendor3,3836.06,2022-08-19T09:56:49.000,38,Fill Credit Memo,356,Northwind,Finished products,0.1,8/9/2022 12:00:00 AM,3836.06,4.5,2022-09-01T00:00:00.000,1023,21,4.5,0.1,3452.4539
Vendor3,3836.06,2022-08-19T10:51:19.000,38,Re-issuing the invoice,356,Northwind,Finished products,0.1,8/9/2022 12:00:00 AM,3836.06,4.5,2022-09-01T00:00:00.000,1023,21,4.5,0.1,3452.4539
Vendor1,829.25,2022-08-10T09:38:13.000,39,Invoice Entry,105,AdventureWorks Holding,Process materials,0.05,8/3/2022 12:00:00 AM,829.25,9,2022-09-09T00:00:00.000,1114,21,9,0.05,746.32495
Vendor1,829.25,2022-08-10T11:37:29.000,39,Check Customer Payment,105,AdventureWorks Holding,Process materials,0.05,8/3/2022 12:00:00 AM,829.25,9,2022-09-09T00:00:00.000,1114,21,9,0.05,746.32495
Vendor1,829.25,2022-08-10T12:57:44.000,39,Credit Memo Entry,105,AdventureWorks Holding,Process materials,0.05,8/3/2022 12:00:00 AM,829.25,9,2022-09-09T00:00:00.000,1114,21,9,0.05,746.32495
Vendor1,829.25,2022-08-10T15:09:26.000,39,Refund Customer,105,AdventureWorks Holding,Process materials,0.05,8/3/2022 12:00:00 AM,829.25,9,2022-09-09T00:00:00.000,1114,21,9,0.05,746.32495
Vendor1,829.25,2022-08-10T16:50:08.000,39,Re-issuing the invoice,105,AdventureWorks Holding,Process materials,0.05,8/3/2022 12:00:00 AM,829.25,9,2022-09-09T00:00:00.000,1114,21,9,0.05,746.32495
Vendor5,489.58,2022-07-20T16:36:42.000,40,Invoice Entry,356,Katingale Union,Finished products,0.05,7/10/2022 12:00:00 AM,489.58,9,2022-08-19T00:00:00.000,1111,7,9,0.05,440.62198
Vendor5,489.58,2022-07-21T09:50:18.000,40,Check Customer Payment,356,Katingale Union,Finished products,0.05,7/10/2022 12:00:00 AM,489.58,9,2022-08-19T00:00:00.000,1111,7,9,0.05,440.62198
Vendor5,489.58,2022-07-21T17:40:45.000,40,Credit Memo Entry,356,Katingale Union,Finished products,0.05,7/10/2022 12:00:00 AM,489.58,9,2022-08-19T00:00:00.000,1111,7,9,0.05,440.62198
Vendor5,489.58,2022-07-22T09:58:00.000,40,Refund Customer,356,Katingale Union,Finished products,0.05,7/10/2022 12:00:00 AM,489.58,9,2022-08-19T00:00:00.000,1111,7,9,0.05,440.62198
Vendor5,489.58,2022-07-22T15:17:12.000,40,Re-issuing the invoice,356,Katingale Union,Finished products,0.05,7/10/2022 12:00:00 AM,489.58,9,2022-08-19T00:00:00.000,1111,7,9,0.05,440.62198
Vendor5,1010.14,2022-07-15T13:37:57.000,41,Invoice Entry,356,Katingale Union,Finished products,0.05,7/3/2022 12:00:00 AM,909.126,9,2022-08-14T00:00:00.000,1017,21,9,0.05,909.126
Vendor5,1010.14,2022-07-18T09:24:57.000,41,Check Customer Payment,356,Katingale Union,Finished products,0.05,7/3/2022 12:00:00 AM,909.126,9,2022-08-14T00:00:00.000,1017,21,9,0.05,909.126
Vendor5,1010.14,2022-07-18T16:55:53.000,41,Credit Memo Entry,356,Katingale Union,Finished products,0.05,7/3/2022 12:00:00 AM,909.126,9,2022-08-14T00:00:00.000,1017,21,9,0.05,909.126
Vendor5,1010.14,2022-07-19T09:58:54.000,41,Refund Customer,356,Katingale Union,Finished products,0.05,7/3/2022 12:00:00 AM,909.126,9,2022-08-14T00:00:00.000,1017,21,9,0.05,909.126
Vendor5,1010.14,2022-07-20T09:37:47.000,41,Re-issuing the invoice,356,Katingale Union,Finished products,0.05,7/3/2022 12:00:00 AM,909.126,9,2022-08-14T00:00:00.000,1017,21,9,0.05,909.126
Vendor2,559.26,2022-07-25T17:08:12.000,42,Invoice Entry,105,Contoso Metal,Trading goods,0.1,7/11/2022 12:00:00 AM,559.26,4.5,2022-08-09T00:00:00.000,1123,21,4.5,0.1,503.33398
Vendor2,559.26,2022-07-26T09:20:06.000,42,Confirm Payment Received,105,Contoso Metal,Trading goods,0.1,7/11/2022 12:00:00 AM,559.26,4.5,2022-08-09T00:00:00.000,1123,21,4.5,0.1,503.33398
Vendor2,559.26,2022-07-26T17:06:59.000,42,Refund With Special Voucher,105,Contoso Metal,Trading goods,0.1,7/11/2022 12:00:00 AM,559.26,4.5,2022-08-09T00:00:00.000,1123,21,4.5,0.1,503.33398
Vendor2,559.26,2022-07-27T09:59:36.000,42,Complete the Customer Memo,105,Contoso Metal,Trading goods,0.1,7/11/2022 12:00:00 AM,559.26,4.5,2022-08-09T00:00:00.000,1123,21,4.5,0.1,503.33398
Vendor2,559.26,2022-07-28T09:38:58.000,42,Reject Invoice,105,Contoso Metal,Trading goods,0.1,7/11/2022 12:00:00 AM,559.26,4.5,2022-08-09T00:00:00.000,1123,21,4.5,0.1,503.33398
Vendor2,559.26,2022-07-29T09:16:06.000,42,Refund With Standard Voucher,105,Contoso Metal,Trading goods,0.1,7/11/2022 12:00:00 AM,559.26,4.5,2022-08-09T00:00:00.000,1123,21,4.5,0.1,503.33398
Vendor2,559.26,2022-07-29T15:20:28.000,42,Complete the Customer Memo,105,Contoso Metal,Trading goods,0.1,7/11/2022 12:00:00 AM,559.26,4.5,2022-08-09T00:00:00.000,1123,21,4.5,0.1,503.33398
Vendor2,559.26,2022-08-01T09:58:39.000,42,Approve Invoice,105,Contoso Metal,Trading goods,0.1,7/11/2022 12:00:00 AM,559.26,4.5,2022-08-09T00:00:00.000,1123,21,4.5,0.1,503.33398
Vendor2,559.26,2022-08-02T09:54:16.000,42,Credit Memo Creation,105,Contoso Metal,Trading goods,0.1,7/11/2022 12:00:00 AM,559.26,4.5,2022-08-09T00:00:00.000,1123,21,4.5,0.1,503.33398
Vendor2,559.26,2022-08-02T16:30:35.000,42,Fill Credit Memo,105,Contoso Metal,Trading goods,0.1,7/11/2022 12:00:00 AM,559.26,4.5,2022-08-09T00:00:00.000,1123,21,4.5,0.1,503.33398
Vendor2,559.26,2022-08-03T09:16:09.000,42,Re-issuing the invoice,105,Contoso Metal,Trading goods,0.1,7/11/2022 12:00:00 AM,559.26,4.5,2022-08-09T00:00:00.000,1123,21,4.5,0.1,503.33398
Vendor1,861.45,2022-08-18T09:33:15.000,43,Invoice Entry,105,AdventureWorks Holding,Trading goods,0.05,8/4/2022 12:00:00 AM,861.45,9,2022-09-17T00:00:00.000,1052,7,9,0.05,775.305
Vendor1,861.45,2022-08-18T10:42:12.000,43,Check Customer Payment,105,AdventureWorks Holding,Trading goods,0.05,8/4/2022 12:00:00 AM,861.45,9,2022-09-17T00:00:00.000,1052,7,9,0.05,775.305
Vendor1,861.45,2022-08-18T12:45:45.000,43,Credit Memo Entry,105,AdventureWorks Holding,Trading goods,0.05,8/4/2022 12:00:00 AM,861.45,9,2022-09-17T00:00:00.000,1052,7,9,0.05,775.305
Vendor1,861.45,2022-08-18T14:34:50.000,43,Refund Customer,105,AdventureWorks Holding,Trading goods,0.05,8/4/2022 12:00:00 AM,861.45,9,2022-09-17T00:00:00.000,1052,7,9,0.05,775.305
Vendor1,861.45,2022-08-18T16:41:54.000,43,Re-issuing the invoice,105,AdventureWorks Holding,Trading goods,0.05,8/4/2022 12:00:00 AM,861.45,9,2022-09-17T00:00:00.000,1052,7,9,0.05,775.305
Vendor5,1012.24,2022-07-25T10:17:36.000,44,Invoice Entry,105,Katingale Union,Finished products,0.05,7/12/2022 12:00:00 AM,1012.24,9,2022-08-24T00:00:00.000,1128,14,9,0.05,911.016
Vendor5,1012.24,2022-07-25T16:22:40.000,44,Confirm Payment Received,105,Katingale Union,Finished products,0.05,7/12/2022 12:00:00 AM,1012.24,9,2022-08-24T00:00:00.000,1128,14,9,0.05,911.016
Vendor5,1012.24,2022-07-26T09:20:39.000,44,Refund With Standard Voucher,105,Katingale Union,Finished products,0.05,7/12/2022 12:00:00 AM,1012.24,9,2022-08-24T00:00:00.000,1128,14,9,0.05,911.016
Vendor5,1012.24,2022-07-26T16:53:37.000,44,Complete the Customer Memo,105,Katingale Union,Finished products,0.05,7/12/2022 12:00:00 AM,1012.24,9,2022-08-24T00:00:00.000,1128,14,9,0.05,911.016
Vendor5,1012.24,2022-07-27T09:21:21.000,44,Approve Invoice,105,Katingale Union,Finished products,0.05,7/12/2022 12:00:00 AM,1012.24,9,2022-08-24T00:00:00.000,1128,14,9,0.05,911.016
Vendor5,1012.24,2022-07-27T17:20:40.000,44,Credit Memo Creation,105,Katingale Union,Finished products,0.05,7/12/2022 12:00:00 AM,1012.24,9,2022-08-24T00:00:00.000,1128,14,9,0.05,911.016
Vendor5,1012.24,2022-07-28T09:06:31.000,44,Fill Credit Memo,105,Katingale Union,Finished products,0.05,7/12/2022 12:00:00 AM,1012.24,9,2022-08-24T00:00:00.000,1128,14,9,0.05,911.016
Vendor5,1012.24,2022-07-28T16:59:58.000,44,Re-issuing the invoice,105,Katingale Union,Finished products,0.05,7/12/2022 12:00:00 AM,1012.24,9,2022-08-24T00:00:00.000,1128,14,9,0.05,911.016
Vendor3,2030.11,2022-07-14T09:59:50.000,45,Invoice Entry,356,Northwind,Trading goods,0.05,6/30/2022 12:00:00 AM,2030.11,9,2022-08-13T00:00:00.000,1025,7,9,0.05,1827.099
Vendor3,2030.11,2022-07-14T11:49:00.000,45,Confirm Payment Received,356,Northwind,Trading goods,0.05,6/30/2022 12:00:00 AM,2030.11,9,2022-08-13T00:00:00.000,1025,7,9,0.05,1827.099
Vendor3,2030.11,2022-07-14T13:38:04.000,45,Refund With Standard Voucher,356,Northwind,Trading goods,0.05,6/30/2022 12:00:00 AM,2030.11,9,2022-08-13T00:00:00.000,1025,7,9,0.05,1827.099
Vendor3,2030.11,2022-07-14T15:34:36.000,45,Complete the Customer Memo,356,Northwind,Trading goods,0.05,6/30/2022 12:00:00 AM,2030.11,9,2022-08-13T00:00:00.000,1025,7,9,0.05,1827.099
Vendor3,2030.11,2022-07-15T09:49:59.000,45,Approve Invoice,356,Northwind,Trading goods,0.05,6/30/2022 12:00:00 AM,2030.11,9,2022-08-13T00:00:00.000,1025,7,9,0.05,1827.099
Vendor3,2030.11,2022-07-15T13:37:13.000,45,Credit Memo Creation,356,Northwind,Trading goods,0.05,6/30/2022 12:00:00 AM,2030.11,9,2022-08-13T00:00:00.000,1025,7,9,0.05,1827.099
Vendor3,2030.11,2022-07-15T14:46:58.000,45,Fill Credit Memo,356,Northwind,Trading goods,0.05,6/30/2022 12:00:00 AM,2030.11,9,2022-08-13T00:00:00.000,1025,7,9,0.05,1827.099
Vendor3,2030.11,2022-07-15T15:37:15.000,45,Re-issuing the invoice,356,Northwind,Trading goods,0.05,6/30/2022 12:00:00 AM,2030.11,9,2022-08-13T00:00:00.000,1025,7,9,0.05,1827.099
Vendor2,195.84,2022-07-15T11:46:54.000,46,Invoice Entry,356,Contoso Metal,Finished products,0.1,7/5/2022 12:00:00 AM,195.84,4.5,2022-07-30T00:00:00.000,1034,14,4.5,0.1,176.256
Vendor2,195.84,2022-07-18T09:21:54.000,46,Confirm Payment Received,356,Contoso Metal,Finished products,0.1,7/5/2022 12:00:00 AM,195.84,4.5,2022-07-30T00:00:00.000,1034,14,4.5,0.1,176.256
Vendor2,195.84,2022-07-18T14:56:16.000,46,Refund With Special Voucher,356,Contoso Metal,Finished products,0.1,7/5/2022 12:00:00 AM,195.84,4.5,2022-07-30T00:00:00.000,1034,14,4.5,0.1,176.256
Vendor2,195.84,2022-07-19T09:24:59.000,46,Complete the Customer Memo,356,Contoso Metal,Finished products,0.1,7/5/2022 12:00:00 AM,195.84,4.5,2022-07-30T00:00:00.000,1034,14,4.5,0.1,176.256
Vendor2,195.84,2022-07-19T16:58:55.000,46,Approve Invoice,356,Contoso Metal,Finished products,0.1,7/5/2022 12:00:00 AM,195.84,4.5,2022-07-30T00:00:00.000,1034,14,4.5,0.1,176.256
Vendor2,195.84,2022-07-20T09:32:33.000,46,Credit Memo Creation,356,Contoso Metal,Finished products,0.1,7/5/2022 12:00:00 AM,195.84,4.5,2022-07-30T00:00:00.000,1034,14,4.5,0.1,176.256
Vendor2,195.84,2022-07-20T15:42:35.000,46,Fill Credit Memo,356,Contoso Metal,Finished products,0.1,7/5/2022 12:00:00 AM,195.84,4.5,2022-07-30T00:00:00.000,1034,14,4.5,0.1,176.256
Vendor2,195.84,2022-07-21T09:36:13.000,46,Re-issuing the invoice,356,Contoso Metal,Finished products,0.1,7/5/2022 12:00:00 AM,195.84,4.5,2022-07-30T00:00:00.000,1034,14,4.5,0.1,176.256
Vendor3,3472.9,2022-08-18T10:30:49.000,47,Invoice Entry,356,Northwind,Finished products,0.05,8/8/2022 12:00:00 AM,3125.6099,9,2022-09-17T00:00:00.000,1093,21,9,0.05,3125.6099
Vendor3,3472.9,2022-08-18T11:49:37.000,47,Check Customer Payment,356,Northwind,Finished products,0.05,8/8/2022 12:00:00 AM,3125.6099,9,2022-09-17T00:00:00.000,1093,21,9,0.05,3125.6099
Vendor3,3472.9,2022-08-18T12:35:46.000,47,Credit Memo Entry,356,Northwind,Finished products,0.05,8/8/2022 12:00:00 AM,3125.6099,9,2022-09-17T00:00:00.000,1093,21,9,0.05,3125.6099
Vendor3,3472.9,2022-08-18T13:45:34.000,47,Refund Customer,356,Northwind,Finished products,0.05,8/8/2022 12:00:00 AM,3125.6099,9,2022-09-17T00:00:00.000,1093,21,9,0.05,3125.6099
Vendor3,3472.9,2022-08-18T15:15:16.000,47,Re-issuing the invoice,356,Northwind,Finished products,0.05,8/8/2022 12:00:00 AM,3125.6099,9,2022-09-17T00:00:00.000,1093,21,9,0.05,3125.6099
Vendor3,1353.49,2022-07-14T15:56:17.000,48,Invoice Entry,356,Northwind,Finished products,0.05,6/30/2022 12:00:00 AM,1218.141,9,2022-08-13T00:00:00.000,1081,7,9,0.05,1218.141
Vendor3,1353.49,2022-07-14T17:05:35.000,48,Check Customer Payment,356,Northwind,Finished products,0.05,6/30/2022 12:00:00 AM,1218.141,9,2022-08-13T00:00:00.000,1081,7,9,0.05,1218.141
Vendor3,1353.49,2022-07-14T17:55:49.000,48,Credit Memo Entry,356,Northwind,Finished products,0.05,6/30/2022 12:00:00 AM,1218.141,9,2022-08-13T00:00:00.000,1081,7,9,0.05,1218.141
Vendor3,1353.49,2022-07-15T09:26:07.000,48,Refund Customer,356,Northwind,Finished products,0.05,6/30/2022 12:00:00 AM,1218.141,9,2022-08-13T00:00:00.000,1081,7,9,0.05,1218.141
Vendor3,1353.49,2022-07-15T10:50:04.000,48,Re-issuing the invoice,356,Northwind,Finished products,0.05,6/30/2022 12:00:00 AM,1218.141,9,2022-08-13T00:00:00.000,1081,7,9,0.05,1218.141
Vendor4,159.33,2022-08-11T17:49:25.000,49,Invoice Entry,356,Leprechaun Ltd.,Finished products,0.05,8/3/2022 12:00:00 AM,159.33,9,2022-09-10T00:00:00.000,1103,14,9,0.05,143.397
Vendor4,159.33,2022-08-12T09:03:30.000,49,Check Customer Payment,356,Leprechaun Ltd.,Finished products,0.05,8/3/2022 12:00:00 AM,159.33,9,2022-09-10T00:00:00.000,1103,14,9,0.05,143.397
Vendor4,159.33,2022-08-12T10:46:14.000,49,Credit Memo Entry,356,Leprechaun Ltd.,Finished products,0.05,8/3/2022 12:00:00 AM,159.33,9,2022-09-10T00:00:00.000,1103,14,9,0.05,143.397
Vendor4,159.33,2022-08-12T12:02:34.000,49,Refund Customer,356,Leprechaun Ltd.,Finished products,0.05,8/3/2022 12:00:00 AM,159.33,9,2022-09-10T00:00:00.000,1103,14,9,0.05,143.397
Vendor4,159.33,2022-08-12T13:30:29.000,49,Re-issuing the invoice,356,Leprechaun Ltd.,Finished products,0.05,8/3/2022 12:00:00 AM,159.33,9,2022-09-10T00:00:00.000,1103,14,9,0.05,143.397
Vendor3,4181.7,2022-07-15T09:29:43.000,50,Invoice Entry,356,Northwind,Finished products,0.1,7/3/2022 12:00:00 AM,4181.7,4.5,2022-07-30T00:00:00.000,1091,7,4.5,0.1,3763.53
Vendor3,4181.7,2022-07-15T11:06:49.000,50,Check Customer Payment,356,Northwind,Finished products,0.1,7/3/2022 12:00:00 AM,4181.7,4.5,2022-07-30T00:00:00.000,1091,7,4.5,0.1,3763.53
Vendor3,4181.7,2022-07-15T12:12:07.000,50,Credit Memo Entry,356,Northwind,Finished products,0.1,7/3/2022 12:00:00 AM,4181.7,4.5,2022-07-30T00:00:00.000,1091,7,4.5,0.1,3763.53
Vendor3,4181.7,2022-07-15T13:14:45.000,50,Refund Customer,356,Northwind,Finished products,0.1,7/3/2022 12:00:00 AM,4181.7,4.5,2022-07-30T00:00:00.000,1091,7,4.5,0.1,3763.53
Vendor3,4181.7,2022-07-15T14:36:33.000,50,Re-issuing the invoice,356,Northwind,Finished products,0.1,7/3/2022 12:00:00 AM,4181.7,4.5,2022-07-30T00:00:00.000,1091,7,4.5,0.1,3763.53
Vendor5,1009.14,2022-08-10T10:17:53.000,51,Invoice Entry,356,Katingale Union,Finished products,0.1,8/5/2022 12:00:00 AM,908.226,4.5,2022-08-25T00:00:00.000,1130,14,4.5,0.1,908.226
Vendor5,1009.14,2022-08-10T11:47:53.000,51,Check Customer Payment,356,Katingale Union,Finished products,0.1,8/5/2022 12:00:00 AM,908.226,4.5,2022-08-25T00:00:00.000,1130,14,4.5,0.1,908.226
Vendor5,1009.14,2022-08-10T12:46:29.000,51,Credit Memo Entry,356,Katingale Union,Finished products,0.1,8/5/2022 12:00:00 AM,908.226,4.5,2022-08-25T00:00:00.000,1130,14,4.5,0.1,908.226
Vendor5,1009.14,2022-08-10T13:51:45.000,51,Refund Customer,356,Katingale Union,Finished products,0.1,8/5/2022 12:00:00 AM,908.226,4.5,2022-08-25T00:00:00.000,1130,14,4.5,0.1,908.226
Vendor5,1009.14,2022-08-10T15:26:00.000,51,Re-issuing the invoice,356,Katingale Union,Finished products,0.1,8/5/2022 12:00:00 AM,908.226,4.5,2022-08-25T00:00:00.000,1130,14,4.5,0.1,908.226
Vendor1,981.42,2022-07-25T12:02:32.000,52,Invoice Entry,356,AdventureWorks Holding,Finished products,0.05,7/15/2022 12:00:00 AM,981.42,9,2022-08-24T00:00:00.000,1088,7,9,0.05,883.27795
Vendor1,981.42,2022-07-25T13:11:45.000,52,Confirm Payment Received,356,AdventureWorks Holding,Finished products,0.05,7/15/2022 12:00:00 AM,981.42,9,2022-08-24T00:00:00.000,1088,7,9,0.05,883.27795
Vendor1,981.42,2022-07-25T15:34:31.000,52,Refund With Standard Voucher,356,AdventureWorks Holding,Finished products,0.05,7/15/2022 12:00:00 AM,981.42,9,2022-08-24T00:00:00.000,1088,7,9,0.05,883.27795
Vendor1,981.42,2022-07-25T17:11:28.000,52,Complete the Customer Memo,356,AdventureWorks Holding,Finished products,0.05,7/15/2022 12:00:00 AM,981.42,9,2022-08-24T00:00:00.000,1088,7,9,0.05,883.27795
Vendor1,981.42,2022-07-26T09:24:33.000,52,Reject Invoice,356,AdventureWorks Holding,Finished products,0.05,7/15/2022 12:00:00 AM,981.42,9,2022-08-24T00:00:00.000,1088,7,9,0.05,883.27795
Vendor1,981.42,2022-07-26T12:57:13.000,52,Refund With Standard Voucher,356,AdventureWorks Holding,Finished products,0.05,7/15/2022 12:00:00 AM,981.42,9,2022-08-24T00:00:00.000,1088,7,9,0.05,883.27795
Vendor1,981.42,2022-07-26T14:46:17.000,52,Complete the Customer Memo,356,AdventureWorks Holding,Finished products,0.05,7/15/2022 12:00:00 AM,981.42,9,2022-08-24T00:00:00.000,1088,7,9,0.05,883.27795
Vendor1,981.42,2022-07-27T09:37:02.000,52,Approve Invoice,356,AdventureWorks Holding,Finished products,0.05,7/15/2022 12:00:00 AM,981.42,9,2022-08-24T00:00:00.000,1088,7,9,0.05,883.27795
Vendor1,981.42,2022-07-27T13:47:59.000,52,Credit Memo Creation,356,AdventureWorks Holding,Finished products,0.05,7/15/2022 12:00:00 AM,981.42,9,2022-08-24T00:00:00.000,1088,7,9,0.05,883.27795
Vendor1,981.42,2022-07-27T15:06:47.000,52,Fill Credit Memo,356,AdventureWorks Holding,Finished products,0.05,7/15/2022 12:00:00 AM,981.42,9,2022-08-24T00:00:00.000,1088,7,9,0.05,883.27795
Vendor1,981.42,2022-07-27T16:39:40.000,52,Re-issuing the invoice,356,AdventureWorks Holding,Finished products,0.05,7/15/2022 12:00:00 AM,981.42,9,2022-08-24T00:00:00.000,1088,7,9,0.05,883.27795
Vendor2,496.24,2022-07-20T13:08:05.000,53,Invoice Entry,356,Contoso Metal,Operating supplies,0.1,7/9/2022 12:00:00 AM,496.24,4.5,2022-08-04T00:00:00.000,1086,14,4.5,0.1,446.61597
Vendor2,496.24,2022-07-21T09:26:20.000,53,Check Customer Payment,356,Contoso Metal,Operating supplies,0.1,7/9/2022 12:00:00 AM,496.24,4.5,2022-08-04T00:00:00.000,1086,14,4.5,0.1,446.61597
Vendor2,496.24,2022-07-21T16:33:39.000,53,Credit Memo Entry,356,Contoso Metal,Operating supplies,0.1,7/9/2022 12:00:00 AM,496.24,4.5,2022-08-04T00:00:00.000,1086,14,4.5,0.1,446.61597
Vendor2,496.24,2022-07-22T09:13:27.000,53,Refund Customer,356,Contoso Metal,Operating supplies,0.1,7/9/2022 12:00:00 AM,496.24,4.5,2022-08-04T00:00:00.000,1086,14,4.5,0.1,446.61597
Vendor2,496.24,2022-07-22T16:46:52.000,53,Re-issuing the invoice,356,Contoso Metal,Operating supplies,0.1,7/9/2022 12:00:00 AM,496.24,4.5,2022-08-04T00:00:00.000,1086,14,4.5,0.1,446.61597
Vendor2,793.25,2022-07-21T13:49:40.000,54,Invoice Entry,105,Contoso Metal,Operating supplies,0.1,7/11/2022 12:00:00 AM,793.25,4.5,2022-08-05T00:00:00.000,1047,21,4.5,0.1,713.925
Vendor2,793.25,2022-07-22T09:50:20.000,54,Check Customer Payment,105,Contoso Metal,Operating supplies,0.1,7/11/2022 12:00:00 AM,793.25,4.5,2022-08-05T00:00:00.000,1047,21,4.5,0.1,713.925
Vendor2,793.25,2022-07-22T16:58:58.000,54,Credit Memo Entry,105,Contoso Metal,Operating supplies,0.1,7/11/2022 12:00:00 AM,793.25,4.5,2022-08-05T00:00:00.000,1047,21,4.5,0.1,713.925
Vendor2,793.25,2022-07-25T09:52:49.000,54,Refund Customer,105,Contoso Metal,Operating supplies,0.1,7/11/2022 12:00:00 AM,793.25,4.5,2022-08-05T00:00:00.000,1047,21,4.5,0.1,713.925
Vendor2,793.25,2022-07-25T17:12:25.000,54,Re-issuing the invoice,105,Contoso Metal,Operating supplies,0.1,7/11/2022 12:00:00 AM,793.25,4.5,2022-08-05T00:00:00.000,1047,21,4.5,0.1,713.925
Vendor3,3327.11,2022-07-25T09:31:36.000,55,Invoice Entry,356,Northwind,Trading goods,0.05,7/16/2022 12:00:00 AM,2994.399,9,2022-08-24T00:00:00.000,1035,7,9,0.05,2994.399
Vendor3,3327.11,2022-07-25T10:34:34.000,55,Confirm Payment Received,356,Northwind,Trading goods,0.05,7/16/2022 12:00:00 AM,2994.399,9,2022-08-24T00:00:00.000,1035,7,9,0.05,2994.399
Vendor3,3327.11,2022-07-25T11:34:08.000,55,Refund With Standard Voucher,356,Northwind,Trading goods,0.05,7/16/2022 12:00:00 AM,2994.399,9,2022-08-24T00:00:00.000,1035,7,9,0.05,2994.399
Vendor3,3327.11,2022-07-25T12:22:36.000,55,Complete the Customer Memo,356,Northwind,Trading goods,0.05,7/16/2022 12:00:00 AM,2994.399,9,2022-08-24T00:00:00.000,1035,7,9,0.05,2994.399
Vendor3,3327.11,2022-07-25T15:19:48.000,55,Reject Invoice,356,Northwind,Trading goods,0.05,7/16/2022 12:00:00 AM,2994.399,9,2022-08-24T00:00:00.000,1035,7,9,0.05,2994.399
Vendor3,3327.11,2022-07-25T17:49:08.000,55,Refund With Standard Voucher,356,Northwind,Trading goods,0.05,7/16/2022 12:00:00 AM,2994.399,9,2022-08-24T00:00:00.000,1035,7,9,0.05,2994.399
Vendor3,3327.11,2022-07-26T09:34:40.000,55,Complete the Customer Memo,356,Northwind,Trading goods,0.05,7/16/2022 12:00:00 AM,2994.399,9,2022-08-24T00:00:00.000,1035,7,9,0.05,2994.399
Vendor3,3327.11,2022-07-26T13:12:11.000,55,Approve Invoice,356,Northwind,Trading goods,0.05,7/16/2022 12:00:00 AM,2994.399,9,2022-08-24T00:00:00.000,1035,7,9,0.05,2994.399
Vendor3,3327.11,2022-07-26T16:14:38.000,55,Credit Memo Creation,356,Northwind,Trading goods,0.05,7/16/2022 12:00:00 AM,2994.399,9,2022-08-24T00:00:00.000,1035,7,9,0.05,2994.399
Vendor3,3327.11,2022-07-26T17:20:40.000,55,Fill Credit Memo,356,Northwind,Trading goods,0.05,7/16/2022 12:00:00 AM,2994.399,9,2022-08-24T00:00:00.000,1035,7,9,0.05,2994.399
Vendor3,3327.11,2022-07-27T09:21:53.000,55,Re-issuing the invoice,356,Northwind,Trading goods,0.05,7/16/2022 12:00:00 AM,2994.399,9,2022-08-24T00:00:00.000,1035,7,9,0.05,2994.399
Vendor3,3436.55,2022-08-15T10:45:17.000,56,Invoice Entry,356,Northwind,Finished products,0.05,8/4/2022 12:00:00 AM,3436.55,9,2022-09-14T00:00:00.000,1036,21,9,0.05,3092.895
Vendor3,3436.55,2022-08-15T12:54:48.000,56,Confirm Payment Received,356,Northwind,Finished products,0.05,8/4/2022 12:00:00 AM,3436.55,9,2022-09-14T00:00:00.000,1036,21,9,0.05,3092.895
Vendor3,3436.55,2022-08-15T15:08:20.000,56,Refund With Standard Voucher,356,Northwind,Finished products,0.05,8/4/2022 12:00:00 AM,3436.55,9,2022-09-14T00:00:00.000,1036,21,9,0.05,3092.895
Vendor3,3436.55,2022-08-15T16:39:58.000,56,Complete the Customer Memo,356,Northwind,Finished products,0.05,8/4/2022 12:00:00 AM,3436.55,9,2022-09-14T00:00:00.000,1036,21,9,0.05,3092.895
Vendor3,3436.55,2022-08-16T09:49:50.000,56,Reject Invoice,356,Northwind,Finished products,0.05,8/4/2022 12:00:00 AM,3436.55,9,2022-09-14T00:00:00.000,1036,21,9,0.05,3092.895
Vendor3,3436.55,2022-08-16T11:48:07.000,56,Refund With Standard Voucher,356,Northwind,Finished products,0.05,8/4/2022 12:00:00 AM,3436.55,9,2022-09-14T00:00:00.000,1036,21,9,0.05,3092.895
Vendor3,3436.55,2022-08-16T13:24:39.000,56,Complete the Customer Memo,356,Northwind,Finished products,0.05,8/4/2022 12:00:00 AM,3436.55,9,2022-09-14T00:00:00.000,1036,21,9,0.05,3092.895
Vendor3,3436.55,2022-08-16T17:14:31.000,56,Approve Invoice,356,Northwind,Finished products,0.05,8/4/2022 12:00:00 AM,3436.55,9,2022-09-14T00:00:00.000,1036,21,9,0.05,3092.895
Vendor3,3436.55,2022-08-17T09:52:33.000,56,Credit Memo Creation,356,Northwind,Finished products,0.05,8/4/2022 12:00:00 AM,3436.55,9,2022-09-14T00:00:00.000,1036,21,9,0.05,3092.895
Vendor3,3436.55,2022-08-17T11:13:57.000,56,Fill Credit Memo,356,Northwind,Finished products,0.05,8/4/2022 12:00:00 AM,3436.55,9,2022-09-14T00:00:00.000,1036,21,9,0.05,3092.895
Vendor3,3436.55,2022-08-17T12:08:18.000,56,Re-issuing the invoice,356,Northwind,Finished products,0.05,8/4/2022 12:00:00 AM,3436.55,9,2022-09-14T00:00:00.000,1036,21,9,0.05,3092.895
Vendor5,1013.17,2022-07-27T13:19:32.000,57,Invoice Entry,356,Katingale Union,Finished products,0.1,7/13/2022 12:00:00 AM,1013.17,4.5,2022-08-11T00:00:00.000,1003,21,4.5,0.1,911.85297
Vendor5,1013.17,2022-07-28T09:04:58.000,57,Confirm Payment Received,356,Katingale Union,Finished products,0.1,7/13/2022 12:00:00 AM,1013.17,4.5,2022-08-11T00:00:00.000,1003,21,4.5,0.1,911.85297
Vendor5,1013.17,2022-07-28T16:23:05.000,57,Refund With Special Voucher,356,Katingale Union,Finished products,0.1,7/13/2022 12:00:00 AM,1013.17,4.5,2022-08-11T00:00:00.000,1003,21,4.5,0.1,911.85297
Vendor5,1013.17,2022-07-29T09:04:47.000,57,Complete the Customer Memo,356,Katingale Union,Finished products,0.1,7/13/2022 12:00:00 AM,1013.17,4.5,2022-08-11T00:00:00.000,1003,21,4.5,0.1,911.85297
Vendor5,1013.17,2022-08-01T09:21:11.000,57,Reject Invoice,356,Katingale Union,Finished products,0.1,7/13/2022 12:00:00 AM,1013.17,4.5,2022-08-11T00:00:00.000,1003,21,4.5,0.1,911.85297
Vendor5,1013.17,2022-08-02T09:28:52.000,57,Refund With Standard Voucher,356,Katingale Union,Finished products,0.1,7/13/2022 12:00:00 AM,1013.17,4.5,2022-08-11T00:00:00.000,1003,21,4.5,0.1,911.85297
Vendor5,1013.17,2022-08-02T15:36:54.000,57,Complete the Customer Memo,356,Katingale Union,Finished products,0.1,7/13/2022 12:00:00 AM,1013.17,4.5,2022-08-11T00:00:00.000,1003,21,4.5,0.1,911.85297
Vendor5,1013.17,2022-08-03T09:34:29.000,57,Reject Invoice,356,Katingale Union,Finished products,0.1,7/13/2022 12:00:00 AM,1013.17,4.5,2022-08-11T00:00:00.000,1003,21,4.5,0.1,911.85297
Vendor5,1013.17,2022-08-04T09:27:54.000,57,Refund With Special Voucher,356,Katingale Union,Finished products,0.1,7/13/2022 12:00:00 AM,1013.17,4.5,2022-08-11T00:00:00.000,1003,21,4.5,0.1,911.85297
Vendor5,1013.17,2022-08-05T09:41:08.000,57,Complete the Customer Memo,356,Katingale Union,Finished products,0.1,7/13/2022 12:00:00 AM,1013.17,4.5,2022-08-11T00:00:00.000,1003,21,4.5,0.1,911.85297
Vendor5,1013.17,2022-08-08T09:02:56.000,57,Approve Invoice,356,Katingale Union,Finished products,0.1,7/13/2022 12:00:00 AM,1013.17,4.5,2022-08-11T00:00:00.000,1003,21,4.5,0.1,911.85297
Vendor5,1013.17,2022-08-08T17:57:07.000,57,Credit Memo Creation,356,Katingale Union,Finished products,0.1,7/13/2022 12:00:00 AM,1013.17,4.5,2022-08-11T00:00:00.000,1003,21,4.5,0.1,911.85297
Vendor5,1013.17,2022-08-09T09:57:38.000,57,Fill Credit Memo,356,Katingale Union,Finished products,0.1,7/13/2022 12:00:00 AM,1013.17,4.5,2022-08-11T00:00:00.000,1003,21,4.5,0.1,911.85297
Vendor5,1013.17,2022-08-09T16:23:26.000,57,Re-issuing the invoice,356,Katingale Union,Finished products,0.1,7/13/2022 12:00:00 AM,1013.17,4.5,2022-08-11T00:00:00.000,1003,21,4.5,0.1,911.85297
Vendor5,980.65,2022-07-15T09:08:34.000,58,Invoice Entry,356,Katingale Union,Finished products,0.05,7/2/2022 12:00:00 AM,882.585,9,2022-08-14T00:00:00.000,1078,7,9,0.05,882.585
Vendor5,980.65,2022-07-15T14:28:27.000,58,Confirm Payment Received,356,Katingale Union,Finished products,0.05,7/2/2022 12:00:00 AM,882.585,9,2022-08-14T00:00:00.000,1078,7,9,0.05,882.585
Vendor5,980.65,2022-07-18T09:16:40.000,58,Refund With Standard Voucher,356,Katingale Union,Finished products,0.05,7/2/2022 12:00:00 AM,882.585,9,2022-08-14T00:00:00.000,1078,7,9,0.05,882.585
Vendor5,980.65,2022-07-18T13:46:24.000,58,Complete the Customer Memo,356,Katingale Union,Finished products,0.05,7/2/2022 12:00:00 AM,882.585,9,2022-08-14T00:00:00.000,1078,7,9,0.05,882.585
Vendor5,980.65,2022-07-19T09:16:24.000,58,Approve Invoice,356,Katingale Union,Finished products,0.05,7/2/2022 12:00:00 AM,882.585,9,2022-08-14T00:00:00.000,1078,7,9,0.05,882.585
Vendor5,980.65,2022-07-20T09:54:39.000,58,Credit Memo Creation,356,Katingale Union,Finished products,0.05,7/2/2022 12:00:00 AM,882.585,9,2022-08-14T00:00:00.000,1078,7,9,0.05,882.585
Vendor5,980.65,2022-07-21T09:52:05.000,58,Fill Credit Memo,356,Katingale Union,Finished products,0.05,7/2/2022 12:00:00 AM,882.585,9,2022-08-14T00:00:00.000,1078,7,9,0.05,882.585
Vendor5,980.65,2022-07-21T14:51:32.000,58,Re-issuing the invoice,356,Katingale Union,Finished products,0.05,7/2/2022 12:00:00 AM,882.585,9,2022-08-14T00:00:00.000,1078,7,9,0.05,882.585
Vendor5,310.9,2022-08-11T16:32:54.000,59,Invoice Entry,356,Katingale Union,Finished products,0.05,8/1/2022 12:00:00 AM,279.81,9,2022-09-10T00:00:00.000,1060,7,9,0.05,279.81
Vendor5,310.9,2022-08-11T17:52:23.000,59,Check Customer Payment,356,Katingale Union,Finished products,0.05,8/1/2022 12:00:00 AM,279.81,9,2022-09-10T00:00:00.000,1060,7,9,0.05,279.81
Vendor5,310.9,2022-08-12T09:57:29.000,59,Credit Memo Entry,356,Katingale Union,Finished products,0.05,8/1/2022 12:00:00 AM,279.81,9,2022-09-10T00:00:00.000,1060,7,9,0.05,279.81
Vendor5,310.9,2022-08-12T11:00:13.000,59,Refund Customer,356,Katingale Union,Finished products,0.05,8/1/2022 12:00:00 AM,279.81,9,2022-09-10T00:00:00.000,1060,7,9,0.05,279.81
Vendor5,310.9,2022-08-12T12:08:34.000,59,Re-issuing the invoice,356,Katingale Union,Finished products,0.05,8/1/2022 12:00:00 AM,279.81,9,2022-09-10T00:00:00.000,1060,7,9,0.05,279.81
Vendor2,2306.77,2022-08-01T15:31:28.000,60,Invoice Entry,356,Contoso Metal,Finished products,0.05,7/24/2022 12:00:00 AM,2306.77,9,2022-08-31T00:00:00.000,1033,21,9,0.05,2076.093
Vendor2,2306.77,2022-08-01T17:15:06.000,60,Confirm Payment Received,356,Contoso Metal,Finished products,0.05,7/24/2022 12:00:00 AM,2306.77,9,2022-08-31T00:00:00.000,1033,21,9,0.05,2076.093
Vendor2,2306.77,2022-08-02T09:35:48.000,60,Refund With Standard Voucher,356,Contoso Metal,Finished products,0.05,7/24/2022 12:00:00 AM,2306.77,9,2022-08-31T00:00:00.000,1033,21,9,0.05,2076.093
Vendor2,2306.77,2022-08-02T10:36:55.000,60,Complete the Customer Memo,356,Contoso Metal,Finished products,0.05,7/24/2022 12:00:00 AM,2306.77,9,2022-08-31T00:00:00.000,1033,21,9,0.05,2076.093
Vendor2,2306.77,2022-08-02T14:16:03.000,60,Reject Invoice,356,Contoso Metal,Finished products,0.05,7/24/2022 12:00:00 AM,2306.77,9,2022-08-31T00:00:00.000,1033,21,9,0.05,2076.093
Vendor2,2306.77,2022-08-02T17:20:40.000,60,Refund With Standard Voucher,356,Contoso Metal,Finished products,0.05,7/24/2022 12:00:00 AM,2306.77,9,2022-08-31T00:00:00.000,1033,21,9,0.05,2076.093
Vendor2,2306.77,2022-08-03T09:13:36.000,60,Complete the Customer Memo,356,Contoso Metal,Finished products,0.05,7/24/2022 12:00:00 AM,2306.77,9,2022-08-31T00:00:00.000,1033,21,9,0.05,2076.093
Vendor2,2306.77,2022-08-03T13:02:04.000,60,Reject Invoice,356,Contoso Metal,Finished products,0.05,7/24/2022 12:00:00 AM,2306.77,9,2022-08-31T00:00:00.000,1033,21,9,0.05,2076.093
Vendor2,2306.77,2022-08-03T15:19:14.000,60,Refund With Standard Voucher,356,Contoso Metal,Finished products,0.05,7/24/2022 12:00:00 AM,2306.77,9,2022-08-31T00:00:00.000,1033,21,9,0.05,2076.093
Vendor2,2306.77,2022-08-03T16:00:55.000,60,Complete the Customer Memo,356,Contoso Metal,Finished products,0.05,7/24/2022 12:00:00 AM,2306.77,9,2022-08-31T00:00:00.000,1033,21,9,0.05,2076.093
Vendor2,2306.77,2022-08-04T09:33:07.000,60,Reject Invoice,356,Contoso Metal,Finished products,0.05,7/24/2022 12:00:00 AM,2306.77,9,2022-08-31T00:00:00.000,1033,21,9,0.05,2076.093
Vendor2,2306.77,2022-08-04T13:40:11.000,60,Refund With Standard Voucher,356,Contoso Metal,Finished products,0.05,7/24/2022 12:00:00 AM,2306.77,9,2022-08-31T00:00:00.000,1033,21,9,0.05,2076.093
Vendor2,2306.77,2022-08-04T15:09:42.000,60,Complete the Customer Memo,356,Contoso Metal,Finished products,0.05,7/24/2022 12:00:00 AM,2306.77,9,2022-08-31T00:00:00.000,1033,21,9,0.05,2076.093
Vendor2,2306.77,2022-08-04T17:44:32.000,60,Reject Invoice,356,Contoso Metal,Finished products,0.05,7/24/2022 12:00:00 AM,2306.77,9,2022-08-31T00:00:00.000,1033,21,9,0.05,2076.093
Vendor2,2306.77,2022-08-05T09:28:48.000,60,Refund With Standard Voucher,356,Contoso Metal,Finished products,0.05,7/24/2022 12:00:00 AM,2306.77,9,2022-08-31T00:00:00.000,1033,21,9,0.05,2076.093
Vendor2,2306.77,2022-08-05T10:37:45.000,60,Complete the Customer Memo,356,Contoso Metal,Finished products,0.05,7/24/2022 12:00:00 AM,2306.77,9,2022-08-31T00:00:00.000,1033,21,9,0.05,2076.093
Vendor2,2306.77,2022-08-05T15:07:10.000,60,Approve Invoice,356,Contoso Metal,Finished products,0.05,7/24/2022 12:00:00 AM,2306.77,9,2022-08-31T00:00:00.000,1033,21,9,0.05,2076.093
Vendor2,2306.77,2022-08-08T09:42:57.000,60,Credit Memo Creation,356,Contoso Metal,Finished products,0.05,7/24/2022 12:00:00 AM,2306.77,9,2022-08-31T00:00:00.000,1033,21,9,0.05,2076.093
Vendor2,2306.77,2022-08-08T10:56:33.000,60,Fill Credit Memo,356,Contoso Metal,Finished products,0.05,7/24/2022 12:00:00 AM,2306.77,9,2022-08-31T00:00:00.000,1033,21,9,0.05,2076.093
Vendor2,2306.77,2022-08-08T11:45:22.000,60,Re-issuing the invoice,356,Contoso Metal,Finished products,0.05,7/24/2022 12:00:00 AM,2306.77,9,2022-08-31T00:00:00.000,1033,21,9,0.05,2076.093
Vendor5,874.91,2022-07-18T15:40:28.000,61,Invoice Entry,356,Katingale Union,Finished products,0.05,7/9/2022 12:00:00 AM,874.91,9,2022-08-17T00:00:00.000,1067,7,9,0.05,787.41895
Vendor5,874.91,2022-07-19T09:14:50.000,61,Check Customer Payment,356,Katingale Union,Finished products,0.05,7/9/2022 12:00:00 AM,874.91,9,2022-08-17T00:00:00.000,1067,7,9,0.05,787.41895
Vendor5,874.91,2022-07-20T09:14:56.000,61,Credit Memo Entry,356,Katingale Union,Finished products,0.05,7/9/2022 12:00:00 AM,874.91,9,2022-08-17T00:00:00.000,1067,7,9,0.05,787.41895
Vendor5,874.91,2022-07-20T15:43:15.000,61,Refund Customer,356,Katingale Union,Finished products,0.05,7/9/2022 12:00:00 AM,874.91,9,2022-08-17T00:00:00.000,1067,7,9,0.05,787.41895
Vendor5,874.91,2022-07-21T09:17:20.000,61,Re-issuing the invoice,356,Katingale Union,Finished products,0.05,7/9/2022 12:00:00 AM,874.91,9,2022-08-17T00:00:00.000,1067,7,9,0.05,787.41895
Vendor2,2116.07,2022-08-19T09:08:32.000,62,Invoice Entry,356,Contoso Metal,Finished products,0.05,8/10/2022 12:00:00 AM,2116.07,9,2022-09-18T00:00:00.000,1108,7,9,0.05,1904.463
Vendor2,2116.07,2022-08-19T10:58:28.000,62,Check Customer Payment,356,Contoso Metal,Finished products,0.05,8/10/2022 12:00:00 AM,2116.07,9,2022-09-18T00:00:00.000,1108,7,9,0.05,1904.463
Vendor2,2116.07,2022-08-19T12:22:57.000,62,Credit Memo Entry,356,Contoso Metal,Finished products,0.05,8/10/2022 12:00:00 AM,2116.07,9,2022-09-18T00:00:00.000,1108,7,9,0.05,1904.463
Vendor2,2116.07,2022-08-19T13:22:59.000,62,Refund Customer,356,Contoso Metal,Finished products,0.05,8/10/2022 12:00:00 AM,2116.07,9,2022-09-18T00:00:00.000,1108,7,9,0.05,1904.463
Vendor2,2116.07,2022-08-19T15:25:50.000,62,Re-issuing the invoice,356,Contoso Metal,Finished products,0.05,8/10/2022 12:00:00 AM,2116.07,9,2022-09-18T00:00:00.000,1108,7,9,0.05,1904.463
Vendor2,1994.78,2022-08-19T16:55:11.000,63,Invoice Entry,105,Contoso Metal,Finished products,0.05,8/14/2022 12:00:00 AM,1994.78,9,2022-09-18T00:00:00.000,1077,14,9,0.05,1795.302
Vendor2,1994.78,2022-08-22T09:10:04.000,63,Check Customer Payment,105,Contoso Metal,Finished products,0.05,8/14/2022 12:00:00 AM,1994.78,9,2022-09-18T00:00:00.000,1077,14,9,0.05,1795.302
Vendor2,1994.78,2022-08-22T10:47:57.000,63,Credit Memo Entry,105,Contoso Metal,Finished products,0.05,8/14/2022 12:00:00 AM,1994.78,9,2022-09-18T00:00:00.000,1077,14,9,0.05,1795.302
Vendor2,1994.78,2022-08-22T12:04:08.000,63,Refund Customer,105,Contoso Metal,Finished products,0.05,8/14/2022 12:00:00 AM,1994.78,9,2022-09-18T00:00:00.000,1077,14,9,0.05,1795.302
Vendor2,1994.78,2022-08-22T14:11:09.000,63,Re-issuing the invoice,105,Contoso Metal,Finished products,0.05,8/14/2022 12:00:00 AM,1994.78,9,2022-09-18T00:00:00.000,1077,14,9,0.05,1795.302
Vendor2,2716.17,2022-08-01T12:14:26.000,64,Invoice Entry,105,Contoso Metal,Finished products,0.05,7/18/2022 12:00:00 AM,2716.17,9,2022-08-31T00:00:00.000,1008,7,9,0.05,2444.553
Vendor2,2716.17,2022-08-01T14:13:46.000,64,Confirm Payment Received,105,Contoso Metal,Finished products,0.05,7/18/2022 12:00:00 AM,2716.17,9,2022-08-31T00:00:00.000,1008,7,9,0.05,2444.553
Vendor2,2716.17,2022-08-01T16:11:19.000,64,Refund With Standard Voucher,105,Contoso Metal,Finished products,0.05,7/18/2022 12:00:00 AM,2716.17,9,2022-08-31T00:00:00.000,1008,7,9,0.05,2444.553
Vendor2,2716.17,2022-08-01T17:45:16.000,64,Complete the Customer Memo,105,Contoso Metal,Finished products,0.05,7/18/2022 12:00:00 AM,2716.17,9,2022-08-31T00:00:00.000,1008,7,9,0.05,2444.553
Vendor2,2716.17,2022-08-02T09:13:31.000,64,Approve Invoice,105,Contoso Metal,Finished products,0.05,7/18/2022 12:00:00 AM,2716.17,9,2022-08-31T00:00:00.000,1008,7,9,0.05,2444.553
Vendor2,2716.17,2022-08-02T14:12:36.000,64,Credit Memo Creation,105,Contoso Metal,Finished products,0.05,7/18/2022 12:00:00 AM,2716.17,9,2022-08-31T00:00:00.000,1008,7,9,0.05,2444.553
Vendor2,2716.17,2022-08-02T15:39:09.000,64,Fill Credit Memo,105,Contoso Metal,Finished products,0.05,7/18/2022 12:00:00 AM,2716.17,9,2022-08-31T00:00:00.000,1008,7,9,0.05,2444.553
Vendor2,2716.17,2022-08-02T17:07:24.000,64,Re-issuing the invoice,105,Contoso Metal,Finished products,0.05,7/18/2022 12:00:00 AM,2716.17,9,2022-08-31T00:00:00.000,1008,7,9,0.05,2444.553
Vendor1,1133.64,2022-07-20T14:29:30.000,65,Invoice Entry,356,AdventureWorks Holding,Finished products,0.05,7/7/2022 12:00:00 AM,1020.276,9,2022-08-19T00:00:00.000,1066,14,9,0.05,1020.276
Vendor1,1133.64,2022-07-20T15:51:49.000,65,Check Customer Payment,356,AdventureWorks Holding,Finished products,0.05,7/7/2022 12:00:00 AM,1020.276,9,2022-08-19T00:00:00.000,1066,14,9,0.05,1020.276
Vendor1,1133.64,2022-07-20T16:35:40.000,65,Credit Memo Entry,356,AdventureWorks Holding,Finished products,0.05,7/7/2022 12:00:00 AM,1020.276,9,2022-08-19T00:00:00.000,1066,14,9,0.05,1020.276
Vendor1,1133.64,2022-07-20T17:12:43.000,65,Refund Customer,356,AdventureWorks Holding,Finished products,0.05,7/7/2022 12:00:00 AM,1020.276,9,2022-08-19T00:00:00.000,1066,14,9,0.05,1020.276
Vendor1,1133.64,2022-07-21T09:21:56.000,65,Re-issuing the invoice,356,AdventureWorks Holding,Finished products,0.05,7/7/2022 12:00:00 AM,1020.276,9,2022-08-19T00:00:00.000,1066,14,9,0.05,1020.276
Vendor2,260.77,2022-07-26T14:37:04.000,66,Invoice Entry,105,Contoso Metal,Finished products,0.05,7/21/2022 12:00:00 AM,260.77,9,2022-08-25T00:00:00.000,1121,21,9,0.05,234.69298
Vendor2,260.77,2022-07-27T09:56:40.000,66,Check Customer Payment,105,Contoso Metal,Finished products,0.05,7/21/2022 12:00:00 AM,260.77,9,2022-08-25T00:00:00.000,1121,21,9,0.05,234.69298
Vendor2,260.77,2022-07-27T16:12:05.000,66,Credit Memo Entry,105,Contoso Metal,Finished products,0.05,7/21/2022 12:00:00 AM,260.77,9,2022-08-25T00:00:00.000,1121,21,9,0.05,234.69298
Vendor2,260.77,2022-07-28T09:11:49.000,66,Refund Customer,105,Contoso Metal,Finished products,0.05,7/21/2022 12:00:00 AM,260.77,9,2022-08-25T00:00:00.000,1121,21,9,0.05,234.69298
Vendor2,260.77,2022-07-28T16:18:43.000,66,Re-issuing the invoice,105,Contoso Metal,Finished products,0.05,7/21/2022 12:00:00 AM,260.77,9,2022-08-25T00:00:00.000,1121,21,9,0.05,234.69298
Vendor3,3161.8,2022-07-27T09:00:19.000,67,Invoice Entry,356,Northwind,Finished products,0.1,7/17/2022 12:00:00 AM,3161.8,4.5,2022-08-11T00:00:00.000,1085,7,4.5,0.1,2845.6199
Vendor3,3161.8,2022-07-27T10:35:21.000,67,Confirm Payment Received,356,Northwind,Finished products,0.1,7/17/2022 12:00:00 AM,3161.8,4.5,2022-08-11T00:00:00.000,1085,7,4.5,0.1,2845.6199
Vendor3,3161.8,2022-07-27T12:47:54.000,67,Refund With Standard Voucher,356,Northwind,Finished products,0.1,7/17/2022 12:00:00 AM,3161.8,4.5,2022-08-11T00:00:00.000,1085,7,4.5,0.1,2845.6199
Vendor3,3161.8,2022-07-27T13:59:57.000,67,Complete the Customer Memo,356,Northwind,Finished products,0.1,7/17/2022 12:00:00 AM,3161.8,4.5,2022-08-11T00:00:00.000,1085,7,4.5,0.1,2845.6199
Vendor3,3161.8,2022-07-28T09:10:29.000,67,Reject Invoice,356,Northwind,Finished products,0.1,7/17/2022 12:00:00 AM,3161.8,4.5,2022-08-11T00:00:00.000,1085,7,4.5,0.1,2845.6199
Vendor3,3161.8,2022-07-28T10:18:26.000,67,Refund With Standard Voucher,356,Northwind,Finished products,0.1,7/17/2022 12:00:00 AM,3161.8,4.5,2022-08-11T00:00:00.000,1085,7,4.5,0.1,2845.6199
Vendor3,3161.8,2022-07-28T11:46:52.000,67,Complete the Customer Memo,356,Northwind,Finished products,0.1,7/17/2022 12:00:00 AM,3161.8,4.5,2022-08-11T00:00:00.000,1085,7,4.5,0.1,2845.6199
Vendor3,3161.8,2022-07-28T15:24:46.000,67,Approve Invoice,356,Northwind,Finished products,0.1,7/17/2022 12:00:00 AM,3161.8,4.5,2022-08-11T00:00:00.000,1085,7,4.5,0.1,2845.6199
Vendor3,3161.8,2022-07-29T09:09:35.000,67,Credit Memo Creation,356,Northwind,Finished products,0.1,7/17/2022 12:00:00 AM,3161.8,4.5,2022-08-11T00:00:00.000,1085,7,4.5,0.1,2845.6199
Vendor3,3161.8,2022-07-29T10:47:33.000,67,Fill Credit Memo,356,Northwind,Finished products,0.1,7/17/2022 12:00:00 AM,3161.8,4.5,2022-08-11T00:00:00.000,1085,7,4.5,0.1,2845.6199
Vendor3,3161.8,2022-07-29T11:33:31.000,67,Re-issuing the invoice,356,Northwind,Finished products,0.1,7/17/2022 12:00:00 AM,3161.8,4.5,2022-08-11T00:00:00.000,1085,7,4.5,0.1,2845.6199
Vendor2,2112.22,2022-08-15T10:25:17.000,68,Invoice Entry,356,Contoso Metal,Finished products,0.05,8/7/2022 12:00:00 AM,2112.22,9,2022-09-14T00:00:00.000,1058,14,9,0.05,1900.9979
Vendor2,2112.22,2022-08-15T11:35:33.000,68,Confirm Payment Received,356,Contoso Metal,Finished products,0.05,8/7/2022 12:00:00 AM,2112.22,9,2022-09-14T00:00:00.000,1058,14,9,0.05,1900.9979
Vendor2,2112.22,2022-08-15T13:41:55.000,68,Refund With Standard Voucher,356,Contoso Metal,Finished products,0.05,8/7/2022 12:00:00 AM,2112.22,9,2022-09-14T00:00:00.000,1058,14,9,0.05,1900.9979
Vendor2,2112.22,2022-08-15T14:29:12.000,68,Complete the Customer Memo,356,Contoso Metal,Finished products,0.05,8/7/2022 12:00:00 AM,2112.22,9,2022-09-14T00:00:00.000,1058,14,9,0.05,1900.9979
Vendor2,2112.22,2022-08-16T09:31:10.000,68,Reject Invoice,356,Contoso Metal,Finished products,0.05,8/7/2022 12:00:00 AM,2112.22,9,2022-09-14T00:00:00.000,1058,14,9,0.05,1900.9979
Vendor2,2112.22,2022-08-16T12:08:39.000,68,Refund With Standard Voucher,356,Contoso Metal,Finished products,0.05,8/7/2022 12:00:00 AM,2112.22,9,2022-09-14T00:00:00.000,1058,14,9,0.05,1900.9979
Vendor2,2112.22,2022-08-16T13:17:14.000,68,Complete the Customer Memo,356,Contoso Metal,Finished products,0.05,8/7/2022 12:00:00 AM,2112.22,9,2022-09-14T00:00:00.000,1058,14,9,0.05,1900.9979
Vendor2,2112.22,2022-08-16T15:40:20.000,68,Approve Invoice,356,Contoso Metal,Finished products,0.05,8/7/2022 12:00:00 AM,2112.22,9,2022-09-14T00:00:00.000,1058,14,9,0.05,1900.9979
Vendor2,2112.22,2022-08-17T09:11:25.000,68,Credit Memo Creation,356,Contoso Metal,Finished products,0.05,8/7/2022 12:00:00 AM,2112.22,9,2022-09-14T00:00:00.000,1058,14,9,0.05,1900.9979
Vendor2,2112.22,2022-08-17T10:59:27.000,68,Fill Credit Memo,356,Contoso Metal,Finished products,0.05,8/7/2022 12:00:00 AM,2112.22,9,2022-09-14T00:00:00.000,1058,14,9,0.05,1900.9979
Vendor2,2112.22,2022-08-17T13:02:15.000,68,Re-issuing the invoice,356,Contoso Metal,Finished products,0.05,8/7/2022 12:00:00 AM,2112.22,9,2022-09-14T00:00:00.000,1058,14,9,0.05,1900.9979
Vendor2,1429.15,2022-07-15T09:49:43.000,69,Invoice Entry,105,Contoso Metal,Materials procured externally,0.1,7/7/2022 12:00:00 AM,1429.15,4.5,2022-07-30T00:00:00.000,1004,14,4.5,0.1,1286.235
Vendor2,1429.15,2022-07-15T11:26:03.000,69,Check Customer Payment,105,Contoso Metal,Materials procured externally,0.1,7/7/2022 12:00:00 AM,1429.15,4.5,2022-07-30T00:00:00.000,1004,14,4.5,0.1,1286.235
Vendor2,1429.15,2022-07-15T13:09:04.000,69,Credit Memo Entry,105,Contoso Metal,Materials procured externally,0.1,7/7/2022 12:00:00 AM,1429.15,4.5,2022-07-30T00:00:00.000,1004,14,4.5,0.1,1286.235
Vendor2,1429.15,2022-07-15T15:22:24.000,69,Refund Customer,105,Contoso Metal,Materials procured externally,0.1,7/7/2022 12:00:00 AM,1429.15,4.5,2022-07-30T00:00:00.000,1004,14,4.5,0.1,1286.235
Vendor2,1429.15,2022-07-15T17:19:01.000,69,Re-issuing the invoice,105,Contoso Metal,Materials procured externally,0.1,7/7/2022 12:00:00 AM,1429.15,4.5,2022-07-30T00:00:00.000,1004,14,4.5,0.1,1286.235
Vendor2,1430.11,2022-07-28T09:28:12.000,70,Invoice Entry,105,Contoso Metal,Finished products,0.05,7/14/2022 12:00:00 AM,1430.11,9,2022-08-27T00:00:00.000,1100,7,9,0.05,1287.099
Vendor2,1430.11,2022-07-28T10:47:48.000,70,Check Customer Payment,105,Contoso Metal,Finished products,0.05,7/14/2022 12:00:00 AM,1430.11,9,2022-08-27T00:00:00.000,1100,7,9,0.05,1287.099
Vendor2,1430.11,2022-07-28T12:14:18.000,70,Credit Memo Entry,105,Contoso Metal,Finished products,0.05,7/14/2022 12:00:00 AM,1430.11,9,2022-08-27T00:00:00.000,1100,7,9,0.05,1287.099
Vendor2,1430.11,2022-07-28T13:02:15.000,70,Refund Customer,105,Contoso Metal,Finished products,0.05,7/14/2022 12:00:00 AM,1430.11,9,2022-08-27T00:00:00.000,1100,7,9,0.05,1287.099
Vendor2,1430.11,2022-07-28T14:02:33.000,70,Re-issuing the invoice,105,Contoso Metal,Finished products,0.05,7/14/2022 12:00:00 AM,1430.11,9,2022-08-27T00:00:00.000,1100,7,9,0.05,1287.099
Vendor2,2623.11,2022-07-18T09:45:33.000,71,Invoice Entry,356,Contoso Metal,Semifinished products,0.05,7/13/2022 12:00:00 AM,2623.11,9,2022-08-17T00:00:00.000,1037,7,9,0.05,2360.799
Vendor2,2623.11,2022-07-18T12:01:29.000,71,Confirm Payment Received,356,Contoso Metal,Semifinished products,0.05,7/13/2022 12:00:00 AM,2623.11,9,2022-08-17T00:00:00.000,1037,7,9,0.05,2360.799
Vendor2,2623.11,2022-07-18T14:40:23.000,71,Refund With Standard Voucher,356,Contoso Metal,Semifinished products,0.05,7/13/2022 12:00:00 AM,2623.11,9,2022-08-17T00:00:00.000,1037,7,9,0.05,2360.799
Vendor2,2623.11,2022-07-18T15:50:00.000,71,Complete the Customer Memo,356,Contoso Metal,Semifinished products,0.05,7/13/2022 12:00:00 AM,2623.11,9,2022-08-17T00:00:00.000,1037,7,9,0.05,2360.799
Vendor2,2623.11,2022-07-19T09:04:37.000,71,Approve Invoice,356,Contoso Metal,Semifinished products,0.05,7/13/2022 12:00:00 AM,2623.11,9,2022-08-17T00:00:00.000,1037,7,9,0.05,2360.799
Vendor2,2623.11,2022-07-19T12:17:25.000,71,Credit Memo Creation,356,Contoso Metal,Semifinished products,0.05,7/13/2022 12:00:00 AM,2623.11,9,2022-08-17T00:00:00.000,1037,7,9,0.05,2360.799
Vendor2,2623.11,2022-07-19T14:16:15.000,71,Fill Credit Memo,356,Contoso Metal,Semifinished products,0.05,7/13/2022 12:00:00 AM,2623.11,9,2022-08-17T00:00:00.000,1037,7,9,0.05,2360.799
Vendor2,2623.11,2022-07-19T15:11:10.000,71,Re-issuing the invoice,356,Contoso Metal,Semifinished products,0.05,7/13/2022 12:00:00 AM,2623.11,9,2022-08-17T00:00:00.000,1037,7,9,0.05,2360.799
Vendor3,2770.97,2022-07-14T10:19:50.000,72,Invoice Entry,356,Northwind,Finished products,0.05,7/2/2022 12:00:00 AM,2770.97,9,2022-08-13T00:00:00.000,1092,14,9,0.05,2493.8728
Vendor3,2770.97,2022-07-14T12:39:00.000,72,Check Customer Payment,356,Northwind,Finished products,0.05,7/2/2022 12:00:00 AM,2770.97,9,2022-08-13T00:00:00.000,1092,14,9,0.05,2493.8728
Vendor3,2770.97,2022-07-14T14:04:40.000,72,Credit Memo Entry,356,Northwind,Finished products,0.05,7/2/2022 12:00:00 AM,2770.97,9,2022-08-13T00:00:00.000,1092,14,9,0.05,2493.8728
Vendor3,2770.97,2022-07-14T14:55:45.000,72,Refund Customer,356,Northwind,Finished products,0.05,7/2/2022 12:00:00 AM,2770.97,9,2022-08-13T00:00:00.000,1092,14,9,0.05,2493.8728
Vendor3,2770.97,2022-07-14T17:16:25.000,72,Re-issuing the invoice,356,Northwind,Finished products,0.05,7/2/2022 12:00:00 AM,2770.97,9,2022-08-13T00:00:00.000,1092,14,9,0.05,2493.8728
Vendor4,508.48,2022-08-18T09:43:15.000,73,Invoice Entry,356,Leprechaun Ltd.,Finished products,0.1,8/5/2022 12:00:00 AM,457.632,4.5,2022-09-02T00:00:00.000,1030,14,4.5,0.1,457.632
Vendor4,508.48,2022-08-18T10:56:55.000,73,Check Customer Payment,356,Leprechaun Ltd.,Finished products,0.1,8/5/2022 12:00:00 AM,457.632,4.5,2022-09-02T00:00:00.000,1030,14,4.5,0.1,457.632
Vendor4,508.48,2022-08-18T11:58:25.000,73,Credit Memo Entry,356,Leprechaun Ltd.,Finished products,0.1,8/5/2022 12:00:00 AM,457.632,4.5,2022-09-02T00:00:00.000,1030,14,4.5,0.1,457.632
Vendor4,508.48,2022-08-18T12:40:19.000,73,Refund Customer,356,Leprechaun Ltd.,Finished products,0.1,8/5/2022 12:00:00 AM,457.632,4.5,2022-09-02T00:00:00.000,1030,14,4.5,0.1,457.632
Vendor4,508.48,2022-08-18T13:35:02.000,73,Re-issuing the invoice,356,Leprechaun Ltd.,Finished products,0.1,8/5/2022 12:00:00 AM,457.632,4.5,2022-09-02T00:00:00.000,1030,14,4.5,0.1,457.632
Vendor5,1006.49,2022-07-28T16:31:14.000,74,Invoice Entry,356,Katingale Union,Finished products,0.05,7/16/2022 12:00:00 AM,1006.49,9,2022-08-27T00:00:00.000,1020,14,9,0.05,905.84094
Vendor5,1006.49,2022-07-29T09:55:53.000,74,Check Customer Payment,356,Katingale Union,Finished products,0.05,7/16/2022 12:00:00 AM,1006.49,9,2022-08-27T00:00:00.000,1020,14,9,0.05,905.84094
Vendor5,1006.49,2022-07-29T16:02:06.000,74,Credit Memo Entry,356,Katingale Union,Finished products,0.05,7/16/2022 12:00:00 AM,1006.49,9,2022-08-27T00:00:00.000,1020,14,9,0.05,905.84094
Vendor5,1006.49,2022-08-01T09:11:48.000,74,Refund Customer,356,Katingale Union,Finished products,0.05,7/16/2022 12:00:00 AM,1006.49,9,2022-08-27T00:00:00.000,1020,14,9,0.05,905.84094
Vendor5,1006.49,2022-08-01T17:27:49.000,74,Re-issuing the invoice,356,Katingale Union,Finished products,0.05,7/16/2022 12:00:00 AM,1006.49,9,2022-08-27T00:00:00.000,1020,14,9,0.05,905.84094
Vendor1,810.82,2022-08-05T10:40:08.000,75,Invoice Entry,356,AdventureWorks Holding,Finished products,0.05,7/28/2022 12:00:00 AM,729.738,9,2022-09-04T00:00:00.000,1031,14,9,0.05,729.738
Vendor1,810.82,2022-08-05T12:12:23.000,75,Confirm Payment Received,356,AdventureWorks Holding,Finished products,0.05,7/28/2022 12:00:00 AM,729.738,9,2022-09-04T00:00:00.000,1031,14,9,0.05,729.738
Vendor1,810.82,2022-08-05T13:43:15.000,75,Refund With Standard Voucher,356,AdventureWorks Holding,Finished products,0.05,7/28/2022 12:00:00 AM,729.738,9,2022-09-04T00:00:00.000,1031,14,9,0.05,729.738
Vendor1,810.82,2022-08-05T14:33:32.000,75,Complete the Customer Memo,356,AdventureWorks Holding,Finished products,0.05,7/28/2022 12:00:00 AM,729.738,9,2022-09-04T00:00:00.000,1031,14,9,0.05,729.738
Vendor1,810.82,2022-08-05T17:50:35.000,75,Approve Invoice,356,AdventureWorks Holding,Finished products,0.05,7/28/2022 12:00:00 AM,729.738,9,2022-09-04T00:00:00.000,1031,14,9,0.05,729.738
Vendor1,810.82,2022-08-08T09:09:10.000,75,Credit Memo Creation,356,AdventureWorks Holding,Finished products,0.05,7/28/2022 12:00:00 AM,729.738,9,2022-09-04T00:00:00.000,1031,14,9,0.05,729.738
Vendor1,810.82,2022-08-08T10:04:51.000,75,Fill Credit Memo,356,AdventureWorks Holding,Finished products,0.05,7/28/2022 12:00:00 AM,729.738,9,2022-09-04T00:00:00.000,1031,14,9,0.05,729.738
Vendor1,810.82,2022-08-08T10:50:39.000,75,Re-issuing the invoice,356,AdventureWorks Holding,Finished products,0.05,7/28/2022 12:00:00 AM,729.738,9,2022-09-04T00:00:00.000,1031,14,9,0.05,729.738
Vendor1,779.08,2022-08-12T16:22:39.000,76,Invoice Entry,356,AdventureWorks Holding,Finished products,0.05,8/6/2022 12:00:00 AM,701.172,9,2022-09-11T00:00:00.000,1132,14,9,0.05,701.172
Vendor1,779.08,2022-08-12T17:44:09.000,76,Check Customer Payment,356,AdventureWorks Holding,Finished products,0.05,8/6/2022 12:00:00 AM,701.172,9,2022-09-11T00:00:00.000,1132,14,9,0.05,701.172
Vendor1,779.08,2022-08-15T09:53:23.000,76,Credit Memo Entry,356,AdventureWorks Holding,Finished products,0.05,8/6/2022 12:00:00 AM,701.172,9,2022-09-11T00:00:00.000,1132,14,9,0.05,701.172
Vendor1,779.08,2022-08-15T10:56:03.000,76,Refund Customer,356,AdventureWorks Holding,Finished products,0.05,8/6/2022 12:00:00 AM,701.172,9,2022-09-11T00:00:00.000,1132,14,9,0.05,701.172
Vendor1,779.08,2022-08-15T12:20:50.000,76,Re-issuing the invoice,356,AdventureWorks Holding,Finished products,0.05,8/6/2022 12:00:00 AM,701.172,9,2022-09-11T00:00:00.000,1132,14,9,0.05,701.172
Vendor4,426.98,2022-07-27T09:50:52.000,77,Invoice Entry,356,Leprechaun Ltd.,Finished products,0.1,7/17/2022 12:00:00 AM,426.98,4.5,2022-08-11T00:00:00.000,1042,7,4.5,0.1,384.282
Vendor4,426.98,2022-07-27T11:43:24.000,77,Confirm Payment Received,356,Leprechaun Ltd.,Finished products,0.1,7/17/2022 12:00:00 AM,426.98,4.5,2022-08-11T00:00:00.000,1042,7,4.5,0.1,384.282
Vendor4,426.98,2022-07-27T12:37:19.000,77,Refund With Standard Voucher,356,Leprechaun Ltd.,Finished products,0.1,7/17/2022 12:00:00 AM,426.98,4.5,2022-08-11T00:00:00.000,1042,7,4.5,0.1,384.282
Vendor4,426.98,2022-07-27T13:30:00.000,77,Complete the Customer Memo,356,Leprechaun Ltd.,Finished products,0.1,7/17/2022 12:00:00 AM,426.98,4.5,2022-08-11T00:00:00.000,1042,7,4.5,0.1,384.282
Vendor4,426.98,2022-07-27T17:19:07.000,77,Approve Invoice,356,Leprechaun Ltd.,Finished products,0.1,7/17/2022 12:00:00 AM,426.98,4.5,2022-08-11T00:00:00.000,1042,7,4.5,0.1,384.282
Vendor4,426.98,2022-07-28T09:28:53.000,77,Credit Memo Creation,356,Leprechaun Ltd.,Finished products,0.1,7/17/2022 12:00:00 AM,426.98,4.5,2022-08-11T00:00:00.000,1042,7,4.5,0.1,384.282
Vendor4,426.98,2022-07-28T10:58:48.000,77,Fill Credit Memo,356,Leprechaun Ltd.,Finished products,0.1,7/17/2022 12:00:00 AM,426.98,4.5,2022-08-11T00:00:00.000,1042,7,4.5,0.1,384.282
Vendor4,426.98,2022-07-28T12:23:47.000,77,Re-issuing the invoice,356,Leprechaun Ltd.,Finished products,0.1,7/17/2022 12:00:00 AM,426.98,4.5,2022-08-11T00:00:00.000,1042,7,4.5,0.1,384.282
Vendor3,2346.86,2022-07-20T09:39:07.000,78,Invoice Entry,356,Northwind,Finished products,0.05,7/10/2022 12:00:00 AM,2112.174,9,2022-08-19T00:00:00.000,1038,21,9,0.05,2112.174
Vendor3,2346.86,2022-07-20T11:17:40.000,78,Check Customer Payment,356,Northwind,Finished products,0.05,7/10/2022 12:00:00 AM,2112.174,9,2022-08-19T00:00:00.000,1038,21,9,0.05,2112.174
Vendor3,2346.86,2022-07-20T12:27:48.000,78,Credit Memo Entry,356,Northwind,Finished products,0.05,7/10/2022 12:00:00 AM,2112.174,9,2022-08-19T00:00:00.000,1038,21,9,0.05,2112.174
Vendor3,2346.86,2022-07-20T14:17:30.000,78,Refund Customer,356,Northwind,Finished products,0.05,7/10/2022 12:00:00 AM,2112.174,9,2022-08-19T00:00:00.000,1038,21,9,0.05,2112.174
Vendor3,2346.86,2022-07-20T15:31:52.000,78,Re-issuing the invoice,356,Northwind,Finished products,0.05,7/10/2022 12:00:00 AM,2112.174,9,2022-08-19T00:00:00.000,1038,21,9,0.05,2112.174
Vendor5,85.57,2022-07-15T14:57:25.000,79,Invoice Entry,356,Katingale Union,Finished products,0.05,7/2/2022 12:00:00 AM,77.013,9,2022-08-14T00:00:00.000,1051,7,9,0.05,77.013
Vendor5,85.57,2022-07-15T16:32:32.000,79,Confirm Payment Received,356,Katingale Union,Finished products,0.05,7/2/2022 12:00:00 AM,77.013,9,2022-08-14T00:00:00.000,1051,7,9,0.05,77.013
Vendor5,85.57,2022-07-15T17:50:49.000,79,Refund With Standard Voucher,356,Katingale Union,Finished products,0.05,7/2/2022 12:00:00 AM,77.013,9,2022-08-14T00:00:00.000,1051,7,9,0.05,77.013
Vendor5,85.57,2022-07-18T09:39:46.000,79,Complete the Customer Memo,356,Katingale Union,Finished products,0.05,7/2/2022 12:00:00 AM,77.013,9,2022-08-14T00:00:00.000,1051,7,9,0.05,77.013
Vendor5,85.57,2022-07-18T14:01:05.000,79,Reject Invoice,356,Katingale Union,Finished products,0.05,7/2/2022 12:00:00 AM,77.013,9,2022-08-14T00:00:00.000,1051,7,9,0.05,77.013
Vendor5,85.57,2022-07-18T15:46:50.000,79,Refund With Standard Voucher,356,Katingale Union,Finished products,0.05,7/2/2022 12:00:00 AM,77.013,9,2022-08-14T00:00:00.000,1051,7,9,0.05,77.013
Vendor5,85.57,2022-07-18T16:40:41.000,79,Complete the Customer Memo,356,Katingale Union,Finished products,0.05,7/2/2022 12:00:00 AM,77.013,9,2022-08-14T00:00:00.000,1051,7,9,0.05,77.013
Vendor5,85.57,2022-07-19T09:08:48.000,79,Approve Invoice,356,Katingale Union,Finished products,0.05,7/2/2022 12:00:00 AM,77.013,9,2022-08-14T00:00:00.000,1051,7,9,0.05,77.013
Vendor5,85.57,2022-07-19T12:18:36.000,79,Credit Memo Creation,356,Katingale Union,Finished products,0.05,7/2/2022 12:00:00 AM,77.013,9,2022-08-14T00:00:00.000,1051,7,9,0.05,77.013
Vendor5,85.57,2022-07-19T12:57:11.000,79,Fill Credit Memo,356,Katingale Union,Finished products,0.05,7/2/2022 12:00:00 AM,77.013,9,2022-08-14T00:00:00.000,1051,7,9,0.05,77.013
Vendor5,85.57,2022-07-19T13:38:58.000,79,Re-issuing the invoice,356,Katingale Union,Finished products,0.05,7/2/2022 12:00:00 AM,77.013,9,2022-08-14T00:00:00.000,1051,7,9,0.05,77.013
Vendor5,1015.14,2022-07-14T17:29:06.000,80,Invoice Entry,105,Katingale Union,Finished products,0.05,7/2/2022 12:00:00 AM,913.626,9,2022-08-13T00:00:00.000,1062,21,9,0.05,913.626
Vendor5,1015.14,2022-07-15T09:32:22.000,80,Check Customer Payment,105,Katingale Union,Finished products,0.05,7/2/2022 12:00:00 AM,913.626,9,2022-08-13T00:00:00.000,1062,21,9,0.05,913.626
Vendor5,1015.14,2022-07-15T15:49:53.000,80,Credit Memo Entry,105,Katingale Union,Finished products,0.05,7/2/2022 12:00:00 AM,913.626,9,2022-08-13T00:00:00.000,1062,21,9,0.05,913.626
Vendor5,1015.14,2022-07-18T09:09:09.000,80,Refund Customer,105,Katingale Union,Finished products,0.05,7/2/2022 12:00:00 AM,913.626,9,2022-08-13T00:00:00.000,1062,21,9,0.05,913.626
Vendor5,1015.14,2022-07-18T16:36:42.000,80,Re-issuing the invoice,105,Katingale Union,Finished products,0.05,7/2/2022 12:00:00 AM,913.626,9,2022-08-13T00:00:00.000,1062,21,9,0.05,913.626
Vendor2,488.06,2022-07-14T09:49:50.000,81,Invoice Entry,105,Contoso Metal,Finished products,0.05,7/9/2022 12:00:00 AM,488.06,9,2022-08-13T00:00:00.000,1082,7,9,0.05,439.254
Vendor2,488.06,2022-07-15T09:32:00.000,81,Check Customer Payment,105,Contoso Metal,Finished products,0.05,7/9/2022 12:00:00 AM,488.06,9,2022-08-13T00:00:00.000,1082,7,9,0.05,439.254
Vendor2,488.06,2022-07-15T16:01:04.000,81,Credit Memo Entry,105,Contoso Metal,Finished products,0.05,7/9/2022 12:00:00 AM,488.06,9,2022-08-13T00:00:00.000,1082,7,9,0.05,439.254
Vendor2,488.06,2022-07-18T09:19:27.000,81,Refund Customer,105,Contoso Metal,Finished products,0.05,7/9/2022 12:00:00 AM,488.06,9,2022-08-13T00:00:00.000,1082,7,9,0.05,439.254
Vendor2,488.06,2022-07-18T15:16:27.000,81,Re-issuing the invoice,105,Contoso Metal,Finished products,0.05,7/9/2022 12:00:00 AM,488.06,9,2022-08-13T00:00:00.000,1082,7,9,0.05,439.254
Vendor5,386.54,2022-07-22T09:18:29.000,82,Invoice Entry,356,Katingale Union,Semifinished products,0.1,7/13/2022 12:00:00 AM,386.54,4.5,2022-08-06T00:00:00.000,1096,14,4.5,0.1,347.886
Vendor5,386.54,2022-07-22T10:30:47.000,82,Confirm Payment Received,356,Katingale Union,Semifinished products,0.1,7/13/2022 12:00:00 AM,386.54,4.5,2022-08-06T00:00:00.000,1096,14,4.5,0.1,347.886
Vendor5,386.54,2022-07-22T11:55:11.000,82,Refund With Standard Voucher,356,Katingale Union,Semifinished products,0.1,7/13/2022 12:00:00 AM,386.54,4.5,2022-08-06T00:00:00.000,1096,14,4.5,0.1,347.886
Vendor5,386.54,2022-07-22T12:57:57.000,82,Complete the Customer Memo,356,Katingale Union,Semifinished products,0.1,7/13/2022 12:00:00 AM,386.54,4.5,2022-08-06T00:00:00.000,1096,14,4.5,0.1,347.886
Vendor5,386.54,2022-07-22T15:43:30.000,82,Reject Invoice,356,Katingale Union,Semifinished products,0.1,7/13/2022 12:00:00 AM,386.54,4.5,2022-08-06T00:00:00.000,1096,14,4.5,0.1,347.886
Vendor5,386.54,2022-07-25T09:00:32.000,82,Refund With Standard Voucher,356,Katingale Union,Semifinished products,0.1,7/13/2022 12:00:00 AM,386.54,4.5,2022-08-06T00:00:00.000,1096,14,4.5,0.1,347.886
Vendor5,386.54,2022-07-25T10:04:39.000,82,Complete the Customer Memo,356,Katingale Union,Semifinished products,0.1,7/13/2022 12:00:00 AM,386.54,4.5,2022-08-06T00:00:00.000,1096,14,4.5,0.1,347.886
Vendor5,386.54,2022-07-25T12:54:44.000,82,Reject Invoice,356,Katingale Union,Semifinished products,0.1,7/13/2022 12:00:00 AM,386.54,4.5,2022-08-06T00:00:00.000,1096,14,4.5,0.1,347.886
Vendor5,386.54,2022-07-25T16:04:35.000,82,Refund With Standard Voucher,356,Katingale Union,Semifinished products,0.1,7/13/2022 12:00:00 AM,386.54,4.5,2022-08-06T00:00:00.000,1096,14,4.5,0.1,347.886
Vendor5,386.54,2022-07-25T16:30:32.000,82,Complete the Customer Memo,356,Katingale Union,Semifinished products,0.1,7/13/2022 12:00:00 AM,386.54,4.5,2022-08-06T00:00:00.000,1096,14,4.5,0.1,347.886
Vendor5,386.54,2022-07-26T09:14:35.000,82,Approve Invoice,356,Katingale Union,Semifinished products,0.1,7/13/2022 12:00:00 AM,386.54,4.5,2022-08-06T00:00:00.000,1096,14,4.5,0.1,347.886
Vendor5,386.54,2022-07-26T11:55:11.000,82,Credit Memo Creation,356,Katingale Union,Semifinished products,0.1,7/13/2022 12:00:00 AM,386.54,4.5,2022-08-06T00:00:00.000,1096,14,4.5,0.1,347.886
Vendor5,386.54,2022-07-26T12:43:26.000,82,Fill Credit Memo,356,Katingale Union,Semifinished products,0.1,7/13/2022 12:00:00 AM,386.54,4.5,2022-08-06T00:00:00.000,1096,14,4.5,0.1,347.886
Vendor5,386.54,2022-07-26T13:23:56.000,82,Re-issuing the invoice,356,Katingale Union,Semifinished products,0.1,7/13/2022 12:00:00 AM,386.54,4.5,2022-08-06T00:00:00.000,1096,14,4.5,0.1,347.886
Vendor2,2754.79,2022-08-09T17:24:52.000,83,Invoice Entry,356,Contoso Metal,Raw materials,0.05,7/27/2022 12:00:00 AM,2754.79,9,2022-09-08T00:00:00.000,1024,21,9,0.05,2479.311
Vendor2,2754.79,2022-08-10T09:48:01.000,83,Check Customer Payment,356,Contoso Metal,Raw materials,0.05,7/27/2022 12:00:00 AM,2754.79,9,2022-09-08T00:00:00.000,1024,21,9,0.05,2479.311
Vendor2,2754.79,2022-08-10T10:46:45.000,83,Credit Memo Entry,356,Contoso Metal,Raw materials,0.05,7/27/2022 12:00:00 AM,2754.79,9,2022-09-08T00:00:00.000,1024,21,9,0.05,2479.311
Vendor2,2754.79,2022-08-10T11:15:18.000,83,Refund Customer,356,Contoso Metal,Raw materials,0.05,7/27/2022 12:00:00 AM,2754.79,9,2022-09-08T00:00:00.000,1024,21,9,0.05,2479.311
Vendor2,2754.79,2022-08-10T12:25:56.000,83,Re-issuing the invoice,356,Contoso Metal,Raw materials,0.05,7/27/2022 12:00:00 AM,2754.79,9,2022-09-08T00:00:00.000,1024,21,9,0.05,2479.311
Vendor2,2218.5,2022-08-09T09:26:51.000,84,Invoice Entry,105,Contoso Metal,Finished products,0.1,7/27/2022 12:00:00 AM,2218.5,4.5,2022-08-24T00:00:00.000,1117,14,4.5,0.1,1996.6499
Vendor2,2218.5,2022-08-09T10:49:14.000,84,Confirm Payment Received,105,Contoso Metal,Finished products,0.1,7/27/2022 12:00:00 AM,2218.5,4.5,2022-08-24T00:00:00.000,1117,14,4.5,0.1,1996.6499
Vendor2,2218.5,2022-08-09T12:08:35.000,84,Refund With Standard Voucher,105,Contoso Metal,Finished products,0.1,7/27/2022 12:00:00 AM,2218.5,4.5,2022-08-24T00:00:00.000,1117,14,4.5,0.1,1996.6499
Vendor2,2218.5,2022-08-09T12:59:10.000,84,Complete the Customer Memo,105,Contoso Metal,Finished products,0.1,7/27/2022 12:00:00 AM,2218.5,4.5,2022-08-24T00:00:00.000,1117,14,4.5,0.1,1996.6499
Vendor2,2218.5,2022-08-09T16:15:43.000,84,Reject Invoice,105,Contoso Metal,Finished products,0.1,7/27/2022 12:00:00 AM,2218.5,4.5,2022-08-24T00:00:00.000,1117,14,4.5,0.1,1996.6499
Vendor2,2218.5,2022-08-10T09:02:27.000,84,Refund With Standard Voucher,105,Contoso Metal,Finished products,0.1,7/27/2022 12:00:00 AM,2218.5,4.5,2022-08-24T00:00:00.000,1117,14,4.5,0.1,1996.6499
Vendor2,2218.5,2022-08-10T09:42:08.000,84,Complete the Customer Memo,105,Contoso Metal,Finished products,0.1,7/27/2022 12:00:00 AM,2218.5,4.5,2022-08-24T00:00:00.000,1117,14,4.5,0.1,1996.6499
Vendor2,2218.5,2022-08-10T13:16:33.000,84,Reject Invoice,105,Contoso Metal,Finished products,0.1,7/27/2022 12:00:00 AM,2218.5,4.5,2022-08-24T00:00:00.000,1117,14,4.5,0.1,1996.6499
Vendor2,2218.5,2022-08-10T16:08:11.000,84,Refund With Standard Voucher,105,Contoso Metal,Finished products,0.1,7/27/2022 12:00:00 AM,2218.5,4.5,2022-08-24T00:00:00.000,1117,14,4.5,0.1,1996.6499
Vendor2,2218.5,2022-08-10T17:13:39.000,84,Complete the Customer Memo,105,Contoso Metal,Finished products,0.1,7/27/2022 12:00:00 AM,2218.5,4.5,2022-08-24T00:00:00.000,1117,14,4.5,0.1,1996.6499
Vendor2,2218.5,2022-08-11T09:24:51.000,84,Approve Invoice,105,Contoso Metal,Finished products,0.1,7/27/2022 12:00:00 AM,2218.5,4.5,2022-08-24T00:00:00.000,1117,14,4.5,0.1,1996.6499
Vendor2,2218.5,2022-08-11T11:47:13.000,84,Credit Memo Creation,105,Contoso Metal,Finished products,0.1,7/27/2022 12:00:00 AM,2218.5,4.5,2022-08-24T00:00:00.000,1117,14,4.5,0.1,1996.6499
Vendor2,2218.5,2022-08-11T12:34:32.000,84,Fill Credit Memo,105,Contoso Metal,Finished products,0.1,7/27/2022 12:00:00 AM,2218.5,4.5,2022-08-24T00:00:00.000,1117,14,4.5,0.1,1996.6499
Vendor2,2218.5,2022-08-11T13:25:43.000,84,Re-issuing the invoice,105,Contoso Metal,Finished products,0.1,7/27/2022 12:00:00 AM,2218.5,4.5,2022-08-24T00:00:00.000,1117,14,4.5,0.1,1996.6499
Vendor5,571.38,2022-08-01T13:43:51.000,85,Invoice Entry,356,Katingale Union,Materials procured externally,0.1,7/23/2022 12:00:00 AM,514.242,4.5,2022-08-16T00:00:00.000,1029,14,4.5,0.1,514.242
Vendor5,571.38,2022-08-01T15:18:35.000,85,Confirm Payment Received,356,Katingale Union,Materials procured externally,0.1,7/23/2022 12:00:00 AM,514.242,4.5,2022-08-16T00:00:00.000,1029,14,4.5,0.1,514.242
Vendor5,571.38,2022-08-01T16:58:17.000,85,Refund With Standard Voucher,356,Katingale Union,Materials procured externally,0.1,7/23/2022 12:00:00 AM,514.242,4.5,2022-08-16T00:00:00.000,1029,14,4.5,0.1,514.242
Vendor5,571.38,2022-08-01T17:43:57.000,85,Complete the Customer Memo,356,Katingale Union,Materials procured externally,0.1,7/23/2022 12:00:00 AM,514.242,4.5,2022-08-16T00:00:00.000,1029,14,4.5,0.1,514.242
Vendor5,571.38,2022-08-02T09:10:48.000,85,Approve Invoice,356,Katingale Union,Materials procured externally,0.1,7/23/2022 12:00:00 AM,514.242,4.5,2022-08-16T00:00:00.000,1029,14,4.5,0.1,514.242
Vendor5,571.38,2022-08-02T12:53:02.000,85,Credit Memo Creation,356,Katingale Union,Materials procured externally,0.1,7/23/2022 12:00:00 AM,514.242,4.5,2022-08-16T00:00:00.000,1029,14,4.5,0.1,514.242
Vendor5,571.38,2022-08-02T13:30:36.000,85,Fill Credit Memo,356,Katingale Union,Materials procured externally,0.1,7/23/2022 12:00:00 AM,514.242,4.5,2022-08-16T00:00:00.000,1029,14,4.5,0.1,514.242
Vendor5,571.38,2022-08-02T14:24:18.000,85,Re-issuing the invoice,356,Katingale Union,Materials procured externally,0.1,7/23/2022 12:00:00 AM,514.242,4.5,2022-08-16T00:00:00.000,1029,14,4.5,0.1,514.242
Vendor4,432.48,2022-07-15T15:07:25.000,86,Invoice Entry,356,Leprechaun Ltd.,Finished products,0.1,7/9/2022 12:00:00 AM,432.48,4.5,2022-07-30T00:00:00.000,1076,14,4.5,0.1,389.232
Vendor4,432.48,2022-07-15T16:02:28.000,86,Confirm Payment Received,356,Leprechaun Ltd.,Finished products,0.1,7/9/2022 12:00:00 AM,432.48,4.5,2022-07-30T00:00:00.000,1076,14,4.5,0.1,389.232
Vendor4,432.48,2022-07-15T17:17:54.000,86,Refund With Standard Voucher,356,Leprechaun Ltd.,Finished products,0.1,7/9/2022 12:00:00 AM,432.48,4.5,2022-07-30T00:00:00.000,1076,14,4.5,0.1,389.232
Vendor4,432.48,2022-07-18T09:02:20.000,86,Complete the Customer Memo,356,Leprechaun Ltd.,Finished products,0.1,7/9/2022 12:00:00 AM,432.48,4.5,2022-07-30T00:00:00.000,1076,14,4.5,0.1,389.232
Vendor4,432.48,2022-07-18T12:26:49.000,86,Reject Invoice,356,Leprechaun Ltd.,Finished products,0.1,7/9/2022 12:00:00 AM,432.48,4.5,2022-07-30T00:00:00.000,1076,14,4.5,0.1,389.232
Vendor4,432.48,2022-07-18T15:22:07.000,86,Refund With Standard Voucher,356,Leprechaun Ltd.,Finished products,0.1,7/9/2022 12:00:00 AM,432.48,4.5,2022-07-30T00:00:00.000,1076,14,4.5,0.1,389.232
Vendor4,432.48,2022-07-18T16:08:16.000,86,Complete the Customer Memo,356,Leprechaun Ltd.,Finished products,0.1,7/9/2022 12:00:00 AM,432.48,4.5,2022-07-30T00:00:00.000,1076,14,4.5,0.1,389.232
Vendor4,432.48,2022-07-19T09:41:55.000,86,Approve Invoice,356,Leprechaun Ltd.,Finished products,0.1,7/9/2022 12:00:00 AM,432.48,4.5,2022-07-30T00:00:00.000,1076,14,4.5,0.1,389.232
Vendor4,432.48,2022-07-19T13:20:03.000,86,Credit Memo Creation,356,Leprechaun Ltd.,Finished products,0.1,7/9/2022 12:00:00 AM,432.48,4.5,2022-07-30T00:00:00.000,1076,14,4.5,0.1,389.232
Vendor4,432.48,2022-07-19T14:06:42.000,86,Fill Credit Memo,356,Leprechaun Ltd.,Finished products,0.1,7/9/2022 12:00:00 AM,432.48,4.5,2022-07-30T00:00:00.000,1076,14,4.5,0.1,389.232
Vendor4,432.48,2022-07-19T14:38:55.000,86,Re-issuing the invoice,356,Leprechaun Ltd.,Finished products,0.1,7/9/2022 12:00:00 AM,432.48,4.5,2022-07-30T00:00:00.000,1076,14,4.5,0.1,389.232
Vendor3,3091.69,2022-08-09T12:44:55.000,87,Invoice Entry,356,Northwind,Raw materials,0.05,8/3/2022 12:00:00 AM,3091.69,9,2022-09-08T00:00:00.000,1009,14,9,0.05,2782.5208
Vendor3,3091.69,2022-08-09T14:45:33.000,87,Confirm Payment Received,356,Northwind,Raw materials,0.05,8/3/2022 12:00:00 AM,3091.69,9,2022-09-08T00:00:00.000,1009,14,9,0.05,2782.5208
Vendor3,3091.69,2022-08-09T16:57:11.000,87,Refund With Standard Voucher,356,Northwind,Raw materials,0.05,8/3/2022 12:00:00 AM,3091.69,9,2022-09-08T00:00:00.000,1009,14,9,0.05,2782.5208
Vendor3,3091.69,2022-08-10T09:13:26.000,87,Complete the Customer Memo,356,Northwind,Raw materials,0.05,8/3/2022 12:00:00 AM,3091.69,9,2022-09-08T00:00:00.000,1009,14,9,0.05,2782.5208
Vendor3,3091.69,2022-08-10T14:18:34.000,87,Reject Invoice,356,Northwind,Raw materials,0.05,8/3/2022 12:00:00 AM,3091.69,9,2022-09-08T00:00:00.000,1009,14,9,0.05,2782.5208
Vendor3,3091.69,2022-08-10T17:12:30.000,87,Refund With Standard Voucher,356,Northwind,Raw materials,0.05,8/3/2022 12:00:00 AM,3091.69,9,2022-09-08T00:00:00.000,1009,14,9,0.05,2782.5208
Vendor3,3091.69,2022-08-11T09:47:07.000,87,Complete the Customer Memo,356,Northwind,Raw materials,0.05,8/3/2022 12:00:00 AM,3091.69,9,2022-09-08T00:00:00.000,1009,14,9,0.05,2782.5208
Vendor3,3091.69,2022-08-11T13:07:45.000,87,Reject Invoice,356,Northwind,Raw materials,0.05,8/3/2022 12:00:00 AM,3091.69,9,2022-09-08T00:00:00.000,1009,14,9,0.05,2782.5208
Vendor3,3091.69,2022-08-11T16:02:54.000,87,Refund With Standard Voucher,356,Northwind,Raw materials,0.05,8/3/2022 12:00:00 AM,3091.69,9,2022-09-08T00:00:00.000,1009,14,9,0.05,2782.5208
Vendor3,3091.69,2022-08-11T17:29:35.000,87,Complete the Customer Memo,356,Northwind,Raw materials,0.05,8/3/2022 12:00:00 AM,3091.69,9,2022-09-08T00:00:00.000,1009,14,9,0.05,2782.5208
Vendor3,3091.69,2022-08-12T09:00:39.000,87,Approve Invoice,356,Northwind,Raw materials,0.05,8/3/2022 12:00:00 AM,3091.69,9,2022-09-08T00:00:00.000,1009,14,9,0.05,2782.5208
Vendor3,3091.69,2022-08-12T12:33:28.000,87,Credit Memo Creation,356,Northwind,Raw materials,0.05,8/3/2022 12:00:00 AM,3091.69,9,2022-09-08T00:00:00.000,1009,14,9,0.05,2782.5208
Vendor3,3091.69,2022-08-12T14:02:10.000,87,Fill Credit Memo,356,Northwind,Raw materials,0.05,8/3/2022 12:00:00 AM,3091.69,9,2022-09-08T00:00:00.000,1009,14,9,0.05,2782.5208
Vendor3,3091.69,2022-08-12T15:13:05.000,87,Re-issuing the invoice,356,Northwind,Raw materials,0.05,8/3/2022 12:00:00 AM,3091.69,9,2022-09-08T00:00:00.000,1009,14,9,0.05,2782.5208
Vendor5,986.62,2022-07-19T11:11:30.000,88,Invoice Entry,105,Katingale Union,Finished products,0.1,7/7/2022 12:00:00 AM,986.62,4.5,2022-08-03T00:00:00.000,1127,14,4.5,0.1,887.95795
Vendor5,986.62,2022-07-20T09:57:55.000,88,Check Customer Payment,105,Katingale Union,Finished products,0.1,7/7/2022 12:00:00 AM,986.62,4.5,2022-08-03T00:00:00.000,1127,14,4.5,0.1,887.95795
Vendor5,986.62,2022-07-20T17:13:18.000,88,Credit Memo Entry,105,Katingale Union,Finished products,0.1,7/7/2022 12:00:00 AM,986.62,4.5,2022-08-03T00:00:00.000,1127,14,4.5,0.1,887.95795
Vendor5,986.62,2022-07-21T09:56:45.000,88,Refund Customer,105,Katingale Union,Finished products,0.1,7/7/2022 12:00:00 AM,986.62,4.5,2022-08-03T00:00:00.000,1127,14,4.5,0.1,887.95795
Vendor5,986.62,2022-07-21T17:22:44.000,88,Re-issuing the invoice,105,Katingale Union,Finished products,0.1,7/7/2022 12:00:00 AM,986.62,4.5,2022-08-03T00:00:00.000,1127,14,4.5,0.1,887.95795
Vendor2,1181.59,2022-08-04T09:04:17.000,89,Invoice Entry,356,Contoso Metal,Materials procured externally,0.05,7/24/2022 12:00:00 AM,1063.4309,9,2022-09-03T00:00:00.000,1099,21,9,0.05,1063.4309
Vendor2,1181.59,2022-08-04T10:07:03.000,89,Confirm Payment Received,356,Contoso Metal,Materials procured externally,0.05,7/24/2022 12:00:00 AM,1063.4309,9,2022-09-03T00:00:00.000,1099,21,9,0.05,1063.4309
Vendor2,1181.59,2022-08-04T11:27:23.000,89,Refund With Standard Voucher,356,Contoso Metal,Materials procured externally,0.05,7/24/2022 12:00:00 AM,1063.4309,9,2022-09-03T00:00:00.000,1099,21,9,0.05,1063.4309
Vendor2,1181.59,2022-08-04T12:18:27.000,89,Complete the Customer Memo,356,Contoso Metal,Materials procured externally,0.05,7/24/2022 12:00:00 AM,1063.4309,9,2022-09-03T00:00:00.000,1099,21,9,0.05,1063.4309
Vendor2,1181.59,2022-08-04T15:37:08.000,89,Approve Invoice,356,Contoso Metal,Materials procured externally,0.05,7/24/2022 12:00:00 AM,1063.4309,9,2022-09-03T00:00:00.000,1099,21,9,0.05,1063.4309
Vendor2,1181.59,2022-08-05T09:42:30.000,89,Credit Memo Creation,356,Contoso Metal,Materials procured externally,0.05,7/24/2022 12:00:00 AM,1063.4309,9,2022-09-03T00:00:00.000,1099,21,9,0.05,1063.4309
Vendor2,1181.59,2022-08-05T10:44:15.000,89,Fill Credit Memo,356,Contoso Metal,Materials procured externally,0.05,7/24/2022 12:00:00 AM,1063.4309,9,2022-09-03T00:00:00.000,1099,21,9,0.05,1063.4309
Vendor2,1181.59,2022-08-05T11:18:49.000,89,Re-issuing the invoice,356,Contoso Metal,Materials procured externally,0.05,7/24/2022 12:00:00 AM,1063.4309,9,2022-09-03T00:00:00.000,1099,21,9,0.05,1063.4309
Vendor2,1445.13,2022-08-17T09:25:02.000,90,Invoice Entry,356,Contoso Metal,Materials procured externally,0.05,8/11/2022 12:00:00 AM,1445.13,9,2022-09-16T00:00:00.000,1039,14,9,0.05,1300.617
Vendor2,1445.13,2022-08-17T10:56:09.000,90,Check Customer Payment,356,Contoso Metal,Materials procured externally,0.05,8/11/2022 12:00:00 AM,1445.13,9,2022-09-16T00:00:00.000,1039,14,9,0.05,1300.617
Vendor2,1445.13,2022-08-17T11:42:29.000,90,Credit Memo Entry,356,Contoso Metal,Materials procured externally,0.05,8/11/2022 12:00:00 AM,1445.13,9,2022-09-16T00:00:00.000,1039,14,9,0.05,1300.617
Vendor2,1445.13,2022-08-17T12:22:41.000,90,Refund Customer,356,Contoso Metal,Materials procured externally,0.05,8/11/2022 12:00:00 AM,1445.13,9,2022-09-16T00:00:00.000,1039,14,9,0.05,1300.617
Vendor2,1445.13,2022-08-17T14:00:29.000,90,Re-issuing the invoice,356,Contoso Metal,Materials procured externally,0.05,8/11/2022 12:00:00 AM,1445.13,9,2022-09-16T00:00:00.000,1039,14,9,0.05,1300.617
Vendor3,2627.75,2022-08-03T09:36:15.000,91,Invoice Entry,356,Northwind,Finished products,0.05,7/24/2022 12:00:00 AM,2364.9749,9,2022-09-02T00:00:00.000,1012,21,9,0.05,2364.9749
Vendor3,2627.75,2022-08-03T11:01:28.000,91,Confirm Payment Received,356,Northwind,Finished products,0.05,7/24/2022 12:00:00 AM,2364.9749,9,2022-09-02T00:00:00.000,1012,21,9,0.05,2364.9749
Vendor3,2627.75,2022-08-03T12:14:11.000,91,Refund With Standard Voucher,356,Northwind,Finished products,0.05,7/24/2022 12:00:00 AM,2364.9749,9,2022-09-02T00:00:00.000,1012,21,9,0.05,2364.9749
Vendor3,2627.75,2022-08-03T12:59:01.000,91,Complete the Customer Memo,356,Northwind,Finished products,0.05,7/24/2022 12:00:00 AM,2364.9749,9,2022-09-02T00:00:00.000,1012,21,9,0.05,2364.9749
Vendor3,2627.75,2022-08-03T16:05:37.000,91,Approve Invoice,356,Northwind,Finished products,0.05,7/24/2022 12:00:00 AM,2364.9749,9,2022-09-02T00:00:00.000,1012,21,9,0.05,2364.9749
Vendor3,2627.75,2022-08-04T09:37:08.000,91,Credit Memo Creation,356,Northwind,Finished products,0.05,7/24/2022 12:00:00 AM,2364.9749,9,2022-09-02T00:00:00.000,1012,21,9,0.05,2364.9749
Vendor3,2627.75,2022-08-04T10:19:48.000,91,Fill Credit Memo,356,Northwind,Finished products,0.05,7/24/2022 12:00:00 AM,2364.9749,9,2022-09-02T00:00:00.000,1012,21,9,0.05,2364.9749
Vendor3,2627.75,2022-08-04T11:01:41.000,91,Re-issuing the invoice,356,Northwind,Finished products,0.05,7/24/2022 12:00:00 AM,2364.9749,9,2022-09-02T00:00:00.000,1012,21,9,0.05,2364.9749
Vendor1,1026.27,2022-07-21T16:28:04.000,92,Invoice Entry,105,AdventureWorks Holding,Finished products,0.05,7/15/2022 12:00:00 AM,1026.27,9,2022-08-20T00:00:00.000,1046,7,9,0.05,923.643
Vendor1,1026.27,2022-07-22T09:12:49.000,92,Confirm Payment Received,105,AdventureWorks Holding,Finished products,0.05,7/15/2022 12:00:00 AM,1026.27,9,2022-08-20T00:00:00.000,1046,7,9,0.05,923.643
Vendor1,1026.27,2022-07-22T11:16:59.000,92,Refund With Standard Voucher,105,AdventureWorks Holding,Finished products,0.05,7/15/2022 12:00:00 AM,1026.27,9,2022-08-20T00:00:00.000,1046,7,9,0.05,923.643
Vendor1,1026.27,2022-07-22T13:20:40.000,92,Complete the Customer Memo,105,AdventureWorks Holding,Finished products,0.05,7/15/2022 12:00:00 AM,1026.27,9,2022-08-20T00:00:00.000,1046,7,9,0.05,923.643
Vendor1,1026.27,2022-07-22T15:52:01.000,92,Approve Invoice,105,AdventureWorks Holding,Finished products,0.05,7/15/2022 12:00:00 AM,1026.27,9,2022-08-20T00:00:00.000,1046,7,9,0.05,923.643
Vendor1,1026.27,2022-07-25T09:31:34.000,92,Credit Memo Creation,105,AdventureWorks Holding,Finished products,0.05,7/15/2022 12:00:00 AM,1026.27,9,2022-08-20T00:00:00.000,1046,7,9,0.05,923.643
Vendor1,1026.27,2022-07-25T11:21:22.000,92,Fill Credit Memo,105,AdventureWorks Holding,Finished products,0.05,7/15/2022 12:00:00 AM,1026.27,9,2022-08-20T00:00:00.000,1046,7,9,0.05,923.643
Vendor1,1026.27,2022-07-25T13:14:49.000,92,Re-issuing the invoice,105,AdventureWorks Holding,Finished products,0.05,7/15/2022 12:00:00 AM,1026.27,9,2022-08-20T00:00:00.000,1046,7,9,0.05,923.643
Vendor3,1932.59,2022-08-17T09:35:02.000,93,Invoice Entry,356,Northwind,Finished products,0.1,8/8/2022 12:00:00 AM,1739.3309,4.5,2022-09-01T00:00:00.000,1013,14,4.5,0.1,1739.3309
Vendor3,1932.59,2022-08-17T10:51:03.000,93,Check Customer Payment,356,Northwind,Finished products,0.1,8/8/2022 12:00:00 AM,1739.3309,4.5,2022-09-01T00:00:00.000,1013,14,4.5,0.1,1739.3309
Vendor3,1932.59,2022-08-17T12:09:05.000,93,Credit Memo Entry,356,Northwind,Finished products,0.1,8/8/2022 12:00:00 AM,1739.3309,4.5,2022-09-01T00:00:00.000,1013,14,4.5,0.1,1739.3309
Vendor3,1932.59,2022-08-17T13:15:14.000,93,Refund Customer,356,Northwind,Finished products,0.1,8/8/2022 12:00:00 AM,1739.3309,4.5,2022-09-01T00:00:00.000,1013,14,4.5,0.1,1739.3309
Vendor3,1932.59,2022-08-17T14:12:09.000,93,Re-issuing the invoice,356,Northwind,Finished products,0.1,8/8/2022 12:00:00 AM,1739.3309,4.5,2022-09-01T00:00:00.000,1013,14,4.5,0.1,1739.3309
Vendor5,1147.09,2022-07-21T09:44:18.000,94,Invoice Entry,356,Katingale Union,Finished products,0.1,7/13/2022 12:00:00 AM,1147.09,4.5,2022-08-05T00:00:00.000,1122,7,4.5,0.1,1032.381
Vendor5,1147.09,2022-07-21T17:35:18.000,94,Confirm Payment Received,356,Katingale Union,Finished products,0.1,7/13/2022 12:00:00 AM,1147.09,4.5,2022-08-05T00:00:00.000,1122,7,4.5,0.1,1032.381
Vendor5,1147.09,2022-07-22T09:53:23.000,94,Refund With Standard Voucher,356,Katingale Union,Finished products,0.1,7/13/2022 12:00:00 AM,1147.09,4.5,2022-08-05T00:00:00.000,1122,7,4.5,0.1,1032.381
Vendor5,1147.09,2022-07-22T17:04:56.000,94,Complete the Customer Memo,356,Katingale Union,Finished products,0.1,7/13/2022 12:00:00 AM,1147.09,4.5,2022-08-05T00:00:00.000,1122,7,4.5,0.1,1032.381
Vendor5,1147.09,2022-07-25T09:46:11.000,94,Approve Invoice,356,Katingale Union,Finished products,0.1,7/13/2022 12:00:00 AM,1147.09,4.5,2022-08-05T00:00:00.000,1122,7,4.5,0.1,1032.381
Vendor5,1147.09,2022-07-25T16:53:23.000,94,Credit Memo Creation,356,Katingale Union,Finished products,0.1,7/13/2022 12:00:00 AM,1147.09,4.5,2022-08-05T00:00:00.000,1122,7,4.5,0.1,1032.381
Vendor5,1147.09,2022-07-26T09:19:41.000,94,Fill Credit Memo,356,Katingale Union,Finished products,0.1,7/13/2022 12:00:00 AM,1147.09,4.5,2022-08-05T00:00:00.000,1122,7,4.5,0.1,1032.381
Vendor5,1147.09,2022-07-26T15:40:58.000,94,Re-issuing the invoice,356,Katingale Union,Finished products,0.1,7/13/2022 12:00:00 AM,1147.09,4.5,2022-08-05T00:00:00.000,1122,7,4.5,0.1,1032.381
Vendor3,2492.51,2022-08-09T15:26:12.000,95,Invoice Entry,105,Northwind,Finished products,0.05,7/26/2022 12:00:00 AM,2492.51,9,2022-09-08T00:00:00.000,1074,21,9,0.05,2243.259
Vendor3,2492.51,2022-08-09T17:38:22.000,95,Confirm Payment Received,105,Northwind,Finished products,0.05,7/26/2022 12:00:00 AM,2492.51,9,2022-09-08T00:00:00.000,1074,21,9,0.05,2243.259
Vendor3,2492.51,2022-08-10T09:50:04.000,95,Refund With Standard Voucher,105,Northwind,Finished products,0.05,7/26/2022 12:00:00 AM,2492.51,9,2022-09-08T00:00:00.000,1074,21,9,0.05,2243.259
Vendor3,2492.51,2022-08-10T10:54:21.000,95,Complete the Customer Memo,105,Northwind,Finished products,0.05,7/26/2022 12:00:00 AM,2492.51,9,2022-09-08T00:00:00.000,1074,21,9,0.05,2243.259
Vendor3,2492.51,2022-08-10T15:21:51.000,95,Approve Invoice,105,Northwind,Finished products,0.05,7/26/2022 12:00:00 AM,2492.51,9,2022-09-08T00:00:00.000,1074,21,9,0.05,2243.259
Vendor3,2492.51,2022-08-11T09:57:40.000,95,Credit Memo Creation,105,Northwind,Finished products,0.05,7/26/2022 12:00:00 AM,2492.51,9,2022-09-08T00:00:00.000,1074,21,9,0.05,2243.259
Vendor3,2492.51,2022-08-11T11:11:43.000,95,Fill Credit Memo,105,Northwind,Finished products,0.05,7/26/2022 12:00:00 AM,2492.51,9,2022-09-08T00:00:00.000,1074,21,9,0.05,2243.259
Vendor3,2492.51,2022-08-11T12:35:01.000,95,Re-issuing the invoice,105,Northwind,Finished products,0.05,7/26/2022 12:00:00 AM,2492.51,9,2022-09-08T00:00:00.000,1074,21,9,0.05,2243.259
Vendor4,365.13,2022-08-04T12:09:06.000,96,Invoice Entry,356,Leprechaun Ltd.,Finished products,0.1,7/29/2022 12:00:00 AM,365.13,4.5,2022-08-19T00:00:00.000,1073,7,4.5,0.1,328.617
Vendor4,365.13,2022-08-04T13:52:34.000,96,Confirm Payment Received,356,Leprechaun Ltd.,Finished products,0.1,7/29/2022 12:00:00 AM,365.13,4.5,2022-08-19T00:00:00.000,1073,7,4.5,0.1,328.617
Vendor4,365.13,2022-08-04T15:32:08.000,96,Refund With Standard Voucher,356,Leprechaun Ltd.,Finished products,0.1,7/29/2022 12:00:00 AM,365.13,4.5,2022-08-19T00:00:00.000,1073,7,4.5,0.1,328.617
Vendor4,365.13,2022-08-04T16:48:06.000,96,Complete the Customer Memo,356,Leprechaun Ltd.,Finished products,0.1,7/29/2022 12:00:00 AM,365.13,4.5,2022-08-19T00:00:00.000,1073,7,4.5,0.1,328.617
Vendor4,365.13,2022-08-05T09:30:45.000,96,Approve Invoice,356,Leprechaun Ltd.,Finished products,0.1,7/29/2022 12:00:00 AM,365.13,4.5,2022-08-19T00:00:00.000,1073,7,4.5,0.1,328.617
Vendor4,365.13,2022-08-05T13:04:13.000,96,Credit Memo Creation,356,Leprechaun Ltd.,Finished products,0.1,7/29/2022 12:00:00 AM,365.13,4.5,2022-08-19T00:00:00.000,1073,7,4.5,0.1,328.617
Vendor4,365.13,2022-08-05T14:14:57.000,96,Fill Credit Memo,356,Leprechaun Ltd.,Finished products,0.1,7/29/2022 12:00:00 AM,365.13,4.5,2022-08-19T00:00:00.000,1073,7,4.5,0.1,328.617
Vendor4,365.13,2022-08-05T15:48:35.000,96,Re-issuing the invoice,356,Leprechaun Ltd.,Finished products,0.1,7/29/2022 12:00:00 AM,365.13,4.5,2022-08-19T00:00:00.000,1073,7,4.5,0.1,328.617
Vendor5,972.21,2022-07-15T13:10:36.000,97,Invoice Entry,356,Katingale Union,Finished products,0.05,7/1/2022 12:00:00 AM,972.21,9,2022-08-14T00:00:00.000,1118,21,9,0.05,874.989
Vendor5,972.21,2022-07-18T09:24:42.000,97,Check Customer Payment,356,Katingale Union,Finished products,0.05,7/1/2022 12:00:00 AM,972.21,9,2022-08-14T00:00:00.000,1118,21,9,0.05,874.989
Vendor5,972.21,2022-07-18T17:29:39.000,97,Credit Memo Entry,356,Katingale Union,Finished products,0.05,7/1/2022 12:00:00 AM,972.21,9,2022-08-14T00:00:00.000,1118,21,9,0.05,874.989
Vendor5,972.21,2022-07-19T09:58:57.000,97,Refund Customer,356,Katingale Union,Finished products,0.05,7/1/2022 12:00:00 AM,972.21,9,2022-08-14T00:00:00.000,1118,21,9,0.05,874.989
Vendor5,972.21,2022-07-19T17:40:36.000,97,Re-issuing the invoice,356,Katingale Union,Finished products,0.05,7/1/2022 12:00:00 AM,972.21,9,2022-08-14T00:00:00.000,1118,21,9,0.05,874.989
Vendor1,932.73,2022-08-09T15:46:12.000,98,Invoice Entry,105,AdventureWorks Holding,Finished products,0.05,8/4/2022 12:00:00 AM,932.73,9,2022-09-08T00:00:00.000,1125,14,9,0.05,839.457
Vendor1,932.73,2022-08-09T17:23:46.000,98,Confirm Payment Received,105,AdventureWorks Holding,Finished products,0.05,8/4/2022 12:00:00 AM,932.73,9,2022-09-08T00:00:00.000,1125,14,9,0.05,839.457
Vendor1,932.73,2022-08-10T09:05:30.000,98,Refund With Standard Voucher,105,AdventureWorks Holding,Finished products,0.05,8/4/2022 12:00:00 AM,932.73,9,2022-09-08T00:00:00.000,1125,14,9,0.05,839.457
Vendor1,932.73,2022-08-10T09:58:52.000,98,Complete the Customer Memo,105,AdventureWorks Holding,Finished products,0.05,8/4/2022 12:00:00 AM,932.73,9,2022-09-08T00:00:00.000,1125,14,9,0.05,839.457
Vendor1,932.73,2022-08-10T13:44:09.000,98,Approve Invoice,105,AdventureWorks Holding,Finished products,0.05,8/4/2022 12:00:00 AM,932.73,9,2022-09-08T00:00:00.000,1125,14,9,0.05,839.457
Vendor1,932.73,2022-08-10T16:26:41.000,98,Credit Memo Creation,105,AdventureWorks Holding,Finished products,0.05,8/4/2022 12:00:00 AM,932.73,9,2022-09-08T00:00:00.000,1125,14,9,0.05,839.457
Vendor1,932.73,2022-08-10T16:54:58.000,98,Fill Credit Memo,105,AdventureWorks Holding,Finished products,0.05,8/4/2022 12:00:00 AM,932.73,9,2022-09-08T00:00:00.000,1125,14,9,0.05,839.457
Vendor1,932.73,2022-08-10T17:55:20.000,98,Re-issuing the invoice,105,AdventureWorks Holding,Finished products,0.05,8/4/2022 12:00:00 AM,932.73,9,2022-09-08T00:00:00.000,1125,14,9,0.05,839.457
Vendor3,1728.12,2022-08-11T09:38:31.000,99,Invoice Entry,105,Northwind,Process materials,0.1,7/31/2022 12:00:00 AM,1728.12,4.5,2022-08-26T00:00:00.000,1055,7,4.5,0.1,1555.308
Vendor3,1728.12,2022-08-11T11:17:27.000,99,Confirm Payment Received,105,Northwind,Process materials,0.1,7/31/2022 12:00:00 AM,1728.12,4.5,2022-08-26T00:00:00.000,1055,7,4.5,0.1,1555.308
Vendor3,1728.12,2022-08-11T13:15:26.000,99,Refund With Standard Voucher,105,Northwind,Process materials,0.1,7/31/2022 12:00:00 AM,1728.12,4.5,2022-08-26T00:00:00.000,1055,7,4.5,0.1,1555.308
Vendor3,1728.12,2022-08-11T15:11:40.000,99,Complete the Customer Memo,105,Northwind,Process materials,0.1,7/31/2022 12:00:00 AM,1728.12,4.5,2022-08-26T00:00:00.000,1055,7,4.5,0.1,1555.308
Vendor3,1728.12,2022-08-12T09:25:19.000,99,Approve Invoice,105,Northwind,Process materials,0.1,7/31/2022 12:00:00 AM,1728.12,4.5,2022-08-26T00:00:00.000,1055,7,4.5,0.1,1555.308
Vendor3,1728.12,2022-08-12T13:36:31.000,99,Credit Memo Creation,105,Northwind,Process materials,0.1,7/31/2022 12:00:00 AM,1728.12,4.5,2022-08-26T00:00:00.000,1055,7,4.5,0.1,1555.308
Vendor3,1728.12,2022-08-12T15:21:10.000,99,Fill Credit Memo,105,Northwind,Process materials,0.1,7/31/2022 12:00:00 AM,1728.12,4.5,2022-08-26T00:00:00.000,1055,7,4.5,0.1,1555.308
Vendor3,1728.12,2022-08-12T16:45:37.000,99,Re-issuing the invoice,105,Northwind,Process materials,0.1,7/31/2022 12:00:00 AM,1728.12,4.5,2022-08-26T00:00:00.000,1055,7,4.5,0.1,1555.308
Vendor4,641.27,2022-08-11T17:59:25.000,100,Invoice Entry,356,Leprechaun Ltd.,Finished products,0.05,8/1/2022 12:00:00 AM,577.143,9,2022-09-10T00:00:00.000,1107,7,9,0.05,577.143
Vendor4,641.27,2022-08-12T09:15:21.000,100,Confirm Payment Received,356,Leprechaun Ltd.,Finished products,0.05,8/1/2022 12:00:00 AM,577.143,9,2022-09-10T00:00:00.000,1107,7,9,0.05,577.143
Vendor4,641.27,2022-08-12T10:35:24.000,100,Refund With Standard Voucher,356,Leprechaun Ltd.,Finished products,0.05,8/1/2022 12:00:00 AM,577.143,9,2022-09-10T00:00:00.000,1107,7,9,0.05,577.143
Vendor4,641.27,2022-08-12T11:31:14.000,100,Complete the Customer Memo,356,Leprechaun Ltd.,Finished products,0.05,8/1/2022 12:00:00 AM,577.143,9,2022-09-10T00:00:00.000,1107,7,9,0.05,577.143
Vendor4,641.27,2022-08-12T14:33:55.000,100,Approve Invoice,356,Leprechaun Ltd.,Finished products,0.05,8/1/2022 12:00:00 AM,577.143,9,2022-09-10T00:00:00.000,1107,7,9,0.05,577.143
Vendor4,641.27,2022-08-12T17:40:36.000,100,Credit Memo Creation,356,Leprechaun Ltd.,Finished products,0.05,8/1/2022 12:00:00 AM,577.143,9,2022-09-10T00:00:00.000,1107,7,9,0.05,577.143
Vendor4,641.27,2022-08-15T09:29:46.000,100,Fill Credit Memo,356,Leprechaun Ltd.,Finished products,0.05,8/1/2022 12:00:00 AM,577.143,9,2022-09-10T00:00:00.000,1107,7,9,0.05,577.143
Vendor4,641.27,2022-08-15T09:53:41.000,100,Re-issuing the invoice,356,Leprechaun Ltd.,Finished products,0.05,8/1/2022 12:00:00 AM,577.143,9,2022-09-10T00:00:00.000,1107,7,9,0.05,577.143
Vendor4,552.06,2022-08-11T12:02:03.000,101,Invoice Entry,356,Leprechaun Ltd.,Semifinished products,0.1,7/30/2022 12:00:00 AM,552.06,4.5,2022-08-26T00:00:00.000,1048,14,4.5,0.1,496.85397
Vendor4,552.06,2022-08-11T13:12:42.000,101,Confirm Payment Received,356,Leprechaun Ltd.,Semifinished products,0.1,7/30/2022 12:00:00 AM,552.06,4.5,2022-08-26T00:00:00.000,1048,14,4.5,0.1,496.85397
Vendor4,552.06,2022-08-11T14:32:23.000,101,Refund With Standard Voucher,356,Leprechaun Ltd.,Semifinished products,0.1,7/30/2022 12:00:00 AM,552.06,4.5,2022-08-26T00:00:00.000,1048,14,4.5,0.1,496.85397
Vendor4,552.06,2022-08-11T15:24:59.000,101,Complete the Customer Memo,356,Leprechaun Ltd.,Semifinished products,0.1,7/30/2022 12:00:00 AM,552.06,4.5,2022-08-26T00:00:00.000,1048,14,4.5,0.1,496.85397
Vendor4,552.06,2022-08-12T09:30:05.000,101,Approve Invoice,356,Leprechaun Ltd.,Semifinished products,0.1,7/30/2022 12:00:00 AM,552.06,4.5,2022-08-26T00:00:00.000,1048,14,4.5,0.1,496.85397
Vendor4,552.06,2022-08-12T12:41:15.000,101,Credit Memo Creation,356,Leprechaun Ltd.,Semifinished products,0.1,7/30/2022 12:00:00 AM,552.06,4.5,2022-08-26T00:00:00.000,1048,14,4.5,0.1,496.85397
Vendor4,552.06,2022-08-12T13:15:23.000,101,Fill Credit Memo,356,Leprechaun Ltd.,Semifinished products,0.1,7/30/2022 12:00:00 AM,552.06,4.5,2022-08-26T00:00:00.000,1048,14,4.5,0.1,496.85397
Vendor4,552.06,2022-08-12T13:50:36.000,101,Re-issuing the invoice,356,Leprechaun Ltd.,Semifinished products,0.1,7/30/2022 12:00:00 AM,552.06,4.5,2022-08-26T00:00:00.000,1048,14,4.5,0.1,496.85397
Vendor1,1130.47,2022-07-21T10:56:23.000,102,Invoice Entry,356,AdventureWorks Holding,Finished products,0.05,7/15/2022 12:00:00 AM,1130.47,9,2022-08-20T00:00:00.000,1022,21,9,0.05,1017.423
Vendor1,1130.47,2022-07-21T12:32:42.000,102,Confirm Payment Received,356,AdventureWorks Holding,Finished products,0.05,7/15/2022 12:00:00 AM,1130.47,9,2022-08-20T00:00:00.000,1022,21,9,0.05,1017.423
Vendor1,1130.47,2022-07-21T14:25:11.000,102,Refund With Standard Voucher,356,AdventureWorks Holding,Finished products,0.05,7/15/2022 12:00:00 AM,1130.47,9,2022-08-20T00:00:00.000,1022,21,9,0.05,1017.423
Vendor1,1130.47,2022-07-21T15:53:16.000,102,Complete the Customer Memo,356,AdventureWorks Holding,Finished products,0.05,7/15/2022 12:00:00 AM,1130.47,9,2022-08-20T00:00:00.000,1022,21,9,0.05,1017.423
Vendor1,1130.47,2022-07-22T09:03:50.000,102,Approve Invoice,356,AdventureWorks Holding,Finished products,0.05,7/15/2022 12:00:00 AM,1130.47,9,2022-08-20T00:00:00.000,1022,21,9,0.05,1017.423
Vendor1,1130.47,2022-07-22T11:57:59.000,102,Credit Memo Creation,356,AdventureWorks Holding,Finished products,0.05,7/15/2022 12:00:00 AM,1130.47,9,2022-08-20T00:00:00.000,1022,21,9,0.05,1017.423
Vendor1,1130.47,2022-07-22T13:21:45.000,102,Fill Credit Memo,356,AdventureWorks Holding,Finished products,0.05,7/15/2022 12:00:00 AM,1130.47,9,2022-08-20T00:00:00.000,1022,21,9,0.05,1017.423
Vendor1,1130.47,2022-07-22T14:58:58.000,102,Re-issuing the invoice,356,AdventureWorks Holding,Finished products,0.05,7/15/2022 12:00:00 AM,1130.47,9,2022-08-20T00:00:00.000,1022,21,9,0.05,1017.423
Vendor3,1631.06,2022-08-09T15:16:12.000,103,Invoice Entry,356,Northwind,Semifinished products,0.05,7/31/2022 12:00:00 AM,1467.954,9,2022-09-08T00:00:00.000,1000,7,9,0.05,1467.954
Vendor3,1631.06,2022-08-09T17:12:37.000,103,Check Customer Payment,356,Northwind,Semifinished products,0.05,7/31/2022 12:00:00 AM,1467.954,9,2022-09-08T00:00:00.000,1000,7,9,0.05,1467.954
Vendor3,1631.06,2022-08-10T09:20:34.000,103,Credit Memo Entry,356,Northwind,Semifinished products,0.05,7/31/2022 12:00:00 AM,1467.954,9,2022-09-08T00:00:00.000,1000,7,9,0.05,1467.954
Vendor3,1631.06,2022-08-10T10:03:24.000,103,Refund Customer,356,Northwind,Semifinished products,0.05,7/31/2022 12:00:00 AM,1467.954,9,2022-09-08T00:00:00.000,1000,7,9,0.05,1467.954
Vendor3,1631.06,2022-08-10T11:54:52.000,103,Re-issuing the invoice,356,Northwind,Semifinished products,0.05,7/31/2022 12:00:00 AM,1467.954,9,2022-09-08T00:00:00.000,1000,7,9,0.05,1467.954
Vendor1,918.53,2022-07-19T09:23:35.000,104,Invoice Entry,356,AdventureWorks Holding,Operating supplies,0.05,7/8/2022 12:00:00 AM,918.53,9,2022-08-18T00:00:00.000,1097,21,9,0.05,826.677
Vendor1,918.53,2022-07-19T11:11:09.000,104,Check Customer Payment,356,AdventureWorks Holding,Operating supplies,0.05,7/8/2022 12:00:00 AM,918.53,9,2022-08-18T00:00:00.000,1097,21,9,0.05,826.677
Vendor1,918.53,2022-07-19T12:52:57.000,104,Credit Memo Entry,356,AdventureWorks Holding,Operating supplies,0.05,7/8/2022 12:00:00 AM,918.53,9,2022-08-18T00:00:00.000,1097,21,9,0.05,826.677
Vendor1,918.53,2022-07-19T14:02:38.000,104,Refund Customer,356,AdventureWorks Holding,Operating supplies,0.05,7/8/2022 12:00:00 AM,918.53,9,2022-08-18T00:00:00.000,1097,21,9,0.05,826.677
Vendor1,918.53,2022-07-19T15:49:58.000,104,Re-issuing the invoice,356,AdventureWorks Holding,Operating supplies,0.05,7/8/2022 12:00:00 AM,918.53,9,2022-08-18T00:00:00.000,1097,21,9,0.05,826.677
Vendor5,1001.87,2022-07-18T09:04:34.000,105,Invoice Entry,356,Katingale Union,Materials procured externally,0.05,7/5/2022 12:00:00 AM,1001.87,9,2022-08-17T00:00:00.000,1098,21,9,0.05,901.683
Vendor5,1001.87,2022-07-18T15:46:55.000,105,Check Customer Payment,356,Katingale Union,Materials procured externally,0.05,7/5/2022 12:00:00 AM,1001.87,9,2022-08-17T00:00:00.000,1098,21,9,0.05,901.683
Vendor5,1001.87,2022-07-19T09:01:35.000,105,Credit Memo Entry,356,Katingale Union,Materials procured externally,0.05,7/5/2022 12:00:00 AM,1001.87,9,2022-08-17T00:00:00.000,1098,21,9,0.05,901.683
Vendor5,1001.87,2022-07-19T15:48:08.000,105,Refund Customer,356,Katingale Union,Materials procured externally,0.05,7/5/2022 12:00:00 AM,1001.87,9,2022-08-17T00:00:00.000,1098,21,9,0.05,901.683
Vendor5,1001.87,2022-07-20T09:50:35.000,105,Re-issuing the invoice,356,Katingale Union,Materials procured externally,0.05,7/5/2022 12:00:00 AM,1001.87,9,2022-08-17T00:00:00.000,1098,21,9,0.05,901.683
Vendor3,2711.37,2022-07-25T09:11:36.000,106,Invoice Entry,356,Northwind,Semifinished products,0.05,7/17/2022 12:00:00 AM,2711.37,9,2022-08-24T00:00:00.000,1014,14,9,0.05,2440.2332
Vendor3,2711.37,2022-07-25T10:16:40.000,106,Confirm Payment Received,356,Northwind,Semifinished products,0.05,7/17/2022 12:00:00 AM,2711.37,9,2022-08-24T00:00:00.000,1014,14,9,0.05,2440.2332
Vendor3,2711.37,2022-07-25T11:48:20.000,106,Refund With Standard Voucher,356,Northwind,Semifinished products,0.05,7/17/2022 12:00:00 AM,2711.37,9,2022-08-24T00:00:00.000,1014,14,9,0.05,2440.2332
Vendor3,2711.37,2022-07-25T12:27:54.000,106,Complete the Customer Memo,356,Northwind,Semifinished products,0.05,7/17/2022 12:00:00 AM,2711.37,9,2022-08-24T00:00:00.000,1014,14,9,0.05,2440.2332
Vendor3,2711.37,2022-07-25T15:16:10.000,106,Approve Invoice,356,Northwind,Semifinished products,0.05,7/17/2022 12:00:00 AM,2711.37,9,2022-08-24T00:00:00.000,1014,14,9,0.05,2440.2332
Vendor3,2711.37,2022-07-26T09:30:11.000,106,Credit Memo Creation,356,Northwind,Semifinished products,0.05,7/17/2022 12:00:00 AM,2711.37,9,2022-08-24T00:00:00.000,1014,14,9,0.05,2440.2332
Vendor3,2711.37,2022-07-26T10:25:11.000,106,Fill Credit Memo,356,Northwind,Semifinished products,0.05,7/17/2022 12:00:00 AM,2711.37,9,2022-08-24T00:00:00.000,1014,14,9,0.05,2440.2332
Vendor3,2711.37,2022-07-26T10:50:20.000,106,Re-issuing the invoice,356,Northwind,Semifinished products,0.05,7/17/2022 12:00:00 AM,2711.37,9,2022-08-24T00:00:00.000,1014,14,9,0.05,2440.2332
Vendor3,3101.23,2022-08-05T09:50:34.000,107,Invoice Entry,356,Northwind,Finished products,0.1,7/28/2022 12:00:00 AM,3101.23,4.5,2022-08-20T00:00:00.000,1057,7,4.5,0.1,2791.107
Vendor3,3101.23,2022-08-05T11:40:27.000,107,Check Customer Payment,356,Northwind,Finished products,0.1,7/28/2022 12:00:00 AM,3101.23,4.5,2022-08-20T00:00:00.000,1057,7,4.5,0.1,2791.107
Vendor3,3101.23,2022-08-05T13:20:00.000,107,Credit Memo Entry,356,Northwind,Finished products,0.1,7/28/2022 12:00:00 AM,3101.23,4.5,2022-08-20T00:00:00.000,1057,7,4.5,0.1,2791.107
Vendor3,3101.23,2022-08-05T14:39:30.000,107,Refund Customer,356,Northwind,Finished products,0.1,7/28/2022 12:00:00 AM,3101.23,4.5,2022-08-20T00:00:00.000,1057,7,4.5,0.1,2791.107
Vendor3,3101.23,2022-08-05T16:57:36.000,107,Re-issuing the invoice,356,Northwind,Finished products,0.1,7/28/2022 12:00:00 AM,3101.23,4.5,2022-08-20T00:00:00.000,1057,7,4.5,0.1,2791.107
Vendor5,657.21,2022-08-22T11:34:59.000,108,Invoice Entry,356,Katingale Union,Materials procured externally,0.05,8/9/2022 12:00:00 AM,657.21,9,2022-09-21T00:00:00.000,1068,7,9,0.05,591.489
Vendor5,657.21,2022-08-22T12:38:32.000,108,Confirm Payment Received,356,Katingale Union,Materials procured externally,0.05,8/9/2022 12:00:00 AM,657.21,9,2022-09-21T00:00:00.000,1068,7,9,0.05,591.489
Vendor5,657.21,2022-08-22T14:27:17.000,108,Refund With Standard Voucher,356,Katingale Union,Materials procured externally,0.05,8/9/2022 12:00:00 AM,657.21,9,2022-09-21T00:00:00.000,1068,7,9,0.05,591.489
Vendor5,657.21,2022-08-22T15:17:42.000,108,Complete the Customer Memo,356,Katingale Union,Materials procured externally,0.05,8/9/2022 12:00:00 AM,657.21,9,2022-09-21T00:00:00.000,1068,7,9,0.05,591.489
Vendor5,657.21,2022-08-23T09:56:54.000,108,Approve Invoice,356,Katingale Union,Materials procured externally,0.05,8/9/2022 12:00:00 AM,657.21,9,2022-09-21T00:00:00.000,1068,7,9,0.05,591.489
Vendor5,657.21,2022-08-23T12:57:26.000,108,Credit Memo Creation,356,Katingale Union,Materials procured externally,0.05,8/9/2022 12:00:00 AM,657.21,9,2022-09-21T00:00:00.000,1068,7,9,0.05,591.489
Vendor5,657.21,2022-08-23T13:44:58.000,108,Fill Credit Memo,356,Katingale Union,Materials procured externally,0.05,8/9/2022 12:00:00 AM,657.21,9,2022-09-21T00:00:00.000,1068,7,9,0.05,591.489
Vendor5,657.21,2022-08-23T14:21:13.000,108,Re-issuing the invoice,356,Katingale Union,Materials procured externally,0.05,8/9/2022 12:00:00 AM,657.21,9,2022-09-21T00:00:00.000,1068,7,9,0.05,591.489
Vendor4,545.71,2022-08-16T15:45:23.000,109,Invoice Entry,105,Leprechaun Ltd.,Operating supplies,0.05,8/7/2022 12:00:00 AM,491.139,9,2022-09-15T00:00:00.000,1007,7,9,0.05,491.139
Vendor4,545.71,2022-08-16T17:04:09.000,109,Check Customer Payment,105,Leprechaun Ltd.,Operating supplies,0.05,8/7/2022 12:00:00 AM,491.139,9,2022-09-15T00:00:00.000,1007,7,9,0.05,491.139
Vendor4,545.71,2022-08-17T09:21:03.000,109,Credit Memo Entry,105,Leprechaun Ltd.,Operating supplies,0.05,8/7/2022 12:00:00 AM,491.139,9,2022-09-15T00:00:00.000,1007,7,9,0.05,491.139
Vendor4,545.71,2022-08-17T10:48:43.000,109,Refund Customer,105,Leprechaun Ltd.,Operating supplies,0.05,8/7/2022 12:00:00 AM,491.139,9,2022-09-15T00:00:00.000,1007,7,9,0.05,491.139
Vendor4,545.71,2022-08-17T11:52:15.000,109,Re-issuing the invoice,105,Leprechaun Ltd.,Operating supplies,0.05,8/7/2022 12:00:00 AM,491.139,9,2022-09-15T00:00:00.000,1007,7,9,0.05,491.139
Vendor3,2422.06,2022-08-18T10:40:49.000,110,Invoice Entry,356,Northwind,Process materials,0.05,8/6/2022 12:00:00 AM,2422.06,9,2022-09-17T00:00:00.000,1010,14,9,0.05,2179.854
Vendor3,2422.06,2022-08-18T12:45:13.000,110,Check Customer Payment,356,Northwind,Process materials,0.05,8/6/2022 12:00:00 AM,2422.06,9,2022-09-17T00:00:00.000,1010,14,9,0.05,2179.854
Vendor3,2422.06,2022-08-18T14:34:32.000,110,Credit Memo Entry,356,Northwind,Process materials,0.05,8/6/2022 12:00:00 AM,2422.06,9,2022-09-17T00:00:00.000,1010,14,9,0.05,2179.854
Vendor3,2422.06,2022-08-18T15:49:34.000,110,Refund Customer,356,Northwind,Process materials,0.05,8/6/2022 12:00:00 AM,2422.06,9,2022-09-17T00:00:00.000,1010,14,9,0.05,2179.854
Vendor3,2422.06,2022-08-18T17:26:32.000,110,Re-issuing the invoice,356,Northwind,Process materials,0.05,8/6/2022 12:00:00 AM,2422.06,9,2022-09-17T00:00:00.000,1010,14,9,0.05,2179.854
Vendor1,894.46,2022-07-15T09:39:43.000,111,Invoice Entry,356,AdventureWorks Holding,Finished products,0.05,7/10/2022 12:00:00 AM,805.014,9,2022-08-14T00:00:00.000,1102,14,9,0.05,805.014
Vendor1,894.46,2022-07-15T10:53:37.000,111,Check Customer Payment,356,AdventureWorks Holding,Finished products,0.05,7/10/2022 12:00:00 AM,805.014,9,2022-08-14T00:00:00.000,1102,14,9,0.05,805.014
Vendor1,894.46,2022-07-15T12:00:37.000,111,Credit Memo Entry,356,AdventureWorks Holding,Finished products,0.05,7/10/2022 12:00:00 AM,805.014,9,2022-08-14T00:00:00.000,1102,14,9,0.05,805.014
Vendor1,894.46,2022-07-15T12:59:59.000,111,Refund Customer,356,AdventureWorks Holding,Finished products,0.05,7/10/2022 12:00:00 AM,805.014,9,2022-08-14T00:00:00.000,1102,14,9,0.05,805.014
Vendor1,894.46,2022-07-15T14:29:36.000,111,Re-issuing the invoice,356,AdventureWorks Holding,Finished products,0.05,7/10/2022 12:00:00 AM,805.014,9,2022-08-14T00:00:00.000,1102,14,9,0.05,805.014
Vendor4,459.63,2022-07-20T12:55:39.000,112,Invoice Entry,356,Leprechaun Ltd.,Finished products,0.05,7/9/2022 12:00:00 AM,413.667,9,2022-08-19T00:00:00.000,1119,7,9,0.05,413.667
Vendor4,459.63,2022-07-20T13:41:22.000,112,Confirm Payment Received,356,Leprechaun Ltd.,Finished products,0.05,7/9/2022 12:00:00 AM,413.667,9,2022-08-19T00:00:00.000,1119,7,9,0.05,413.667
Vendor4,459.63,2022-07-20T14:56:24.000,112,Refund With Standard Voucher,356,Leprechaun Ltd.,Finished products,0.05,7/9/2022 12:00:00 AM,413.667,9,2022-08-19T00:00:00.000,1119,7,9,0.05,413.667
Vendor4,459.63,2022-07-20T16:02:34.000,112,Complete the Customer Memo,356,Leprechaun Ltd.,Finished products,0.05,7/9/2022 12:00:00 AM,413.667,9,2022-08-19T00:00:00.000,1119,7,9,0.05,413.667
Vendor4,459.63,2022-07-21T09:35:00.000,112,Approve Invoice,356,Leprechaun Ltd.,Finished products,0.05,7/9/2022 12:00:00 AM,413.667,9,2022-08-19T00:00:00.000,1119,7,9,0.05,413.667
Vendor4,459.63,2022-07-21T12:32:19.000,112,Credit Memo Creation,356,Leprechaun Ltd.,Finished products,0.05,7/9/2022 12:00:00 AM,413.667,9,2022-08-19T00:00:00.000,1119,7,9,0.05,413.667
Vendor4,459.63,2022-07-21T13:12:48.000,112,Fill Credit Memo,356,Leprechaun Ltd.,Finished products,0.05,7/9/2022 12:00:00 AM,413.667,9,2022-08-19T00:00:00.000,1119,7,9,0.05,413.667
Vendor4,459.63,2022-07-21T14:19:36.000,112,Re-issuing the invoice,356,Leprechaun Ltd.,Finished products,0.05,7/9/2022 12:00:00 AM,413.667,9,2022-08-19T00:00:00.000,1119,7,9,0.05,413.667
Vendor5,1358.24,2022-07-19T09:53:03.000,113,Invoice Entry,105,Katingale Union,Finished products,0.05,7/6/2022 12:00:00 AM,1358.24,9,2022-08-18T00:00:00.000,1072,7,9,0.05,1222.416
Vendor5,1358.24,2022-07-19T16:42:09.000,113,Confirm Payment Received,105,Katingale Union,Finished products,0.05,7/6/2022 12:00:00 AM,1358.24,9,2022-08-18T00:00:00.000,1072,7,9,0.05,1222.416
Vendor5,1358.24,2022-07-20T09:12:45.000,113,Refund With Standard Voucher,105,Katingale Union,Finished products,0.05,7/6/2022 12:00:00 AM,1358.24,9,2022-08-18T00:00:00.000,1072,7,9,0.05,1222.416
Vendor5,1358.24,2022-07-20T17:38:38.000,113,Complete the Customer Memo,105,Katingale Union,Finished products,0.05,7/6/2022 12:00:00 AM,1358.24,9,2022-08-18T00:00:00.000,1072,7,9,0.05,1222.416
Vendor5,1358.24,2022-07-21T09:03:46.000,113,Approve Invoice,105,Katingale Union,Finished products,0.05,7/6/2022 12:00:00 AM,1358.24,9,2022-08-18T00:00:00.000,1072,7,9,0.05,1222.416
Vendor5,1358.24,2022-07-21T17:22:03.000,113,Credit Memo Creation,105,Katingale Union,Finished products,0.05,7/6/2022 12:00:00 AM,1358.24,9,2022-08-18T00:00:00.000,1072,7,9,0.05,1222.416
Vendor5,1358.24,2022-07-22T09:47:15.000,113,Fill Credit Memo,105,Katingale Union,Finished products,0.05,7/6/2022 12:00:00 AM,1358.24,9,2022-08-18T00:00:00.000,1072,7,9,0.05,1222.416
Vendor5,1358.24,2022-07-22T13:30:40.000,113,Re-issuing the invoice,105,Katingale Union,Finished products,0.05,7/6/2022 12:00:00 AM,1358.24,9,2022-08-18T00:00:00.000,1072,7,9,0.05,1222.416
Vendor4,243.15,2022-08-11T16:12:54.000,114,Invoice Entry,105,Leprechaun Ltd.,Finished products,0.05,8/4/2022 12:00:00 AM,243.15,9,2022-09-10T00:00:00.000,1089,14,9,0.05,218.83499
Vendor4,243.15,2022-08-12T09:23:12.000,114,Check Customer Payment,105,Leprechaun Ltd.,Finished products,0.05,8/4/2022 12:00:00 AM,243.15,9,2022-09-10T00:00:00.000,1089,14,9,0.05,218.83499
Vendor4,243.15,2022-08-12T10:43:03.000,114,Credit Memo Entry,105,Leprechaun Ltd.,Finished products,0.05,8/4/2022 12:00:00 AM,243.15,9,2022-09-10T00:00:00.000,1089,14,9,0.05,218.83499
Vendor4,243.15,2022-08-12T11:50:38.000,114,Refund Customer,105,Leprechaun Ltd.,Finished products,0.05,8/4/2022 12:00:00 AM,243.15,9,2022-09-10T00:00:00.000,1089,14,9,0.05,218.83499
Vendor4,243.15,2022-08-12T13:57:02.000,114,Re-issuing the invoice,105,Leprechaun Ltd.,Finished products,0.05,8/4/2022 12:00:00 AM,243.15,9,2022-09-10T00:00:00.000,1089,14,9,0.05,218.83499
Vendor1,821.12,2022-07-29T13:17:07.000,115,Invoice Entry,356,AdventureWorks Holding,Materials procured externally,0.05,7/20/2022 12:00:00 AM,821.12,9,2022-08-28T00:00:00.000,1106,21,9,0.05,739.008
Vendor1,821.12,2022-07-29T15:27:44.000,115,Check Customer Payment,356,AdventureWorks Holding,Materials procured externally,0.05,7/20/2022 12:00:00 AM,821.12,9,2022-08-28T00:00:00.000,1106,21,9,0.05,739.008
Vendor1,821.12,2022-07-29T16:36:54.000,115,Credit Memo Entry,356,AdventureWorks Holding,Materials procured externally,0.05,7/20/2022 12:00:00 AM,821.12,9,2022-08-28T00:00:00.000,1106,21,9,0.05,739.008
Vendor1,821.12,2022-08-01T09:05:50.000,115,Refund Customer,356,AdventureWorks Holding,Materials procured externally,0.05,7/20/2022 12:00:00 AM,821.12,9,2022-08-28T00:00:00.000,1106,21,9,0.05,739.008
Vendor1,821.12,2022-08-01T11:55:25.000,115,Re-issuing the invoice,356,AdventureWorks Holding,Materials procured externally,0.05,7/20/2022 12:00:00 AM,821.12,9,2022-08-28T00:00:00.000,1106,21,9,0.05,739.008
Vendor2,2495.13,2022-08-02T09:51:27.000,116,Invoice Entry,356,Contoso Metal,Finished products,0.05,7/24/2022 12:00:00 AM,2495.13,9,2022-09-01T00:00:00.000,1095,7,9,0.05,2245.617
Vendor2,2495.13,2022-08-02T11:34:49.000,116,Confirm Payment Received,356,Contoso Metal,Finished products,0.05,7/24/2022 12:00:00 AM,2495.13,9,2022-09-01T00:00:00.000,1095,7,9,0.05,2245.617
Vendor2,2495.13,2022-08-02T13:16:44.000,116,Refund With Standard Voucher,356,Contoso Metal,Finished products,0.05,7/24/2022 12:00:00 AM,2495.13,9,2022-09-01T00:00:00.000,1095,7,9,0.05,2245.617
Vendor2,2495.13,2022-08-02T14:39:10.000,116,Complete the Customer Memo,356,Contoso Metal,Finished products,0.05,7/24/2022 12:00:00 AM,2495.13,9,2022-09-01T00:00:00.000,1095,7,9,0.05,2245.617
Vendor2,2495.13,2022-08-02T17:44:56.000,116,Approve Invoice,356,Contoso Metal,Finished products,0.05,7/24/2022 12:00:00 AM,2495.13,9,2022-09-01T00:00:00.000,1095,7,9,0.05,2245.617
Vendor2,2495.13,2022-08-03T09:22:32.000,116,Credit Memo Creation,356,Contoso Metal,Finished products,0.05,7/24/2022 12:00:00 AM,2495.13,9,2022-09-01T00:00:00.000,1095,7,9,0.05,2245.617
Vendor2,2495.13,2022-08-03T10:57:51.000,116,Fill Credit Memo,356,Contoso Metal,Finished products,0.05,7/24/2022 12:00:00 AM,2495.13,9,2022-09-01T00:00:00.000,1095,7,9,0.05,2245.617
Vendor2,2495.13,2022-08-03T12:30:14.000,116,Re-issuing the invoice,356,Contoso Metal,Finished products,0.05,7/24/2022 12:00:00 AM,2495.13,9,2022-09-01T00:00:00.000,1095,7,9,0.05,2245.617
Vendor1,1056.85,2022-08-11T16:22:54.000,117,Invoice Entry,356,AdventureWorks Holding,Materials procured externally,0.05,8/5/2022 12:00:00 AM,951.165,9,2022-09-10T00:00:00.000,1053,14,9,0.05,951.165
Vendor1,1056.85,2022-08-11T17:59:14.000,117,Check Customer Payment,356,AdventureWorks Holding,Materials procured externally,0.05,8/5/2022 12:00:00 AM,951.165,9,2022-09-10T00:00:00.000,1053,14,9,0.05,951.165
Vendor1,1056.85,2022-08-12T09:54:20.000,117,Credit Memo Entry,356,AdventureWorks Holding,Materials procured externally,0.05,8/5/2022 12:00:00 AM,951.165,9,2022-09-10T00:00:00.000,1053,14,9,0.05,951.165
Vendor1,1056.85,2022-08-12T10:30:53.000,117,Refund Customer,356,AdventureWorks Holding,Materials procured externally,0.05,8/5/2022 12:00:00 AM,951.165,9,2022-09-10T00:00:00.000,1053,14,9,0.05,951.165
Vendor1,1056.85,2022-08-12T11:58:39.000,117,Re-issuing the invoice,356,AdventureWorks Holding,Materials procured externally,0.05,8/5/2022 12:00:00 AM,951.165,9,2022-09-10T00:00:00.000,1053,14,9,0.05,951.165
Vendor2,2070.32,2022-08-01T09:03:48.000,118,Invoice Entry,356,Contoso Metal,Finished products,0.1,7/19/2022 12:00:00 AM,2070.32,4.5,2022-08-16T00:00:00.000,1115,21,4.5,0.1,1863.288
Vendor2,2070.32,2022-08-01T10:55:33.000,118,Confirm Payment Received,356,Contoso Metal,Finished products,0.1,7/19/2022 12:00:00 AM,2070.32,4.5,2022-08-16T00:00:00.000,1115,21,4.5,0.1,1863.288
Vendor2,2070.32,2022-08-01T12:29:15.000,118,Refund With Standard Voucher,356,Contoso Metal,Finished products,0.1,7/19/2022 12:00:00 AM,2070.32,4.5,2022-08-16T00:00:00.000,1115,21,4.5,0.1,1863.288
Vendor2,2070.32,2022-08-01T14:08:35.000,118,Complete the Customer Memo,356,Contoso Metal,Finished products,0.1,7/19/2022 12:00:00 AM,2070.32,4.5,2022-08-16T00:00:00.000,1115,21,4.5,0.1,1863.288
Vendor2,2070.32,2022-08-01T16:15:18.000,118,Reject Invoice,356,Contoso Metal,Finished products,0.1,7/19/2022 12:00:00 AM,2070.32,4.5,2022-08-16T00:00:00.000,1115,21,4.5,0.1,1863.288
Vendor2,2070.32,2022-08-02T09:43:01.000,118,Refund With Standard Voucher,356,Contoso Metal,Finished products,0.1,7/19/2022 12:00:00 AM,2070.32,4.5,2022-08-16T00:00:00.000,1115,21,4.5,0.1,1863.288
Vendor2,2070.32,2022-08-02T10:38:33.000,118,Complete the Customer Memo,356,Contoso Metal,Finished products,0.1,7/19/2022 12:00:00 AM,2070.32,4.5,2022-08-16T00:00:00.000,1115,21,4.5,0.1,1863.288
Vendor2,2070.32,2022-08-02T14:02:54.000,118,Approve Invoice,356,Contoso Metal,Finished products,0.1,7/19/2022 12:00:00 AM,2070.32,4.5,2022-08-16T00:00:00.000,1115,21,4.5,0.1,1863.288
Vendor2,2070.32,2022-08-03T09:45:32.000,118,Credit Memo Creation,356,Contoso Metal,Finished products,0.1,7/19/2022 12:00:00 AM,2070.32,4.5,2022-08-16T00:00:00.000,1115,21,4.5,0.1,1863.288
Vendor2,2070.32,2022-08-03T11:15:25.000,118,Fill Credit Memo,356,Contoso Metal,Finished products,0.1,7/19/2022 12:00:00 AM,2070.32,4.5,2022-08-16T00:00:00.000,1115,21,4.5,0.1,1863.288
Vendor2,2070.32,2022-08-03T12:26:05.000,118,Re-issuing the invoice,356,Contoso Metal,Finished products,0.1,7/19/2022 12:00:00 AM,2070.32,4.5,2022-08-16T00:00:00.000,1115,21,4.5,0.1,1863.288
Vendor2,531.85,2022-07-22T09:13:03.000,119,Invoice Entry,105,Contoso Metal,Finished products,0.05,7/10/2022 12:00:00 AM,531.85,9,2022-08-21T00:00:00.000,1018,21,9,0.05,478.66498
Vendor2,531.85,2022-07-22T17:38:07.000,119,Confirm Payment Received,105,Contoso Metal,Finished products,0.05,7/10/2022 12:00:00 AM,531.85,9,2022-08-21T00:00:00.000,1018,21,9,0.05,478.66498
Vendor2,531.85,2022-07-25T09:01:24.000,119,Refund With Special Voucher,105,Contoso Metal,Finished products,0.05,7/10/2022 12:00:00 AM,531.85,9,2022-08-21T00:00:00.000,1018,21,9,0.05,478.66498
Vendor2,531.85,2022-07-26T09:02:31.000,119,Complete the Customer Memo,105,Contoso Metal,Finished products,0.05,7/10/2022 12:00:00 AM,531.85,9,2022-08-21T00:00:00.000,1018,21,9,0.05,478.66498
Vendor2,531.85,2022-07-26T17:40:05.000,119,Approve Invoice,105,Contoso Metal,Finished products,0.05,7/10/2022 12:00:00 AM,531.85,9,2022-08-21T00:00:00.000,1018,21,9,0.05,478.66498
Vendor2,531.85,2022-07-27T09:50:38.000,119,Credit Memo Creation,105,Contoso Metal,Finished products,0.05,7/10/2022 12:00:00 AM,531.85,9,2022-08-21T00:00:00.000,1018,21,9,0.05,478.66498
Vendor2,531.85,2022-07-27T16:55:42.000,119,Fill Credit Memo,105,Contoso Metal,Finished products,0.05,7/10/2022 12:00:00 AM,531.85,9,2022-08-21T00:00:00.000,1018,21,9,0.05,478.66498
Vendor2,531.85,2022-07-28T09:25:24.000,119,Re-issuing the invoice,105,Contoso Metal,Finished products,0.05,7/10/2022 12:00:00 AM,531.85,9,2022-08-21T00:00:00.000,1018,21,9,0.05,478.66498
Vendor5,819.99,2022-07-20T13:18:05.000,120,Invoice Entry,356,Katingale Union,Process materials,0.05,7/10/2022 12:00:00 AM,819.99,9,2022-08-19T00:00:00.000,1019,7,9,0.05,737.99097
Vendor5,819.99,2022-07-21T09:28:17.000,120,Confirm Payment Received,356,Katingale Union,Process materials,0.05,7/10/2022 12:00:00 AM,819.99,9,2022-08-19T00:00:00.000,1019,7,9,0.05,737.99097
Vendor5,819.99,2022-07-21T15:48:55.000,120,Refund With Standard Voucher,356,Katingale Union,Process materials,0.05,7/10/2022 12:00:00 AM,819.99,9,2022-08-19T00:00:00.000,1019,7,9,0.05,737.99097
Vendor5,819.99,2022-07-22T09:13:50.000,120,Complete the Customer Memo,356,Katingale Union,Process materials,0.05,7/10/2022 12:00:00 AM,819.99,9,2022-08-19T00:00:00.000,1019,7,9,0.05,737.99097
Vendor5,819.99,2022-07-25T09:06:38.000,120,Approve Invoice,356,Katingale Union,Process materials,0.05,7/10/2022 12:00:00 AM,819.99,9,2022-08-19T00:00:00.000,1019,7,9,0.05,737.99097
Vendor5,819.99,2022-07-25T16:51:26.000,120,Credit Memo Creation,356,Katingale Union,Process materials,0.05,7/10/2022 12:00:00 AM,819.99,9,2022-08-19T00:00:00.000,1019,7,9,0.05,737.99097
Vendor5,819.99,2022-07-26T09:09:32.000,120,Fill Credit Memo,356,Katingale Union,Process materials,0.05,7/10/2022 12:00:00 AM,819.99,9,2022-08-19T00:00:00.000,1019,7,9,0.05,737.99097
Vendor5,819.99,2022-07-26T14:13:07.000,120,Re-issuing the invoice,356,Katingale Union,Process materials,0.05,7/10/2022 12:00:00 AM,819.99,9,2022-08-19T00:00:00.000,1019,7,9,0.05,737.99097
Vendor2,2733.95,2022-08-08T09:55:36.000,121,Invoice Entry,105,Contoso Metal,Trading goods,0.1,7/26/2022 12:00:00 AM,2733.95,4.5,2022-08-23T00:00:00.000,1054,7,4.5,0.1,2460.555
Vendor2,2733.95,2022-08-08T11:27:18.000,121,Check Customer Payment,105,Contoso Metal,Trading goods,0.1,7/26/2022 12:00:00 AM,2733.95,4.5,2022-08-23T00:00:00.000,1054,7,4.5,0.1,2460.555
Vendor2,2733.95,2022-08-08T13:00:26.000,121,Credit Memo Entry,105,Contoso Metal,Trading goods,0.1,7/26/2022 12:00:00 AM,2733.95,4.5,2022-08-23T00:00:00.000,1054,7,4.5,0.1,2460.555
Vendor2,2733.95,2022-08-08T14:49:07.000,121,Refund Customer,105,Contoso Metal,Trading goods,0.1,7/26/2022 12:00:00 AM,2733.95,4.5,2022-08-23T00:00:00.000,1054,7,4.5,0.1,2460.555
Vendor2,2733.95,2022-08-08T17:31:45.000,121,Re-issuing the invoice,105,Contoso Metal,Trading goods,0.1,7/26/2022 12:00:00 AM,2733.95,4.5,2022-08-23T00:00:00.000,1054,7,4.5,0.1,2460.555
Vendor1,996.57,2022-07-21T09:53:01.000,122,Invoice Entry,356,AdventureWorks Holding,Materials procured externally,0.05,7/9/2022 12:00:00 AM,996.57,9,2022-08-20T00:00:00.000,1005,14,9,0.05,896.91296
Vendor1,996.57,2022-07-21T11:27:04.000,122,Confirm Payment Received,356,AdventureWorks Holding,Materials procured externally,0.05,7/9/2022 12:00:00 AM,996.57,9,2022-08-20T00:00:00.000,1005,14,9,0.05,896.91296
Vendor1,996.57,2022-07-21T13:31:25.000,122,Refund With Standard Voucher,356,AdventureWorks Holding,Materials procured externally,0.05,7/9/2022 12:00:00 AM,996.57,9,2022-08-20T00:00:00.000,1005,14,9,0.05,896.91296
Vendor1,996.57,2022-07-21T14:25:25.000,122,Complete the Customer Memo,356,AdventureWorks Holding,Materials procured externally,0.05,7/9/2022 12:00:00 AM,996.57,9,2022-08-20T00:00:00.000,1005,14,9,0.05,896.91296
Vendor1,996.57,2022-07-21T16:01:14.000,122,Approve Invoice,356,AdventureWorks Holding,Materials procured externally,0.05,7/9/2022 12:00:00 AM,996.57,9,2022-08-20T00:00:00.000,1005,14,9,0.05,896.91296
Vendor1,996.57,2022-07-22T09:27:48.000,122,Credit Memo Creation,356,AdventureWorks Holding,Materials procured externally,0.05,7/9/2022 12:00:00 AM,996.57,9,2022-08-20T00:00:00.000,1005,14,9,0.05,896.91296
Vendor1,996.57,2022-07-22T10:39:08.000,122,Fill Credit Memo,356,AdventureWorks Holding,Materials procured externally,0.05,7/9/2022 12:00:00 AM,996.57,9,2022-08-20T00:00:00.000,1005,14,9,0.05,896.91296
Vendor1,996.57,2022-07-22T12:05:03.000,122,Re-issuing the invoice,356,AdventureWorks Holding,Materials procured externally,0.05,7/9/2022 12:00:00 AM,996.57,9,2022-08-20T00:00:00.000,1005,14,9,0.05,896.91296
Vendor1,1200.17,2022-07-27T13:07:18.000,123,Invoice Entry,105,AdventureWorks Holding,Materials procured externally,0.05,7/22/2022 12:00:00 AM,1200.17,9,2022-08-26T00:00:00.000,1080,14,9,0.05,1080.153
Vendor1,1200.17,2022-07-27T15:01:06.000,123,Check Customer Payment,105,AdventureWorks Holding,Materials procured externally,0.05,7/22/2022 12:00:00 AM,1200.17,9,2022-08-26T00:00:00.000,1080,14,9,0.05,1080.153
Vendor1,1200.17,2022-07-27T16:14:49.000,123,Credit Memo Entry,105,AdventureWorks Holding,Materials procured externally,0.05,7/22/2022 12:00:00 AM,1200.17,9,2022-08-26T00:00:00.000,1080,14,9,0.05,1080.153
Vendor1,1200.17,2022-07-27T17:52:15.000,123,Refund Customer,105,AdventureWorks Holding,Materials procured externally,0.05,7/22/2022 12:00:00 AM,1200.17,9,2022-08-26T00:00:00.000,1080,14,9,0.05,1080.153
Vendor1,1200.17,2022-07-28T09:16:05.000,123,Re-issuing the invoice,105,AdventureWorks Holding,Materials procured externally,0.05,7/22/2022 12:00:00 AM,1200.17,9,2022-08-26T00:00:00.000,1080,14,9,0.05,1080.153
Vendor4,571.35,2022-08-08T09:04:35.000,124,Invoice Entry,356,Leprechaun Ltd.,Finished products,0.1,7/28/2022 12:00:00 AM,514.21497,4.5,2022-08-23T00:00:00.000,1071,14,4.5,0.1,514.21497
Vendor4,571.35,2022-08-08T10:29:38.000,124,Confirm Payment Received,356,Leprechaun Ltd.,Finished products,0.1,7/28/2022 12:00:00 AM,514.21497,4.5,2022-08-23T00:00:00.000,1071,14,4.5,0.1,514.21497
Vendor4,571.35,2022-08-08T12:08:37.000,124,Refund With Standard Voucher,356,Leprechaun Ltd.,Finished products,0.1,7/28/2022 12:00:00 AM,514.21497,4.5,2022-08-23T00:00:00.000,1071,14,4.5,0.1,514.21497
Vendor4,571.35,2022-08-08T12:44:42.000,124,Complete the Customer Memo,356,Leprechaun Ltd.,Finished products,0.1,7/28/2022 12:00:00 AM,514.21497,4.5,2022-08-23T00:00:00.000,1071,14,4.5,0.1,514.21497
Vendor4,571.35,2022-08-08T15:51:07.000,124,Reject Invoice,356,Leprechaun Ltd.,Finished products,0.1,7/28/2022 12:00:00 AM,514.21497,4.5,2022-08-23T00:00:00.000,1071,14,4.5,0.1,514.21497
Vendor4,571.35,2022-08-09T09:38:08.000,124,Refund With Standard Voucher,356,Leprechaun Ltd.,Finished products,0.1,7/28/2022 12:00:00 AM,514.21497,4.5,2022-08-23T00:00:00.000,1071,14,4.5,0.1,514.21497
Vendor4,571.35,2022-08-09T10:56:47.000,124,Complete the Customer Memo,356,Leprechaun Ltd.,Finished products,0.1,7/28/2022 12:00:00 AM,514.21497,4.5,2022-08-23T00:00:00.000,1071,14,4.5,0.1,514.21497
Vendor4,571.35,2022-08-09T13:31:08.000,124,Reject Invoice,356,Leprechaun Ltd.,Finished products,0.1,7/28/2022 12:00:00 AM,514.21497,4.5,2022-08-23T00:00:00.000,1071,14,4.5,0.1,514.21497
Vendor4,571.35,2022-08-09T16:18:38.000,124,Refund With Standard Voucher,356,Leprechaun Ltd.,Finished products,0.1,7/28/2022 12:00:00 AM,514.21497,4.5,2022-08-23T00:00:00.000,1071,14,4.5,0.1,514.21497
Vendor4,571.35,2022-08-09T17:26:14.000,124,Complete the Customer Memo,356,Leprechaun Ltd.,Finished products,0.1,7/28/2022 12:00:00 AM,514.21497,4.5,2022-08-23T00:00:00.000,1071,14,4.5,0.1,514.21497
Vendor4,571.35,2022-08-10T09:18:53.000,124,Reject Invoice,356,Leprechaun Ltd.,Finished products,0.1,7/28/2022 12:00:00 AM,514.21497,4.5,2022-08-23T00:00:00.000,1071,14,4.5,0.1,514.21497
Vendor4,571.35,2022-08-10T12:11:51.000,124,Refund With Standard Voucher,356,Leprechaun Ltd.,Finished products,0.1,7/28/2022 12:00:00 AM,514.21497,4.5,2022-08-23T00:00:00.000,1071,14,4.5,0.1,514.21497
Vendor4,571.35,2022-08-10T12:49:47.000,124,Complete the Customer Memo,356,Leprechaun Ltd.,Finished products,0.1,7/28/2022 12:00:00 AM,514.21497,4.5,2022-08-23T00:00:00.000,1071,14,4.5,0.1,514.21497
Vendor4,571.35,2022-08-10T15:08:15.000,124,Reject Invoice,356,Leprechaun Ltd.,Finished products,0.1,7/28/2022 12:00:00 AM,514.21497,4.5,2022-08-23T00:00:00.000,1071,14,4.5,0.1,514.21497
Vendor4,571.35,2022-08-11T09:06:01.000,124,Refund With Standard Voucher,356,Leprechaun Ltd.,Finished products,0.1,7/28/2022 12:00:00 AM,514.21497,4.5,2022-08-23T00:00:00.000,1071,14,4.5,0.1,514.21497
Vendor4,571.35,2022-08-11T09:38:50.000,124,Complete the Customer Memo,356,Leprechaun Ltd.,Finished products,0.1,7/28/2022 12:00:00 AM,514.21497,4.5,2022-08-23T00:00:00.000,1071,14,4.5,0.1,514.21497
Vendor4,571.35,2022-08-11T13:15:06.000,124,Approve Invoice,356,Leprechaun Ltd.,Finished products,0.1,7/28/2022 12:00:00 AM,514.21497,4.5,2022-08-23T00:00:00.000,1071,14,4.5,0.1,514.21497
Vendor4,571.35,2022-08-11T16:32:56.000,124,Credit Memo Creation,356,Leprechaun Ltd.,Finished products,0.1,7/28/2022 12:00:00 AM,514.21497,4.5,2022-08-23T00:00:00.000,1071,14,4.5,0.1,514.21497
Vendor4,571.35,2022-08-11T17:10:30.000,124,Fill Credit Memo,356,Leprechaun Ltd.,Finished products,0.1,7/28/2022 12:00:00 AM,514.21497,4.5,2022-08-23T00:00:00.000,1071,14,4.5,0.1,514.21497
Vendor4,571.35,2022-08-11T17:49:40.000,124,Re-issuing the invoice,356,Leprechaun Ltd.,Finished products,0.1,7/28/2022 12:00:00 AM,514.21497,4.5,2022-08-23T00:00:00.000,1071,14,4.5,0.1,514.21497
Vendor4,736.36,2022-08-12T16:32:39.000,125,Invoice Entry,356,Leprechaun Ltd.,Finished products,0.05,7/30/2022 12:00:00 AM,736.36,9,2022-09-11T00:00:00.000,1087,14,9,0.05,662.724
Vendor4,736.36,2022-08-12T17:37:08.000,125,Confirm Payment Received,356,Leprechaun Ltd.,Finished products,0.05,7/30/2022 12:00:00 AM,736.36,9,2022-09-11T00:00:00.000,1087,14,9,0.05,662.724
Vendor4,736.36,2022-08-15T09:48:09.000,125,Refund With Standard Voucher,356,Leprechaun Ltd.,Finished products,0.05,7/30/2022 12:00:00 AM,736.36,9,2022-09-11T00:00:00.000,1087,14,9,0.05,662.724
Vendor4,736.36,2022-08-15T10:41:59.000,125,Complete the Customer Memo,356,Leprechaun Ltd.,Finished products,0.05,7/30/2022 12:00:00 AM,736.36,9,2022-09-11T00:00:00.000,1087,14,9,0.05,662.724
Vendor4,736.36,2022-08-15T14:08:03.000,125,Approve Invoice,356,Leprechaun Ltd.,Finished products,0.05,7/30/2022 12:00:00 AM,736.36,9,2022-09-11T00:00:00.000,1087,14,9,0.05,662.724
Vendor4,736.36,2022-08-15T17:41:04.000,125,Credit Memo Creation,356,Leprechaun Ltd.,Finished products,0.05,7/30/2022 12:00:00 AM,736.36,9,2022-09-11T00:00:00.000,1087,14,9,0.05,662.724
Vendor4,736.36,2022-08-16T09:25:14.000,125,Fill Credit Memo,356,Leprechaun Ltd.,Finished products,0.05,7/30/2022 12:00:00 AM,736.36,9,2022-09-11T00:00:00.000,1087,14,9,0.05,662.724
Vendor4,736.36,2022-08-16T10:00:04.000,125,Re-issuing the invoice,356,Leprechaun Ltd.,Finished products,0.05,7/30/2022 12:00:00 AM,736.36,9,2022-09-11T00:00:00.000,1087,14,9,0.05,662.724
Vendor2,464.75,2022-07-26T09:10:51.000,126,Invoice Entry,356,Contoso Metal,Finished products,0.05,7/12/2022 12:00:00 AM,464.75,9,2022-08-25T00:00:00.000,1027,21,9,0.05,418.275
Vendor2,464.75,2022-07-26T15:05:00.000,126,Confirm Payment Received,356,Contoso Metal,Finished products,0.05,7/12/2022 12:00:00 AM,464.75,9,2022-08-25T00:00:00.000,1027,21,9,0.05,418.275
Vendor2,464.75,2022-07-27T09:36:23.000,126,Refund With Special Voucher,356,Contoso Metal,Finished products,0.05,7/12/2022 12:00:00 AM,464.75,9,2022-08-25T00:00:00.000,1027,21,9,0.05,418.275
Vendor2,464.75,2022-07-28T09:20:17.000,126,Complete the Customer Memo,356,Contoso Metal,Finished products,0.05,7/12/2022 12:00:00 AM,464.75,9,2022-08-25T00:00:00.000,1027,21,9,0.05,418.275
Vendor2,464.75,2022-07-29T09:16:54.000,126,Approve Invoice,356,Contoso Metal,Finished products,0.05,7/12/2022 12:00:00 AM,464.75,9,2022-08-25T00:00:00.000,1027,21,9,0.05,418.275
Vendor2,464.75,2022-08-01T09:53:45.000,126,Credit Memo Creation,356,Contoso Metal,Finished products,0.05,7/12/2022 12:00:00 AM,464.75,9,2022-08-25T00:00:00.000,1027,21,9,0.05,418.275
Vendor2,464.75,2022-08-01T15:17:44.000,126,Fill Credit Memo,356,Contoso Metal,Finished products,0.05,7/12/2022 12:00:00 AM,464.75,9,2022-08-25T00:00:00.000,1027,21,9,0.05,418.275
Vendor2,464.75,2022-08-02T09:30:39.000,126,Re-issuing the invoice,356,Contoso Metal,Finished products,0.05,7/12/2022 12:00:00 AM,464.75,9,2022-08-25T00:00:00.000,1027,21,9,0.05,418.275
Vendor2,1929.69,2022-07-29T09:40:00.000,127,Invoice Entry,356,Contoso Metal,Semifinished products,0.1,7/22/2022 12:00:00 AM,1929.69,4.5,2022-08-13T00:00:00.000,1126,21,4.5,0.1,1736.721
Vendor2,1929.69,2022-07-29T11:28:34.000,127,Check Customer Payment,356,Contoso Metal,Semifinished products,0.1,7/22/2022 12:00:00 AM,1929.69,4.5,2022-08-13T00:00:00.000,1126,21,4.5,0.1,1736.721
Vendor2,1929.69,2022-07-29T12:53:54.000,127,Credit Memo Entry,356,Contoso Metal,Semifinished products,0.1,7/22/2022 12:00:00 AM,1929.69,4.5,2022-08-13T00:00:00.000,1126,21,4.5,0.1,1736.721
Vendor2,1929.69,2022-07-29T15:05:03.000,127,Refund Customer,356,Contoso Metal,Semifinished products,0.1,7/22/2022 12:00:00 AM,1929.69,4.5,2022-08-13T00:00:00.000,1126,21,4.5,0.1,1736.721
Vendor2,1929.69,2022-07-29T16:52:48.000,127,Re-issuing the invoice,356,Contoso Metal,Semifinished products,0.1,7/22/2022 12:00:00 AM,1929.69,4.5,2022-08-13T00:00:00.000,1126,21,4.5,0.1,1736.721
Vendor1,1109.71,2022-08-15T10:35:17.000,128,Invoice Entry,356,AdventureWorks Holding,Trading goods,0.05,8/10/2022 12:00:00 AM,1109.71,9,2022-09-14T00:00:00.000,1021,21,9,0.05,998.73895
Vendor1,1109.71,2022-08-15T12:15:41.000,128,Confirm Payment Received,356,AdventureWorks Holding,Trading goods,0.05,8/10/2022 12:00:00 AM,1109.71,9,2022-09-14T00:00:00.000,1021,21,9,0.05,998.73895
Vendor1,1109.71,2022-08-15T14:08:47.000,128,Refund With Standard Voucher,356,AdventureWorks Holding,Trading goods,0.05,8/10/2022 12:00:00 AM,1109.71,9,2022-09-14T00:00:00.000,1021,21,9,0.05,998.73895
Vendor1,1109.71,2022-08-15T15:18:54.000,128,Complete the Customer Memo,356,AdventureWorks Holding,Trading goods,0.05,8/10/2022 12:00:00 AM,1109.71,9,2022-09-14T00:00:00.000,1021,21,9,0.05,998.73895
Vendor1,1109.71,2022-08-15T17:34:16.000,128,Reject Invoice,356,AdventureWorks Holding,Trading goods,0.05,8/10/2022 12:00:00 AM,1109.71,9,2022-09-14T00:00:00.000,1021,21,9,0.05,998.73895
Vendor1,1109.71,2022-08-16T09:22:21.000,128,Refund With Standard Voucher,356,AdventureWorks Holding,Trading goods,0.05,8/10/2022 12:00:00 AM,1109.71,9,2022-09-14T00:00:00.000,1021,21,9,0.05,998.73895
Vendor1,1109.71,2022-08-16T10:58:33.000,128,Complete the Customer Memo,356,AdventureWorks Holding,Trading goods,0.05,8/10/2022 12:00:00 AM,1109.71,9,2022-09-14T00:00:00.000,1021,21,9,0.05,998.73895
Vendor1,1109.71,2022-08-16T15:36:38.000,128,Reject Invoice,356,AdventureWorks Holding,Trading goods,0.05,8/10/2022 12:00:00 AM,1109.71,9,2022-09-14T00:00:00.000,1021,21,9,0.05,998.73895
Vendor1,1109.71,2022-08-17T09:17:06.000,128,Refund With Standard Voucher,356,AdventureWorks Holding,Trading goods,0.05,8/10/2022 12:00:00 AM,1109.71,9,2022-09-14T00:00:00.000,1021,21,9,0.05,998.73895
Vendor1,1109.71,2022-08-17T10:44:55.000,128,Complete the Customer Memo,356,AdventureWorks Holding,Trading goods,0.05,8/10/2022 12:00:00 AM,1109.71,9,2022-09-14T00:00:00.000,1021,21,9,0.05,998.73895
Vendor1,1109.71,2022-08-17T14:09:48.000,128,Reject Invoice,356,AdventureWorks Holding,Trading goods,0.05,8/10/2022 12:00:00 AM,1109.71,9,2022-09-14T00:00:00.000,1021,21,9,0.05,998.73895
Vendor1,1109.71,2022-08-17T17:00:23.000,128,Refund With Standard Voucher,356,AdventureWorks Holding,Trading goods,0.05,8/10/2022 12:00:00 AM,1109.71,9,2022-09-14T00:00:00.000,1021,21,9,0.05,998.73895
Vendor1,1109.71,2022-08-17T17:41:33.000,128,Complete the Customer Memo,356,AdventureWorks Holding,Trading goods,0.05,8/10/2022 12:00:00 AM,1109.71,9,2022-09-14T00:00:00.000,1021,21,9,0.05,998.73895
Vendor1,1109.71,2022-08-18T09:53:11.000,128,Reject Invoice,356,AdventureWorks Holding,Trading goods,0.05,8/10/2022 12:00:00 AM,1109.71,9,2022-09-14T00:00:00.000,1021,21,9,0.05,998.73895
Vendor1,1109.71,2022-08-18T12:59:36.000,128,Refund With Standard Voucher,356,AdventureWorks Holding,Trading goods,0.05,8/10/2022 12:00:00 AM,1109.71,9,2022-09-14T00:00:00.000,1021,21,9,0.05,998.73895
Vendor1,1109.71,2022-08-18T13:35:05.000,128,Complete the Customer Memo,356,AdventureWorks Holding,Trading goods,0.05,8/10/2022 12:00:00 AM,1109.71,9,2022-09-14T00:00:00.000,1021,21,9,0.05,998.73895
Vendor1,1109.71,2022-08-18T17:35:07.000,128,Approve Invoice,356,AdventureWorks Holding,Trading goods,0.05,8/10/2022 12:00:00 AM,1109.71,9,2022-09-14T00:00:00.000,1021,21,9,0.05,998.73895
Vendor1,1109.71,2022-08-19T09:44:47.000,128,Credit Memo Creation,356,AdventureWorks Holding,Trading goods,0.05,8/10/2022 12:00:00 AM,1109.71,9,2022-09-14T00:00:00.000,1021,21,9,0.05,998.73895
Vendor1,1109.71,2022-08-19T11:09:12.000,128,Fill Credit Memo,356,AdventureWorks Holding,Trading goods,0.05,8/10/2022 12:00:00 AM,1109.71,9,2022-09-14T00:00:00.000,1021,21,9,0.05,998.73895
Vendor1,1109.71,2022-08-19T12:44:21.000,128,Re-issuing the invoice,356,AdventureWorks Holding,Trading goods,0.05,8/10/2022 12:00:00 AM,1109.71,9,2022-09-14T00:00:00.000,1021,21,9,0.05,998.73895
Vendor2,1770.58,2022-08-15T10:55:17.000,129,Invoice Entry,356,Contoso Metal,Finished products,0.05,8/2/2022 12:00:00 AM,1770.58,9,2022-09-14T00:00:00.000,1050,7,9,0.05,1593.522
Vendor2,1770.58,2022-08-15T13:03:08.000,129,Check Customer Payment,356,Contoso Metal,Finished products,0.05,8/2/2022 12:00:00 AM,1770.58,9,2022-09-14T00:00:00.000,1050,7,9,0.05,1593.522
Vendor2,1770.58,2022-08-15T14:36:49.000,129,Credit Memo Entry,356,Contoso Metal,Finished products,0.05,8/2/2022 12:00:00 AM,1770.58,9,2022-09-14T00:00:00.000,1050,7,9,0.05,1593.522
Vendor2,1770.58,2022-08-15T15:42:37.000,129,Refund Customer,356,Contoso Metal,Finished products,0.05,8/2/2022 12:00:00 AM,1770.58,9,2022-09-14T00:00:00.000,1050,7,9,0.05,1593.522
Vendor2,1770.58,2022-08-15T17:24:40.000,129,Re-issuing the invoice,356,Contoso Metal,Finished products,0.05,8/2/2022 12:00:00 AM,1770.58,9,2022-09-14T00:00:00.000,1050,7,9,0.05,1593.522
Vendor4,190.83,2022-07-14T10:09:50.000,130,Invoice Entry,105,Leprechaun Ltd.,Finished products,0.05,7/8/2022 12:00:00 AM,190.83,9,2022-08-13T00:00:00.000,1113,21,9,0.05,171.747
Vendor4,190.83,2022-07-14T12:09:06.000,130,Check Customer Payment,105,Leprechaun Ltd.,Finished products,0.05,7/8/2022 12:00:00 AM,190.83,9,2022-08-13T00:00:00.000,1113,21,9,0.05,171.747
Vendor4,190.83,2022-07-14T13:55:45.000,130,Credit Memo Entry,105,Leprechaun Ltd.,Finished products,0.05,7/8/2022 12:00:00 AM,190.83,9,2022-08-13T00:00:00.000,1113,21,9,0.05,171.747
Vendor4,190.83,2022-07-14T15:31:25.000,130,Refund Customer,105,Leprechaun Ltd.,Finished products,0.05,7/8/2022 12:00:00 AM,190.83,9,2022-08-13T00:00:00.000,1113,21,9,0.05,171.747
Vendor4,190.83,2022-07-14T17:29:04.000,130,Re-issuing the invoice,105,Leprechaun Ltd.,Finished products,0.05,7/8/2022 12:00:00 AM,190.83,9,2022-08-13T00:00:00.000,1113,21,9,0.05,171.747
Vendor2,2549.04,2022-08-23T09:38:01.000,131,Invoice Entry,356,Contoso Metal,Finished products,0.05,8/10/2022 12:00:00 AM,2549.04,9,2022-09-22T00:00:00.000,1090,14,9,0.05,2294.136
Vendor2,2549.04,2022-08-23T11:34:43.000,131,Confirm Payment Received,356,Contoso Metal,Finished products,0.05,8/10/2022 12:00:00 AM,2549.04,9,2022-09-22T00:00:00.000,1090,14,9,0.05,2294.136
Vendor2,2549.04,2022-08-23T13:19:11.000,131,Refund With Standard Voucher,356,Contoso Metal,Finished products,0.05,8/10/2022 12:00:00 AM,2549.04,9,2022-09-22T00:00:00.000,1090,14,9,0.05,2294.136
Vendor2,2549.04,2022-08-23T14:13:34.000,131,Complete the Customer Memo,356,Contoso Metal,Finished products,0.05,8/10/2022 12:00:00 AM,2549.04,9,2022-09-22T00:00:00.000,1090,14,9,0.05,2294.136
Vendor2,2549.04,2022-08-24T09:28:53.000,131,Reject Invoice,356,Contoso Metal,Finished products,0.05,8/10/2022 12:00:00 AM,2549.04,9,2022-09-22T00:00:00.000,1090,14,9,0.05,2294.136
Vendor2,2549.04,2022-08-24T13:09:04.000,131,Refund With Standard Voucher,356,Contoso Metal,Finished products,0.05,8/10/2022 12:00:00 AM,2549.04,9,2022-09-22T00:00:00.000,1090,14,9,0.05,2294.136
Vendor2,2549.04,2022-08-24T14:03:10.000,131,Complete the Customer Memo,356,Contoso Metal,Finished products,0.05,8/10/2022 12:00:00 AM,2549.04,9,2022-09-22T00:00:00.000,1090,14,9,0.05,2294.136
Vendor2,2549.04,2022-08-25T09:13:02.000,131,Reject Invoice,356,Contoso Metal,Finished products,0.05,8/10/2022 12:00:00 AM,2549.04,9,2022-09-22T00:00:00.000,1090,14,9,0.05,2294.136
Vendor2,2549.04,2022-08-25T11:47:37.000,131,Refund With Standard Voucher,356,Contoso Metal,Finished products,0.05,8/10/2022 12:00:00 AM,2549.04,9,2022-09-22T00:00:00.000,1090,14,9,0.05,2294.136
Vendor2,2549.04,2022-08-25T12:32:21.000,131,Complete the Customer Memo,356,Contoso Metal,Finished products,0.05,8/10/2022 12:00:00 AM,2549.04,9,2022-09-22T00:00:00.000,1090,14,9,0.05,2294.136
Vendor2,2549.04,2022-08-25T16:46:22.000,131,Approve Invoice,356,Contoso Metal,Finished products,0.05,8/10/2022 12:00:00 AM,2549.04,9,2022-09-22T00:00:00.000,1090,14,9,0.05,2294.136
Vendor2,2549.04,2022-08-26T09:59:23.000,131,Credit Memo Creation,356,Contoso Metal,Finished products,0.05,8/10/2022 12:00:00 AM,2549.04,9,2022-09-22T00:00:00.000,1090,14,9,0.05,2294.136
Vendor2,2549.04,2022-08-26T11:29:31.000,131,Fill Credit Memo,356,Contoso Metal,Finished products,0.05,8/10/2022 12:00:00 AM,2549.04,9,2022-09-22T00:00:00.000,1090,14,9,0.05,2294.136
Vendor2,2549.04,2022-08-26T13:21:00.000,131,Re-issuing the invoice,356,Contoso Metal,Finished products,0.05,8/10/2022 12:00:00 AM,2549.04,9,2022-09-22T00:00:00.000,1090,14,9,0.05,2294.136
Vendor2,525.85,2022-07-28T16:41:14.000,132,Invoice Entry,356,Contoso Metal,Raw materials,0.1,7/23/2022 12:00:00 AM,525.85,4.5,2022-08-12T00:00:00.000,1120,21,4.5,0.1,473.26495
Vendor2,525.85,2022-07-29T09:37:51.000,132,Check Customer Payment,356,Contoso Metal,Raw materials,0.1,7/23/2022 12:00:00 AM,525.85,4.5,2022-08-12T00:00:00.000,1120,21,4.5,0.1,473.26495
Vendor2,525.85,2022-07-29T16:13:04.000,132,Credit Memo Entry,356,Contoso Metal,Raw materials,0.1,7/23/2022 12:00:00 AM,525.85,4.5,2022-08-12T00:00:00.000,1120,21,4.5,0.1,473.26495
Vendor2,525.85,2022-08-01T09:48:12.000,132,Refund Customer,356,Contoso Metal,Raw materials,0.1,7/23/2022 12:00:00 AM,525.85,4.5,2022-08-12T00:00:00.000,1120,21,4.5,0.1,473.26495
Vendor2,525.85,2022-08-01T17:18:57.000,132,Re-issuing the invoice,356,Contoso Metal,Raw materials,0.1,7/23/2022 12:00:00 AM,525.85,4.5,2022-08-12T00:00:00.000,1120,21,4.5,0.1,473.26495
