Order ID,Creation Date,Creation Time,Customer ID,Order Value,Currency,Order Type,User,Requested Delivery Date,Delivery Block,Billing Block,Company Code
Order - 0001,09/05/2023,16:26:58,CUST - 001,718.2,EUR,SO,USER - 05682,11/05/2023,,X,Company 1
Order - 0002,15/05/2023,10:09:49,CUST - 002,2472.6,EUR,SO,USER - 05682,16/05/2023,,,Company 1
Order - 0003,15/05/2023,15:25:17,CUST - 003,4780.8,EUR,SO,USER - 05682,26/05/2023,,,Company 1
Order - 0004,15/05/2023,15:29:36,CUST - 003,34547.7,EUR,SO,USER - 05682,26/05/2023,,,Company 1
Order - 0005,15/05/2023,15:31:15,CUST - 003,12089.22,EUR,SO,USER - 05682,26/05/2023,,,Company 1
Order - 0007,16/05/2023,14:34:02,CUST - 004,34964.5,EUR,ST,USER - 10897,16/05/2023,,,Company 1
Order - 0008,16/05/2023,15:38:05,CUST - 004,37899.6,EUR,ST,USER - 10897,16/05/2023,,,Company 1
Order - 0009,16/05/2023,15:41:13,CUST - 004,38815.58,EUR,ST,USER - 10897,17/05/2023,,,Company 1
Order - 0010,16/05/2023,16:09:50,CUST - 004,34342.76,EUR,ST,USER - 10897,17/05/2023,,,Company 1
Order - 0011,17/05/2023,15:36:45,CUST - 004,37976.69,EUR,ST,USER - 10897,18/05/2023,,,Company 1
Order - 0012,17/05/2023,16:12:14,CUST - 005,73694.9,EUR,SO,USER - 05682,17/02/2024,X,X,Company 1
Order - 0013,23/05/2023,13:04:18,CUST - 004,33289.27,EUR,ST,USER - 10897,23/05/2023,,,Company 1
Order - 0014,23/05/2023,15:39:14,CUST - 006,9908.4,PLN,ST,USER - 10897,24/05/2023,,,Company 1
Order - 0015,25/05/2023,12:05:06,CUST - 001,23940,EUR,SO,USER - 04201,31/08/2023,,,Company 1
Order - 0016,25/05/2023,12:32:27,CUST - 002,32473.48,EUR,SO,USER - 04201,27/07/2023,,,Company 1
Order - 0017,26/05/2023,17:00:32,CUST - 004,37289.33,EUR,ST,USER - 10897,27/05/2023,,,Company 1
Order - 0018,30/05/2023,14:09:07,CUST - 005,10883.35,EUR,SO,USER - 05682,22/06/2023,,,Company 1
Order - 0019,30/05/2023,14:33:10,CUST - 008,6,PLN,ST,USER - 04201,30/05/2023,,,Company 1
Order - 0020,30/05/2023,14:29:58,CUST - 007,1407.5,EUR,ST,USER - 10897,30/05/2023,,,Company 1
Order - 0021,30/05/2023,14:43:02,CUST - 009,500,PLN,ST,USER - 10897,30/05/2023,,,Company 1
Order - 0022,30/05/2023,15:13:28,CUST - 006,7364.8,PLN,ST,USER - 10897,30/05/2023,,,Company 1
Order - 0023,30/05/2023,16:07:51,CUST - 010,301.85,EUR,SO,USER - 03640,31/05/2023,,,Company 1
Order - 0024,30/05/2023,20:42:28,CUST - 004,32292.64,EUR,ST,USER - 10897,30/05/2023,,,Company 1
Order - 0025,31/05/2023,13:17:33,CUST - 011,13107.6,EUR,SO,USER - 03676,01/06/2023,,,Company 1
Order - 0026,31/05/2023,13:35:32,CUST - 011,15573.74,EUR,SO,USER - 03676,01/06/2023,,,Company 1
Order - 0027,31/05/2023,13:49:51,CUST - 001,55000,EUR,ST,USER - 04201,03/07/2023,,,Company 1
Order - 0028,31/05/2023,14:14:05,CUST - 001,11000,EUR,ST,USER - 04201,03/07/2023,,,Company 1
Order - 0029,31/05/2023,18:52:39,CUST - 006,4830.5,PLN,ST,USER - 10897,31/05/2023,,,Company 1
Order - 0030,31/05/2023,19:30:14,CUST - 004,31837.36,EUR,ST,USER - 10897,31/05/2023,,,Company 1
Order - 0031,02/06/2023,11:44:42,CUST - 011,26253.48,EUR,SO,USER - 03676,03/06/2023,,,Company 1
Order - 0032,02/06/2023,13:14:38,CUST - 011,25148.8,EUR,SO,USER - 03676,03/06/2023,,,Company 1
Order - 0033,05/06/2023,12:04:24,CUST - 011,48960,EUR,SO,USER - 03676,06/06/2023,,,Company 1
Order - 0034,06/06/2023,09:38:15,CUST - 007,1841.1,EUR,SO,USER - 05682,04/06/2023,,,Company 1
Order - 0035,06/06/2023,13:02:31,CUST - 011,3421.44,EUR,SO,USER - 03676,07/06/2023,,,Company 1
Order - 0036,06/06/2023,13:11:04,CUST - 001,17513,EUR,ST,USER - 10897,07/06/2023,,,Company 1
Order - 0037,06/06/2023,14:14:53,CUST - 001,5677,EUR,ST,USER - 10897,06/06/2023,,,Company 1
Order - 0038,06/06/2023,14:55:20,CUST - 001,4710,EUR,ST,USER - 10897,06/06/2023,,,Company 1
Order - 0039,07/06/2023,08:39:49,CUST - 011,29383.8,EUR,SO,USER - 03676,08/06/2023,,,Company 1
Order - 0040,07/06/2023,08:54:16,CUST - 011,35900.72,EUR,SO,USER - 03676,08/06/2023,,,Company 1
Order - 0041,07/06/2023,11:11:34,CUST - 005,35213.56,EUR,SO,USER - 05682,07/07/2023,,X,Company 1
Order - 0042,07/06/2023,13:35:56,CUST - 008,2219,PLN,ST,USER - 10897,07/06/2023,,,Company 1
Order - 0043,07/06/2023,13:53:07,CUST - 004,35841.67,EUR,ST,USER - 10897,08/06/2023,,,Company 1
Order - 0044,07/06/2023,14:11:54,CUST - 006,7370.3,PLN,ST,USER - 10897,08/06/2023,,,Company 1
Order - 0045,09/06/2023,09:42:51,CUST - 011,26253.48,EUR,SO,USER - 03676,10/06/2023,,,Company 1
Order - 0046,12/06/2023,13:03:11,CUST - 004,32436.68,EUR,ST,USER - 10897,13/06/2023,,,Company 1
Order - 0047,12/06/2023,15:44:47,CUST - 011,30421.24,EUR,SO,USER - 03676,13/06/2023,,,Company 1
Order - 0048,13/06/2023,07:44:42,CUST - 010,120018.99,EUR,ST,USER - 10897,13/06/2023,,,Company 1
Order - 0049,13/06/2023,08:22:53,CUST - 010,8796.06,EUR,ST,USER - 10897,13/06/2023,,,Company 1
Order - 0050,13/06/2023,13:24:49,CUST - 011,16613.52,EUR,SO,USER - 03676,14/06/2023,,,Company 1
Order - 0051,13/06/2023,13:46:56,CUST - 011,48960,EUR,SO,USER - 03676,14/06/2023,,,Company 1
Order - 0052,13/06/2023,13:51:45,CUST - 011,26212.32,EUR,SO,USER - 03676,14/06/2023,,,Company 1
Order - 0053,15/06/2023,10:19:10,CUST - 011,48960,EUR,SO,USER - 03676,16/06/2023,,,Company 1
Order - 0054,15/06/2023,10:26:30,CUST - 011,30430.6,EUR,SO,USER - 03676,16/06/2023,,,Company 1
Order - 0055,18/06/2023,21:17:06,CUST - 006,6553.3,PLN,ST,USER - 10897,20/06/2023,,,Company 1
Order - 0056,20/06/2023,08:07:51,CUST - 004,36136.83,EUR,ST,USER - 10897,21/06/2023,,X,Company 1
Order - 0057,20/06/2023,12:08:50,CUST - 004,36141.58,EUR,ST,USER - 10897,20/06/2023,,,Company 1
Order - 0058,20/06/2023,12:26:23,CUST - 004,35406.53,EUR,ST,USER - 10897,21/06/2023,,,Company 1
Order - 0059,20/06/2023,13:02:44,CUST - 011,29851.52,EUR,SO,USER - 03676,21/06/2023,,,Company 1
Order - 0060,20/06/2023,13:10:29,CUST - 011,21035.82,EUR,SO,USER - 03676,21/06/2023,,,Company 1
Order - 0061,22/06/2023,13:12:53,CUST - 011,48960,EUR,SO,USER - 03676,23/06/2023,,,Company 1
Order - 0062,22/06/2023,13:21:11,CUST - 011,18898.32,EUR,SO,USER - 03676,23/06/2023,,,Company 1
Order - 0063,23/06/2023,09:34:58,CUST - 011,34115.14,EUR,SO,USER - 03676,24/06/2023,,,Company 1
Order - 0064,23/06/2023,15:04:18,CUST - 004,31920.08,EUR,ST,USER - 10897,23/06/2023,,,Company 1
Order - 0065,26/06/2023,12:46:28,CUST - 006,6585.4,PLN,ST,USER - 10897,26/06/2023,,,Company 1
Order - 0066,26/06/2023,13:02:16,CUST - 004,34892.38,EUR,ST,USER - 10897,26/06/2023,,,Company 1
Order - 0067,26/06/2023,15:36:18,CUST - 011,18010.08,EUR,SO,USER - 03676,27/06/2023,,,Company 1
Order - 0068,27/06/2023,13:25:18,CUST - 011,13492.62,EUR,SO,USER - 03676,28/06/2023,,X,Company 1
Order - 0069,27/06/2023,14:11:42,CUST - 011,9771.96,EUR,SO,USER - 10897,28/06/2023,,,Company 1
Order - 0070,27/06/2023,14:08:32,CUST - 012,17748.69,EUR,ST,USER - 03676,28/06/2023,,,Company 1
Order - 0071,27/06/2023,16:19:57,CUST - 011,13492.62,EUR,SO,USER - 03676,28/06/2023,,,Company 1
Order - 0072,28/06/2023,13:28:02,CUST - 011,48960,EUR,SO,USER - 03676,29/06/2023,,,Company 1
Order - 0073,28/06/2023,15:57:48,CUST - 006,8177.7,PLN,ST,USER - 10897,28/06/2023,,,Company 1
Order - 0074,29/06/2023,11:00:56,CUST - 011,18680.4,EUR,SO,USER - 03676,30/06/2023,,,Company 1
Order - 0075,29/06/2023,11:07:54,CUST - 011,26253.48,EUR,SO,USER - 03676,30/06/2023,,,Company 1
Order - 0076,29/06/2023,11:11:15,CUST - 011,28757.84,EUR,SO,USER - 03676,30/06/2023,,,Company 1
Order - 0077,30/06/2023,10:10:35,CUST - 013,388.8,EUR,SO,USER - 03649,05/07/2023,,,Company 1
Order - 0078,30/06/2023,10:31:29,CUST - 005,73694.9,EUR,SO,USER - 03649,30/06/2023,,,Company 1
Order - 0079,30/06/2023,10:55:14,CUST - 005,57019.95,EUR,SO,USER - 03649,08/07/2023,,,Company 1
Order - 0080,30/06/2023,11:02:52,CUST - 005,22362.48,EUR,SO,USER - 03649,15/07/2023,,,Company 1
Order - 0081,30/06/2023,12:34:47,CUST - 011,13177,EUR,SO,USER - 03676,01/07/2023,,,Company 1
Order - 0082,30/06/2023,18:50:07,CUST - 009,500,PLN,ST,USER - 10897,30/06/2023,,,Company 1
Order - 0083,30/06/2023,19:29:57,CUST - 004,35846.99,EUR,ST,USER - 10897,01/07/2023,,,Company 1
Order - 0084,03/07/2023,15:21:34,CUST - 011,26512.34,EUR,SO,USER - 03676,04/07/2023,,,Company 1
Order - 0085,03/07/2023,15:26:55,CUST - 011,14212.34,EUR,SO,USER - 03676,04/07/2023,,,Company 1
Order - 0086,04/07/2023,11:58:48,CUST - 011,9771.96,EUR,SO,USER - 03676,05/07/2023,,,Company 1
Order - 0087,04/07/2023,12:01:42,CUST - 011,11046.58,EUR,SO,USER - 03676,05/07/2023,,,Company 1
Order - 0088,04/07/2023,12:33:48,CUST - 011,48960,EUR,SO,USER - 03676,05/07/2023,,,Company 1
Order - 0089,06/07/2023,11:19:01,CUST - 004,30116.55,EUR,ST,USER - 10897,07/07/2023,,,Company 1
Order - 0090,06/07/2023,11:34:51,CUST - 004,34112.71,EUR,ST,USER - 10897,06/07/2023,,,Company 1
Order - 0091,06/07/2023,11:45:11,CUST - 006,6799.05,PLN,ST,USER - 10897,06/07/2023,,,Company 1
Order - 0092,06/07/2023,15:56:13,CUST - 011,24059.2,EUR,SO,USER - 03676,07/07/2023,,,Company 1
Order - 0093,06/07/2023,16:05:23,CUST - 011,3231.36,EUR,SO,USER - 03676,07/07/2023,,,Company 1
Order - 0094,07/07/2023,08:29:08,CUST - 011,48960,EUR,SO,USER - 03676,08/07/2023,,,Company 1
Order - 0095,07/07/2023,08:36:53,CUST - 011,22379.58,EUR,SO,USER - 03676,08/07/2023,,,Company 1
Order - 0096,07/07/2023,11:59:37,CUST - 010,46240.11,EUR,ST,USER - 10897,07/07/2023,,,Company 1
Order - 0097,07/07/2023,12:14:37,CUST - 010,16464.42,EUR,ST,USER - 10897,08/07/2023,,,Company 1
Order - 0098,11/07/2023,09:00:07,CUST - 011,48960,EUR,SO,USER - 03676,12/07/2023,,,Company 1
Order - 0099,11/07/2023,09:05:55,CUST - 011,31321.04,EUR,SO,USER - 03676,12/07/2023,,,Company 1
Order - 0100,11/07/2023,12:50:08,CUST - 011,117.84,EUR,SO,USER - 03676,12/07/2023,,,Company 1
Order - 0101,11/07/2023,19:34:56,CUST - 004,30303.55,EUR,ST,USER - 10897,11/07/2023,,,Company 1
Order - 0102,11/07/2023,19:42:00,CUST - 008,2848,PLN,ST,USER - 10897,11/07/2023,,,Company 1
Order - 0103,13/07/2023,11:32:59,CUST - 011,29613.72,EUR,SO,USER - 03676,14/07/2023,,,Company 1
Order - 0104,13/07/2023,15:34:08,CUST - 006,4463.4,PLN,ST,USER - 10897,13/07/2023,,,Company 1
Order - 0105,18/07/2023,09:51:21,CUST - 011,23174.98,EUR,SO,USER - 03676,19/07/2023,,,Company 1
Order - 0106,18/07/2023,10:01:31,CUST - 011,48960,EUR,SO,USER - 03676,19/07/2023,,,Company 1
Order - 0107,18/07/2023,10:10:50,CUST - 011,18306.14,EUR,SO,USER - 03676,19/07/2023,,,Company 1
Order - 0108,19/07/2023,12:33:04,CUST - 014,2041,EUR,ST,USER - 10897,23/10/2023,,,Company 1
Order - 0109,19/07/2023,17:47:34,CUST - 004,39666.28,EUR,ST,USER - 10897,20/07/2023,,,Company 1
Order - 0110,19/07/2023,22:15:50,CUST - 004,38633.27,EUR,ST,USER - 10897,20/07/2023,,,Company 1
Order - 0111,19/07/2023,22:20:10,CUST - 006,195,PLN,ST,USER - 10897,20/07/2023,,,Company 1
Order - 0112,20/07/2023,06:56:48,CUST - 005,55463.4,EUR,SO,USER - 03649,01/08/2023,,,Company 1
Order - 0113,20/07/2023,13:05:41,CUST - 005,3697.56,EUR,SO,USER - 03649,29/07/2023,X,X,Company 1
Order - 0114,20/07/2023,13:10:05,CUST - 005,3081.3,EUR,SO,USER - 03649,01/08/2023,,,Company 1
Order - 0115,20/07/2023,14:40:15,CUST - 005,67.75,EUR,SO,USER - 03649,21/07/2023,,,Company 1
Order - 0116,21/07/2023,10:37:49,CUST - 011,23469.36,EUR,SO,USER - 03676,22/07/2023,,,Company 1
Order - 0117,24/07/2023,13:53:05,CUST - 011,48960,EUR,SO,USER - 03676,25/07/2023,,,Company 1
Order - 0118,24/07/2023,14:41:44,CUST - 005,2570,EUR,SO,USER - 03649,26/07/2023,,X,Company 1
Order - 0119,25/07/2023,09:35:37,CUST - 005,65974.4,EUR,SO,USER - 03649,25/07/2023,,X,Company 1
Order - 0120,25/07/2023,12:58:36,CUST - 005,55463.4,EUR,SO,USER - 03649,01/08/2023,,,Company 1
Order - 0121,25/07/2023,14:13:09,CUST - 011,14032.6,EUR,SO,USER - 03676,26/07/2023,,,Company 1
Order - 0122,25/07/2023,14:32:06,CUST - 011,13441.7,EUR,SO,USER - 03676,26/07/2023,,,Company 1
Order - 0123,25/07/2023,14:38:04,CUST - 011,345.12,EUR,SO,USER - 03676,26/07/2023,,,Company 1
Order - 0124,25/07/2023,14:44:16,CUST - 011,1188,EUR,SO,USER - 03676,26/07/2023,,,Company 1
Order - 0125,27/07/2023,09:12:12,CUST - 011,38858.8,EUR,SO,USER - 05664,28/07/2023,,,Company 1
Order - 0126,27/07/2023,11:10:59,CUST - 005,67.75,EUR,SO,USER - 03649,29/07/2023,,,Company 1
Order - 0127,27/07/2023,16:08:20,CUST - 006,5703.2,PLN,ST,USER - 10897,28/07/2023,,,Company 1
Order - 0128,27/07/2023,16:12:10,CUST - 004,39370.26,EUR,ST,USER - 10897,27/07/2023,,,Company 1
Order - 0129,28/07/2023,08:32:51,CUST - 015,95,EUR,ST,USER - 04201,28/07/2023,,,Company 1
Order - 0130,31/07/2023,15:53:28,CUST - 009,500,PLN,ST,USER - 10897,01/08/2023,,,Company 1
Order - 0131,31/07/2023,20:12:36,CUST - 004,31264.27,EUR,ST,USER - 10897,31/07/2023,,,Company 1
Order - 0132,31/07/2023,20:16:29,CUST - 006,4109,PLN,ST,USER - 10897,31/07/2023,,,Company 1
Order - 0133,01/08/2023,14:25:49,CUST - 011,22216.8,EUR,SO,USER - 05664,02/08/2023,,,Company 1
Order - 0134,02/08/2023,10:31:32,CUST - 007,8712,EUR,SO,USER - 03649,03/08/2023,,,Company 1
Order - 0135,03/08/2023,12:18:22,CUST - 005,65974.4,EUR,SO,USER - 03649,11/08/2023,X,X,Company 1
Order - 0136,03/08/2023,13:15:36,CUST - 011,21515.9,EUR,SO,USER - 05664,04/08/2023,,,Company 1
Order - 0137,04/08/2023,09:13:49,CUST - 003,536023,EUR,ST,USER - 10897,05/08/2023,,,Company 1
Order - 0138,07/08/2023,15:08:03,CUST - 016,623,EUR,SO,USER - 03649,09/08/2023,,,Company 1
Order - 0139,08/08/2023,09:41:34,CUST - 005,97.7,EUR,SO,USER - 10897,11/08/2023,,,Company 1
Order - 0140,08/08/2023,09:19:26,CUST - 017,-279772,EUR,ST,USER - 03649,08/08/2023,,,Company 1
Order - 0141,08/08/2023,11:01:28,CUST - 018,-2740.8,EUR,ST,USER - 10897,09/08/2023,,,Company 1
Order - 0142,08/08/2023,12:27:43,CUST - 011,13107.6,EUR,SO,USER - 05664,09/08/2023,,,Company 1
Order - 0143,08/08/2023,12:33:37,CUST - 011,19550.07,EUR,SO,USER - 05664,09/08/2023,,,Company 1
Order - 0144,08/08/2023,12:40:06,CUST - 011,48960,EUR,SO,USER - 05664,09/08/2023,,,Company 1
Order - 0145,08/08/2023,14:48:51,CUST - 006,2248.8,PLN,ST,USER - 10897,09/08/2023,,,Company 1
Order - 0146,08/08/2023,15:37:18,CUST - 010,3608.64,EUR,ST,USER - 10897,09/08/2023,,,Company 1
Order - 0147,08/08/2023,15:40:30,CUST - 010,13293.21,EUR,ST,USER - 10897,09/08/2023,,,Company 1
Order - 0148,09/08/2023,14:26:32,CUST - 011,3317.76,EUR,SO,USER - 05664,10/08/2023,,,Company 1
Order - 0149,10/08/2023,14:20:15,CUST - 011,27325.72,EUR,SO,USER - 05664,11/08/2023,,,Company 1
Order - 0150,10/08/2023,16:07:16,CUST - 006,1082.6,PLN,ST,USER - 10897,11/08/2023,,,Company 1
Order - 0151,11/08/2023,10:00:31,CUST - 011,21804.44,EUR,SO,USER - 05664,12/08/2023,,,Company 1
Order - 0152,16/08/2023,14:29:54,CUST - 019,20.4,EUR,ST,USER - 10897,16/08/2023,,,Company 1
Order - 0153,16/08/2023,14:48:51,CUST - 020,58198.95,EUR,ST,USER - 10897,16/08/2023,,,Company 1
Order - 0154,16/08/2023,15:19:31,CUST - 020,-58198.95,EUR,ST,USER - 10897,17/08/2023,,,Company 1
Order - 0155,16/08/2023,15:42:28,CUST - 014,-890.64,EUR,ST,USER - 10897,17/08/2023,,,Company 1
Order - 0156,16/08/2023,15:50:20,CUST - 014,-5250.96,EUR,ST,USER - 10897,17/08/2023,,,Company 1
Order - 0157,16/08/2023,15:55:14,CUST - 014,-10361.28,EUR,ST,USER - 10897,17/08/2023,,,Company 1
Order - 0158,16/08/2023,15:59:05,CUST - 014,-19299.12,EUR,ST,USER - 10897,17/08/2023,,,Company 1
Order - 0159,16/08/2023,16:07:02,CUST - 014,-39851.28,EUR,ST,USER - 10897,16/08/2023,,,Company 1
Order - 0161,17/08/2023,12:58:28,CUST - 011,48960,EUR,SO,USER - 03676,18/08/2023,,,Company 1
Order - 0162,17/08/2023,13:03:56,CUST - 011,29451.77,EUR,SO,USER - 03676,18/08/2023,,,Company 1
Order - 0163,18/08/2023,13:15:09,CUST - 006,10202.95,PLN,ST,USER - 10897,19/08/2023,,,Company 1
Order - 0164,18/08/2023,14:11:17,CUST - 008,189.01,PLN,ST,USER - 10897,18/08/2023,,,Company 1
Order - 0165,18/08/2023,17:35:29,CUST - 021,-2317.28,EUR,ST,USER - 10897,18/08/2023,,,Company 1
Order - 0166,18/08/2023,17:39:50,CUST - 022,-8012.59,EUR,ST,USER - 10897,18/08/2023,,,Company 1
Order - 0167,21/08/2023,08:07:23,CUST - 001,340000,EUR,ST,USER - 04201,21/08/2023,,,Company 1
Order - 0168,21/08/2023,11:21:43,CUST - 001,140000,EUR,ST,USER - 04201,18/08/2023,,X,Company 1
Order - 0169,21/08/2023,14:13:30,CUST - 011,29451.77,EUR,SO,USER - 03676,21/08/2023,,,Company 1
Order - 0170,21/08/2023,15:20:48,CUST - 011,29250.75,EUR,SO,USER - 03676,22/08/2023,,,Company 1
Order - 0171,22/08/2023,13:12:03,CUST - 011,48960,EUR,SO,USER - 03676,23/08/2023,,,Company 1
Order - 0172,22/08/2023,13:55:27,CUST - 001,140000,EUR,ST,USER - 04201,22/08/2023,,,Company 1
Order - 0173,22/08/2023,15:15:32,CUST - 023,7980,EUR,SO,USER - 05682,15/09/2023,,,Company 1
Order - 0174,22/08/2023,15:44:31,CUST - 004,37859.84,EUR,ST,USER - 10897,22/08/2023,,,Company 1
Order - 0175,22/08/2023,15:48:01,CUST - 004,33448.65,EUR,ST,USER - 10897,23/08/2023,,,Company 1
Order - 0176,22/08/2023,16:10:18,CUST - 024,284.2,EUR,SO,USER - 05682,23/08/2023,,,Company 1
Order - 0177,24/08/2023,12:44:40,CUST - 001,23940,EUR,SO,USER - 05682,26/08/2023,,,Company 1
Order - 0178,24/08/2023,13:48:42,CUST - 011,32016.74,EUR,SO,USER - 03676,25/08/2023,,,Company 1
Order - 0179,24/08/2023,16:04:02,CUST - 011,1175.76,EUR,SO,USER - 03676,25/08/2023,,,Company 1
Order - 0180,24/08/2023,16:08:34,CUST - 011,10628.24,EUR,SO,USER - 03676,25/08/2023,,,Company 1
Order - 0181,28/08/2023,12:42:10,CUST - 011,48960,EUR,SO,USER - 03676,29/08/2023,,,Company 1
Order - 0182,28/08/2023,12:46:49,CUST - 011,18010.08,EUR,SO,USER - 03676,29/08/2023,,,Company 1
Order - 0183,29/08/2023,09:52:10,CUST - 011,18010.08,EUR,SO,USER - 03676,30/08/2023,,,Company 1
Order - 0184,29/08/2023,09:54:05,CUST - 011,18025.56,EUR,SO,USER - 03676,30/08/2023,,,Company 1
Order - 0185,29/08/2023,11:36:48,CUST - 005,22052.4,EUR,SO,USER - 05682,30/09/2023,X,X,Company 1
Order - 0186,29/08/2023,12:37:13,CUST - 005,12960,EUR,SO,USER - 03649,05/12/2023,X,X,Company 1
Order - 0187,29/08/2023,15:22:38,CUST - 006,2733.65,PLN,ST,USER - 10897,30/08/2023,,,Company 1
Order - 0188,29/08/2023,15:37:41,CUST - 004,34021.76,EUR,ST,USER - 10897,30/08/2023,,,Company 1
Order - 0189,29/08/2023,15:42:27,CUST - 006,6594.6,PLN,ST,USER - 10897,29/08/2023,,,Company 1
Order - 0190,29/08/2023,15:45:57,CUST - 004,29613.29,EUR,ST,USER - 10897,30/08/2023,,,Company 1
Order - 0191,29/08/2023,15:49:48,CUST - 009,500,PLN,ST,USER - 10897,30/08/2023,,,Company 1
Order - 0192,30/08/2023,07:24:35,CUST - 025,341000,EUR,ST,USER - 04201,30/08/2023,,,Company 1
Order - 0193,30/08/2023,14:11:40,CUST - 011,35652,EUR,SO,USER - 03676,31/08/2023,,,Company 1
Order - 0194,30/08/2023,14:19:43,CUST - 011,10552.56,EUR,SO,USER - 03676,31/08/2023,,,Company 1
Order - 0195,31/08/2023,15:20:53,CUST - 011,11798.98,EUR,SO,USER - 03676,01/09/2023,,,Company 1
Order - 0196,04/09/2023,11:36:29,CUST - 011,48960,EUR,SO,USER - 03676,05/09/2023,,,Company 1
Order - 0197,05/09/2023,13:04:18,CUST - 011,18366.48,EUR,SO,USER - 05664,06/09/2023,,,Company 1
Order - 0198,05/09/2023,13:14:40,CUST - 011,13423.82,EUR,SO,USER - 05664,06/09/2023,,,Company 1
Order - 0199,05/09/2023,14:42:07,CUST - 026,33355.27,EUR,ST,USER - 10897,06/09/2023,,,Company 1
Order - 0200,07/09/2023,11:15:40,CUST - 011,19388.13,EUR,SO,USER - 03676,08/09/2023,,,Company 1
Order - 0201,07/09/2023,11:46:35,CUST - 011,18096.48,EUR,SO,USER - 03676,08/09/2023,,,Company 1
Order - 0202,07/09/2023,11:51:58,CUST - 011,37992.72,EUR,SO,USER - 03676,08/09/2023,,,Company 1
Order - 0203,07/09/2023,12:38:44,CUST - 027,171235,EUR,ST,USER - 10897,08/09/2023,,,Company 1
Order - 0204,07/09/2023,15:26:28,CUST - 026,35732.8,EUR,ST,USER - 10897,08/09/2023,,,Company 1
Order - 0205,07/09/2023,19:43:58,CUST - 010,8823.75,EUR,ST,USER - 10897,08/09/2023,,,Company 1
Order - 0206,07/09/2023,19:50:51,CUST - 010,7969.08,EUR,ST,USER - 10897,08/09/2023,,,Company 1
Order - 0207,07/09/2023,20:39:22,CUST - 006,7072.45,PLN,ST,USER - 10897,08/09/2023,,,Company 1
Order - 0208,08/09/2023,08:48:34,CUST - 011,48960,EUR,SO,USER - 03676,09/09/2023,,,Company 1
Order - 0209,08/09/2023,09:12:26,CUST - 011,15183.4,EUR,SO,USER - 03676,09/09/2023,,,Company 1
Order - 0210,08/09/2023,15:28:56,CUST - 028,175,EUR,SO,USER - 05682,13/09/2023,,,Company 1
Order - 0211,11/09/2023,12:11:22,CUST - 011,9771.96,EUR,SO,USER - 03676,12/09/2023,,,Company 1
Order - 0212,11/09/2023,15:28:23,CUST - 011,14980.32,EUR,SO,USER - 03676,12/09/2023,,,Company 1
Order - 0213,11/09/2023,15:44:30,CUST - 011,26538.64,EUR,SO,USER - 03676,12/09/2023,,,Company 1
Order - 0214,12/09/2023,09:44:41,CUST - 011,9771.96,EUR,SO,USER - 03676,13/09/2023,,,Company 1
Order - 0215,12/09/2023,09:47:09,CUST - 011,24882.96,EUR,SO,USER - 03676,13/09/2023,,,Company 1
Order - 0216,12/09/2023,16:36:14,CUST - 011,515.44,EUR,SO,USER - 03676,15/09/2023,,,Company 1
Order - 0217,12/09/2023,16:39:09,CUST - 011,2677.53,EUR,SO,USER - 03676,13/09/2023,,,Company 1
Order - 0218,13/09/2023,10:10:40,CUST - 005,40138.74,EUR,FA,USER - 07829,02/09/2023,,,Company 1
Order - 0219,13/09/2023,14:23:42,CUST - 005,274.5,EUR,SO,USER - 05682,15/09/2023,,,Company 1
Order - 0220,14/09/2023,08:33:41,CUST - 026,33757.36,EUR,ST,USER - 10897,14/09/2023,,,Company 1
Order - 0221,14/09/2023,09:48:58,CUST - 011,48960,EUR,SO,USER - 03676,15/09/2023,,,Company 1
Order - 0222,14/09/2023,11:39:30,CUST - 008,249.7,PLN,ST,USER - 10897,14/09/2023,,,Company 1
Order - 0223,15/09/2023,09:49:01,CUST - 002,5439.72,EUR,SO,USER - 05682,19/09/2023,,,Company 1
Order - 0224,15/09/2023,11:10:19,CUST - 011,30488.12,EUR,SO,USER - 03676,16/09/2023,,,Company 1
Order - 0226,19/09/2023,10:11:35,CUST - 011,48960,EUR,SO,USER - 03676,20/09/2023,,,Company 1
Order - 0227,19/09/2023,14:53:20,CUST - 005,175,EUR,SO,USER - 05682,20/09/2023,,,Company 1
Order - 0228,19/09/2023,15:07:29,CUST - 005,22596.2,EUR,SO,USER - 05682,23/09/2023,X,X,Company 1
Order - 0229,19/09/2023,21:22:44,CUST - 026,29556.84,EUR,ST,USER - 10897,20/09/2023,,,Company 1
Order - 0230,19/09/2023,21:26:09,CUST - 026,32603.56,EUR,ST,USER - 10897,20/09/2023,,,Company 1
Order - 0231,19/09/2023,21:28:37,CUST - 006,7690.9,PLN,ST,USER - 10897,20/09/2023,,,Company 1
Order - 0232,20/09/2023,08:20:57,CUST - 011,28663.36,EUR,SO,USER - 03676,21/09/2023,,,Company 1
Order - 0233,21/09/2023,13:15:12,CUST - 011,19247.06,EUR,SO,USER - 03676,22/09/2023,,,Company 1
Order - 0234,21/09/2023,13:19:35,CUST - 011,26685.6,EUR,SO,USER - 03676,22/09/2023,,,Company 1
Order - 0235,22/09/2023,08:35:31,CUST - 005,97.7,EUR,SO,USER - 05682,30/09/2023,,,Company 1
Order - 0236,22/09/2023,11:54:13,CUST - 011,48960,EUR,SO,USER - 05664,23/09/2023,,,Company 1
Order - 0237,26/09/2023,10:52:34,CUST - 006,3535.8,PLN,ST,USER - 08479,27/09/2023,,,Company 1
Order - 0238,26/09/2023,11:03:00,CUST - 011,13107.6,EUR,SO,USER - 03676,27/09/2023,,,Company 1
Order - 0239,26/09/2023,11:06:42,CUST - 011,23817.28,EUR,SO,USER - 03676,27/09/2023,,,Company 1
Order - 0240,26/09/2023,11:22:37,CUST - 026,34176.92,EUR,ST,USER - 08479,26/09/2023,,,Company 1
Order - 0241,26/09/2023,16:15:59,CUST - 006,4038.8,PLN,ST,USER - 08479,26/09/2023,,,Company 1
Order - 0242,27/09/2023,08:26:05,CUST - 011,48960,EUR,SO,USER - 03676,28/09/2023,,,Company 1
Order - 0243,27/09/2023,10:01:13,CUST - 011,34087.58,EUR,SO,USER - 03676,28/09/2023,,,Company 1
Order - 0245,28/09/2023,08:11:53,CUST - 029,166811,EUR,ST,USER - 04201,28/09/2023,,,Company 1
Order - 0246,28/09/2023,08:18:46,CUST - 030,119274,EUR,ST,USER - 04201,28/09/2023,,,Company 1
Order - 0247,28/09/2023,10:00:11,CUST - 011,18010.08,EUR,SO,USER - 03676,29/09/2023,,,Company 1
Order - 0248,28/09/2023,10:21:52,CUST - 011,34899.66,EUR,SO,USER - 03676,29/09/2023,,,Company 1
Order - 0249,28/09/2023,10:42:49,CUST - 031,146000,EUR,ST,USER - 04201,23/11/2023,,X,Company 1
Order - 0250,28/09/2023,13:01:12,CUST - 026,33722.39,EUR,ST,USER - 08479,28/09/2023,,,Company 1
Order - 0251,28/09/2023,13:31:43,CUST - 009,500,PLN,ST,USER - 08479,28/09/2023,,,Company 1
Order - 0252,29/09/2023,09:35:30,CUST - 032,5190,EUR,SO,USER - 05682,05/10/2023,,,Company 1
Order - 0253,29/09/2023,14:32:11,CUST - 003,840515,EUR,ST,USER - 04201,30/09/2023,,,Company 1
Order - 0254,29/09/2023,14:39:17,CUST - 001,189958,EUR,ST,USER - 04201,29/09/2023,,,Company 1
Order - 0255,29/09/2023,14:49:04,CUST - 002,302374,EUR,ST,USER - 04201,30/09/2023,,,Company 1
Order - 0256,02/10/2023,11:48:50,CUST - 011,9771.96,EUR,SO,USER - 03676,03/10/2023,,,Company 1
Order - 0257,02/10/2023,11:53:44,CUST - 011,15700.1,EUR,SO,USER - 03676,03/10/2023,,,Company 1
Order - 0258,03/10/2023,14:12:22,CUST - 011,33987.14,EUR,SO,USER - 03676,04/10/2023,,,Company 1
Order - 0259,05/10/2023,10:53:44,CUST - 032,27450,EUR,SO,USER - 05682,20/10/2023,,,Company 1
Order - 0260,05/10/2023,12:47:02,CUST - 011,22353.22,EUR,SO,USER - 03676,06/10/2023,,,Company 1
Order - 0261,05/10/2023,12:51:59,CUST - 011,19708.44,EUR,SO,USER - 03676,06/10/2023,,,Company 1
Order - 0262,06/10/2023,10:33:23,CUST - 026,33937.6,EUR,ST,USER - 10897,07/10/2023,,,Company 1
Order - 0263,06/10/2023,10:56:41,CUST - 006,4085.25,PLN,ST,USER - 10897,06/10/2023,,,Company 1
Order - 0264,09/10/2023,12:39:31,CUST - 011,48960,EUR,SO,USER - 03676,10/10/2023,,,Company 1
Order - 0265,09/10/2023,12:44:06,CUST - 011,30451.92,EUR,SO,USER - 03676,10/10/2023,,,Company 1
Order - 0266,09/10/2023,12:59:29,CUST - 011,9771.96,EUR,SO,USER - 03676,10/10/2023,,,Company 1
Order - 0267,10/10/2023,08:43:39,CUST - 026,31320.49,EUR,ST,USER - 10897,10/10/2023,,,Company 1
Order - 0268,10/10/2023,13:31:57,CUST - 008,711.4,PLN,ST,USER - 10897,10/10/2023,,,Company 1
Order - 0269,10/10/2023,13:45:50,CUST - 011,14140.23,EUR,SO,USER - 03676,11/10/2023,,,Company 1
Order - 0270,10/10/2023,15:41:23,CUST - 010,9397.5,EUR,ST,USER - 10897,11/10/2023,,,Company 1
Order - 0271,10/10/2023,15:47:59,CUST - 010,491.4,EUR,ST,USER - 10897,10/10/2023,,,Company 1
Order - 0272,11/10/2023,13:08:57,CUST - 011,69.31,EUR,SO,USER - 03676,12/10/2023,,,Company 1
Order - 0273,11/10/2023,13:16:47,CUST - 011,46481.88,EUR,SO,USER - 03676,12/10/2023,,,Company 1
Order - 0274,12/10/2023,10:08:18,CUST - 026,36002.74,EUR,ST,USER - 10897,12/10/2023,,,Company 1
Order - 0275,12/10/2023,13:35:15,CUST - 011,653.6,EUR,SO,USER - 03676,13/10/2023,,,Company 1
Order - 0276,12/10/2023,13:48:18,CUST - 011,48960,EUR,SO,USER - 03676,13/10/2023,,,Company 1
Order - 0277,12/10/2023,13:53:49,CUST - 011,28866.64,EUR,SO,USER - 03676,13/10/2023,,,Company 1
Order - 0278,12/10/2023,14:06:14,CUST - 011,3421.44,EUR,SO,USER - 03676,13/10/2023,,,Company 1
Order - 0279,13/10/2023,10:43:08,CUST - 001,100000,EUR,ST,USER - 10897,13/10/2023,,,Company 1
Order - 0280,13/10/2023,15:31:31,CUST - 006,5553,PLN,ST,USER - 10897,14/10/2023,,,Company 1
Order - 0281,16/10/2023,15:36:29,CUST - 011,9771.96,EUR,SO,USER - 03676,17/10/2023,,,Company 1
Order - 0282,17/10/2023,08:16:56,CUST - 011,15501.64,EUR,SO,USER - 03676,18/10/2023,,,Company 1
Order - 0283,19/10/2023,08:47:53,CUST - 006,4207.3,PLN,ST,USER - 10897,19/10/2023,,,Company 1
Order - 0284,19/10/2023,10:16:37,CUST - 011,48960,EUR,SO,USER - 03676,20/10/2023,,,Company 1
Order - 0285,19/10/2023,10:25:58,CUST - 011,36560.78,EUR,SO,USER - 03676,20/10/2023,,,Company 1
Order - 0286,19/10/2023,14:36:03,CUST - 010,394000,EUR,ST,USER - 04201,19/10/2023,,,Company 1
Order - 0287,20/10/2023,08:41:45,CUST - 005,2153.48,EUR,SO,USER - 03649,26/10/2023,,,Company 1
Order - 0288,20/10/2023,11:50:24,CUST - 011,22506.48,EUR,SO,USER - 03676,21/10/2023,,,Company 1
Order - 0289,20/10/2023,11:55:11,CUST - 011,32903.12,EUR,SO,USER - 03676,21/10/2023,,,Company 1
Order - 0290,23/10/2023,08:20:28,CUST - 007,388.8,EUR,ST,USER - 10897,24/10/2023,,,Company 1
Order - 0291,23/10/2023,15:37:31,CUST - 020,12763.2,EUR,ST,USER - 10897,23/10/2023,,,Company 1
Order - 0292,23/10/2023,15:50:15,CUST - 020,9724.8,EUR,ST,USER - 10897,24/10/2023,,,Company 1
Order - 0293,24/10/2023,08:53:22,CUST - 011,48960,EUR,SO,USER - 03676,25/10/2023,,,Company 1
Order - 0294,24/10/2023,08:55:50,CUST - 011,20029.16,EUR,SO,USER - 03676,25/10/2023,,,Company 1
Order - 0295,24/10/2023,15:51:46,CUST - 026,33297.96,EUR,ST,USER - 10897,24/10/2023,,,Company 1
Order - 0296,24/10/2023,16:33:11,CUST - 007,388.8,EUR,SO,USER - 00934,25/10/2023,,,Company 1
Order - 0297,24/10/2023,20:51:15,CUST - 026,37684.08,EUR,ST,USER - 10897,25/10/2023,,,Company 1
Order - 0298,24/10/2023,20:58:03,CUST - 026,34074.51,EUR,ST,USER - 10897,24/10/2023,,,Company 1
Order - 0300,26/10/2023,10:57:12,CUST - 010,36000,EUR,ST,USER - 10897,26/10/2023,,,Company 1
Order - 0301,27/10/2023,10:27:35,CUST - 011,27598.16,EUR,SO,USER - 03676,28/10/2023,,,Company 1
Order - 0302,30/10/2023,08:30:09,CUST - 006,6142.3,PLN,ST,USER - 10897,30/10/2023,,,Company 1
Order - 0303,30/10/2023,14:48:42,CUST - 011,18366.48,EUR,SO,USER - 03676,31/10/2023,,,Company 1
Order - 0304,30/10/2023,14:52:32,CUST - 011,17684.64,EUR,SO,USER - 03676,31/10/2023,,,Company 1
Order - 0305,30/10/2023,15:17:23,CUST - 028,30000,EUR,ST,USER - 10897,28/10/2023,,,Company 1
Order - 0306,31/10/2023,09:02:40,CUST - 026,36404.8,EUR,ST,USER - 10897,31/10/2023,,,Company 1
Order - 0307,31/10/2023,10:45:37,CUST - 009,500,PLN,ST,USER - 10897,31/10/2023,,,Company 1
Order - 0308,31/10/2023,10:58:37,CUST - 032,679,EUR,SO,USER - 03649,04/11/2023,,,Company 1
Order - 0309,31/10/2023,12:12:43,CUST - 011,14860.56,EUR,SO,USER - 03676,01/11/2023,,,Company 1
Order - 0310,02/11/2023,08:30:06,CUST - 006,4224.3,PLN,ST,USER - 10897,02/11/2023,,,Company 1
Order - 0311,06/11/2023,12:59:59,CUST - 011,48960,EUR,SO,USER - 03676,07/11/2023,,,Company 1
Order - 0312,06/11/2023,13:03:34,CUST - 011,18269.28,EUR,SO,USER - 03676,07/11/2023,,,Company 1
Order - 0313,08/11/2023,09:52:13,CUST - 011,13107.6,EUR,SO,USER - 03676,09/11/2023,,,Company 1
Order - 0314,08/11/2023,09:54:58,CUST - 011,9771.96,EUR,SO,USER - 03676,09/11/2023,,,Company 1
Order - 0315,08/11/2023,09:58:02,CUST - 011,22504.56,EUR,SO,USER - 03676,09/11/2023,,,Company 1
Order - 0316,08/11/2023,10:20:12,CUST - 011,27526.52,EUR,SO,USER - 03676,09/11/2023,,,Company 1
Order - 0318,09/11/2023,11:35:33,CUST - 005,835.9,EUR,SO,USER - 00934,11/11/2023,,,Company 1
Order - 0319,09/11/2023,12:07:44,CUST - 011,3421.44,EUR,SO,USER - 03676,10/11/2023,,,Company 1
Order - 0320,09/11/2023,12:08:53,CUST - 020,26533,EUR,ST,USER - 10897,08/11/2023,,,Company 1
Order - 0321,09/11/2023,12:18:28,CUST - 014,2041,EUR,ST,USER - 10897,08/11/2023,,,Company 1
Order - 0322,09/11/2023,17:54:35,CUST - 026,33517.36,EUR,ST,USER - 10897,10/11/2023,,,Company 1
Order - 0323,09/11/2023,20:15:12,CUST - 026,40386.53,EUR,ST,USER - 10897,10/11/2023,,,Company 1
Order - 0324,10/11/2023,08:17:41,CUST - 011,3317.76,EUR,SO,USER - 03676,11/11/2023,,,Company 1
Order - 0325,10/11/2023,08:21:52,CUST - 011,48960,EUR,SO,USER - 03676,11/11/2023,,,Company 1
Order - 0326,13/11/2023,12:16:19,CUST - 011,21107.88,EUR,SO,USER - 03676,14/11/2023,,,Company 1
Order - 0327,13/11/2023,12:29:48,CUST - 011,24609.76,EUR,SO,USER - 03676,14/11/2023,,,Company 1
Order - 0328,13/11/2023,16:02:41,CUST - 008,1077.29,PLN,ST,USER - 10897,13/11/2023,,,Company 1
Order - 0329,14/11/2023,08:58:38,CUST - 011,22556.16,EUR,SO,USER - 03676,15/11/2023,,,Company 1
Order - 0330,14/11/2023,09:11:50,CUST - 011,18698.88,EUR,SO,USER - 03676,15/11/2023,,,Company 1
Order - 0331,14/11/2023,19:31:28,CUST - 010,1954.68,EUR,ST,USER - 10897,14/11/2023,,,Company 1
Order - 0332,14/11/2023,19:35:28,CUST - 010,327.6,EUR,ST,USER - 10897,15/11/2023,,,Company 1
Order - 0333,14/11/2023,19:39:01,CUST - 026,36096.38,EUR,ST,USER - 10897,14/11/2023,,,Company 1
Order - 0334,14/11/2023,19:42:47,CUST - 026,35259.97,EUR,ST,USER - 10897,14/11/2023,,,Company 1
Order - 0335,15/11/2023,11:09:16,CUST - 033,5500.13,EUR,ST,USER - 10897,15/11/2023,,,Company 1
Order - 0336,15/11/2023,11:28:52,CUST - 006,6281.05,PLN,ST,USER - 10897,15/11/2023,,,Company 1
Order - 0337,16/11/2023,11:41:29,CUST - 005,175,EUR,SO,USER - 00934,17/11/2023,,,Company 1
Order - 0338,16/11/2023,12:24:00,CUST - 011,48960,EUR,SO,USER - 03676,17/11/2023,,,Company 1
Order - 0339,16/11/2023,12:25:48,CUST - 011,14243.94,EUR,SO,USER - 03676,17/11/2023,,,Company 1
Order - 0340,16/11/2023,15:26:41,CUST - 011,1200.24,EUR,SO,USER - 03676,17/11/2023,,,Company 1
Order - 0341,17/11/2023,08:44:55,CUST - 011,48960,EUR,SO,USER - 03676,18/11/2023,,,Company 1
Order - 0342,17/11/2023,15:44:12,CUST - 034,283.25,USD,ST,USER - 02130,17/11/2023,,,Company 2
Order - 0343,17/11/2023,16:35:39,CUST - 035,1724.84,USD,ST,USER - 02130,17/11/2023,,,Company 2
Order - 0344,17/11/2023,16:56:59,CUST - 036,113.93,USD,ST,USER - 02130,17/11/2023,,,Company 2
Order - 0345,17/11/2023,18:30:41,CUST - 036,2579.08,USD,ST,USER - 02130,18/11/2023,,,Company 2
Order - 0346,17/11/2023,19:37:22,CUST - 036,566.89,USD,ST,USER - 02130,18/11/2023,,,Company 2
Order - 0347,17/11/2023,19:54:17,CUST - 035,19702.89,USD,ST,USER - 02130,18/11/2023,,,Company 2
Order - 0348,17/11/2023,20:30:30,CUST - 036,14340.83,USD,ST,USER - 02130,17/11/2023,,,Company 2
Order - 0349,20/11/2023,14:30:17,CUST - 036,3507.73,USD,ST,USER - 02130,20/11/2023,,,Company 2
Order - 0350,20/11/2023,14:48:38,CUST - 036,1760.2,USD,ST,USER - 02130,21/11/2023,,,Company 2
Order - 0351,20/11/2023,15:11:23,CUST - 034,740.85,USD,ST,USER - 02130,20/11/2023,,,Company 2
Order - 0352,20/11/2023,15:27:03,CUST - 036,418.38,USD,ST,USER - 02130,20/11/2023,,,Company 2
Order - 0353,20/11/2023,16:35:30,CUST - 034,294.8,USD,ST,USER - 02130,21/11/2023,,,Company 2
Order - 0354,20/11/2023,16:44:05,CUST - 037,1341.58,USD,ST,USER - 02130,21/11/2023,,,Company 2
Order - 0355,20/11/2023,16:53:57,CUST - 037,4598.56,USD,ST,USER - 02130,20/11/2023,,,Company 2
Order - 0356,20/11/2023,17:04:29,CUST - 037,819.69,USD,ST,USER - 02130,20/11/2023,,,Company 2
Order - 0357,20/11/2023,17:12:21,CUST - 037,1879.71,USD,ST,USER - 02130,21/11/2023,,,Company 2
Order - 0358,20/11/2023,17:47:05,CUST - 034,589.6,USD,ST,USER - 02130,20/11/2023,,,Company 2
Order - 0359,20/11/2023,18:08:34,CUST - 036,938.75,USD,ST,USER - 02130,21/11/2023,,,Company 2
Order - 0360,20/11/2023,18:21:14,CUST - 034,740.85,USD,ST,USER - 02130,21/11/2023,,,Company 2
Order - 0361,20/11/2023,18:44:37,CUST - 034,280.5,USD,ST,USER - 02130,20/11/2023,,,Company 2
Order - 0362,21/11/2023,14:01:13,CUST - 011,24589.14,EUR,SO,USER - 05664,22/11/2023,,,Company 1
Order - 0363,21/11/2023,14:09:17,CUST - 011,18470.92,EUR,SO,USER - 05664,22/11/2023,,,Company 1
Order - 0364,22/11/2023,08:09:26,CUST - 005,1101.21,EUR,ST,USER - 10897,23/11/2023,,,Company 1
Order - 0365,22/11/2023,13:51:51,CUST - 011,48960,EUR,SO,USER - 03676,23/11/2023,,,Company 1
Order - 0366,22/11/2023,14:23:41,CUST - 034,1133.55,USD,ST,USER - 02130,23/11/2023,,,Company 2
Order - 0367,22/11/2023,15:33:34,CUST - 037,9067.85,USD,ST,USER - 02130,22/11/2023,,,Company 2
Order - 0368,22/11/2023,15:54:48,CUST - 037,3838.45,USD,ST,USER - 02130,23/11/2023,,,Company 2
Order - 0369,22/11/2023,16:03:35,CUST - 038,2377.73,USD,ST,USER - 02130,22/11/2023,,,Company 2
Order - 0370,22/11/2023,16:11:42,CUST - 036,1978.19,USD,ST,USER - 02130,22/11/2023,,,Company 2
Order - 0371,22/11/2023,16:22:37,CUST - 036,113.9,USD,ST,USER - 02130,23/11/2023,,,Company 2
Order - 0372,22/11/2023,16:31:04,CUST - 036,466.25,USD,ST,USER - 02130,23/11/2023,,,Company 2
Order - 0373,22/11/2023,16:39:21,CUST - 036,531.83,USD,ST,USER - 02130,23/11/2023,,,Company 2
Order - 0374,22/11/2023,16:46:37,CUST - 034,1133.55,USD,ST,USER - 02130,23/11/2023,,,Company 2
Order - 0375,22/11/2023,16:55:46,CUST - 034,1282.6,USD,ST,USER - 02130,22/11/2023,,,Company 2
Order - 0376,22/11/2023,17:23:14,CUST - 038,1484.85,USD,ST,USER - 02130,23/11/2023,,,Company 2
Order - 0377,22/11/2023,17:29:46,CUST - 034,312.4,USD,ST,USER - 02130,22/11/2023,,,Company 2
Order - 0378,23/11/2023,08:27:58,CUST - 011,42166.4,EUR,SO,USER - 03676,24/11/2023,,,Company 1
Order - 0379,23/11/2023,09:52:03,CUST - 023,6384,EUR,SO,USER - 00934,16/02/2024,,,Company 1
Order - 0380,23/11/2023,14:35:48,CUST - 036,1962,USD,ST,USER - 02130,28/11/2023,,,Company 2
Order - 0381,23/11/2023,14:51:12,CUST - 034,312.4,USD,ST,USER - 02130,28/11/2023,,,Company 2
Order - 0382,23/11/2023,15:03:42,CUST - 036,330.11,USD,ST,USER - 02130,23/11/2023,,,Company 2
Order - 0383,23/11/2023,15:22:22,CUST - 034,884.4,USD,ST,USER - 02130,23/11/2023,,,Company 2
Order - 0384,23/11/2023,17:00:08,CUST - 034,294.8,USD,ST,USER - 02130,28/11/2023,,,Company 2
Order - 0385,23/11/2023,17:07:50,CUST - 034,283.25,USD,ST,USER - 02130,23/11/2023,,,Company 2
Order - 0386,23/11/2023,17:18:13,CUST - 036,1760.32,USD,ST,USER - 02130,23/11/2023,,,Company 2
Order - 0387,23/11/2023,17:25:03,CUST - 036,634.01,USD,ST,USER - 02130,23/11/2023,,,Company 2
Order - 0388,23/11/2023,17:34:34,CUST - 036,2036.68,USD,ST,USER - 02130,23/11/2023,,,Company 2
Order - 0389,24/11/2023,08:19:21,CUST - 011,16792.8,EUR,SO,USER - 03676,25/11/2023,,,Company 1
Order - 0390,27/11/2023,09:26:20,CUST - 011,16022.52,EUR,SO,USER - 03676,28/11/2023,,,Company 1
Order - 0391,28/11/2023,08:39:59,CUST - 011,14629.64,EUR,SO,USER - 03676,29/11/2023,,,Company 1
Order - 0392,29/11/2023,09:05:29,CUST - 006,10428.1,PLN,ST,USER - 10897,30/11/2023,,,Company 1
Order - 0393,29/11/2023,09:17:46,CUST - 026,37316.86,EUR,ST,USER - 10897,29/11/2023,,,Company 1
Order - 0394,29/11/2023,09:27:22,CUST - 039,157013.85,EUR,ST,USER - 10897,30/11/2023,,,Company 1
Order - 0395,29/11/2023,11:15:02,CUST - 011,48960,EUR,SO,USER - 03676,30/11/2023,,,Company 1
Order - 0396,29/11/2023,11:34:32,CUST - 011,22439.74,EUR,SO,USER - 03676,30/11/2023,,,Company 1
Order - 0397,29/11/2023,13:49:47,CUST - 015,33681.12,EUR,ST,USER - 10897,30/11/2023,,,Company 1
Order - 0398,29/11/2023,14:13:56,CUST - 040,10395.37,EUR,ST,USER - 10897,29/11/2023,,,Company 1
Order - 0399,29/11/2023,14:21:58,CUST - 010,92757.18,EUR,ST,USER - 10897,30/11/2023,,,Company 1
Order - 0400,29/11/2023,14:39:12,CUST - 041,79430.54,EUR,ST,USER - 10897,30/11/2023,,,Company 1
Order - 0401,29/11/2023,14:44:23,CUST - 042,90345.61,EUR,ST,USER - 10897,29/11/2023,,,Company 1
Order - 0402,29/11/2023,14:47:25,CUST - 043,41137.96,EUR,ST,USER - 10897,30/11/2023,,,Company 1
Order - 0403,29/11/2023,14:51:35,CUST - 044,4671.16,EUR,ST,USER - 10897,30/11/2023,,,Company 1
Order - 0404,29/11/2023,15:34:20,CUST - 010,13100,EUR,ST,USER - 04201,30/11/2023,,,Company 1
Order - 0405,29/11/2023,17:55:57,CUST - 034,740.85,USD,ST,USER - 02130,29/11/2023,,,Company 2
Order - 0406,29/11/2023,18:04:13,CUST - 034,329.45,USD,ST,USER - 02130,30/11/2023,,,Company 2
Order - 0407,29/11/2023,18:10:58,CUST - 034,283.25,USD,ST,USER - 02130,29/11/2023,,,Company 2
Order - 0408,29/11/2023,18:19:56,CUST - 036,341.85,USD,ST,USER - 02130,29/11/2023,,,Company 2
Order - 0409,29/11/2023,18:31:19,CUST - 035,19826.78,USD,ST,USER - 02130,30/11/2023,,,Company 2
Order - 0410,29/11/2023,18:44:59,CUST - 036,956.17,USD,ST,USER - 02130,30/11/2023,,,Company 2
Order - 0411,29/11/2023,18:55:06,CUST - 034,740.85,USD,ST,USER - 02130,30/11/2023,,,Company 2
Order - 0412,29/11/2023,19:00:46,CUST - 034,297,USD,ST,USER - 02130,30/11/2023,,,Company 2
Order - 0413,30/11/2023,10:06:14,CUST - 026,35319.72,EUR,ST,USER - 10897,30/11/2023,,,Company 1
Order - 0414,30/11/2023,10:13:45,CUST - 026,35466.44,EUR,ST,USER - 10897,01/12/2023,,,Company 1
Order - 0415,30/11/2023,13:42:27,CUST - 045,47140.66,EUR,ST,USER - 10897,01/12/2023,,,Company 1
Order - 0416,30/11/2023,15:57:13,CUST - 009,500,PLN,ST,USER - 10897,01/12/2023,,,Company 1
Order - 0417,04/12/2023,11:39:04,CUST - 011,48960,EUR,SO,USER - 03676,05/12/2023,,,Company 1
Order - 0418,06/12/2023,09:13:26,CUST - 011,15338.64,EUR,SO,USER - 03676,07/12/2023,,,Company 1
Order - 0419,06/12/2023,09:18:03,CUST - 011,9771.96,EUR,SO,USER - 03676,07/12/2023,,,Company 1
Order - 0420,06/12/2023,09:20:29,CUST - 011,9771.96,EUR,SO,USER - 03676,07/12/2023,,,Company 1
Order - 0421,06/12/2023,11:03:28,CUST - 011,48960,EUR,SO,USER - 03676,07/12/2023,,,Company 1
Order - 0422,06/12/2023,12:04:34,CUST - 046,109869.65,EUR,ST,USER - 10897,06/12/2023,,,Company 1
Order - 0423,06/12/2023,19:25:45,CUST - 010,110000,EUR,ST,USER - 04201,18/01/2024,,X,Company 1
Order - 0424,07/12/2023,11:09:37,CUST - 032,16470,EUR,SO,USER - 05682,19/12/2023,,,Company 1
Order - 0425,07/12/2023,16:35:27,CUST - 006,2359.1,PLN,ST,USER - 10897,07/12/2023,,,Company 1
Order - 0426,07/12/2023,16:38:38,CUST - 026,39502.6,EUR,ST,USER - 10897,08/12/2023,,,Company 1
Order - 0427,08/12/2023,11:12:56,CUST - 011,48960,EUR,SO,USER - 03676,09/12/2023,,,Company 1
Order - 0428,08/12/2023,11:15:56,CUST - 011,9113.55,EUR,SO,USER - 03676,09/12/2023,,,Company 1
Order - 0429,08/12/2023,14:44:26,CUST - 026,36945.27,EUR,ST,USER - 10897,09/12/2023,,,Company 1
Order - 0430,08/12/2023,14:50:26,CUST - 010,5112.24,EUR,ST,USER - 10897,08/12/2023,,,Company 1
Order - 0431,13/12/2023,08:41:08,CUST - 026,33909.87,EUR,ST,USER - 10897,14/12/2023,,,Company 1
Order - 0432,13/12/2023,09:49:25,CUST - 006,6230.5,PLN,ST,USER - 10897,14/12/2023,,,Company 1
Order - 0433,13/12/2023,11:22:53,CUST - 008,1659.18,PLN,ST,USER - 10897,14/12/2023,,,Company 1
Order - 0434,14/12/2023,12:02:34,CUST - 020,132000,EUR,ST,USER - 04201,14/12/2023,,,Company 1
Order - 0435,14/12/2023,14:26:17,CUST - 010,8237.88,EUR,ST,USER - 02130,14/12/2023,,,Company 1
Order - 0436,14/12/2023,14:26:05,CUST - 036,1295.3,USD,ST,USER - 10897,14/12/2023,,,Company 2
Order - 0437,14/12/2023,15:17:51,CUST - 036,1065.45,USD,ST,USER - 02130,15/12/2023,,,Company 2
Order - 0438,14/12/2023,17:18:14,CUST - 038,510.21,USD,ST,USER - 02130,14/12/2023,,,Company 2
Order - 0439,14/12/2023,18:59:56,CUST - 037,662.2,USD,ST,USER - 02130,14/12/2023,,,Company 2
Order - 0440,14/12/2023,19:44:37,CUST - 038,100.31,USD,ST,USER - 02130,14/12/2023,,,Company 2
Order - 0441,14/12/2023,20:11:03,CUST - 038,1251.01,USD,ST,USER - 02130,15/12/2023,,,Company 2
Order - 0442,14/12/2023,21:28:03,CUST - 036,2324.85,USD,ST,USER - 02130,15/12/2023,,,Company 2
Order - 0443,14/12/2023,21:47:23,CUST - 034,987.8,USD,ST,USER - 02130,14/12/2023,,,Company 2
Order - 0444,14/12/2023,21:55:34,CUST - 037,1674.32,USD,ST,USER - 02130,14/12/2023,,,Company 2
Order - 0445,14/12/2023,22:07:01,CUST - 037,7921.55,USD,ST,USER - 02130,15/12/2023,,,Company 2
Order - 0446,14/12/2023,22:36:53,CUST - 037,1617.52,USD,ST,USER - 02130,14/12/2023,,,Company 2
Order - 0447,15/12/2023,09:26:09,CUST - 006,7057.25,PLN,ST,USER - 10897,16/12/2023,,,Company 1
Order - 0448,15/12/2023,10:48:58,CUST - 045,-16500.15,EUR,ST,USER - 10897,16/12/2023,,,Company 1
Order - 0449,15/12/2023,11:11:21,CUST - 045,16500.15,EUR,ST,USER - 10897,15/12/2023,,,Company 1
Order - 0450,15/12/2023,11:37:03,CUST - 045,-4714.33,EUR,ST,USER - 10897,16/12/2023,,,Company 1
Order - 0451,15/12/2023,11:40:44,CUST - 045,4714.33,EUR,ST,USER - 10897,15/12/2023,,,Company 1
Order - 0452,15/12/2023,11:44:06,CUST - 045,-37714.64,EUR,ST,USER - 10897,15/12/2023,,,Company 1
Order - 0453,15/12/2023,11:46:26,CUST - 045,37714.64,EUR,ST,USER - 10897,15/12/2023,,,Company 1
Order - 0454,15/12/2023,12:05:26,CUST - 045,-22393.07,EUR,ST,USER - 10897,16/12/2023,,,Company 1
Order - 0455,15/12/2023,12:08:01,CUST - 045,22393.07,EUR,ST,USER - 10897,15/12/2023,,,Company 1
Order - 0456,15/12/2023,12:20:40,CUST - 045,-40071.8,EUR,ST,USER - 10897,15/12/2023,,,Company 1
Order - 0457,15/12/2023,12:22:24,CUST - 045,40071.8,EUR,ST,USER - 10897,16/12/2023,,,Company 1
Order - 0458,15/12/2023,12:23:58,CUST - 045,-41250.38,EUR,ST,USER - 10897,16/12/2023,,,Company 1
Order - 0459,15/12/2023,12:26:27,CUST - 045,41250.38,EUR,ST,USER - 10897,16/12/2023,,,Company 1
Order - 0460,15/12/2023,12:29:44,CUST - 045,-63643.45,EUR,ST,USER - 10897,16/12/2023,,,Company 1
Order - 0461,15/12/2023,12:32:10,CUST - 045,63643.45,EUR,ST,USER - 10897,16/12/2023,,,Company 1
Order - 0462,15/12/2023,12:34:06,CUST - 045,-61286.28,EUR,ST,USER - 10897,15/12/2023,,,Company 1
Order - 0463,15/12/2023,12:36:27,CUST - 045,61286.28,EUR,ST,USER - 10897,16/12/2023,,,Company 1
Order - 0464,15/12/2023,12:44:15,CUST - 045,-29464.56,EUR,ST,USER - 10897,16/12/2023,,,Company 1
Order - 0465,15/12/2023,12:45:43,CUST - 045,29464.56,EUR,ST,USER - 10897,16/12/2023,,,Company 1
Order - 0466,15/12/2023,13:26:47,CUST - 045,-23571.65,EUR,ST,USER - 10897,15/12/2023,,,Company 1
Order - 0467,15/12/2023,13:28:07,CUST - 045,23571.65,EUR,ST,USER - 10897,15/12/2023,,,Company 1
Order - 0468,15/12/2023,13:29:04,CUST - 045,-69536.36,EUR,ST,USER - 10897,16/12/2023,,,Company 1
Order - 0469,15/12/2023,13:30:51,CUST - 045,69536.36,EUR,ST,USER - 10897,15/12/2023,,,Company 1
Order - 0470,15/12/2023,13:36:07,CUST - 045,-38893.22,EUR,ST,USER - 10897,15/12/2023,,,Company 1
Order - 0471,15/12/2023,13:38:25,CUST - 045,38893.22,EUR,ST,USER - 10897,15/12/2023,,,Company 1
Order - 0472,15/12/2023,13:40:15,CUST - 045,-66000.61,EUR,ST,USER - 10897,16/12/2023,,,Company 1
Order - 0473,15/12/2023,13:41:50,CUST - 045,66000.61,EUR,ST,USER - 10897,15/12/2023,,,Company 1
Order - 0474,15/12/2023,13:44:03,CUST - 045,-35357.47,EUR,ST,USER - 10897,15/12/2023,,,Company 1
Order - 0475,15/12/2023,13:46:18,CUST - 045,35357.47,EUR,ST,USER - 10897,16/12/2023,,,Company 1
Order - 0476,15/12/2023,13:47:47,CUST - 045,-35357.47,EUR,ST,USER - 10897,15/12/2023,,,Company 1
Order - 0477,15/12/2023,13:49:18,CUST - 045,35357.47,EUR,ST,USER - 10897,15/12/2023,,,Company 1
Order - 0478,15/12/2023,13:50:22,CUST - 045,-49500.46,EUR,ST,USER - 10897,16/12/2023,,,Company 1
Order - 0479,15/12/2023,13:53:09,CUST - 045,49500.46,EUR,ST,USER - 10897,16/12/2023,,,Company 1
Order - 0480,15/12/2023,13:55:11,CUST - 045,-30201.06,EUR,ST,USER - 10897,15/12/2023,,,Company 1
Order - 0481,15/12/2023,13:57:36,CUST - 045,30201.06,EUR,ST,USER - 10897,16/12/2023,,,Company 1
Order - 0482,15/12/2023,14:05:51,CUST - 037,1020.37,USD,ST,USER - 02130,15/12/2023,,,Company 2
Order - 0483,15/12/2023,14:12:15,CUST - 034,3660.8,USD,ST,USER - 02130,15/12/2023,,,Company 2
Order - 0484,15/12/2023,14:35:08,CUST - 036,1153.47,USD,ST,USER - 02130,16/12/2023,,,Company 2
Order - 0485,15/12/2023,14:45:13,CUST - 045,16787.64,EUR,ST,USER - 10897,16/12/2023,,,Company 1
Order - 0486,15/12/2023,15:08:20,CUST - 027,3323.67,EUR,ST,USER - 08479,16/12/2023,,,Company 1
Order - 0487,15/12/2023,15:25:27,CUST - 037,678.36,USD,ST,USER - 02130,15/12/2023,,,Company 2
Order - 0488,15/12/2023,15:47:08,CUST - 037,568.15,USD,ST,USER - 02130,16/12/2023,,,Company 2
Order - 0489,15/12/2023,16:21:35,CUST - 037,352.97,USD,ST,USER - 02130,15/12/2023,,,Company 2
Order - 0490,15/12/2023,16:28:03,CUST - 037,849.75,USD,ST,USER - 02130,15/12/2023,,,Company 2
Order - 0491,15/12/2023,16:56:11,CUST - 037,295.56,USD,ST,USER - 02130,16/12/2023,,,Company 2
Order - 0492,15/12/2023,17:03:03,CUST - 037,299.41,USD,ST,USER - 02130,15/12/2023,,,Company 2
Order - 0493,15/12/2023,18:58:51,CUST - 038,1483.16,USD,ST,USER - 02130,16/12/2023,,,Company 2
Order - 0494,15/12/2023,19:28:24,CUST - 038,582.76,USD,ST,USER - 02130,16/12/2023,,,Company 2
Order - 0495,18/12/2023,14:43:33,CUST - 005,4.6,EUR,SO,USER - 03649,20/12/2023,,,Company 1
Order - 0496,18/12/2023,15:42:20,CUST - 036,1785.14,USD,ST,USER - 02130,18/12/2023,,,Company 2
Order - 0497,18/12/2023,15:51:10,CUST - 037,584.52,USD,ST,USER - 02130,18/12/2023,,,Company 2
Order - 0498,18/12/2023,16:05:05,CUST - 037,1125.3,USD,ST,USER - 02130,19/12/2023,,,Company 2
Order - 0499,18/12/2023,16:32:50,CUST - 036,159.41,USD,ST,USER - 02130,19/12/2023,,,Company 2
Order - 0500,18/12/2023,16:43:42,CUST - 036,4518.19,USD,ST,USER - 02130,19/12/2023,,,Company 2
Order - 0501,18/12/2023,16:57:25,CUST - 036,1382.53,USD,ST,USER - 02130,18/12/2023,,,Company 2
Order - 0502,18/12/2023,17:44:52,CUST - 035,2955.1,USD,ST,USER - 02130,18/12/2023,,,Company 2
Order - 0503,18/12/2023,18:02:40,CUST - 036,145.6,USD,ST,USER - 02130,18/12/2023,,,Company 2
Order - 0504,18/12/2023,18:32:41,CUST - 036,43600.45,USD,ST,USER - 02130,19/12/2023,,,Company 2
Order - 0505,18/12/2023,18:53:08,CUST - 036,1060.34,USD,ST,USER - 02130,19/12/2023,,,Company 2
Order - 0506,18/12/2023,19:05:19,CUST - 036,355.28,USD,ST,USER - 02130,19/12/2023,,,Company 2
Order - 0507,18/12/2023,19:14:42,CUST - 036,486.37,USD,ST,USER - 02130,19/12/2023,,,Company 2
Order - 0508,18/12/2023,19:21:57,CUST - 036,2665.69,USD,ST,USER - 02130,19/12/2023,,,Company 2
Order - 0509,18/12/2023,19:27:51,CUST - 034,294.8,USD,ST,USER - 02130,19/12/2023,,,Company 2
Order - 0510,19/12/2023,10:34:38,CUST - 015,5899.26,EUR,ST,USER - 10897,20/12/2023,,,Company 1
Order - 0511,19/12/2023,10:50:31,CUST - 043,9941.93,EUR,ST,USER - 10897,20/12/2023,,,Company 1
Order - 0512,19/12/2023,11:08:45,CUST - 012,21014.3,EUR,ST,USER - 10897,20/12/2023,,,Company 1
Order - 0513,19/12/2023,13:01:57,CUST - 011,18366.48,EUR,SO,USER - 03676,20/12/2023,,,Company 1
Order - 0514,19/12/2023,13:07:10,CUST - 020,146601,EUR,ST,USER - 10897,20/12/2023,,,Company 1
Order - 0515,19/12/2023,13:21:52,CUST - 047,205017.36,EUR,ST,USER - 10897,19/12/2023,,,Company 1
Order - 0516,19/12/2023,13:40:27,CUST - 014,1415.16,EUR,ST,USER - 10897,20/12/2023,,,Company 1
Order - 0517,19/12/2023,13:43:02,CUST - 014,279155.04,EUR,ST,USER - 10897,20/12/2023,,,Company 1
Order - 0518,19/12/2023,13:48:31,CUST - 014,16450.56,EUR,ST,USER - 10897,19/12/2023,,,Company 1
Order - 0519,19/12/2023,13:57:08,CUST - 014,40502.16,EUR,ST,USER - 10897,19/12/2023,,,Company 1
Order - 0520,19/12/2023,13:59:15,CUST - 014,15912,EUR,ST,USER - 10897,20/12/2023,,,Company 1
Order - 0521,19/12/2023,14:08:46,CUST - 014,31671.6,EUR,ST,USER - 10897,20/12/2023,,,Company 1
Order - 0522,19/12/2023,14:29:05,CUST - 014,57657.6,EUR,ST,USER - 10897,20/12/2023,,,Company 1
Order - 0523,19/12/2023,14:33:39,CUST - 014,117784.08,EUR,ST,USER - 10897,19/12/2023,,,Company 1
Order - 0524,19/12/2023,14:37:04,CUST - 014,14989.68,EUR,ST,USER - 10897,20/12/2023,,,Company 1
Order - 0525,19/12/2023,14:46:20,CUST - 026,36673.22,EUR,ST,USER - 10897,19/12/2023,,,Company 1
Order - 0526,19/12/2023,16:39:23,CUST - 035,19826.78,USD,ST,USER - 02130,20/12/2023,,,Company 2
Order - 0527,19/12/2023,16:49:30,CUST - 036,1294.19,USD,ST,USER - 02130,20/12/2023,,,Company 2
Order - 0528,19/12/2023,16:59:15,CUST - 034,1133.55,USD,ST,USER - 02130,19/12/2023,,,Company 2
Order - 0529,19/12/2023,17:05:57,CUST - 034,283.25,USD,ST,USER - 02130,19/12/2023,,,Company 2
Order - 0530,19/12/2023,17:12:11,CUST - 034,1133.55,USD,ST,USER - 02130,19/12/2023,,,Company 2
Order - 0531,19/12/2023,17:22:52,CUST - 034,294.8,USD,ST,USER - 02130,19/12/2023,,,Company 2
Order - 0532,19/12/2023,18:32:50,CUST - 038,841.19,USD,ST,USER - 02130,19/12/2023,,,Company 2
Order - 0533,19/12/2023,18:44:51,CUST - 036,282.53,USD,ST,USER - 02130,19/12/2023,,,Company 2
Order - 0534,19/12/2023,18:59:13,CUST - 034,987.8,USD,ST,USER - 02130,20/12/2023,,,Company 2
Order - 0535,19/12/2023,19:13:08,CUST - 036,1979.05,USD,ST,USER - 02130,19/12/2023,,,Company 2
Order - 0536,19/12/2023,19:48:02,CUST - 036,1760.33,USD,ST,USER - 02130,20/12/2023,,,Company 2
Order - 0537,19/12/2023,19:55:40,CUST - 036,2501.17,USD,ST,USER - 02130,19/12/2023,,,Company 2
Order - 0538,19/12/2023,20:02:53,CUST - 036,3053.73,USD,ST,USER - 02130,19/12/2023,,,Company 2
Order - 0539,19/12/2023,20:29:51,CUST - 034,283.25,USD,ST,USER - 02130,20/12/2023,,,Company 2
Order - 0540,19/12/2023,20:35:14,CUST - 034,294.8,USD,ST,USER - 02130,20/12/2023,,,Company 2
Order - 0541,19/12/2023,20:43:48,CUST - 035,1605.19,USD,ST,USER - 02130,19/12/2023,,,Company 2
Order - 0542,19/12/2023,20:53:12,CUST - 036,651.6,USD,ST,USER - 02130,19/12/2023,,,Company 2
Order - 0543,19/12/2023,20:58:25,CUST - 034,294.8,USD,ST,USER - 10897,20/12/2023,,,Company 2
Order - 0544,19/12/2023,20:55:42,CUST - 026,35080.68,EUR,ST,USER - 02130,19/12/2023,,,Company 1
Order - 0545,20/12/2023,08:10:17,CUST - 010,65.95,EUR,ST,USER - 10897,20/12/2023,,,Company 1
Order - 0546,20/12/2023,08:16:56,CUST - 015,127009.46,EUR,ST,USER - 10897,21/12/2023,,,Company 1
Order - 0547,20/12/2023,08:17:59,CUST - 002,6074,EUR,ST,USER - 08479,21/12/2023,,,Company 1
Order - 0548,20/12/2023,08:28:03,CUST - 003,35613,EUR,ST,USER - 10897,21/12/2023,,,Company 1
Order - 0549,20/12/2023,08:26:49,CUST - 040,117315.4,EUR,ST,USER - 08479,20/12/2023,,,Company 1
Order - 0550,20/12/2023,08:35:24,CUST - 012,6919.46,EUR,ST,USER - 08479,20/12/2023,,,Company 1
Order - 0551,20/12/2023,08:35:14,CUST - 001,2925,EUR,ST,USER - 10897,20/12/2023,,,Company 1
Order - 0552,20/12/2023,08:44:04,CUST - 030,3940,EUR,ST,USER - 08479,21/12/2023,,,Company 1
Order - 0553,20/12/2023,08:48:56,CUST - 029,6989,EUR,ST,USER - 08479,21/12/2023,,,Company 1
Order - 0554,20/12/2023,11:25:44,CUST - 011,18172.08,EUR,SO,USER - 03676,21/12/2023,,,Company 1
Order - 0555,20/12/2023,11:33:49,CUST - 011,40562.68,EUR,SO,USER - 03676,21/12/2023,,,Company 1
Order - 0556,20/12/2023,13:32:15,CUST - 039,341035.28,EUR,ST,USER - 10897,20/12/2023,,,Company 1
Order - 0557,20/12/2023,13:36:09,CUST - 010,451348.39,EUR,ST,USER - 10897,20/12/2023,,,Company 1
Order - 0558,20/12/2023,13:39:09,CUST - 040,8090.78,EUR,ST,USER - 10897,20/12/2023,,,Company 1
Order - 0559,20/12/2023,13:41:35,CUST - 048,1467100.37,EUR,ST,USER - 10897,20/12/2023,,,Company 1
Order - 0560,20/12/2023,13:43:56,CUST - 010,267087.66,EUR,ST,USER - 10897,21/12/2023,,,Company 1
Order - 0561,20/12/2023,13:47:22,CUST - 048,27765.96,EUR,ST,USER - 10897,20/12/2023,,,Company 1
Order - 0562,20/12/2023,13:52:33,CUST - 043,1078.87,EUR,ST,USER - 10897,21/12/2023,,,Company 1
Order - 0563,20/12/2023,13:54:26,CUST - 049,238.75,EUR,ST,USER - 10897,20/12/2023,,,Company 1
Order - 0564,20/12/2023,17:26:00,CUST - 036,2076.87,USD,ST,USER - 02130,20/12/2023,,,Company 2
Order - 0565,20/12/2023,17:36:43,CUST - 036,43600.45,USD,ST,USER - 02130,21/12/2023,,,Company 2
Order - 0566,20/12/2023,17:44:11,CUST - 037,300.95,USD,ST,USER - 02130,20/12/2023,,,Company 2
Order - 0567,20/12/2023,17:51:33,CUST - 037,5139.05,USD,ST,USER - 02130,21/12/2023,,,Company 2
Order - 0568,20/12/2023,17:59:57,CUST - 037,582.67,USD,ST,USER - 02130,20/12/2023,,,Company 2
Order - 0569,20/12/2023,18:05:54,CUST - 037,878.66,USD,ST,USER - 02130,20/12/2023,,,Company 2
Order - 0570,20/12/2023,19:04:13,CUST - 010,282850,EUR,ST,USER - 04201,21/12/2023,,,Company 1
Order - 0571,20/12/2023,19:11:24,CUST - 010,89750,EUR,ST,USER - 04201,20/12/2023,,,Company 1
Order - 0572,20/12/2023,19:13:45,CUST - 010,16400,EUR,ST,USER - 04201,18/01/2024,,X,Company 1
Order - 0573,21/12/2023,15:07:11,CUST - 010,2405.76,EUR,ST,USER - 04201,21/12/2023,,,Company 1
Order - 0574,21/12/2023,15:05:38,CUST - 010,110000,EUR,ST,USER - 10897,21/12/2023,,,Company 1
Order - 0575,22/12/2023,09:01:20,CUST - 026,24031.66,EUR,ST,USER - 10897,22/12/2023,,,Company 1
Order - 0576,22/12/2023,15:11:55,CUST - 039,-1412.16,EUR,ST,USER - 10897,22/12/2023,,,Company 1
Order - 0577,22/12/2023,15:14:40,CUST - 010,-326982.84,EUR,ST,USER - 10897,23/12/2023,,,Company 1
Order - 0578,22/12/2023,15:18:37,CUST - 048,-12747.84,EUR,ST,USER - 10897,22/12/2023,,,Company 1
Order - 0579,22/12/2023,15:20:30,CUST - 010,-636.82,EUR,ST,USER - 10897,23/12/2023,,,Company 1
Order - 0580,22/12/2023,15:41:04,CUST - 006,5033.45,PLN,ST,USER - 10897,23/12/2023,,,Company 1
Order - 0581,28/12/2023,20:05:39,CUST - 006,3717.5,PLN,ST,USER - 10897,29/12/2023,,,Company 1
Order - 0582,02/01/2024,21:47:16,CUST - 009,500,PLN,ST,USER - 10897,01/01/2024,,,Company 1
Order - 0583,03/01/2024,12:06:07,CUST - 011,18172.08,EUR,SO,USER - 03676,29/12/2023,,,Company 1
Order - 0584,03/01/2024,14:03:14,CUST - 011,48960,EUR,SO,USER - 03676,04/01/2024,,,Company 1
Order - 0585,04/01/2024,13:22:02,CUST - 011,48960,EUR,SO,USER - 03676,05/01/2024,,,Company 1
Order - 0586,04/01/2024,13:25:04,CUST - 011,28935.04,EUR,SO,USER - 03676,05/01/2024,,,Company 1
Order - 0587,04/01/2024,14:17:48,CUST - 008,1285.75,PLN,ST,USER - 10897,04/01/2024,,,Company 1
Order - 0588,04/01/2024,15:06:04,CUST - 011,13969.16,EUR,SO,USER - 03676,05/01/2024,,,Company 1
Order - 0589,04/01/2024,15:11:30,CUST - 011,9771.96,EUR,SO,USER - 03676,05/01/2024,,,Company 1
Order - 0590,04/01/2024,15:17:00,CUST - 011,9771.96,EUR,SO,USER - 03676,05/01/2024,,,Company 1
Order - 0591,10/01/2024,11:09:47,CUST - 005,145.4,EUR,SO,USER - 00934,12/01/2024,,,Company 1
Order - 0592,11/01/2024,14:42:27,CUST - 011,48960,EUR,SO,USER - 03676,12/01/2024,,,Company 1
Order - 0593,11/01/2024,14:45:01,CUST - 011,25007.1,EUR,SO,USER - 03676,12/01/2024,,,Company 1
Order - 0594,11/01/2024,18:20:56,CUST - 026,34014.16,EUR,ST,USER - 10897,11/01/2024,,,Company 1
Order - 0595,12/01/2024,08:26:45,CUST - 011,19376.68,EUR,SO,USER - 03676,12/01/2024,,,Company 1
Order - 0596,15/01/2024,13:22:17,CUST - 011,48960,EUR,SO,USER - 03676,15/01/2024,,,Company 1
Order - 0597,16/01/2024,11:04:05,CUST - 011,20524.8,EUR,SO,USER - 03676,17/01/2024,,,Company 1
Order - 0598,16/01/2024,11:08:27,CUST - 011,28536.96,EUR,SO,USER - 03676,17/01/2024,,,Company 1
Order - 0599,17/01/2024,09:28:19,CUST - 026,32570.61,EUR,ST,USER - 10897,17/01/2024,,,Company 1
Order - 0600,17/01/2024,13:39:15,CUST - 011,13107.6,EUR,SO,USER - 03676,18/01/2024,,,Company 1
Order - 0601,18/01/2024,12:24:50,CUST - 011,48960,EUR,SO,USER - 03676,18/01/2024,,,Company 1
Order - 0602,18/01/2024,13:05:39,CUST - 011,25170.12,EUR,SO,USER - 03676,18/01/2024,,,Company 1
Order - 0603,18/01/2024,13:40:23,CUST - 005,1422.5,EUR,SO,USER - 00934,10/07/2024,,,Company 1
Order - 0604,18/01/2024,13:55:08,CUST - 010,110000,EUR,ST,USER - 10897,18/01/2024,,,Company 1
Order - 0605,18/01/2024,14:29:20,CUST - 010,16400,EUR,ST,USER - 10897,06/02/2024,,,Company 1
Order - 0606,19/01/2024,09:22:21,CUST - 011,19390.1,EUR,SO,USER - 03676,19/01/2024,,,Company 1
Order - 0607,22/01/2024,09:25:28,CUST - 011,48960,EUR,SO,USER - 03676,22/01/2024,,,Company 1
Order - 0608,22/01/2024,10:04:51,CUST - 026,36851.66,EUR,ST,USER - 10897,23/01/2024,,,Company 1
Order - 0609,25/01/2024,16:11:03,CUST - 026,37174.92,EUR,ST,USER - 10897,25/01/2024,,,Company 1
Order - 0610,25/01/2024,16:27:43,CUST - 006,6620.45,PLN,ST,USER - 10897,25/01/2024,,,Company 1
Order - 0611,26/01/2024,09:37:25,CUST - 014,-1415.16,EUR,ST,USER - 10897,27/01/2024,,,Company 1
Order - 0612,26/01/2024,09:45:14,CUST - 014,-40502.16,EUR,ST,USER - 10897,27/01/2024,,,Company 1
Order - 0613,26/01/2024,09:48:21,CUST - 014,2808,EUR,ST,USER - 10897,27/01/2024,,,Company 1
Order - 0614,26/01/2024,09:51:35,CUST - 014,126.36,EUR,ST,USER - 10897,26/01/2024,,,Company 1
Order - 0615,26/01/2024,11:35:03,CUST - 011,48960,EUR,SO,USER - 05664,26/01/2024,,,Company 1
Order - 0616,26/01/2024,11:39:13,CUST - 011,41818.1,EUR,SO,USER - 05664,26/01/2024,,,Company 1
Order - 0617,26/01/2024,14:20:04,CUST - 045,37147.3,EUR,ST,USER - 10897,10/12/2023,X,X,Company 1
Order - 0618,26/01/2024,15:07:53,CUST - 045,-37147.3,EUR,ST,USER - 10897,26/01/2024,,,Company 1
Order - 0619,28/01/2024,21:59:37,CUST - 045,45691.18,EUR,ST,USER - 10897,28/01/2024,,,Company 1
Order - 0620,28/01/2024,22:04:35,CUST - 045,-45691.18,EUR,ST,USER - 10897,27/01/2024,,,Company 1
Order - 0621,28/01/2024,22:07:34,CUST - 045,37147.3,EUR,ST,USER - 10897,27/01/2024,,,Company 1
Order - 0622,29/01/2024,12:53:26,CUST - 011,12639.4,EUR,SO,USER - 05664,29/01/2024,,,Company 1
Order - 0623,30/01/2024,11:44:29,CUST - 011,19215.48,EUR,SO,USER - 05664,30/01/2024,,,Company 1
Order - 0624,30/01/2024,11:49:52,CUST - 011,9771.96,EUR,SO,USER - 05664,30/01/2024,,,Company 1
Order - 0625,30/01/2024,13:15:36,CUST - 006,7140.8,PLN,ST,USER - 08479,31/01/2024,,,Company 1
Order - 0626,30/01/2024,13:54:08,CUST - 009,500,PLN,ST,USER - 08479,31/01/2024,,,Company 1
Order - 0627,30/01/2024,14:11:32,CUST - 026,37591.04,EUR,ST,USER - 08479,31/01/2024,,,Company 1
Order - 0628,30/01/2024,14:46:46,CUST - 026,38827.14,EUR,ST,USER - 08479,30/01/2024,,,Company 1
Order - 0629,30/01/2024,16:19:44,CUST - 038,1218.18,USD,ST,USER - 08479,31/01/2024,,,Company 2
Order - 0630,30/01/2024,16:48:04,CUST - 034,2678.2,USD,ST,USER - 02130,31/01/2024,,,Company 2
Order - 0631,30/01/2024,17:06:51,CUST - 036,373.06,USD,ST,USER - 02130,30/01/2024,,,Company 2
Order - 0632,30/01/2024,17:22:11,CUST - 038,623.21,USD,ST,USER - 02130,30/01/2024,,,Company 2
Order - 0633,30/01/2024,15:55:24,CUST - 018,32422.56,EUR,ST,USER - 02130,30/01/2024,,,Company 1
Order - 0634,30/01/2024,17:33:17,CUST - 037,713.83,USD,ST,USER - 02130,30/01/2024,,,Company 2
Order - 0635,30/01/2024,17:40:17,CUST - 037,2726.05,USD,ST,USER - 02130,30/01/2024,,,Company 2
Order - 0636,30/01/2024,18:32:18,CUST - 034,1158.55,USD,ST,USER - 02130,31/01/2024,,,Company 2
Order - 0637,30/01/2024,18:42:45,CUST - 034,319.8,USD,ST,USER - 02130,30/01/2024,,,Company 2
Order - 0638,30/01/2024,18:49:17,CUST - 034,290.65,USD,ST,USER - 02130,30/01/2024,,,Company 2
Order - 0639,30/01/2024,19:00:26,CUST - 038,622.87,USD,ST,USER - 02130,30/01/2024,,,Company 2
Order - 0640,30/01/2024,19:17:34,CUST - 037,3350.05,USD,ST,USER - 02130,31/01/2024,,,Company 2
Order - 0641,30/01/2024,19:30:13,CUST - 038,622.87,USD,ST,USER - 02130,31/01/2024,,,Company 2
Order - 0642,30/01/2024,19:38:50,CUST - 034,319.8,USD,ST,USER - 02130,31/01/2024,,,Company 2
Order - 0643,30/01/2024,19:53:37,CUST - 034,290.65,USD,ST,USER - 02130,31/01/2024,,,Company 2
Order - 0644,30/01/2024,20:00:26,CUST - 036,1156,USD,ST,USER - 02130,31/01/2024,,,Company 2
Order - 0645,30/01/2024,20:09:46,CUST - 034,909.4,USD,ST,USER - 02130,30/01/2024,,,Company 2
Order - 0646,30/01/2024,20:15:57,CUST - 038,622.87,USD,ST,USER - 02130,30/01/2024,,,Company 2
Order - 0647,30/01/2024,20:28:26,CUST - 036,1003.32,USD,ST,USER - 02130,31/01/2024,,,Company 2
Order - 0648,30/01/2024,20:36:16,CUST - 036,419.66,USD,ST,USER - 02130,30/01/2024,,,Company 2
Order - 0649,30/01/2024,20:56:24,CUST - 037,897.96,USD,ST,USER - 02130,31/01/2024,,,Company 2
Order - 0650,30/01/2024,21:05:26,CUST - 037,1529.22,USD,ST,USER - 02130,30/01/2024,,,Company 2
Order - 0651,30/01/2024,21:11:53,CUST - 037,315.1,USD,ST,USER - 02130,31/01/2024,,,Company 2
Order - 0652,30/01/2024,22:24:16,CUST - 038,622.86,USD,ST,USER - 02130,30/01/2024,,,Company 2
Order - 0653,30/01/2024,22:43:39,CUST - 036,4729.48,USD,ST,USER - 02130,30/01/2024,,,Company 2
Order - 0654,31/01/2024,09:41:18,CUST - 011,9771.96,EUR,SO,USER - 03676,31/01/2024,,,Company 1
Order - 0655,31/01/2024,14:03:48,CUST - 002,10879.44,EUR,SO,USER - 00934,07/02/2024,,,Company 1
Order - 0656,31/01/2024,14:25:01,CUST - 036,2609.66,USD,ST,USER - 02130,01/02/2024,,,Company 2
Order - 0657,31/01/2024,14:35:27,CUST - 036,419.62,USD,ST,USER - 02130,01/02/2024,,,Company 2
Order - 0658,31/01/2024,14:41:58,CUST - 036,419.62,USD,ST,USER - 02130,01/02/2024,,,Company 2
Order - 0659,31/01/2024,14:54:18,CUST - 036,1172.04,USD,ST,USER - 02130,31/01/2024,,,Company 2
Order - 0660,31/01/2024,18:00:38,CUST - 034,91,USD,ST,USER - 02130,01/02/2024,,,Company 2
Order - 0661,31/01/2024,18:09:49,CUST - 036,64.03,USD,ST,USER - 02130,31/01/2024,,,Company 2
Order - 0662,31/01/2024,18:24:01,CUST - 036,114.33,USD,ST,USER - 02130,01/02/2024,,,Company 2
Order - 0663,31/01/2024,18:36:35,CUST - 036,694.03,USD,ST,USER - 02130,01/02/2024,,,Company 2
Order - 0664,31/01/2024,18:52:22,CUST - 036,284.03,USD,ST,USER - 02130,01/02/2024,,,Company 2
Order - 0665,31/01/2024,19:00:19,CUST - 036,3519.83,USD,ST,USER - 02130,31/01/2024,,,Company 2
Order - 0666,31/01/2024,19:09:54,CUST - 036,424.58,USD,ST,USER - 02130,31/01/2024,,,Company 2
Order - 0667,31/01/2024,19:15:37,CUST - 034,614.6,USD,ST,USER - 02130,31/01/2024,,,Company 2
Order - 0668,31/01/2024,19:26:13,CUST - 036,10269.84,USD,ST,USER - 02130,31/01/2024,,,Company 2
Order - 0669,31/01/2024,19:33:15,CUST - 036,754.96,USD,ST,USER - 02130,31/01/2024,,,Company 2
Order - 0670,31/01/2024,19:39:49,CUST - 036,956.05,USD,ST,USER - 02130,01/02/2024,,,Company 2
Order - 0671,31/01/2024,19:46:59,CUST - 035,3297.09,USD,ST,USER - 02130,31/01/2024,,,Company 2
Order - 0672,01/02/2024,11:00:16,CUST - 006,4152,PLN,ST,USER - 08479,01/02/2024,,,Company 1
Order - 0673,01/02/2024,15:05:06,CUST - 011,48960,EUR,SO,USER - 03676,01/02/2024,,,Company 1
Order - 0674,01/02/2024,15:12:01,CUST - 011,33445.56,EUR,SO,USER - 03676,01/02/2024,,,Company 1
Order - 0675,01/02/2024,16:02:59,CUST - 050,78045,USD,ST,USER - 02130,01/02/2024,,,Company 2
Order - 0676,01/02/2024,16:09:47,CUST - 051,2341.3,USD,ST,USER - 02130,01/02/2024,,,Company 2
Order - 0677,01/02/2024,17:38:03,CUST - 051,2341.3,USD,ST,USER - 02130,01/02/2024,,,Company 2
Order - 0678,01/02/2024,17:54:25,CUST - 050,78045,USD,ST,USER - 02130,01/02/2024,,,Company 2
Order - 0679,06/02/2024,09:41:04,CUST - 011,18150.48,EUR,SO,USER - 03676,06/02/2024,,,Company 1
Order - 0680,06/02/2024,10:11:08,CUST - 011,18010.08,EUR,SO,USER - 03676,06/02/2024,,,Company 1
Order - 0681,06/02/2024,10:36:19,CUST - 010,16400,EUR,ST,USER - 10897,07/02/2024,,,Company 1
Order - 0682,06/02/2024,15:37:32,CUST - 026,39407.02,EUR,ST,USER - 10897,06/02/2024,,,Company 1
Order - 0683,06/02/2024,15:40:15,CUST - 008,1664.43,PLN,ST,USER - 10897,06/02/2024,,,Company 1
Order - 0684,07/02/2024,13:37:46,CUST - 011,18350.3,EUR,SO,USER - 03676,07/02/2024,,,Company 1
Order - 0685,07/02/2024,13:42:08,CUST - 011,48960,EUR,SO,USER - 03676,07/02/2024,,,Company 1
Order - 0686,08/02/2024,08:34:55,CUST - 011,33867.44,EUR,SO,USER - 03676,08/02/2024,,,Company 1
Order - 0687,08/02/2024,08:54:41,CUST - 005,13350.9,EUR,SO,USER - 00934,23/02/2024,,,Company 1
Order - 0688,08/02/2024,09:21:38,CUST - 011,15752.68,EUR,SO,USER - 03676,08/02/2024,,,Company 1
Order - 0689,08/02/2024,14:21:54,CUST - 034,641,USD,ST,USER - 02130,09/02/2024,,,Company 2
Order - 0690,08/02/2024,14:29:51,CUST - 036,1109.37,USD,ST,USER - 02130,08/02/2024,,,Company 2
Order - 0691,08/02/2024,14:36:46,CUST - 038,116.02,USD,ST,USER - 02130,08/02/2024,,,Company 2
Order - 0692,08/02/2024,14:48:09,CUST - 034,147.1,USD,ST,USER - 02130,08/02/2024,,,Company 2
Order - 0693,08/02/2024,14:59:13,CUST - 036,1267.04,USD,ST,USER - 02130,08/02/2024,,,Company 2
Order - 0694,08/02/2024,17:56:50,CUST - 026,42317.57,EUR,ST,USER - 10897,08/02/2024,,,Company 1
Order - 0695,09/02/2024,08:42:53,CUST - 011,14545.46,EUR,SO,USER - 03676,09/02/2024,,,Company 1
Order - 0696,09/02/2024,12:27:28,CUST - 011,48960,EUR,SO,USER - 03676,09/02/2024,,,Company 1
Order - 0697,12/02/2024,08:52:54,CUST - 003,-370231,EUR,ST,USER - 08479,09/02/2024,,,Company 1
Order - 0698,12/02/2024,10:00:13,CUST - 001,-81926,EUR,ST,USER - 08479,13/02/2024,,,Company 1
Order - 0699,12/02/2024,10:14:23,CUST - 001,-81926,EUR,ST,USER - 08479,12/02/2024,,X,Company 1
Order - 0700,12/02/2024,10:26:46,CUST - 002,-153250,EUR,ST,USER - 08479,09/02/2024,,X,Company 1
Order - 0701,13/02/2024,11:23:31,CUST - 011,18269.28,EUR,SO,USER - 03676,13/02/2024,,,Company 1
Order - 0702,13/02/2024,11:40:26,CUST - 011,25865.92,EUR,SO,USER - 03676,13/02/2024,,,Company 1
Order - 0703,13/02/2024,15:15:59,CUST - 011,2587.04,EUR,SO,USER - 03676,13/02/2024,,,Company 1
Order - 0704,13/02/2024,20:00:37,CUST - 036,1154.13,USD,ST,USER - 02130,13/02/2024,,,Company 2
Order - 0705,13/02/2024,20:10:13,CUST - 036,126.5,USD,ST,USER - 02130,13/02/2024,,,Company 2
Order - 0706,13/02/2024,21:24:52,CUST - 037,304.4,USD,ST,USER - 02130,14/02/2024,,,Company 2
Order - 0707,13/02/2024,21:32:20,CUST - 036,358.28,USD,ST,USER - 02130,14/02/2024,,,Company 2
Order - 0708,13/02/2024,21:38:05,CUST - 037,312.54,USD,ST,USER - 02130,13/02/2024,,,Company 2
Order - 0709,13/02/2024,21:47:45,CUST - 037,2406.22,USD,ST,USER - 02130,13/02/2024,,,Company 2
Order - 0710,13/02/2024,21:54:25,CUST - 037,1129.35,USD,ST,USER - 02130,13/02/2024,,,Company 2
Order - 0711,13/02/2024,22:12:46,CUST - 037,995.81,USD,ST,USER - 02130,14/02/2024,,,Company 2
Order - 0712,13/02/2024,22:19:18,CUST - 034,1081,USD,ST,USER - 02130,13/02/2024,,,Company 2
Order - 0713,13/02/2024,22:29:08,CUST - 036,782.43,USD,ST,USER - 02130,14/02/2024,,,Company 2
Order - 0714,13/02/2024,22:38:14,CUST - 036,135.63,USD,ST,USER - 02130,14/02/2024,,,Company 2
Order - 0715,13/02/2024,22:48:12,CUST - 036,3215.83,USD,ST,USER - 02130,13/02/2024,,,Company 2
Order - 0716,13/02/2024,23:00:03,CUST - 034,1012.8,USD,ST,USER - 02130,13/02/2024,,,Company 2
Order - 0717,14/02/2024,14:45:54,CUST - 038,525.73,USD,ST,USER - 02130,14/02/2024,,,Company 2
Order - 0718,14/02/2024,14:55:50,CUST - 037,2007.75,USD,ST,USER - 02130,14/02/2024,,,Company 2
Order - 0719,14/02/2024,15:07:16,CUST - 038,525.73,USD,ST,USER - 02130,15/02/2024,,,Company 2
Order - 0720,14/02/2024,15:54:06,CUST - 038,525.73,USD,ST,USER - 02130,14/02/2024,,,Company 2
Order - 0721,14/02/2024,16:13:20,CUST - 036,404.8,USD,ST,USER - 02130,14/02/2024,,,Company 2
Order - 0722,14/02/2024,16:21:47,CUST - 036,404.13,USD,ST,USER - 02130,14/02/2024,,,Company 2
Order - 0723,14/02/2024,16:31:22,CUST - 036,1581.94,USD,ST,USER - 02130,14/02/2024,,,Company 2
Order - 0724,14/02/2024,16:49:43,CUST - 034,2088.6,USD,ST,USER - 02130,15/02/2024,,,Company 2
Order - 0725,14/02/2024,16:55:51,CUST - 038,606.06,USD,ST,USER - 02130,15/02/2024,,,Company 2
Order - 0726,14/02/2024,17:05:27,CUST - 034,909.4,USD,ST,USER - 02130,15/02/2024,,,Company 2
Order - 0727,14/02/2024,17:14:58,CUST - 038,1609.41,USD,ST,USER - 02130,14/02/2024,,,Company 2
Order - 0728,14/02/2024,17:26:57,CUST - 038,622.86,USD,ST,USER - 02130,15/02/2024,,,Company 2
Order - 0729,14/02/2024,17:49:51,CUST - 038,566.32,USD,ST,USER - 02130,14/02/2024,,,Company 2
Order - 0730,14/02/2024,18:02:39,CUST - 036,1821.65,USD,ST,USER - 02130,14/02/2024,,,Company 2
Order - 0731,14/02/2024,18:11:12,CUST - 034,940.2,USD,ST,USER - 02130,15/02/2024,,,Company 2
Order - 0732,14/02/2024,18:28:39,CUST - 038,599.76,USD,ST,USER - 02130,14/02/2024,,,Company 2
Order - 0733,14/02/2024,18:35:39,CUST - 038,825.49,USD,ST,USER - 02130,14/02/2024,,,Company 2
Order - 0734,15/02/2024,07:35:59,CUST - 026,39001.62,EUR,ST,USER - 10897,15/02/2024,,,Company 1
Order - 0735,15/02/2024,07:39:35,CUST - 006,6061.6,PLN,ST,USER - 10897,15/02/2024,,,Company 1
Order - 0736,15/02/2024,07:41:42,CUST - 010,10910.88,EUR,ST,USER - 10897,16/02/2024,,,Company 1
Order - 0737,15/02/2024,20:49:02,CUST - 005,97.33,EUR,ST,USER - 10897,15/02/2024,,,Company 1
Order - 0738,15/02/2024,20:52:01,CUST - 026,41844.24,EUR,ST,USER - 10897,16/02/2024,,,Company 1
Order - 0739,16/02/2024,12:46:23,CUST - 011,48960,EUR,SO,USER - 03676,17/02/2024,,,Company 1
Order - 0740,16/02/2024,12:51:46,CUST - 011,41678.78,EUR,SO,USER - 03676,17/02/2024,,,Company 1
Order - 0741,19/02/2024,13:58:07,CUST - 011,18207.12,EUR,SO,USER - 03676,20/02/2024,,,Company 1
Order - 0742,19/02/2024,15:44:35,CUST - 020,-388986,EUR,ST,USER - 08479,19/02/2024,,,Company 1
Order - 0743,19/02/2024,16:29:43,CUST - 020,311493,EUR,ST,USER - 08479,20/02/2024,,,Company 1
Order - 0744,19/02/2024,17:45:36,CUST - 020,77493,EUR,ST,USER - 08479,20/02/2024,,,Company 1
Order - 0745,20/02/2024,12:05:07,CUST - 010,39000,EUR,ST,USER - 10897,20/02/2024,,,Company 1
Order - 0746,20/02/2024,12:59:36,CUST - 011,14281.14,EUR,SO,USER - 10897,21/02/2024,,,Company 1
Order - 0747,20/02/2024,12:49:42,CUST - 010,473000,EUR,ST,USER - 03676,20/02/2024,,,Company 1
Order - 0748,20/02/2024,13:04:53,CUST - 011,24684.92,EUR,SO,USER - 03676,21/02/2024,,,Company 1
Order - 0749,20/02/2024,14:49:24,CUST - 011,3317.76,EUR,SO,USER - 03676,21/02/2024,,,Company 1
Order - 0750,20/02/2024,15:08:54,CUST - 052,38849.13,EUR,ST,USER - 10897,21/02/2024,,,Company 1
Order - 0751,20/02/2024,18:24:52,CUST - 036,7988.89,USD,ST,USER - 02130,20/02/2024,,,Company 2
Order - 0752,20/02/2024,18:36:52,CUST - 034,312.54,USD,ST,USER - 02130,21/02/2024,,,Company 2
Order - 0753,20/02/2024,18:45:15,CUST - 037,592.67,USD,ST,USER - 02130,21/02/2024,,,Company 2
Order - 0754,20/02/2024,18:55:08,CUST - 035,19841.78,USD,ST,USER - 02130,20/02/2024,,,Company 2
Order - 0755,20/02/2024,19:31:41,CUST - 038,622.86,USD,ST,USER - 02130,20/02/2024,,,Company 2
Order - 0756,20/02/2024,21:03:38,CUST - 036,1558.91,USD,ST,USER - 02130,21/02/2024,,,Company 2
Order - 0757,20/02/2024,21:13:38,CUST - 036,1995.49,USD,ST,USER - 02130,21/02/2024,,,Company 2
Order - 0758,20/02/2024,21:21:26,CUST - 034,193.3,USD,ST,USER - 02130,21/02/2024,,,Company 2
Order - 0759,20/02/2024,21:29:23,CUST - 036,1696.11,USD,ST,USER - 02130,20/02/2024,,,Company 2
Order - 0760,20/02/2024,21:46:56,CUST - 036,1775.83,USD,ST,USER - 02130,20/02/2024,,,Company 2
Order - 0761,20/02/2024,22:45:35,CUST - 036,502.44,USD,ST,USER - 02130,20/02/2024,,,Company 2
Order - 0762,20/02/2024,22:50:30,CUST - 038,372.91,USD,ST,USER - 02130,20/02/2024,,,Company 2
Order - 0763,20/02/2024,22:56:03,CUST - 034,614.6,USD,ST,USER - 02130,20/02/2024,,,Company 2
Order - 0764,20/02/2024,23:01:09,CUST - 038,622.86,USD,ST,USER - 02130,21/02/2024,,,Company 2
Order - 0765,20/02/2024,23:14:47,CUST - 036,317.12,USD,ST,USER - 02130,20/02/2024,,,Company 2
Order - 0766,21/02/2024,10:13:07,CUST - 052,-38849.13,EUR,ST,USER - 10897,21/02/2024,,,Company 1
Order - 0767,21/02/2024,11:54:37,CUST - 011,23777.96,EUR,SO,USER - 03676,22/02/2024,,,Company 1
Order - 0768,21/02/2024,12:13:15,CUST - 005,46796.2,EUR,SO,USER - 00934,28/03/2024,,X,Company 1
Order - 0770,21/02/2024,13:31:31,CUST - 010,98000,EUR,FA,USER - 04201,21/02/2024,,,Company 1
Order - 0771,21/02/2024,13:40:59,CUST - 052,38849.13,EUR,ST,USER - 10897,21/02/2024,,,Company 1
Order - 0772,21/02/2024,14:25:02,CUST - 053,975,USD,ST,USER - 02130,22/02/2024,,,Company 2
Order - 0773,21/02/2024,14:32:53,CUST - 036,410.03,USD,ST,USER - 02130,22/02/2024,,,Company 2
Order - 0774,21/02/2024,14:38:18,CUST - 038,1369.51,USD,ST,USER - 02130,22/02/2024,,,Company 2
Order - 0775,21/02/2024,14:49:11,CUST - 034,92.65,USD,ST,USER - 02130,21/02/2024,,,Company 2
Order - 0776,21/02/2024,14:55:15,CUST - 038,598.33,USD,ST,USER - 02130,21/02/2024,,,Company 2
Order - 0777,21/02/2024,15:01:52,CUST - 038,698.99,USD,ST,USER - 02130,22/02/2024,,,Company 2
Order - 0778,21/02/2024,15:29:29,CUST - 010,35350,EUR,ST,USER - 10897,21/02/2024,,,Company 1
Order - 0779,21/02/2024,16:11:29,CUST - 036,600.51,USD,ST,USER - 02130,21/02/2024,,,Company 2
Order - 0780,21/02/2024,16:17:20,CUST - 036,737.16,USD,ST,USER - 02130,21/02/2024,,,Company 2
Order - 0781,21/02/2024,16:22:45,CUST - 034,1204.2,USD,ST,USER - 02130,21/02/2024,,,Company 2
Order - 0782,21/02/2024,16:30:07,CUST - 038,1679.87,USD,ST,USER - 02130,21/02/2024,,,Company 2
Order - 0783,21/02/2024,16:35:57,CUST - 038,1687.24,USD,ST,USER - 02130,22/02/2024,,,Company 2
Order - 0784,21/02/2024,18:17:18,CUST - 037,312.54,USD,ST,USER - 02130,22/02/2024,,,Company 2
Order - 0785,22/02/2024,11:50:02,CUST - 011,48960,EUR,SO,USER - 03676,23/02/2024,,,Company 1
Order - 0786,22/02/2024,11:53:18,CUST - 011,39445.08,EUR,SO,USER - 03676,23/02/2024,,,Company 1
Order - 0787,22/02/2024,13:04:37,CUST - 054,131.84,EUR,SO,USER - 00934,23/02/2024,,,Company 1
Order - 0788,22/02/2024,15:34:41,CUST - 006,4157.45,PLN,ST,USER - 10897,22/02/2024,,,Company 1
Order - 0789,26/02/2024,14:57:21,CUST - 011,12115.92,EUR,SO,USER - 03676,27/02/2024,,,Company 1
Order - 0790,27/02/2024,09:49:16,CUST - 011,13645.96,EUR,SO,USER - 03676,28/02/2024,,,Company 1
Order - 0791,27/02/2024,09:59:20,CUST - 011,11046.58,EUR,SO,USER - 03676,28/02/2024,,,Company 1
Order - 0792,27/02/2024,10:25:50,CUST - 005,4457.52,EUR,SO,USER - 00934,28/02/2024,,,Company 1
Order - 0793,27/02/2024,12:32:20,CUST - 011,48960,EUR,SO,USER - 03676,28/02/2024,,,Company 1
Order - 0794,27/02/2024,12:34:12,CUST - 011,26354.18,EUR,SO,USER - 03676,28/02/2024,,,Company 1
Order - 0795,27/02/2024,14:25:45,CUST - 005,144.7,EUR,SO,USER - 00934,01/03/2024,,,Company 1
Order - 0796,27/02/2024,19:12:52,CUST - 035,19724.7,USD,ST,USER - 02130,27/02/2024,,,Company 2
Order - 0797,27/02/2024,19:32:28,CUST - 034,765.85,USD,ST,USER - 02130,27/02/2024,,,Company 2
Order - 0798,27/02/2024,19:46:09,CUST - 036,1116.7,USD,ST,USER - 02130,28/02/2024,,,Company 2
Order - 0799,27/02/2024,22:26:14,CUST - 034,308.25,USD,ST,USER - 02130,27/02/2024,,,Company 2
Order - 0800,28/02/2024,14:45:28,CUST - 036,3266.15,USD,ST,USER - 02130,28/02/2024,,,Company 2
Order - 0801,28/02/2024,14:50:54,CUST - 034,319.8,USD,ST,USER - 02130,28/02/2024,,,Company 2
Order - 0802,28/02/2024,14:56:17,CUST - 034,765.85,USD,ST,USER - 02130,28/02/2024,,,Company 2
Order - 0803,28/02/2024,16:40:40,CUST - 036,2375.13,USD,ST,USER - 02130,29/02/2024,,,Company 2
Order - 0804,28/02/2024,16:50:01,CUST - 036,129.93,USD,ST,USER - 02130,28/02/2024,,,Company 2
Order - 0805,28/02/2024,16:55:57,CUST - 036,4765.91,USD,ST,USER - 02130,28/02/2024,,,Company 2
Order - 0806,28/02/2024,17:02:47,CUST - 034,620.65,USD,ST,USER - 02130,29/02/2024,,,Company 2
Order - 0807,28/02/2024,17:13:33,CUST - 036,6491.56,USD,ST,USER - 02130,29/02/2024,,,Company 2
Order - 0808,29/02/2024,12:15:39,CUST - 010,208000,EUR,ST,USER - 10897,21/02/2024,,,Company 1
Order - 0809,29/02/2024,13:57:40,CUST - 011,23956.1,EUR,SO,USER - 03676,01/03/2024,,,Company 1
Order - 0810,29/02/2024,14:43:26,CUST - 053,3022,USD,ST,USER - 02130,29/02/2024,,,Company 2
Order - 0811,29/02/2024,15:06:25,CUST - 029,4700.15,EUR,ST,USER - 10897,01/03/2024,,,Company 1
Order - 0812,29/02/2024,17:23:39,CUST - 006,6104.4,PLN,ST,USER - 10897,01/03/2024,,,Company 1
Order - 0813,29/02/2024,19:49:00,CUST - 036,4879.56,USD,ST,USER - 02130,29/02/2024,,,Company 2
Order - 0814,01/03/2024,08:08:46,CUST - 026,40433.57,EUR,ST,USER - 10897,29/02/2024,,,Company 1
Order - 0815,01/03/2024,09:42:31,CUST - 026,34594.97,EUR,ST,USER - 10897,01/03/2024,,,Company 1
Order - 0816,01/03/2024,09:56:49,CUST - 026,39183.61,EUR,ST,USER - 10897,01/03/2024,,,Company 1
Order - 0817,01/03/2024,10:22:32,CUST - 009,500,PLN,ST,USER - 10897,01/03/2024,,,Company 1
Order - 0818,01/03/2024,12:02:06,CUST - 011,26253.48,EUR,SO,USER - 03676,02/03/2024,,,Company 1
Order - 0819,01/03/2024,12:04:17,CUST - 011,14625.62,EUR,SO,USER - 03676,02/03/2024,,,Company 1
Order - 0820,04/03/2024,11:48:27,CUST - 011,48960,EUR,SO,USER - 03676,05/03/2024,,,Company 1
Order - 0821,04/03/2024,11:57:49,CUST - 011,18366.48,EUR,SO,USER - 03676,05/03/2024,,,Company 1
Order - 0822,05/03/2024,08:04:41,CUST - 011,18010.08,EUR,SO,USER - 03676,06/03/2024,,,Company 1
Order - 0823,05/03/2024,08:11:34,CUST - 011,17075.68,EUR,SO,USER - 03676,06/03/2024,,,Company 1
Order - 0824,05/03/2024,20:30:59,CUST - 006,8097.7,PLN,ST,USER - 10897,06/03/2024,,,Company 1
Order - 0825,05/03/2024,20:41:40,CUST - 026,41809.34,EUR,ST,USER - 10897,05/03/2024,,,Company 1
Order - 0826,06/03/2024,16:52:07,CUST - 036,381.17,USD,ST,USER - 02130,06/03/2024,,,Company 2
Order - 0827,06/03/2024,16:59:54,CUST - 038,1735.61,USD,ST,USER - 02130,06/03/2024,,,Company 2
Order - 0828,06/03/2024,17:11:57,CUST - 051,556.7,USD,ST,USER - 02130,07/03/2024,,,Company 2
Order - 0829,06/03/2024,17:20:47,CUST - 036,210.97,USD,ST,USER - 02130,06/03/2024,,,Company 2
Order - 0830,06/03/2024,17:29:48,CUST - 036,3955.87,USD,ST,USER - 02130,07/03/2024,,,Company 2
Order - 0831,06/03/2024,17:44:25,CUST - 038,1922.86,USD,ST,USER - 02130,07/03/2024,,,Company 2
Order - 0832,06/03/2024,18:00:12,CUST - 034,518.9,USD,ST,USER - 02130,07/03/2024,,,Company 2
Order - 0833,06/03/2024,21:47:28,CUST - 051,2105.35,USD,ST,USER - 02130,06/03/2024,,,Company 2
Order - 0834,06/03/2024,21:58:46,CUST - 036,3321.8,USD,ST,USER - 02130,07/03/2024,,,Company 2
Order - 0835,06/03/2024,22:04:53,CUST - 034,1158.55,USD,ST,USER - 02130,07/03/2024,,,Company 2
Order - 0836,06/03/2024,22:16:07,CUST - 034,1158.55,USD,ST,USER - 02130,07/03/2024,,,Company 2
Order - 0837,06/03/2024,22:23:04,CUST - 036,0.00E+00,USD,ST,USER - 02130,06/03/2024,,,Company 2
Order - 0838,07/03/2024,08:16:47,CUST - 011,26253.48,EUR,SO,USER - 03676,07/03/2024,,,Company 1
Order - 0839,07/03/2024,08:20:14,CUST - 011,48960,EUR,SO,USER - 03676,07/03/2024,,,Company 1
Order - 0840,07/03/2024,13:45:13,CUST - 008,1971.66,PLN,ST,USER - 10897,07/03/2024,,,Company 1
Order - 0841,07/03/2024,14:40:27,CUST - 005,27953.1,EUR,SO,USER - 00934,23/03/2024,,,Company 1
Order - 0842,08/03/2024,08:10:20,CUST - 010,2353.44,EUR,ST,USER - 10897,11/03/2024,,,Company 1
Order - 0843,08/03/2024,08:21:52,CUST - 011,15038.9,EUR,SO,USER - 03676,08/03/2024,,,Company 1
Order - 0844,11/03/2024,08:19:23,CUST - 011,18366.48,EUR,SO,USER - 03676,12/03/2024,,,Company 1
Order - 0845,12/03/2024,14:09:08,CUST - 011,11046.58,EUR,SO,USER - 05664,13/03/2024,,,Company 1
Order - 0846,12/03/2024,14:15:37,CUST - 011,18010.08,EUR,SO,USER - 05664,13/03/2024,,,Company 1
Order - 0847,13/03/2024,15:25:14,CUST - 015,10483.75,EUR,ST,USER - 10897,14/03/2024,,,Company 1
Order - 0848,14/03/2024,13:42:14,CUST - 011,1321.92,EUR,SO,USER - 03676,15/03/2024,,,Company 1
Order - 0849,14/03/2024,13:46:45,CUST - 011,235.68,EUR,SO,USER - 03676,14/03/2024,,,Company 1
Order - 0850,14/03/2024,14:02:11,CUST - 001,248.88,EUR,SO,USER - 00934,08/05/2024,,,Company 1
Order - 0851,14/03/2024,14:57:55,CUST - 011,48960,EUR,SO,USER - 03676,14/03/2024,,,Company 1
Order - 0852,14/03/2024,15:24:51,CUST - 011,37574.82,EUR,SO,USER - 03676,14/03/2024,,,Company 1
Order - 0853,14/03/2024,15:32:03,CUST - 011,26253.48,EUR,SO,USER - 03676,15/03/2024,,,Company 1
Order - 0854,15/03/2024,11:00:55,CUST - 005,8460,EUR,SO,USER - 00934,16/03/2024,,,Company 1
Order - 0855,15/03/2024,12:56:47,CUST - 001,58000,EUR,ST,USER - 08479,09/04/2024,,X,Company 1
Order - 0856,15/03/2024,13:39:25,CUST - 001,180000,EUR,ST,USER - 08479,15/03/2024,,,Company 1
Order - 0857,15/03/2024,13:57:17,CUST - 001,140000,EUR,ST,USER - 08479,15/03/2024,,,Company 1
Order - 0858,15/03/2024,19:44:08,CUST - 006,7426.65,PLN,ST,USER - 10897,15/03/2024,,,Company 1
Order - 0859,15/03/2024,19:47:39,CUST - 026,40162.07,EUR,ST,USER - 10897,15/03/2024,,,Company 1
Order - 0860,15/03/2024,20:11:14,CUST - 026,43400.45,EUR,ST,USER - 10897,15/03/2024,,,Company 1
Order - 0861,18/03/2024,14:53:50,CUST - 011,19673.32,EUR,SO,USER - 03676,18/03/2024,,,Company 1
Order - 0862,18/03/2024,15:14:15,CUST - 011,26253.48,EUR,SO,USER - 03676,19/03/2024,,,Company 1
Order - 0863,18/03/2024,15:21:10,CUST - 011,31465.4,EUR,SO,USER - 03676,19/03/2024,,,Company 1
Order - 0864,19/03/2024,09:23:07,CUST - 011,18226.08,EUR,SO,USER - 03676,20/03/2024,,,Company 1
Order - 0865,19/03/2024,18:55:39,CUST - 035,6301.5,USD,ST,USER - 02130,20/03/2024,,,Company 2
Order - 0866,19/03/2024,19:05:18,CUST - 034,765.85,USD,ST,USER - 02130,19/03/2024,,,Company 2
Order - 0867,19/03/2024,19:12:48,CUST - 036,3907.71,USD,ST,USER - 02130,20/03/2024,,,Company 2
Order - 0868,19/03/2024,19:23:18,CUST - 037,4927.73,USD,ST,USER - 02130,20/03/2024,,,Company 2
Order - 0869,19/03/2024,19:30:21,CUST - 037,853.36,USD,ST,USER - 02130,20/03/2024,,,Company 2
Order - 0870,19/03/2024,19:44:29,CUST - 037,7615.65,USD,ST,USER - 02130,20/03/2024,,,Company 2
Order - 0871,19/03/2024,21:06:10,CUST - 037,17596.44,USD,ST,USER - 02130,20/03/2024,,,Company 2
Order - 0872,19/03/2024,21:22:50,CUST - 036,502.65,USD,ST,USER - 02130,20/03/2024,,,Company 2
Order - 0873,19/03/2024,21:29:40,CUST - 038,622.89,USD,ST,USER - 02130,19/03/2024,,,Company 2
Order - 0874,19/03/2024,21:36:06,CUST - 034,2383.4,USD,ST,USER - 02130,20/03/2024,,,Company 2
Order - 0875,19/03/2024,21:45:19,CUST - 036,429.46,USD,ST,USER - 02130,20/03/2024,,,Company 2
Order - 0876,19/03/2024,21:50:29,CUST - 034,319.8,USD,ST,USER - 02130,19/03/2024,,,Company 2
Order - 0877,19/03/2024,21:55:58,CUST - 034,642.65,USD,ST,USER - 02130,19/03/2024,,,Company 2
Order - 0878,19/03/2024,22:06:18,CUST - 034,2088.6,USD,ST,USER - 02130,20/03/2024,,,Company 2
Order - 0879,19/03/2024,22:14:37,CUST - 036,8498.14,USD,ST,USER - 02130,20/03/2024,,,Company 2
Order - 0880,19/03/2024,22:23:42,CUST - 034,319.8,USD,ST,USER - 02130,20/03/2024,,,Company 2
Order - 0881,19/03/2024,22:29:50,CUST - 034,1081,USD,ST,USER - 02130,20/03/2024,,,Company 2
Order - 0882,19/03/2024,22:35:56,CUST - 034,729,USD,ST,USER - 02130,20/03/2024,,,Company 2
Order - 0883,19/03/2024,22:46:48,CUST - 038,87.96,USD,ST,USER - 02130,19/03/2024,,,Company 2
Order - 0884,19/03/2024,22:52:14,CUST - 038,361.31,USD,ST,USER - 02130,20/03/2024,,,Company 2
Order - 0885,19/03/2024,22:58:08,CUST - 036,714.12,USD,ST,USER - 02130,20/03/2024,,,Company 2
Order - 0886,19/03/2024,23:05:01,CUST - 036,4672.3,USD,ST,USER - 02130,20/03/2024,,,Company 2
Order - 0887,20/03/2024,10:02:34,CUST - 011,42166.4,EUR,SO,USER - 03676,20/03/2024,,,Company 1
Order - 0888,20/03/2024,10:56:30,CUST - 011,33314.28,EUR,SO,USER - 03676,20/03/2024,,,Company 1
Order - 0889,20/03/2024,13:18:34,CUST - 055,500,EUR,ST,USER - 08479,20/03/2024,,,Company 1
Order - 0890,20/03/2024,16:39:03,CUST - 036,25,USD,ST,USER - 02130,20/03/2024,,,Company 2
Order - 0891,20/03/2024,17:11:59,CUST - 036,1065.57,USD,ST,USER - 02130,21/03/2024,,,Company 2
Order - 0892,20/03/2024,17:18:55,CUST - 038,2998.43,USD,ST,USER - 02130,21/03/2024,,,Company 2
Order - 0893,20/03/2024,17:32:23,CUST - 034,271.95,USD,ST,USER - 02130,20/03/2024,,,Company 2
Order - 0894,20/03/2024,17:50:39,CUST - 034,327.5,USD,ST,USER - 02130,20/03/2024,,,Company 2
Order - 0895,20/03/2024,17:57:01,CUST - 034,632.2,USD,ST,USER - 02130,21/03/2024,,,Company 2
Order - 0896,20/03/2024,18:07:09,CUST - 036,1036.6,USD,ST,USER - 02130,21/03/2024,,,Company 2
Order - 0897,20/03/2024,18:14:43,CUST - 051,97.59,USD,ST,USER - 02130,20/03/2024,,,Company 2
Order - 0898,20/03/2024,18:29:12,CUST - 034,337.4,USD,ST,USER - 02130,20/03/2024,,,Company 2
Order - 0899,20/03/2024,18:49:52,CUST - 034,337.4,USD,ST,USER - 02130,20/03/2024,,,Company 2
Order - 0900,20/03/2024,19:05:18,CUST - 034,319.8,USD,ST,USER - 02130,21/03/2024,,,Company 2
Order - 0901,20/03/2024,19:11:19,CUST - 034,271.95,USD,ST,USER - 02130,20/03/2024,,,Company 2
Order - 0902,20/03/2024,19:19:58,CUST - 036,3830.26,USD,ST,USER - 02130,20/03/2024,,,Company 2
Order - 0903,20/03/2024,19:27:59,CUST - 036,2781.49,USD,ST,USER - 02130,20/03/2024,,,Company 2
Order - 0904,20/03/2024,19:35:18,CUST - 034,319.8,USD,ST,USER - 02130,21/03/2024,,,Company 2
Order - 0905,20/03/2024,19:42:02,CUST - 038,2160.85,USD,ST,USER - 02130,21/03/2024,,,Company 2
Order - 0906,20/03/2024,20:10:06,CUST - 051,97.59,USD,ST,USER - 02130,25/03/2024,,,Company 2
Order - 0907,21/03/2024,08:43:31,CUST - 006,5409.75,PLN,ST,USER - 10897,21/03/2024,,,Company 1
Order - 0908,21/03/2024,08:53:26,CUST - 026,40876.78,EUR,ST,USER - 10897,21/03/2024,,,Company 1
Order - 0909,21/03/2024,09:07:18,CUST - 006,8315.95,PLN,ST,USER - 10897,21/03/2024,,,Company 1
Order - 0910,21/03/2024,09:58:27,CUST - 026,42429.41,EUR,ST,USER - 10897,21/03/2024,,,Company 1
Order - 0911,21/03/2024,10:20:43,CUST - 005,954.8,EUR,SO,USER - 00934,28/03/2024,,,Company 1
Order - 0912,21/03/2024,16:47:17,CUST - 011,13897.08,EUR,SO,USER - 03676,22/03/2024,,,Company 1
Order - 0913,22/03/2024,14:23:37,CUST - 011,16164.44,EUR,SO,USER - 03676,22/03/2024,,,Company 1
Order - 0914,22/03/2024,14:26:40,CUST - 011,26253.48,EUR,SO,USER - 03676,22/03/2024,,,Company 1
Order - 0915,25/03/2024,13:23:18,CUST - 011,30361.12,EUR,SO,USER - 05664,25/03/2024,,,Company 1
Order - 0916,25/03/2024,13:34:37,CUST - 011,14853.36,EUR,SO,USER - 05664,25/03/2024,,,Company 1
Order - 0917,25/03/2024,13:38:48,CUST - 011,27073.32,EUR,SO,USER - 05664,25/03/2024,,,Company 1
Order - 0918,26/03/2024,13:50:22,CUST - 036,5603.32,USD,ST,USER - 02130,27/03/2024,,,Company 2
Order - 0919,26/03/2024,14:04:51,CUST - 038,581.31,USD,ST,USER - 02130,27/03/2024,,,Company 2
Order - 0920,26/03/2024,16:09:30,CUST - 034,503.5,USD,ST,USER - 02130,26/03/2024,,,Company 2
Order - 0921,26/03/2024,16:18:13,CUST - 036,2274.72,USD,ST,USER - 02130,26/03/2024,,,Company 2
Order - 0922,26/03/2024,16:29:03,CUST - 036,974.17,USD,ST,USER - 02130,27/03/2024,,,Company 2
Order - 0923,26/03/2024,16:43:10,CUST - 034,92.65,USD,ST,USER - 02130,26/03/2024,,,Company 2
Order - 0924,26/03/2024,16:47:49,CUST - 034,319.8,USD,ST,USER - 02130,26/03/2024,,,Company 2
Order - 0925,26/03/2024,16:55:36,CUST - 036,84.05,USD,ST,USER - 02130,03/04/2024,,,Company 2
Order - 0926,26/03/2024,17:12:14,CUST - 034,869.8,USD,ST,USER - 02130,26/03/2024,,,Company 2
Order - 0927,26/03/2024,17:36:36,CUST - 038,86.86,USD,ST,USER - 02130,27/03/2024,,,Company 2
Order - 0928,26/03/2024,17:42:08,CUST - 034,92.65,USD,ST,USER - 02130,26/03/2024,,,Company 2
Order - 0929,26/03/2024,17:50:13,CUST - 036,735.28,USD,ST,USER - 02130,27/03/2024,,,Company 2
Order - 0930,26/03/2024,17:57:24,CUST - 036,1556.66,USD,ST,USER - 02130,26/03/2024,,,Company 2
Order - 0931,26/03/2024,18:04:29,CUST - 036,262.26,USD,ST,USER - 02130,27/03/2024,,,Company 2
Order - 0932,26/03/2024,18:10:12,CUST - 034,319.8,USD,ST,USER - 02130,27/03/2024,,,Company 2
Order - 0933,26/03/2024,18:16:46,CUST - 036,4192.72,USD,ST,USER - 02130,26/03/2024,,,Company 2
Order - 0934,27/03/2024,14:49:08,CUST - 011,48960,EUR,SO,USER - 03676,27/03/2024,,,Company 1
Order - 0935,27/03/2024,14:55:21,CUST - 011,17091.6,EUR,SO,USER - 03676,27/03/2024,,,Company 1
Order - 0936,27/03/2024,14:58:12,CUST - 011,3317.76,EUR,SO,USER - 03676,27/03/2024,,,Company 1
Order - 0937,27/03/2024,15:03:48,CUST - 011,22894.2,EUR,SO,USER - 03676,27/03/2024,,,Company 1
Order - 0938,27/03/2024,15:08:56,CUST - 011,24985.6,EUR,SO,USER - 03676,27/03/2024,,,Company 1
Order - 0939,28/03/2024,13:31:17,CUST - 010,19700,EUR,ST,USER - 08479,28/03/2024,,X,Company 1
Order - 0940,28/03/2024,13:59:40,CUST - 010,19700,EUR,ST,USER - 08479,28/03/2024,,,Company 1
Order - 0941,28/03/2024,15:17:31,CUST - 001,60000,EUR,ST,USER - 08479,28/03/2024,,,Company 1
Order - 0942,28/03/2024,15:31:01,CUST - 056,6179.58,EUR,SO,USER - 00934,09/04/2024,,,Company 1
Order - 0943,29/03/2024,08:35:03,CUST - 026,41167.42,EUR,ST,USER - 10897,29/03/2024,,,Company 1
Order - 0944,29/03/2024,08:42:39,CUST - 006,4683.25,PLN,ST,USER - 10897,29/03/2024,,,Company 1
Order - 0945,29/03/2024,09:09:37,CUST - 009,500,PLN,ST,USER - 10897,29/03/2024,,,Company 1
Order - 0946,29/03/2024,09:31:16,CUST - 026,37624.53,EUR,ST,USER - 10897,29/03/2024,,,Company 1
Order - 0947,02/04/2024,09:09:10,CUST - 011,11046.58,EUR,SO,USER - 03676,02/04/2024,,,Company 1
Order - 0948,02/04/2024,09:15:32,CUST - 011,17737.2,EUR,SO,USER - 03676,02/04/2024,,,Company 1
Order - 0949,02/04/2024,11:08:54,CUST - 001,-60000,EUR,ST,USER - 08479,28/03/2024,,,Company 1
Order - 0950,02/04/2024,11:19:50,CUST - 001,60000,EUR,ST,USER - 08479,17/05/2024,,X,Company 1
Order - 0951,03/04/2024,15:28:42,CUST - 011,12595.06,EUR,SO,USER - 03676,03/04/2024,,,Company 1
Order - 0952,03/04/2024,15:32:35,CUST - 011,18010.08,EUR,SO,USER - 03676,03/04/2024,,,Company 1
Order - 0953,03/04/2024,15:35:31,CUST - 011,18010.08,EUR,SO,USER - 03676,03/04/2024,,,Company 1
Order - 0954,03/04/2024,17:05:21,CUST - 034,319.8,USD,ST,USER - 02130,04/04/2024,,,Company 2
Order - 0955,03/04/2024,17:16:07,CUST - 051,173,USD,ST,USER - 02130,04/04/2024,,,Company 2
Order - 0956,03/04/2024,17:23:32,CUST - 038,622.89,USD,ST,USER - 02130,03/04/2024,,,Company 2
Order - 0957,03/04/2024,17:44:12,CUST - 036,1994.21,USD,ST,USER - 02130,04/04/2024,,,Company 2
Order - 0958,03/04/2024,17:56:40,CUST - 035,19724.7,USD,ST,USER - 02130,03/04/2024,,,Company 2
Order - 0959,03/04/2024,18:21:33,CUST - 034,95.4,USD,ST,USER - 02130,04/04/2024,,,Company 2
Order - 0960,03/04/2024,18:41:04,CUST - 037,2282.79,USD,ST,USER - 02130,04/04/2024,,,Company 2
Order - 0961,03/04/2024,19:04:32,CUST - 037,311.26,USD,ST,USER - 02130,04/04/2024,,,Company 2
Order - 0962,03/04/2024,19:40:42,CUST - 037,865.66,USD,ST,USER - 02130,04/04/2024,,,Company 2
Order - 0963,03/04/2024,19:48:24,CUST - 038,525.76,USD,ST,USER - 02130,04/04/2024,,,Company 2
Order - 0964,03/04/2024,19:57:23,CUST - 034,765.85,USD,ST,USER - 02130,04/04/2024,,,Company 2
Order - 0965,03/04/2024,20:22:37,CUST - 036,461.59,USD,ST,USER - 02130,04/04/2024,,,Company 2
Order - 0966,03/04/2024,20:31:28,CUST - 038,1266.61,USD,ST,USER - 02130,04/04/2024,,,Company 2
Order - 0967,03/04/2024,22:21:45,CUST - 034,1221.8,USD,ST,USER - 02130,04/04/2024,,,Company 2
Order - 0968,03/04/2024,22:27:15,CUST - 038,2925.52,USD,ST,USER - 02130,04/04/2024,,,Company 2
Order - 0969,03/04/2024,22:35:49,CUST - 038,2589.4,USD,ST,USER - 02130,03/04/2024,,,Company 2
Order - 0970,03/04/2024,22:41:37,CUST - 038,525.76,USD,ST,USER - 02130,04/04/2024,,,Company 2
Order - 0971,03/04/2024,22:46:46,CUST - 034,765.85,USD,ST,USER - 02130,04/04/2024,,,Company 2
Order - 0972,03/04/2024,22:52:06,CUST - 038,86.86,USD,ST,USER - 02130,04/04/2024,,,Company 2
Order - 0973,03/04/2024,22:57:57,CUST - 038,328.93,USD,ST,USER - 02130,03/04/2024,,,Company 2
Order - 0974,03/04/2024,23:03:14,CUST - 034,3729.25,USD,ST,USER - 02130,04/04/2024,,,Company 2
Order - 0975,03/04/2024,23:10:19,CUST - 038,3543.88,USD,ST,USER - 02130,03/04/2024,,,Company 2
Order - 0976,03/04/2024,23:16:23,CUST - 038,1181.92,USD,ST,USER - 02130,04/04/2024,,,Company 2
Order - 0977,03/04/2024,23:22:13,CUST - 034,1206.4,USD,ST,USER - 02130,03/04/2024,,,Company 2
Order - 0978,03/04/2024,23:28:13,CUST - 034,799.4,USD,ST,USER - 02130,04/04/2024,,,Company 2
Order - 0979,03/04/2024,23:33:57,CUST - 038,334.36,USD,ST,USER - 02130,04/04/2024,,,Company 2
Order - 0980,03/04/2024,23:39:55,CUST - 036,1075.49,USD,ST,USER - 02130,04/04/2024,,,Company 2
Order - 0981,03/04/2024,23:48:15,CUST - 034,370.9,USD,ST,USER - 02130,03/04/2024,,,Company 2
Order - 0982,03/04/2024,23:54:38,CUST - 036,1807.02,USD,ST,USER - 02130,03/04/2024,,,Company 2
Order - 0983,04/04/2024,00:03:11,CUST - 038,629.22,USD,ST,USER - 02130,04/04/2024,,,Company 2
Order - 0984,04/04/2024,13:18:00,CUST - 011,48960,EUR,SO,USER - 03676,04/04/2024,,,Company 1
Order - 0985,05/04/2024,14:13:44,CUST - 006,6090.2,PLN,ST,USER - 10897,05/04/2024,,,Company 1
Order - 0986,05/04/2024,14:18:55,CUST - 008,1867.12,PLN,ST,USER - 10897,05/04/2024,,,Company 1
Order - 0987,08/04/2024,15:06:11,CUST - 011,33872.78,EUR,SO,USER - 03676,08/04/2024,,,Company 1
Order - 0988,09/04/2024,14:40:33,CUST - 011,25015.82,EUR,SO,USER - 03676,09/04/2024,,,Company 1
Order - 0989,09/04/2024,14:46:18,CUST - 011,13271.6,EUR,SO,USER - 03676,09/04/2024,,,Company 1
Order - 0990,09/04/2024,16:05:57,CUST - 002,58000,EUR,ST,USER - 08479,10/04/2024,,,Company 1
Order - 0991,09/04/2024,16:24:26,CUST - 026,42657.38,EUR,ST,USER - 10897,09/04/2024,,,Company 1
Order - 0992,09/04/2024,16:27:49,CUST - 020,36368,EUR,ST,USER - 08479,09/04/2024,,,Company 1
Order - 0993,10/04/2024,11:05:24,CUST - 005,175,EUR,SO,USER - 00934,11/04/2024,,,Company 1
Order - 0994,10/04/2024,11:34:09,CUST - 011,33945.02,EUR,SO,USER - 03676,10/04/2024,,,Company 1
Order - 0995,10/04/2024,17:27:13,CUST - 036,768.96,USD,ST,USER - 02130,10/04/2024,,,Company 2
Order - 0996,10/04/2024,17:38:23,CUST - 038,2500.45,USD,ST,USER - 02130,10/04/2024,,,Company 2
Order - 0997,10/04/2024,17:46:02,CUST - 036,743.29,USD,ST,USER - 02130,10/04/2024,,,Company 2
Order - 0998,10/04/2024,17:52:59,CUST - 038,369.75,USD,ST,USER - 02130,11/04/2024,,,Company 2
Order - 0999,10/04/2024,18:09:02,CUST - 036,2173.42,USD,ST,USER - 02130,10/04/2024,,,Company 2
Order - 1000,10/04/2024,19:02:29,CUST - 036,1720.58,USD,ST,USER - 02130,11/04/2024,,,Company 2
Order - 1001,10/04/2024,20:05:45,CUST - 036,737.04,USD,ST,USER - 02130,10/04/2024,,,Company 2
Order - 1002,10/04/2024,20:15:22,CUST - 038,343.82,USD,ST,USER - 02130,11/04/2024,,,Company 2
Order - 1003,10/04/2024,20:22:14,CUST - 036,409.46,USD,ST,USER - 02130,11/04/2024,,,Company 2
Order - 1004,10/04/2024,20:28:03,CUST - 036,111.7,USD,ST,USER - 02130,11/04/2024,,,Company 2
Order - 1005,10/04/2024,22:09:27,CUST - 036,3112.17,USD,ST,USER - 02130,11/04/2024,,,Company 2
Order - 1006,10/04/2024,22:15:18,CUST - 038,1826.46,USD,ST,USER - 02130,11/04/2024,,,Company 2
Order - 1007,10/04/2024,22:22:44,CUST - 034,909.4,USD,ST,USER - 02130,10/04/2024,,,Company 2
Order - 1008,10/04/2024,22:35:04,CUST - 038,676.14,USD,ST,USER - 02130,11/04/2024,,,Company 2
Order - 1009,10/04/2024,22:45:00,CUST - 037,3198.87,USD,ST,USER - 02130,11/04/2024,,,Company 2
Order - 1010,10/04/2024,22:51:10,CUST - 037,2605.74,USD,ST,USER - 02130,11/04/2024,,,Company 2
Order - 1011,11/04/2024,00:00:44,CUST - 037,4249.02,USD,ST,USER - 02130,11/04/2024,,,Company 2
Order - 1012,11/04/2024,00:08:46,CUST - 037,18610.56,USD,ST,USER - 02130,11/04/2024,,,Company 2
Order - 1013,11/04/2024,15:24:10,CUST - 011,48960,EUR,SO,USER - 03676,11/04/2024,,,Company 1
Order - 1014,12/04/2024,10:07:01,CUST - 010,655.2,EUR,ST,USER - 10897,12/04/2024,,,Company 1
Order - 1015,12/04/2024,11:16:29,CUST - 006,2895.5,PLN,ST,USER - 10897,13/04/2024,,,Company 1
Order - 1016,12/04/2024,11:23:26,CUST - 026,37340.6,EUR,ST,USER - 10897,12/04/2024,,,Company 1
Order - 1017,12/04/2024,11:43:11,CUST - 005,434,EUR,SO,USER - 00934,16/04/2024,,,Company 1
Order - 1018,12/04/2024,12:26:59,CUST - 028,8112.96,EUR,ST,USER - 10897,13/04/2024,,,Company 1
Order - 1019,12/04/2024,12:57:58,CUST - 028,5909.76,EUR,ST,USER - 10897,12/04/2024,,,Company 1
Order - 1020,12/04/2024,14:02:47,CUST - 028,5408.64,EUR,ST,USER - 10897,13/04/2024,,,Company 1
Order - 1021,12/04/2024,14:11:27,CUST - 028,8864.64,EUR,ST,USER - 10897,13/04/2024,,,Company 1
Order - 1022,15/04/2024,10:17:58,CUST - 011,14296.08,EUR,SO,USER - 03676,15/04/2024,,,Company 1
Order - 1023,15/04/2024,10:21:48,CUST - 011,33943.61,EUR,SO,USER - 03676,15/04/2024,,,Company 1
Order - 1024,15/04/2024,10:30:21,CUST - 011,17410.32,EUR,SO,USER - 03676,15/04/2024,,,Company 1
Order - 1025,15/04/2024,13:01:55,CUST - 011,49644.19,EUR,SO,USER - 03676,15/04/2024,,,Company 1
Order - 1026,16/04/2024,11:33:17,CUST - 011,48960,EUR,SO,USER - 03676,16/04/2024,,,Company 1
Order - 1027,16/04/2024,18:06:44,CUST - 034,591.5,USD,ST,USER - 02130,17/04/2024,,,Company 2
Order - 1028,16/04/2024,18:21:03,CUST - 036,3388.45,USD,ST,USER - 02130,16/04/2024,,,Company 2
Order - 1029,16/04/2024,18:34:28,CUST - 038,1218.18,USD,ST,USER - 02130,16/04/2024,,,Company 2
Order - 1030,16/04/2024,18:48:23,CUST - 036,69785.72,USD,ST,USER - 02130,17/04/2024,,,Company 2
Order - 1031,16/04/2024,18:59:09,CUST - 034,620.65,USD,ST,USER - 02130,16/04/2024,,,Company 2
Order - 1032,16/04/2024,19:10:56,CUST - 036,721.35,USD,ST,USER - 02130,16/04/2024,,,Company 2
Order - 1033,16/04/2024,19:17:16,CUST - 034,1204.2,USD,ST,USER - 02130,17/04/2024,,,Company 2
Order - 1034,16/04/2024,19:29:15,CUST - 050,5101,USD,ST,USER - 02130,16/04/2024,,,Company 2
Order - 1035,16/04/2024,19:36:31,CUST - 036,501.85,USD,ST,USER - 02130,16/04/2024,,,Company 2
Order - 1036,16/04/2024,19:42:16,CUST - 038,526.45,USD,ST,USER - 02130,17/04/2024,,,Company 2
Order - 1037,16/04/2024,19:51:33,CUST - 034,271.95,USD,ST,USER - 02130,16/04/2024,,,Company 2
Order - 1038,16/04/2024,19:58:27,CUST - 036,1058.36,USD,ST,USER - 02130,16/04/2024,,,Company 2
Order - 1039,17/04/2024,10:12:17,CUST - 023,4398.68,EUR,SO,USER - 00934,17/04/2024,,,Company 1
Order - 1040,17/04/2024,14:47:30,CUST - 011,18118.08,EUR,SO,USER - 03676,17/04/2024,,,Company 1
Order - 1041,17/04/2024,14:52:50,CUST - 011,35489.94,EUR,SO,USER - 03676,17/04/2024,,,Company 1
Order - 1042,17/04/2024,15:01:08,CUST - 011,11910.12,EUR,SO,USER - 03676,17/04/2024,,,Company 1
Order - 1043,17/04/2024,15:04:27,CUST - 011,17985.38,EUR,SO,USER - 03676,17/04/2024,,,Company 1
Order - 1044,18/04/2024,13:26:12,CUST - 011,5802.56,EUR,SO,USER - 03676,18/04/2024,,,Company 1
Order - 1045,19/04/2024,08:05:10,CUST - 026,41364.74,EUR,ST,USER - 10897,20/04/2024,,,Company 1
Order - 1046,19/04/2024,13:38:29,CUST - 055,500,EUR,ST,USER - 08479,11/04/2024,,,Company 1
Order - 1047,19/04/2024,14:26:30,CUST - 055,500,EUR,ST,USER - 08479,11/04/2024,,,Company 1
Order - 1048,22/04/2024,13:35:20,CUST - 011,9771.96,EUR,SO,USER - 03676,22/04/2024,,,Company 1
Order - 1049,22/04/2024,13:46:09,CUST - 011,19390.34,EUR,SO,USER - 03676,22/04/2024,,,Company 1
Order - 1050,23/04/2024,13:00:33,CUST - 011,48960,EUR,SO,USER - 03676,23/04/2024,,,Company 1
Order - 1051,23/04/2024,19:26:14,CUST - 036,1569.2,USD,ST,USER - 02130,23/04/2024,,,Company 2
Order - 1052,23/04/2024,19:58:16,CUST - 036,838.07,USD,ST,USER - 02130,23/04/2024,,,Company 2
Order - 1053,23/04/2024,20:08:17,CUST - 036,92.65,USD,ST,USER - 02130,23/04/2024,,,Company 2
Order - 1054,23/04/2024,20:28:57,CUST - 036,367.67,USD,ST,USER - 02130,24/04/2024,,,Company 2
Order - 1055,23/04/2024,20:35:00,CUST - 034,658.6,USD,ST,USER - 02130,23/04/2024,,,Company 2
Order - 1056,23/04/2024,20:44:30,CUST - 038,358.7,USD,ST,USER - 02130,23/04/2024,,,Company 2
Order - 1057,23/04/2024,20:49:52,CUST - 038,342.71,USD,ST,USER - 02130,24/04/2024,,,Company 2
Order - 1058,23/04/2024,22:13:16,CUST - 034,308.25,USD,ST,USER - 02130,23/04/2024,,,Company 2
Order - 1059,23/04/2024,22:20:26,CUST - 034,308.25,USD,ST,USER - 02130,23/04/2024,,,Company 2
Order - 1060,23/04/2024,22:26:22,CUST - 034,799.4,USD,ST,USER - 02130,23/04/2024,,,Company 2
Order - 1061,23/04/2024,22:32:22,CUST - 038,328.93,USD,ST,USER - 02130,23/04/2024,,,Company 2
Order - 1062,24/04/2024,09:47:19,CUST - 005,2426,EUR,SO,USER - 00934,24/05/2024,X,X,Company 1
Order - 1063,24/04/2024,19:51:46,CUST - 034,92.65,USD,ST,USER - 02130,24/04/2024,,,Company 2
Order - 1064,25/04/2024,10:44:19,CUST - 011,42166.4,EUR,SO,USER - 03676,26/04/2024,,,Company 1
Order - 1065,25/04/2024,10:47:07,CUST - 011,18213.7,EUR,SO,USER - 03676,26/04/2024,,,Company 1
Order - 1066,25/04/2024,12:17:02,CUST - 005,1041.6,EUR,SO,USER - 00934,15/05/2024,,,Company 1
Order - 1067,25/04/2024,16:06:19,CUST - 006,7016.2,PLN,ST,USER - 10897,26/04/2024,,,Company 1
Order - 1068,25/04/2024,16:09:43,CUST - 026,38483.98,EUR,ST,USER - 10897,25/04/2024,,,Company 1
Order - 1069,25/04/2024,16:11:29,CUST - 026,35805.56,EUR,ST,USER - 10897,26/04/2024,,,Company 1
Order - 1070,29/04/2024,14:50:18,CUST - 011,13089.6,EUR,SO,USER - 03676,30/04/2024,,,Company 1
Order - 1071,30/04/2024,15:37:01,CUST - 026,40847.68,EUR,ST,USER - 10897,01/05/2024,,,Company 1
Order - 1072,30/04/2024,15:40:37,CUST - 026,33923.99,EUR,ST,USER - 10897,30/04/2024,,,Company 1
Order - 1073,30/04/2024,15:43:13,CUST - 009,500,PLN,ST,USER - 10897,30/04/2024,,,Company 1
Order - 1074,30/04/2024,17:24:16,CUST - 036,428.8,USD,ST,USER - 02130,01/05/2024,,,Company 2
Order - 1075,30/04/2024,17:30:31,CUST - 036,902.96,USD,ST,USER - 02130,01/05/2024,,,Company 2
Order - 1076,30/04/2024,17:42:06,CUST - 038,1861.37,USD,ST,USER - 02130,01/05/2024,,,Company 2
Order - 1077,30/04/2024,17:50:00,CUST - 038,326.66,USD,ST,USER - 02130,01/05/2024,,,Company 2
Order - 1078,30/04/2024,17:54:49,CUST - 034,319.8,USD,ST,USER - 02130,30/04/2024,,,Company 2
Order - 1079,30/04/2024,18:00:01,CUST - 034,319.8,USD,ST,USER - 02130,30/04/2024,,,Company 2
Order - 1080,30/04/2024,18:05:58,CUST - 034,319.8,USD,ST,USER - 02130,01/05/2024,,,Company 2
Order - 1081,30/04/2024,18:13:44,CUST - 038,321.07,USD,ST,USER - 02130,01/05/2024,,,Company 2
Order - 1082,30/04/2024,18:19:55,CUST - 036,1497.18,USD,ST,USER - 02130,01/05/2024,,,Company 2
Order - 1083,30/04/2024,18:31:54,CUST - 036,376.74,USD,ST,USER - 02130,30/04/2024,,,Company 2
Order - 1084,30/04/2024,20:06:04,CUST - 036,13117.8,USD,ST,USER - 02130,01/05/2024,,,Company 2
Order - 1085,30/04/2024,20:26:55,CUST - 036,422.6,USD,ST,USER - 02130,01/05/2024,,,Company 2
Order - 1086,30/04/2024,20:34:13,CUST - 036,1843.6,USD,ST,USER - 02130,01/05/2024,,,Company 2
Order - 1087,30/04/2024,20:41:42,CUST - 038,1273.46,USD,ST,USER - 02130,30/04/2024,,,Company 2
Order - 1088,30/04/2024,20:47:09,CUST - 034,869.8,USD,ST,USER - 02130,30/04/2024,,,Company 2
Order - 1089,30/04/2024,20:53:25,CUST - 034,337.4,USD,ST,USER - 02130,01/05/2024,,,Company 2
Order - 1090,30/04/2024,21:52:58,CUST - 038,936.98,USD,ST,USER - 02130,30/04/2024,,,Company 2
Order - 1091,30/04/2024,22:01:28,CUST - 036,4209.13,USD,ST,USER - 02130,30/04/2024,,,Company 2
Order - 1092,30/04/2024,22:08:28,CUST - 036,1128.73,USD,ST,USER - 02130,30/04/2024,,,Company 2
Order - 1093,30/04/2024,22:13:44,CUST - 038,323.55,USD,ST,USER - 02130,01/05/2024,,,Company 2
Order - 1094,30/04/2024,22:19:53,CUST - 034,305.5,USD,ST,USER - 02130,30/04/2024,,,Company 2
Order - 1095,30/04/2024,22:27:25,CUST - 036,827.34,USD,ST,USER - 02130,01/05/2024,,,Company 2
Order - 1096,03/05/2024,16:03:45,CUST - 036,2175,USD,ST,USER - 02130,04/05/2024,,,Company 2
Order - 1097,08/05/2024,08:36:31,CUST - 005,3454.5,EUR,SO,USER - 00934,14/05/2024,,,Company 1
Order - 1098,08/05/2024,16:12:08,CUST - 036,751.76,USD,ST,USER - 02130,09/05/2024,,,Company 2
Order - 1099,08/05/2024,16:30:06,CUST - 034,319.8,USD,ST,USER - 02130,08/05/2024,,,Company 2
Order - 1100,08/05/2024,20:40:33,CUST - 034,337.4,USD,ST,USER - 02130,08/05/2024,,,Company 2
Order - 1101,08/05/2024,20:48:35,CUST - 035,19855.4,USD,ST,USER - 02130,08/05/2024,,,Company 2
Order - 1102,08/05/2024,20:55:25,CUST - 038,336.15,USD,ST,USER - 02130,09/05/2024,,,Company 2
Order - 1103,08/05/2024,21:42:00,CUST - 037,1673.92,USD,ST,USER - 02130,09/05/2024,,,Company 2
Order - 1104,08/05/2024,21:50:05,CUST - 038,637.77,USD,ST,USER - 02130,09/05/2024,,,Company 2
Order - 1105,08/05/2024,21:56:54,CUST - 034,1158.55,USD,ST,USER - 02130,09/05/2024,,,Company 2
Order - 1106,08/05/2024,22:09:01,CUST - 034,1158.55,USD,ST,USER - 02130,08/05/2024,,,Company 2
Order - 1107,08/05/2024,22:15:29,CUST - 038,326.65,USD,ST,USER - 02130,09/05/2024,,,Company 2
Order - 1108,08/05/2024,22:23:31,CUST - 038,328.91,USD,ST,USER - 02130,09/05/2024,,,Company 2
Order - 1109,08/05/2024,22:33:27,CUST - 036,268.9,USD,ST,USER - 02130,08/05/2024,,,Company 2
Order - 1110,08/05/2024,22:39:51,CUST - 038,2563.75,USD,ST,USER - 02130,09/05/2024,,,Company 2
Order - 1111,08/05/2024,22:46:01,CUST - 038,315.1,USD,ST,USER - 02130,08/05/2024,,,Company 2
Order - 1112,08/05/2024,22:52:01,CUST - 038,1226.54,USD,ST,USER - 02130,08/05/2024,,,Company 2
Order - 1113,08/05/2024,22:57:22,CUST - 038,1205.52,USD,ST,USER - 02130,09/05/2024,,,Company 2
Order - 1114,08/05/2024,23:03:54,CUST - 034,909.4,USD,ST,USER - 02130,08/05/2024,,,Company 2
Order - 1115,08/05/2024,23:09:43,CUST - 034,566.75,USD,ST,USER - 02130,09/05/2024,,,Company 2
Order - 1116,08/05/2024,23:14:47,CUST - 038,361.3,USD,ST,USER - 02130,09/05/2024,,,Company 2
Order - 1117,08/05/2024,23:20:57,CUST - 036,11205,USD,ST,USER - 02130,09/05/2024,,,Company 2
Order - 1118,09/05/2024,13:23:52,CUST - 011,48960,EUR,SO,USER - 03676,09/05/2024,,,Company 1
Order - 1119,09/05/2024,13:25:49,CUST - 011,24427.26,EUR,SO,USER - 03676,09/05/2024,,,Company 1
Order - 1120,10/05/2024,08:05:21,CUST - 026,44612.57,EUR,ST,USER - 10897,11/05/2024,,,Company 1
Order - 1121,10/05/2024,10:27:10,CUST - 008,2730.04,PLN,ST,USER - 10897,10/05/2024,,,Company 1
Order - 1122,10/05/2024,10:41:34,CUST - 006,3517.05,PLN,ST,USER - 10897,10/05/2024,,,Company 1
Order - 1123,10/05/2024,11:29:46,CUST - 006,6248.1,PLN,ST,USER - 10897,10/05/2024,,,Company 1
Order - 1124,10/05/2024,12:27:55,CUST - 029,5892.13,EUR,ST,USER - 08479,10/05/2024,,,Company 1
Order - 1125,10/05/2024,13:25:07,CUST - 011,16297.64,EUR,SO,USER - 10897,10/05/2024,,,Company 1
Order - 1126,10/05/2024,13:29:57,CUST - 011,89.68,EUR,SO,USER - 03676,10/05/2024,,,Company 1
Order - 1127,10/05/2024,13:00:40,CUST - 006,5751.4,PLN,ST,USER - 03676,10/05/2024,,,Company 1
Order - 1128,13/05/2024,12:19:07,CUST - 001,161200,EUR,ST,USER - 10897,09/05/2024,,,Company 1
Order - 1129,14/05/2024,12:26:39,CUST - 011,25293.84,EUR,SO,USER - 03676,14/05/2024,,,Company 1
Order - 1130,14/05/2024,12:33:08,CUST - 011,3317.76,EUR,SO,USER - 03676,14/05/2024,,,Company 1
Order - 1131,15/05/2024,09:23:27,CUST - 020,-36368,EUR,ST,USER - 10897,16/05/2024,,,Company 1
Order - 1132,15/05/2024,09:35:17,CUST - 020,36368,EUR,ST,USER - 10897,16/05/2024,,,Company 1
Order - 1133,15/05/2024,13:03:22,CUST - 011,42166.4,EUR,SO,USER - 03676,15/05/2024,,,Company 1
Order - 1134,15/05/2024,18:52:37,CUST - 038,1240.07,USD,ST,USER - 02130,16/05/2024,,,Company 2
Order - 1135,15/05/2024,18:57:55,CUST - 034,1259.75,USD,ST,USER - 02130,15/05/2024,,,Company 2
Order - 1136,15/05/2024,19:03:11,CUST - 038,1663.96,USD,ST,USER - 02130,16/05/2024,,,Company 2
Order - 1137,15/05/2024,19:44:49,CUST - 034,1204.2,USD,ST,USER - 02130,15/05/2024,,,Company 2
Order - 1138,15/05/2024,19:50:09,CUST - 034,319.8,USD,ST,USER - 02130,15/05/2024,,,Company 2
Order - 1139,15/05/2024,19:56:17,CUST - 036,202.53,USD,ST,USER - 02130,15/05/2024,,,Company 2
Order - 1140,15/05/2024,20:22:40,CUST - 036,573.8,USD,ST,USER - 02130,16/05/2024,,,Company 2
Order - 1141,15/05/2024,20:32:26,CUST - 036,1735.83,USD,ST,USER - 02130,16/05/2024,,,Company 2
Order - 1142,15/05/2024,20:55:07,CUST - 036,667.6,USD,ST,USER - 02130,15/05/2024,,,Company 2
Order - 1143,15/05/2024,21:03:56,CUST - 036,3374.5,USD,ST,USER - 02130,15/05/2024,,,Company 2
Order - 1144,15/05/2024,21:12:29,CUST - 036,1188.31,USD,ST,USER - 02130,16/05/2024,,,Company 2
Order - 1145,15/05/2024,21:21:08,CUST - 036,1775.9,USD,ST,USER - 02130,16/05/2024,,,Company 2
Order - 1146,15/05/2024,21:50:01,CUST - 036,7463.36,USD,ST,USER - 02130,16/05/2024,,,Company 2
Order - 1147,15/05/2024,21:57:24,CUST - 036,1807.48,USD,ST,USER - 02130,15/05/2024,,,Company 2
Order - 1148,15/05/2024,22:08:54,CUST - 036,446.65,USD,ST,USER - 02130,16/05/2024,,,Company 2
Order - 1149,15/05/2024,22:27:41,CUST - 034,591.5,USD,ST,USER - 02130,16/05/2024,,,Company 2
Order - 1150,15/05/2024,22:38:18,CUST - 036,6008.35,USD,ST,USER - 02130,16/05/2024,,,Company 2
Order - 1151,15/05/2024,22:45:39,CUST - 034,909.4,USD,ST,USER - 02130,15/05/2024,,,Company 2
Order - 1152,15/05/2024,22:58:14,CUST - 038,825.6,USD,ST,USER - 02130,15/05/2024,,,Company 2
Order - 1153,15/05/2024,23:04:31,CUST - 034,424.2,USD,ST,USER - 02130,15/05/2024,,,Company 2
Order - 1154,15/05/2024,23:10:18,CUST - 037,6346.33,USD,ST,USER - 02130,16/05/2024,,,Company 2
Order - 1155,15/05/2024,23:24:36,CUST - 034,1392.85,USD,ST,USER - 02130,16/05/2024,,,Company 2
Order - 1156,15/05/2024,23:30:39,CUST - 037,7266.3,USD,ST,USER - 02130,15/05/2024,,,Company 2
Order - 1157,15/05/2024,23:37:13,CUST - 037,10165.67,USD,ST,USER - 02130,15/05/2024,,,Company 2
Order - 1158,15/05/2024,23:45:58,CUST - 034,337.4,USD,ST,USER - 02130,15/05/2024,,,Company 2
Order - 1159,16/05/2024,01:21:05,CUST - 037,1392.85,USD,ST,USER - 02130,16/05/2024,,,Company 2
Order - 1160,16/05/2024,12:50:55,CUST - 011,48960,EUR,SO,USER - 03676,16/05/2024,,,Company 1
Order - 1162,17/05/2024,08:59:47,CUST - 011,42034.63,EUR,SO,USER - 03676,17/05/2024,,,Company 1
Order - 1163,17/05/2024,16:02:52,CUST - 001,60000,EUR,ST,USER - 10897,18/05/2024,,,Company 1
Order - 1164,20/05/2024,08:43:49,CUST - 026,44950.87,EUR,ST,USER - 10897,21/05/2024,,,Company 1
Order - 1165,20/05/2024,09:11:34,CUST - 026,43883.8,EUR,ST,USER - 10897,21/05/2024,,,Company 1
Order - 1166,20/05/2024,11:27:23,CUST - 010,5704.14,EUR,ST,USER - 10897,20/05/2024,,,Company 1
Order - 1167,20/05/2024,13:47:14,CUST - 028,24400,EUR,ST,USER - 10897,18/05/2024,,,Company 1
Order - 1168,21/05/2024,08:38:23,CUST - 010,5698.38,EUR,ST,USER - 10897,22/05/2024,,,Company 1
Order - 1169,21/05/2024,12:55:38,CUST - 005,136.8,EUR,SO,USER - 00934,11/06/2024,,,Company 1
Order - 1170,21/05/2024,15:42:32,CUST - 011,48960,EUR,SO,USER - 08479,21/05/2024,,,Company 1
Order - 1171,21/05/2024,15:33:41,CUST - 001,22296,EUR,ST,USER - 03676,17/05/2024,,,Company 1
Order - 1172,21/05/2024,15:48:17,CUST - 011,23793.08,EUR,SO,USER - 03676,21/05/2024,,,Company 1
Order - 1173,21/05/2024,16:04:20,CUST - 055,500,EUR,ST,USER - 08479,21/05/2024,,,Company 1
Order - 1174,21/05/2024,17:53:12,CUST - 006,7922,PLN,ST,USER - 10897,21/05/2024,,,Company 1
Order - 1175,21/05/2024,17:57:49,CUST - 026,44452.39,EUR,ST,USER - 10897,21/05/2024,,,Company 1
Order - 1176,21/05/2024,18:00:21,CUST - 026,33136.13,EUR,ST,USER - 10897,22/05/2024,,,Company 1
Order - 1177,21/05/2024,19:51:42,CUST - 036,730.47,USD,ST,USER - 02130,22/05/2024,,,Company 2
Order - 1178,21/05/2024,20:08:03,CUST - 034,1506.7,USD,ST,USER - 02130,21/05/2024,,,Company 2
Order - 1179,21/05/2024,20:15:35,CUST - 038,1056,USD,ST,USER - 02130,21/05/2024,,,Company 2
Order - 1180,21/05/2024,20:24:21,CUST - 036,734.86,USD,ST,USER - 02130,21/05/2024,,,Company 2
Order - 1181,21/05/2024,20:37:09,CUST - 034,299.45,USD,ST,USER - 02130,22/05/2024,,,Company 2
Order - 1182,21/05/2024,20:44:20,CUST - 036,567.53,USD,ST,USER - 02130,22/05/2024,,,Company 2
Order - 1183,21/05/2024,20:51:25,CUST - 036,3149.13,USD,ST,USER - 02130,22/05/2024,,,Company 2
Order - 1184,21/05/2024,20:57:03,CUST - 034,940.2,USD,ST,USER - 02130,21/05/2024,,,Company 2
Order - 1185,21/05/2024,21:04:21,CUST - 036,2627.93,USD,ST,USER - 02130,22/05/2024,,,Company 2
Order - 1186,21/05/2024,21:10:44,CUST - 034,588.2,USD,ST,USER - 02130,21/05/2024,,,Company 2
Order - 1187,21/05/2024,21:15:59,CUST - 038,617.75,USD,ST,USER - 02130,22/05/2024,,,Company 2
Order - 1188,21/05/2024,21:23:33,CUST - 036,884.2,USD,ST,USER - 02130,21/05/2024,,,Company 2
Order - 1189,22/05/2024,08:39:15,CUST - 005,3463.5,EUR,SO,USER - 00934,10/07/2024,,,Company 1
Order - 1190,23/05/2024,09:13:45,CUST - 011,17354.7,EUR,SO,USER - 03676,24/05/2024,,,Company 1
Order - 1191,23/05/2024,11:50:53,CUST - 011,18366.48,EUR,SO,USER - 03676,23/05/2024,,,Company 1
Order - 1192,24/05/2024,10:56:21,CUST - 011,9771.96,EUR,SO,USER - 03676,24/05/2024,,,Company 1
Order - 1193,24/05/2024,11:04:45,CUST - 011,23119.06,EUR,SO,USER - 03676,24/05/2024,,,Company 1
Order - 1194,24/05/2024,11:21:35,CUST - 011,20060.18,EUR,SO,USER - 03676,24/05/2024,,,Company 1
Order - 1195,24/05/2024,14:53:33,CUST - 014,57753.6,EUR,ST,USER - 08479,24/05/2024,,,Company 1
Order - 1196,24/05/2024,15:13:30,CUST - 014,54193.82,EUR,ST,USER - 08479,24/05/2024,,,Company 1
Order - 1197,27/05/2024,11:43:58,CUST - 011,48960,EUR,SO,USER - 08479,27/05/2024,,,Company 1
Order - 1198,27/05/2024,11:45:36,CUST - 011,42166.4,EUR,SO,USER - 03676,27/05/2024,,,Company 1
Order - 1199,27/05/2024,10:13:07,CUST - 028,226510.32,EUR,ST,USER - 03676,28/05/2024,,,Company 1
Order - 1200,29/05/2024,13:33:45,CUST - 011,48960,EUR,SO,USER - 03676,29/05/2024,,,Company 1
Order - 1201,29/05/2024,19:54:34,CUST - 038,898.4,USD,ST,USER - 02130,29/05/2024,,,Company 2
Order - 1202,29/05/2024,20:08:29,CUST - 035,19724.7,USD,ST,USER - 02130,30/05/2024,,,Company 2
Order - 1203,29/05/2024,20:48:27,CUST - 036,62406.67,USD,ST,USER - 02130,29/05/2024,,,Company 2
Order - 1204,29/05/2024,20:57:14,CUST - 038,98.63,USD,ST,USER - 02130,30/05/2024,,,Company 2
Order - 1205,29/05/2024,21:03:08,CUST - 034,1402.2,USD,ST,USER - 02130,30/05/2024,,,Company 2
Order - 1206,29/05/2024,21:10:20,CUST - 034,337.4,USD,ST,USER - 02130,29/05/2024,,,Company 2
Order - 1207,29/05/2024,21:16:33,CUST - 034,271.95,USD,ST,USER - 02130,30/05/2024,,,Company 2
Order - 1208,29/05/2024,21:24:22,CUST - 036,879.35,USD,ST,USER - 02130,29/05/2024,,,Company 2
Order - 1209,29/05/2024,21:31:15,CUST - 034,319.8,USD,ST,USER - 02130,30/05/2024,,,Company 2
Order - 1210,29/05/2024,21:44:15,CUST - 034,1554.55,USD,ST,USER - 02130,29/05/2024,,,Company 2
Order - 1211,29/05/2024,21:52:04,CUST - 036,629.19,USD,ST,USER - 02130,29/05/2024,,,Company 2
Order - 1212,31/05/2024,10:07:01,CUST - 006,8383.45,PLN,ST,USER - 10897,01/06/2024,,,Company 1
Order - 1213,31/05/2024,10:16:24,CUST - 006,6815.2,PLN,ST,USER - 10897,01/06/2024,,,Company 1
Order - 1214,31/05/2024,10:19:07,CUST - 009,500,PLN,ST,USER - 10897,31/05/2024,,,Company 1
Order - 1215,31/05/2024,10:30:41,CUST - 026,45458.31,EUR,ST,USER - 10897,31/05/2024,,,Company 1
Order - 1216,31/05/2024,14:00:15,CUST - 001,2750,EUR,ST,USER - 08479,31/05/2024,,,Company 1
Order - 1218,04/06/2024,13:51:50,CUST - 011,20730.86,EUR,SO,USER - 03676,04/06/2024,,,Company 1
Order - 1219,04/06/2024,13:54:58,CUST - 011,11046.58,EUR,SO,USER - 03676,04/06/2024,,,Company 1
Order - 1220,04/06/2024,19:15:55,CUST - 034,1485.8,USD,ST,USER - 02130,05/06/2024,,,Company 2
Order - 1221,04/06/2024,19:25:13,CUST - 038,352.73,USD,ST,USER - 02130,05/06/2024,,,Company 2
Order - 1222,04/06/2024,19:32:41,CUST - 038,326.67,USD,ST,USER - 02130,05/06/2024,,,Company 2
Order - 1223,04/06/2024,19:40:45,CUST - 036,1962.58,USD,ST,USER - 02130,05/06/2024,,,Company 2
Order - 1224,04/06/2024,19:50:56,CUST - 036,88,USD,ST,USER - 02130,04/06/2024,,,Company 2
Order - 1225,04/06/2024,20:04:39,CUST - 036,481.4,USD,ST,USER - 02130,04/06/2024,,,Company 2
Order - 1226,04/06/2024,20:13:42,CUST - 038,2567.4,USD,ST,USER - 02130,04/06/2024,,,Company 2
Order - 1227,04/06/2024,20:21:29,CUST - 034,1331.8,USD,ST,USER - 02130,04/06/2024,,,Company 2
Order - 1228,04/06/2024,22:12:02,CUST - 036,1941.05,USD,ST,USER - 02130,05/06/2024,,,Company 2
Order - 1229,04/06/2024,22:29:59,CUST - 036,2786.99,USD,ST,USER - 02130,05/06/2024,,,Company 2
Order - 1230,04/06/2024,22:44:16,CUST - 034,1259.75,USD,ST,USER - 02130,04/06/2024,,,Company 2
Order - 1231,04/06/2024,22:53:02,CUST - 038,328.94,USD,ST,USER - 02130,04/06/2024,,,Company 2
Order - 1232,04/06/2024,23:00:08,CUST - 038,328.72,USD,ST,USER - 02130,05/06/2024,,,Company 2
Order - 1233,04/06/2024,23:14:24,CUST - 038,344.4,USD,ST,USER - 02130,05/06/2024,,,Company 2
Order - 1234,05/06/2024,09:47:50,CUST - 011,22687.7,EUR,SO,USER - 03676,05/06/2024,,,Company 1
Order - 1235,05/06/2024,09:56:49,CUST - 011,19001.28,EUR,SO,USER - 03676,05/06/2024,,,Company 1
Order - 1236,06/06/2024,14:34:22,CUST - 014,54193.82,EUR,ST,USER - 08479,06/06/2024,,,Company 1
Order - 1237,06/06/2024,15:01:18,CUST - 014,54193.82,EUR,ST,USER - 08479,06/06/2024,,,Company 1
Order - 1238,06/06/2024,15:26:36,CUST - 011,16052.68,EUR,SO,USER - 03676,06/06/2024,,,Company 1
Order - 1239,06/06/2024,15:51:51,CUST - 026,40289.31,EUR,ST,USER - 10897,06/06/2024,,,Company 1
Order - 1240,07/06/2024,09:00:43,CUST - 005,222,EUR,SO,USER - 00934,10/07/2024,,,Company 1
Order - 1241,07/06/2024,15:51:42,CUST - 006,6728.05,PLN,ST,USER - 10897,08/06/2024,,,Company 1
Order - 1242,07/06/2024,15:54:04,CUST - 026,47074.36,EUR,ST,USER - 10897,07/06/2024,,,Company 1
Order - 1243,10/06/2024,08:03:58,CUST - 008,4050.4,PLN,ST,USER - 10897,11/06/2024,,,Company 1
Order - 1244,11/06/2024,11:30:43,CUST - 011,19532.94,EUR,SO,USER - 03676,11/06/2024,,,Company 1
Order - 1245,11/06/2024,11:46:52,CUST - 011,11046.58,EUR,SO,USER - 03676,11/06/2024,,,Company 1
Order - 1246,11/06/2024,17:32:36,CUST - 037,1633.96,USD,ST,USER - 02130,11/06/2024,,,Company 2
Order - 1247,11/06/2024,17:43:22,CUST - 037,3109.36,USD,ST,USER - 02130,12/06/2024,,,Company 2
Order - 1248,11/06/2024,18:02:29,CUST - 037,7394.77,USD,ST,USER - 02130,11/06/2024,,,Company 2
Order - 1249,11/06/2024,18:14:35,CUST - 036,733.55,USD,ST,USER - 02130,11/06/2024,,,Company 2
Order - 1250,11/06/2024,18:40:41,CUST - 036,2373.73,USD,ST,USER - 02130,12/06/2024,,,Company 2
Order - 1251,11/06/2024,18:48:21,CUST - 034,1158.55,USD,ST,USER - 02130,12/06/2024,,,Company 2
Order - 1252,11/06/2024,19:04:42,CUST - 036,3758.01,USD,ST,USER - 02130,11/06/2024,,,Company 2
Order - 1253,11/06/2024,19:12:06,CUST - 036,769.82,USD,ST,USER - 02130,11/06/2024,,,Company 2
Order - 1254,11/06/2024,19:18:36,CUST - 034,337.4,USD,ST,USER - 02130,12/06/2024,,,Company 2
Order - 1255,11/06/2024,19:27:51,CUST - 036,1382.77,USD,ST,USER - 02130,11/06/2024,,,Company 2
Order - 1256,11/06/2024,19:35:12,CUST - 036,485.8,USD,ST,USER - 02130,11/06/2024,,,Company 2
Order - 1257,11/06/2024,19:41:57,CUST - 036,781.25,USD,ST,USER - 02130,12/06/2024,,,Company 2
Order - 1258,11/06/2024,20:05:51,CUST - 038,603.36,USD,ST,USER - 02130,11/06/2024,,,Company 2
Order - 1259,11/06/2024,20:31:43,CUST - 036,151.19,USD,ST,USER - 02130,12/06/2024,,,Company 2
Order - 1260,11/06/2024,20:40:14,CUST - 036,1817.7,USD,ST,USER - 02130,12/06/2024,,,Company 2
Order - 1261,12/06/2024,11:40:42,CUST - 011,48960,EUR,SO,USER - 03676,12/06/2024,,,Company 1
Order - 1262,12/06/2024,11:42:47,CUST - 011,26253.48,EUR,SO,USER - 03676,12/06/2024,,,Company 1
Order - 1263,12/06/2024,14:49:15,CUST - 011,715.44,EUR,SO,USER - 03676,12/06/2024,,,Company 1
Order - 1264,13/06/2024,08:36:19,CUST - 011,3421.44,EUR,SO,USER - 03676,13/06/2024,,,Company 1
Order - 1265,13/06/2024,11:01:02,CUST - 026,44682.76,EUR,ST,USER - 10897,13/06/2024,,,Company 1
Order - 1266,13/06/2024,11:20:10,CUST - 010,15803.04,EUR,ST,USER - 10897,13/06/2024,,,Company 1
Order - 1267,13/06/2024,13:17:36,CUST - 011,18836.2,EUR,SO,USER - 03676,13/06/2024,,,Company 1
Order - 1268,13/06/2024,13:29:05,CUST - 011,25653.5,EUR,SO,USER - 03676,13/06/2024,,,Company 1
Order - 1269,17/06/2024,13:44:29,CUST - 011,13680.24,EUR,SO,USER - 03676,17/06/2024,,,Company 1
Order - 1270,19/06/2024,10:11:55,CUST - 006,4470.3,PLN,ST,USER - 10897,19/06/2024,,,Company 1
Order - 1271,19/06/2024,10:23:16,CUST - 026,47639.95,EUR,ST,USER - 10897,19/06/2024,,,Company 1
Order - 1272,19/06/2024,10:27:29,CUST - 026,45227.13,EUR,ST,USER - 10897,20/06/2024,,,Company 1
Order - 1273,19/06/2024,10:34:50,CUST - 001,49500,EUR,ST,USER - 08479,19/06/2024,,,Company 1
Order - 1274,19/06/2024,11:06:16,CUST - 015,72900,EUR,ST,USER - 08479,19/06/2024,,,Company 1
Order - 1275,19/06/2024,12:18:29,CUST - 005,3434.8,EUR,SO,USER - 00934,30/07/2024,,,Company 1
Order - 1276,19/06/2024,13:41:56,CUST - 045,-27784.98,EUR,ST,USER - 10897,19/06/2024,,,Company 1
Order - 1277,19/06/2024,13:52:28,CUST - 045,-41073.44,EUR,ST,USER - 10897,04/04/2024,,,Company 1
Order - 1278,19/06/2024,14:26:16,CUST - 045,-43489.53,EUR,ST,USER - 10897,19/06/2024,,,Company 1
Order - 1279,19/06/2024,14:31:36,CUST - 045,27784.98,EUR,ST,USER - 10897,20/06/2024,,,Company 1
Order - 1280,19/06/2024,15:03:26,CUST - 045,41073.44,EUR,ST,USER - 10897,20/06/2024,,,Company 1
Order - 1281,19/06/2024,15:06:24,CUST - 045,43489.53,EUR,ST,USER - 10897,19/06/2024,,,Company 1
Order - 1282,19/06/2024,15:28:40,CUST - 011,20561.18,EUR,SO,USER - 03676,19/06/2024,,,Company 1
Order - 1283,19/06/2024,15:34:37,CUST - 011,29386.92,EUR,SO,USER - 03676,19/06/2024,,,Company 1
Order - 1284,19/06/2024,15:37:16,CUST - 011,26469.72,EUR,SO,USER - 03676,19/06/2024,,,Company 1
Order - 1285,19/06/2024,15:56:50,CUST - 045,-18120.64,EUR,ST,USER - 10897,19/06/2024,,,Company 1
Order - 1286,19/06/2024,16:01:27,CUST - 045,18120.64,EUR,ST,USER - 10897,19/06/2024,,,Company 1
Order - 1287,19/06/2024,16:51:20,CUST - 038,334.01,USD,ST,USER - 02130,19/06/2024,,,Company 2
Order - 1288,19/06/2024,17:24:56,CUST - 036,230.51,USD,ST,USER - 02130,19/06/2024,,,Company 2
Order - 1289,19/06/2024,19:06:08,CUST - 036,8497.3,USD,ST,USER - 02130,19/06/2024,,,Company 2
Order - 1290,19/06/2024,19:31:44,CUST - 034,308.25,USD,ST,USER - 02130,19/06/2024,,,Company 2
Order - 1291,19/06/2024,19:41:58,CUST - 034,1158.55,USD,ST,USER - 02130,20/06/2024,,,Company 2
Order - 1292,19/06/2024,19:50:01,CUST - 036,1870.08,USD,ST,USER - 02130,20/06/2024,,,Company 2
Order - 1293,19/06/2024,19:58:36,CUST - 038,1019.86,USD,ST,USER - 02130,19/06/2024,,,Company 2
Order - 1294,19/06/2024,20:59:44,CUST - 038,692.43,USD,ST,USER - 02130,20/06/2024,,,Company 2
Order - 1295,19/06/2024,21:07:50,CUST - 036,1384.7,USD,ST,USER - 02130,20/06/2024,,,Company 2
Order - 1296,19/06/2024,21:14:54,CUST - 036,926.6,USD,ST,USER - 02130,20/06/2024,,,Company 2
Order - 1297,19/06/2024,21:20:28,CUST - 034,236.2,USD,ST,USER - 02130,19/06/2024,,,Company 2
Order - 1298,19/06/2024,21:25:34,CUST - 034,658.6,USD,ST,USER - 02130,20/06/2024,,,Company 2
Order - 1299,19/06/2024,21:31:32,CUST - 034,588.2,USD,ST,USER - 02130,20/06/2024,,,Company 2
Order - 1300,20/06/2024,12:41:59,CUST - 055,500,EUR,ST,USER - 08479,20/06/2024,,,Company 1
Order - 1301,21/06/2024,13:02:00,CUST - 006,4275.1,PLN,ST,USER - 10897,22/06/2024,,,Company 1
Order - 1302,24/06/2024,09:56:52,CUST - 011,18366.48,EUR,SO,USER - 03676,24/06/2024,,,Company 1
Order - 1303,24/06/2024,10:01:11,CUST - 011,48960,EUR,SO,USER - 03676,24/06/2024,,,Company 1
Order - 1304,25/06/2024,11:56:42,CUST - 011,14873.56,EUR,SO,USER - 03676,25/06/2024,,,Company 1
Order - 1305,25/06/2024,12:00:48,CUST - 011,9771.96,EUR,SO,USER - 03676,25/06/2024,,,Company 1
Order - 1306,25/06/2024,12:03:51,CUST - 011,8910.8,EUR,SO,USER - 03676,25/06/2024,,,Company 1
Order - 1307,25/06/2024,14:38:14,CUST - 026,46769.81,EUR,ST,USER - 10897,26/06/2024,,,Company 1
Order - 1308,25/06/2024,16:33:13,CUST - 005,3643.5,EUR,SO,USER - 00934,26/06/2024,,,Company 1
Order - 1309,26/06/2024,11:54:23,CUST - 011,39153.7,EUR,SO,USER - 03676,26/06/2024,,,Company 1
Order - 1310,26/06/2024,12:00:44,CUST - 011,16702.56,EUR,SO,USER - 03676,26/06/2024,,,Company 1
Order - 1311,27/06/2024,08:39:50,CUST - 011,48960,EUR,SO,USER - 03676,27/06/2024,,,Company 1
Order - 1312,27/06/2024,12:20:30,CUST - 005,7287,EUR,SO,USER - 00934,30/08/2024,,,Company 1
Order - 1313,27/06/2024,13:52:18,CUST - 009,500,PLN,ST,USER - 10897,27/06/2024,,,Company 1
Order - 1314,27/06/2024,15:44:07,CUST - 029,-145401,EUR,ST,USER - 10897,27/06/2024,,X,Company 1
Order - 1315,27/06/2024,16:11:24,CUST - 026,43836.37,EUR,ST,USER - 10897,27/06/2024,,,Company 1
Order - 1316,28/06/2024,14:33:22,CUST - 002,114960,EUR,ST,USER - 10897,28/06/2024,,,Company 1
Order - 1317,28/06/2024,15:23:27,CUST - 003,82273,EUR,ST,USER - 10897,29/06/2024,,,Company 1
Order - 1318,28/06/2024,18:04:45,CUST - 038,315.11,USD,ST,USER - 02130,28/06/2024,,,Company 2
Order - 1319,28/06/2024,18:18:55,CUST - 036,1793.03,USD,ST,USER - 02130,29/06/2024,,,Company 2
Order - 1320,28/06/2024,18:29:53,CUST - 034,271.95,USD,ST,USER - 02130,29/06/2024,,,Company 2
Order - 1321,28/06/2024,19:11:03,CUST - 036,166.42,USD,ST,USER - 02130,28/06/2024,,,Company 2
Order - 1322,28/06/2024,19:17:18,CUST - 020,70400,EUR,ST,USER - 08479,29/06/2024,,,Company 1
Order - 1323,28/06/2024,19:21:10,CUST - 036,800.88,USD,ST,USER - 02130,29/06/2024,,,Company 2
Order - 1324,28/06/2024,19:31:56,CUST - 036,2313.3,USD,ST,USER - 02130,28/06/2024,,,Company 2
Order - 1325,28/06/2024,19:40:15,CUST - 038,344.26,USD,ST,USER - 02130,29/06/2024,,,Company 2
Order - 1326,28/06/2024,19:46:25,CUST - 037,2114.33,USD,ST,USER - 02130,29/06/2024,,,Company 2
Order - 1327,28/06/2024,20:02:10,CUST - 037,2083.14,USD,ST,USER - 02130,28/06/2024,,,Company 2
Order - 1328,28/06/2024,20:08:16,CUST - 037,4124.81,USD,ST,USER - 02130,29/06/2024,,,Company 2
Order - 1329,28/06/2024,20:14:52,CUST - 036,1558.22,USD,ST,USER - 02130,29/06/2024,,,Company 2
Order - 1330,28/06/2024,20:23:25,CUST - 036,1217.8,USD,ST,USER - 02130,29/06/2024,,,Company 2
Order - 1331,28/06/2024,20:31:42,CUST - 036,582.1,USD,ST,USER - 02130,28/06/2024,,,Company 2
Order - 1332,01/07/2024,10:12:03,CUST - 006,7774.1,PLN,ST,USER - 10897,01/07/2024,,,Company 1
Order - 1333,01/07/2024,13:44:47,CUST - 047,72141.84,EUR,ST,USER - 08479,29/06/2024,,,Company 1
Order - 1334,01/07/2024,14:39:07,CUST - 011,24141.96,EUR,SO,USER - 03676,01/07/2024,,,Company 1
Order - 1335,02/07/2024,12:03:58,CUST - 011,14033.36,EUR,SO,USER - 03676,02/07/2024,,,Company 1
Order - 1336,02/07/2024,19:53:21,CUST - 036,3068.76,USD,ST,USER - 02130,02/07/2024,,,Company 2
Order - 1337,02/07/2024,19:59:30,CUST - 034,591.5,USD,ST,USER - 02130,03/07/2024,,,Company 2
Order - 1338,02/07/2024,20:05:15,CUST - 038,1009.79,USD,ST,USER - 02130,02/07/2024,,,Company 2
Order - 1339,02/07/2024,20:14:04,CUST - 036,5482.63,USD,ST,USER - 02130,02/07/2024,,,Company 2
Order - 1340,02/07/2024,20:23:51,CUST - 038,316.44,USD,ST,USER - 02130,03/07/2024,,,Company 2
Order - 1341,02/07/2024,20:31:54,CUST - 036,5482.63,USD,ST,USER - 02130,03/07/2024,,,Company 2
Order - 1342,02/07/2024,20:39:03,CUST - 037,384.49,USD,ST,USER - 02130,03/07/2024,,,Company 2
Order - 1343,02/07/2024,20:46:53,CUST - 037,2404.3,USD,ST,USER - 02130,03/07/2024,,,Company 2
Order - 1344,02/07/2024,20:55:03,CUST - 038,328.44,USD,ST,USER - 02130,03/07/2024,,,Company 2
Order - 1345,02/07/2024,21:02:47,CUST - 034,319.8,USD,ST,USER - 02130,02/07/2024,,,Company 2
Order - 1346,02/07/2024,21:08:42,CUST - 038,329.67,USD,ST,USER - 02130,02/07/2024,,,Company 2
Order - 1347,02/07/2024,21:13:46,CUST - 034,319.8,USD,ST,USER - 02130,03/07/2024,,,Company 2
Order - 1348,02/07/2024,21:28:12,CUST - 034,812.6,USD,ST,USER - 02130,02/07/2024,,,Company 2
Order - 1349,02/07/2024,21:39:13,CUST - 034,1012.8,USD,ST,USER - 02130,03/07/2024,,,Company 2
Order - 1350,02/07/2024,21:44:56,CUST - 038,319.8,USD,ST,USER - 02130,03/07/2024,,,Company 2
Order - 1351,02/07/2024,21:50:03,CUST - 034,869.8,USD,ST,USER - 02130,02/07/2024,,,Company 2
Order - 1352,02/07/2024,21:54:53,CUST - 037,280.14,USD,ST,USER - 02130,03/07/2024,,,Company 2
Order - 1353,02/07/2024,22:00:07,CUST - 037,2340.54,USD,ST,USER - 02130,03/07/2024,,,Company 2
Order - 1354,02/07/2024,22:06:04,CUST - 037,525.77,USD,ST,USER - 02130,02/07/2024,,,Company 2
Order - 1355,02/07/2024,22:10:54,CUST - 034,588.2,USD,ST,USER - 02130,02/07/2024,,,Company 2
Order - 1356,02/07/2024,22:16:31,CUST - 036,435.63,USD,ST,USER - 02130,02/07/2024,,,Company 2
Order - 1357,02/07/2024,22:21:42,CUST - 034,271.95,USD,ST,USER - 02130,02/07/2024,,,Company 2
Order - 1358,02/07/2024,22:36:57,CUST - 034,319.8,USD,ST,USER - 02130,02/07/2024,,,Company 2
Order - 1359,02/07/2024,22:49:11,CUST - 036,5534.16,USD,ST,USER - 02130,02/07/2024,,,Company 2
Order - 1360,02/07/2024,22:59:15,CUST - 036,2240.95,USD,ST,USER - 02130,03/07/2024,,,Company 2
Order - 1361,02/07/2024,23:05:55,CUST - 034,1331.8,USD,ST,USER - 02130,02/07/2024,,,Company 2
Order - 1362,03/07/2024,15:10:41,CUST - 011,18010.08,EUR,SO,USER - 03676,03/07/2024,,,Company 1
Order - 1363,04/07/2024,09:37:37,CUST - 011,40622.52,EUR,SO,USER - 03676,05/07/2024,,,Company 1
Order - 1364,04/07/2024,09:41:17,CUST - 011,16778.14,EUR,SO,USER - 03676,05/07/2024,,,Company 1
Order - 1365,05/07/2024,08:13:45,CUST - 011,17491.46,EUR,SO,USER - 03676,06/07/2024,,,Company 1
Order - 1366,05/07/2024,15:41:22,CUST - 006,5250.1,PLN,ST,USER - 10897,06/07/2024,,,Company 1
Order - 1367,05/07/2024,15:43:57,CUST - 026,45938.02,EUR,ST,USER - 10897,18/07/2024,,,Company 1
Order - 1368,05/07/2024,15:46:08,CUST - 008,5225.82,PLN,ST,USER - 10897,06/07/2024,,,Company 1
Order - 1369,09/07/2024,14:58:08,CUST - 011,48960,EUR,SO,USER - 10897,10/07/2024,,,Company 1
Order - 1370,09/07/2024,15:00:56,CUST - 011,23265.38,EUR,SO,USER - 03676,10/07/2024,,,Company 1
Order - 1371,09/07/2024,14:56:30,CUST - 014,70400,EUR,ST,USER - 03676,10/07/2024,,,Company 1
Order - 1372,09/07/2024,15:12:50,CUST - 028,74800,EUR,ST,USER - 10897,21/08/2024,,,Company 1
Order - 1373,09/07/2024,15:40:38,CUST - 036,758.94,USD,ST,USER - 02130,10/07/2024,,,Company 2
Order - 1374,09/07/2024,16:07:32,CUST - 010,310000,EUR,ST,USER - 10897,09/07/2024,,X,Company 1
Order - 1375,09/07/2024,22:46:13,CUST - 038,362.97,USD,ST,USER - 02130,10/07/2024,,,Company 2
Order - 1376,09/07/2024,22:52:13,CUST - 038,1418.73,USD,ST,USER - 02130,10/07/2024,,,Company 2
Order - 1377,09/07/2024,23:06:07,CUST - 038,279.53,USD,ST,USER - 02130,10/07/2024,,,Company 2
Order - 1378,09/07/2024,23:11:58,CUST - 038,278.82,USD,ST,USER - 02130,09/07/2024,,,Company 2
Order - 1379,09/07/2024,23:27:14,CUST - 036,908.56,USD,ST,USER - 02130,09/07/2024,,,Company 2
Order - 1380,09/07/2024,23:44:27,CUST - 036,1562.7,USD,ST,USER - 02130,10/07/2024,,,Company 2
Order - 1381,09/07/2024,23:56:45,CUST - 036,69785.72,USD,ST,USER - 02130,10/07/2024,,,Company 2
Order - 1382,10/07/2024,00:07:05,CUST - 038,329.67,USD,ST,USER - 02130,10/07/2024,,,Company 2
Order - 1383,10/07/2024,09:41:55,CUST - 010,7200,EUR,ST,USER - 10897,10/07/2024,,,Company 1
Order - 1384,10/07/2024,09:49:48,CUST - 010,52000,EUR,ST,USER - 10897,10/07/2024,,X,Company 1
Order - 1385,10/07/2024,10:24:33,CUST - 026,40863.18,EUR,ST,USER - 10897,18/07/2024,,,Company 1
Order - 1386,10/07/2024,10:26:47,CUST - 026,45427.59,EUR,ST,USER - 10897,18/07/2024,,,Company 1
Order - 1387,10/07/2024,12:22:07,CUST - 011,7365.12,EUR,SO,USER - 03676,11/07/2024,,,Company 1
Order - 1388,10/07/2024,12:25:14,CUST - 011,1317.7,EUR,SO,USER - 03676,11/07/2024,,,Company 1
Order - 1389,10/07/2024,13:25:13,CUST - 010,310000,EUR,ST,USER - 10897,09/07/2024,,,Company 1
Order - 1390,10/07/2024,14:36:49,CUST - 010,82000,EUR,ST,USER - 10897,10/07/2024,,,Company 1
Order - 1391,10/07/2024,15:14:34,CUST - 019,51.6,EUR,ST,USER - 10897,10/07/2024,,,Company 1
Order - 1392,12/07/2024,11:28:33,CUST - 011,18150,EUR,SO,USER - 03676,13/07/2024,,,Company 1
Order - 1393,12/07/2024,13:05:24,CUST - 011,27379.74,EUR,SO,USER - 03676,13/07/2024,,,Company 1
Order - 1394,15/07/2024,15:04:59,CUST - 011,15501.64,EUR,SO,USER - 03676,16/07/2024,,,Company 1
Order - 1395,16/07/2024,14:00:34,CUST - 011,11046.58,EUR,SO,USER - 03676,17/07/2024,,,Company 1
Order - 1396,16/07/2024,14:06:10,CUST - 011,24569.86,EUR,SO,USER - 03676,17/07/2024,,,Company 1
Order - 1397,16/07/2024,16:00:53,CUST - 010,2962.44,EUR,ST,USER - 10897,16/07/2024,,,Company 1
Order - 1398,16/07/2024,16:07:36,CUST - 055,500,EUR,ST,USER - 10897,17/07/2024,,,Company 1
Order - 1399,17/07/2024,12:32:25,CUST - 011,18053.88,EUR,SO,USER - 05664,18/07/2024,,,Company 1
Order - 1400,17/07/2024,12:39:15,CUST - 011,25457.92,EUR,SO,USER - 05664,18/07/2024,,,Company 1
Order - 1401,17/07/2024,16:02:09,CUST - 007,570,EUR,SO,USER - 00934,17/07/2024,,X,Company 1
Order - 1402,17/07/2024,18:46:15,CUST - 037,1846.99,USD,ST,USER - 02130,18/07/2024,,,Company 2
Order - 1403,17/07/2024,18:53:26,CUST - 037,4374.41,USD,ST,USER - 02130,18/07/2024,,,Company 2
Order - 1404,17/07/2024,19:04:10,CUST - 037,4739.97,USD,ST,USER - 02130,17/07/2024,,,Company 2
Order - 1405,17/07/2024,19:13:55,CUST - 036,1454.26,USD,ST,USER - 02130,17/07/2024,,,Company 2
Order - 1406,17/07/2024,19:19:57,CUST - 038,1987.75,USD,ST,USER - 02130,18/07/2024,,,Company 2
Order - 1407,17/07/2024,19:25:33,CUST - 038,362.03,USD,ST,USER - 02130,18/07/2024,,,Company 2
Order - 1408,17/07/2024,19:32:02,CUST - 034,1158.55,USD,ST,USER - 02130,17/07/2024,,,Company 2
Order - 1409,17/07/2024,19:43:11,CUST - 034,1158.55,USD,ST,USER - 02130,17/07/2024,,,Company 2
Order - 1410,17/07/2024,19:54:23,CUST - 038,361.32,USD,ST,USER - 02130,18/07/2024,,,Company 2
Order - 1411,17/07/2024,20:03:12,CUST - 038,350.72,USD,ST,USER - 02130,18/07/2024,,,Company 2
Order - 1412,17/07/2024,20:12:13,CUST - 036,1775.87,USD,ST,USER - 02130,17/07/2024,,,Company 2
Order - 1413,17/07/2024,21:21:09,CUST - 036,827.03,USD,ST,USER - 02130,18/07/2024,,,Company 2
Order - 1414,17/07/2024,21:26:40,CUST - 034,909.4,USD,ST,USER - 02130,17/07/2024,,,Company 2
Order - 1415,17/07/2024,21:34:54,CUST - 036,4028.97,USD,ST,USER - 02130,17/07/2024,,,Company 2
Order - 1416,17/07/2024,21:52:59,CUST - 036,51.25,USD,ST,USER - 02130,18/07/2024,,,Company 2
Order - 1417,17/07/2024,22:00:32,CUST - 036,527.57,USD,ST,USER - 02130,17/07/2024,,,Company 2
Order - 1418,17/07/2024,22:11:15,CUST - 036,558.72,USD,ST,USER - 02130,17/07/2024,,,Company 2
Order - 1419,17/07/2024,22:18:44,CUST - 036,1453.02,USD,ST,USER - 02130,17/07/2024,,,Company 2
Order - 1420,17/07/2024,22:30:53,CUST - 036,4983.1,USD,ST,USER - 02130,17/07/2024,,,Company 2
Order - 1421,17/07/2024,22:37:16,CUST - 038,915.14,USD,ST,USER - 02130,17/07/2024,,,Company 2
Order - 1422,17/07/2024,22:45:19,CUST - 036,1586.25,USD,ST,USER - 02130,17/07/2024,,,Company 2
Order - 1423,17/07/2024,22:57:06,CUST - 036,1993.87,USD,ST,USER - 02130,18/07/2024,,,Company 2
Order - 1425,19/07/2024,11:52:53,CUST - 011,48960,EUR,SO,USER - 05664,20/07/2024,,,Company 1
Order - 1428,19/07/2024,14:21:10,CUST - 015,1150,EUR,ST,USER - 10897,20/07/2024,,,Company 1
Order - 1431,23/07/2024,10:55:10,CUST - 057,2679.67,EUR,ST,USER - 10897,23/07/2024,,,Company 1
Order - 1432,23/07/2024,13:12:03,CUST - 011,19943.53,EUR,SO,USER - 05664,24/07/2024,,,Company 1
Order - 1433,23/07/2024,13:42:46,CUST - 011,14212.34,EUR,SO,USER - 05664,23/07/2024,,,Company 1
Order - 1434,23/07/2024,13:46:43,CUST - 057,2961.12,EUR,ST,USER - 10897,24/07/2024,,,Company 1
Order - 1435,23/07/2024,13:53:25,CUST - 011,26253.48,EUR,SO,USER - 05664,24/07/2024,,,Company 1
Order - 1436,23/07/2024,13:58:45,CUST - 026,41897.17,EUR,ST,USER - 10897,24/07/2024,,,Company 1
Order - 1437,24/07/2024,14:21:24,CUST - 011,26253.48,EUR,SO,USER - 05664,25/07/2024,,,Company 1
Order - 1438,24/07/2024,14:27:22,CUST - 011,29456.7,EUR,SO,USER - 05664,25/07/2024,,,Company 1
Order - 1439,24/07/2024,14:31:49,CUST - 011,14828.93,EUR,SO,USER - 05664,25/07/2024,,,Company 1
Order - 1440,25/07/2024,11:08:40,CUST - 011,26253.48,EUR,SO,USER - 05664,26/07/2024,,,Company 1
Order - 1441,26/07/2024,09:21:51,CUST - 010,52000,EUR,FA,USER - 07829,09/07/2024,,,Company 1
Order - 1442,29/07/2024,15:25:42,CUST - 026,40818.88,EUR,ST,USER - 10897,29/07/2024,,,Company 1
Order - 1443,29/07/2024,15:45:16,CUST - 057,2320.31,EUR,ST,USER - 10897,30/07/2024,,,Company 1
Order - 1444,29/07/2024,18:57:47,CUST - 036,69760.72,USD,ST,USER - 02130,29/07/2024,,,Company 2
Order - 1445,30/07/2024,13:45:05,CUST - 011,19922.44,EUR,SO,USER - 05664,30/07/2024,,,Company 1
Order - 1446,30/07/2024,13:52:53,CUST - 011,21161.56,EUR,SO,USER - 05664,30/07/2024,,,Company 1
Order - 1447,30/07/2024,14:05:08,CUST - 011,26253.48,EUR,SO,USER - 05664,31/07/2024,,,Company 1
Order - 1448,30/07/2024,15:29:40,CUST - 026,40890.44,EUR,ST,USER - 10897,31/07/2024,,,Company 1
Order - 1449,30/07/2024,16:18:23,CUST - 057,2004.79,EUR,ST,USER - 10897,21/08/2024,,,Company 1
Order - 1450,30/07/2024,17:03:20,CUST - 026,32284.22,EUR,ST,USER - 10897,31/07/2024,,,Company 1
Order - 1451,30/07/2024,17:08:19,CUST - 009,500,PLN,ST,USER - 10897,30/07/2024,,,Company 1
Order - 1452,30/07/2024,17:12:11,CUST - 001,19305,EUR,ST,USER - 10897,31/07/2024,,,Company 1
Order - 1453,30/07/2024,18:07:28,CUST - 038,1217.97,USD,ST,USER - 02130,30/07/2024,,,Company 2
Order - 1454,30/07/2024,18:21:28,CUST - 035,6317.91,USD,ST,USER - 02130,31/07/2024,,,Company 2
Order - 1455,30/07/2024,18:35:32,CUST - 050,2281,USD,ST,USER - 02130,30/07/2024,,,Company 2
Order - 1456,30/07/2024,18:53:25,CUST - 037,1699.07,USD,ST,USER - 02130,30/07/2024,,,Company 2
Order - 1457,30/07/2024,19:14:03,CUST - 037,4479.29,USD,ST,USER - 02130,30/07/2024,,,Company 2
Order - 1458,30/07/2024,19:21:34,CUST - 037,285.82,USD,ST,USER - 02130,31/07/2024,,,Company 2
Order - 1459,30/07/2024,19:26:39,CUST - 038,315.14,USD,ST,USER - 02130,31/07/2024,,,Company 2
Order - 1460,30/07/2024,19:37:43,CUST - 037,2337.13,USD,ST,USER - 02130,30/07/2024,,,Company 2
Order - 1461,30/07/2024,19:46:08,CUST - 036,508.27,USD,ST,USER - 02130,31/07/2024,,,Company 2
Order - 1462,30/07/2024,20:23:24,CUST - 036,330.52,USD,ST,USER - 02130,31/07/2024,,,Company 2
Order - 1463,30/07/2024,20:28:22,CUST - 038,694.09,USD,ST,USER - 02130,31/07/2024,,,Company 2
Order - 1464,30/07/2024,20:43:20,CUST - 036,820.18,USD,ST,USER - 02130,30/07/2024,,,Company 2
Order - 1465,30/07/2024,20:49:36,CUST - 036,2211.89,USD,ST,USER - 02130,30/07/2024,,,Company 2
Order - 1466,30/07/2024,21:00:55,CUST - 038,365.78,USD,ST,USER - 02130,31/07/2024,,,Company 2
Order - 1467,30/07/2024,21:06:58,CUST - 038,347.29,USD,ST,USER - 02130,31/07/2024,,,Company 2
Order - 1468,30/07/2024,21:12:13,CUST - 034,1259.75,USD,ST,USER - 02130,31/07/2024,,,Company 2
Order - 1469,30/07/2024,21:17:18,CUST - 038,577.95,USD,ST,USER - 02130,31/07/2024,,,Company 2
Order - 1470,30/07/2024,21:24:18,CUST - 034,909.4,USD,ST,USER - 02130,31/07/2024,,,Company 2
Order - 1471,31/07/2024,16:36:04,CUST - 038,1118.38,USD,ST,USER - 02130,01/08/2024,,,Company 2
Order - 1472,31/07/2024,16:42:07,CUST - 034,1307.6,USD,ST,USER - 02130,01/08/2024,,,Company 2
Order - 1473,31/07/2024,16:49:34,CUST - 034,909.4,USD,ST,USER - 02130,31/07/2024,,,Company 2
Order - 1474,31/07/2024,16:55:28,CUST - 036,4275.36,USD,ST,USER - 02130,31/07/2024,,,Company 2
Order - 1475,31/07/2024,17:04:11,CUST - 036,914.75,USD,ST,USER - 02130,01/08/2024,,,Company 2
Order - 1476,31/07/2024,17:15:41,CUST - 037,884.18,USD,ST,USER - 02130,01/08/2024,,,Company 2
Order - 1477,31/07/2024,17:22:01,CUST - 037,8849.75,USD,ST,USER - 02130,31/07/2024,,,Company 2
Order - 1478,31/07/2024,17:37:55,CUST - 036,5623.76,USD,ST,USER - 02130,31/07/2024,,,Company 2
Order - 1479,01/08/2024,14:54:13,CUST - 014,41275,EUR,ST,USER - 10897,01/08/2024,,,Company 1
Order - 1480,02/08/2024,13:12:52,CUST - 011,13908.02,EUR,SO,USER - 05664,02/08/2024,,,Company 1
Order - 1481,02/08/2024,13:24:46,CUST - 011,26253.48,EUR,SO,USER - 05664,02/08/2024,,,Company 1
Order - 1482,07/08/2024,18:39:26,CUST - 038,2072.73,USD,ST,USER - 02130,07/08/2024,,,Company 2
Order - 1483,07/08/2024,18:47:16,CUST - 038,116.02,USD,ST,USER - 02130,08/08/2024,,,Company 2
Order - 1484,07/08/2024,18:55:30,CUST - 036,886.45,USD,ST,USER - 02130,08/08/2024,,,Company 2
Order - 1485,07/08/2024,19:03:50,CUST - 036,427.97,USD,ST,USER - 02130,07/08/2024,,,Company 2
Order - 1486,07/08/2024,19:10:53,CUST - 036,993.84,USD,ST,USER - 02130,07/08/2024,,,Company 2
Order - 1487,07/08/2024,19:18:55,CUST - 036,3269.41,USD,ST,USER - 02130,07/08/2024,,,Company 2
Order - 1488,07/08/2024,19:48:09,CUST - 036,4385.3,USD,ST,USER - 02130,08/08/2024,,,Company 2
Order - 1489,07/08/2024,20:24:37,CUST - 036,816.11,USD,ST,USER - 02130,07/08/2024,,,Company 2
Order - 1490,07/08/2024,20:31:19,CUST - 034,556.85,USD,ST,USER - 02130,08/08/2024,,,Company 2
Order - 1491,07/08/2024,21:54:07,CUST - 036,249,USD,ST,USER - 02130,07/08/2024,,,Company 2
Order - 1492,07/08/2024,22:02:11,CUST - 051,198.25,USD,ST,USER - 02130,08/08/2024,,,Company 2
Order - 1493,07/08/2024,22:08:23,CUST - 036,1310.2,USD,ST,USER - 02130,07/08/2024,,,Company 2
Order - 1494,07/08/2024,22:13:12,CUST - 038,1227.42,USD,ST,USER - 02130,08/08/2024,,,Company 2
Order - 1495,07/08/2024,22:18:38,CUST - 034,1259.75,USD,ST,USER - 02130,08/08/2024,,,Company 2
Order - 1496,07/08/2024,22:24:49,CUST - 036,1096.42,USD,ST,USER - 02130,08/08/2024,,,Company 2
Order - 1497,07/08/2024,22:35:38,CUST - 036,10913.1,USD,ST,USER - 02130,08/08/2024,,,Company 2
Order - 1498,08/08/2024,11:50:22,CUST - 008,5022.79,PLN,ST,USER - 08479,09/08/2024,,,Company 1
Order - 1499,08/08/2024,12:26:52,CUST - 002,740000,EUR,ST,USER - 08479,08/08/2024,,,Company 1
Order - 1500,08/08/2024,13:15:20,CUST - 010,33789.6,EUR,ST,USER - 08479,08/08/2024,,,Company 1
Order - 1501,09/08/2024,19:49:19,CUST - 039,1412.16,EUR,ST,USER - 08479,10/08/2024,,,Company 1
Order - 1502,09/08/2024,20:04:17,CUST - 010,636.82,EUR,ST,USER - 08479,10/08/2024,,,Company 1
Order - 1503,09/08/2024,20:20:26,CUST - 010,326982.84,EUR,ST,USER - 08479,09/08/2024,,,Company 1
Order - 1504,09/08/2024,20:35:15,CUST - 048,12747.84,EUR,ST,USER - 08479,09/08/2024,,,Company 1
Order - 1505,09/08/2024,21:19:56,CUST - 039,802.83,EUR,ST,USER - 08479,09/08/2024,,,Company 1
Order - 1506,09/08/2024,21:25:56,CUST - 010,87.93,EUR,ST,USER - 08479,09/08/2024,,,Company 1
Order - 1507,09/08/2024,21:33:48,CUST - 010,97179.71,EUR,ST,USER - 08479,09/08/2024,,,Company 1
Order - 1508,09/08/2024,21:57:06,CUST - 048,1923.99,EUR,ST,USER - 08479,09/08/2024,,,Company 1
Order - 1509,12/08/2024,22:00:57,CUST - 036,1808.83,USD,ST,USER - 02130,13/08/2024,,,Company 2
Order - 1510,12/08/2024,22:07:47,CUST - 038,684.47,USD,ST,USER - 02130,13/08/2024,,,Company 2
Order - 1511,12/08/2024,22:16:31,CUST - 038,332.77,USD,ST,USER - 02130,13/08/2024,,,Company 2
Order - 1512,12/08/2024,22:23:40,CUST - 036,1775.87,USD,ST,USER - 02130,12/08/2024,,,Company 2
Order - 1513,12/08/2024,22:39:38,CUST - 036,1235.89,USD,ST,USER - 02130,12/08/2024,,,Company 2
Order - 1514,12/08/2024,22:54:01,CUST - 036,230.87,USD,ST,USER - 02130,13/08/2024,,,Company 2
Order - 1515,13/08/2024,07:57:34,CUST - 020,47149,EUR,ST,USER - 08479,13/08/2024,,,Company 1
Order - 1516,13/08/2024,08:16:26,CUST - 055,500,EUR,ST,USER - 08479,13/08/2024,,,Company 1
Order - 1517,13/08/2024,09:02:17,CUST - 026,35798.48,EUR,ST,USER - 08479,13/08/2024,,,Company 1
Order - 1518,13/08/2024,09:38:31,CUST - 057,2098.9,EUR,ST,USER - 08479,13/08/2024,,,Company 1
Order - 1519,13/08/2024,10:17:57,CUST - 057,1277.29,EUR,ST,USER - 08479,13/08/2024,,,Company 1
Order - 1520,13/08/2024,17:03:21,CUST - 058,500,PLN,ST,USER - 08479,13/08/2024,,,Company 1
Order - 1521,14/08/2024,15:05:39,CUST - 011,421.72,EUR,SO,USER - 03676,14/08/2024,,,Company 1
Order - 1522,14/08/2024,15:46:10,CUST - 011,14709.36,EUR,SO,USER - 03676,14/08/2024,,,Company 1
Order - 1523,14/08/2024,15:50:46,CUST - 011,31229.28,EUR,SO,USER - 03676,14/08/2024,,,Company 1
Order - 1524,14/08/2024,15:56:58,CUST - 011,17132.18,EUR,SO,USER - 03676,14/08/2024,,,Company 1
Order - 1525,19/08/2024,10:48:15,CUST - 003,74861,EUR,ST,USER - 08479,19/08/2024,,,Company 1
Order - 1526,19/08/2024,10:59:20,CUST - 003,7412,EUR,ST,USER - 08479,17/08/2024,,,Company 1
Order - 1527,20/08/2024,12:14:46,CUST - 011,11046.58,EUR,SO,USER - 03676,20/08/2024,,,Company 1
Order - 1528,20/08/2024,20:20:02,CUST - 036,1100,USD,ST,USER - 02130,20/08/2024,,,Company 2
Order - 1529,21/08/2024,13:53:46,CUST - 028,74800,EUR,ST,USER - 10897,18/09/2024,,,Company 1
Order - 1530,21/08/2024,15:15:26,CUST - 011,20400.52,EUR,SO,USER - 03676,21/08/2024,,,Company 1
Order - 1531,21/08/2024,15:20:25,CUST - 011,35752.05,EUR,SO,USER - 03676,21/08/2024,,,Company 1
Order - 1532,21/08/2024,18:52:14,CUST - 034,1683.8,USD,ST,USER - 02130,21/08/2024,,,Company 2
Order - 1533,21/08/2024,18:59:20,CUST - 038,994.64,USD,ST,USER - 02130,21/08/2024,,,Company 2
Order - 1534,21/08/2024,19:12:35,CUST - 036,2979.43,USD,ST,USER - 02130,22/08/2024,,,Company 2
Order - 1535,21/08/2024,19:19:26,CUST - 034,2292.1,USD,ST,USER - 02130,22/08/2024,,,Company 2
Order - 1536,21/08/2024,19:24:40,CUST - 034,1158.55,USD,ST,USER - 02130,22/08/2024,,,Company 2
Order - 1537,21/08/2024,19:29:34,CUST - 034,271.95,USD,ST,USER - 02130,21/08/2024,,,Company 2
Order - 1538,21/08/2024,19:48:18,CUST - 035,381.67,USD,ST,USER - 02130,22/08/2024,,,Company 2
Order - 1539,21/08/2024,19:55:12,CUST - 038,316.77,USD,ST,USER - 02130,21/08/2024,,,Company 2
Order - 1540,21/08/2024,20:13:18,CUST - 036,7676.8,USD,ST,USER - 02130,21/08/2024,,,Company 2
Order - 1541,21/08/2024,20:37:14,CUST - 036,1513.66,USD,ST,USER - 02130,21/08/2024,,,Company 2
Order - 1542,21/08/2024,22:10:57,CUST - 036,1100,USD,ST,USER - 02130,21/08/2024,,,Company 2
Order - 1543,21/08/2024,22:51:13,CUST - 036,4196.3,USD,ST,USER - 02130,21/08/2024,,,Company 2
Order - 1544,21/08/2024,23:08:32,CUST - 036,2133.68,USD,ST,USER - 02130,21/08/2024,,,Company 2
Order - 1545,21/08/2024,23:16:16,CUST - 036,840.46,USD,ST,USER - 02130,21/08/2024,,,Company 2
Order - 1546,21/08/2024,23:23:55,CUST - 036,153.87,USD,ST,USER - 02130,21/08/2024,,,Company 2
Order - 1547,21/08/2024,23:30:11,CUST - 036,488.4,USD,ST,USER - 02130,22/08/2024,,,Company 2
Order - 1548,21/08/2024,23:35:40,CUST - 036,667.6,USD,ST,USER - 02130,22/08/2024,,,Company 2
Order - 1549,21/08/2024,23:52:04,CUST - 036,1775.87,USD,ST,USER - 02130,22/08/2024,,,Company 2
Order - 1550,21/08/2024,23:58:16,CUST - 038,1608.14,USD,ST,USER - 02130,21/08/2024,,,Company 2
Order - 1551,22/08/2024,00:04:03,CUST - 034,319.8,USD,ST,USER - 02130,22/08/2024,,,Company 2
Order - 1552,22/08/2024,00:09:53,CUST - 036,2032.68,USD,ST,USER - 02130,22/08/2024,,,Company 2
Order - 1553,22/08/2024,00:15:49,CUST - 036,724.15,USD,ST,USER - 02130,22/08/2024,,,Company 2
Order - 1554,22/08/2024,09:27:18,CUST - 011,48960,EUR,SO,USER - 03676,22/08/2024,,,Company 1
Order - 1555,26/08/2024,12:53:13,CUST - 011,18278.15,EUR,SO,USER - 03676,26/08/2024,,,Company 1
Order - 1556,26/08/2024,13:06:21,CUST - 011,26253.48,EUR,SO,USER - 03676,26/08/2024,,,Company 1
Order - 1557,26/08/2024,13:13:05,CUST - 011,20257.24,EUR,SO,USER - 03676,26/08/2024,,,Company 1
Order - 1558,27/08/2024,09:22:06,CUST - 011,48960,EUR,SO,USER - 03676,27/08/2024,,,Company 1
Order - 1559,27/08/2024,23:21:37,CUST - 036,775.39,USD,ST,USER - 02130,27/08/2024,,,Company 2
Order - 1560,27/08/2024,23:27:48,CUST - 038,711.66,USD,ST,USER - 02130,28/08/2024,,,Company 2
Order - 1561,27/08/2024,23:34:20,CUST - 036,8736.1,USD,ST,USER - 02130,28/08/2024,,,Company 2
Order - 1562,27/08/2024,23:41:25,CUST - 036,1652.71,USD,ST,USER - 02130,28/08/2024,,,Company 2
Order - 1563,27/08/2024,23:59:02,CUST - 034,1221.8,USD,ST,USER - 02130,28/08/2024,,,Company 2
Order - 1564,28/08/2024,00:04:18,CUST - 034,308.25,USD,ST,USER - 02130,28/08/2024,,,Company 2
Order - 1565,28/08/2024,00:10:48,CUST - 036,1578.14,USD,ST,USER - 02130,28/08/2024,,,Company 2
Order - 1566,28/08/2024,00:17:57,CUST - 036,2731.06,USD,ST,USER - 02130,28/08/2024,,,Company 2
Order - 1567,28/08/2024,15:54:19,CUST - 036,5718.1,USD,ST,USER - 02130,29/08/2024,,,Company 2
Order - 1568,28/08/2024,20:40:08,CUST - 057,2182.7,EUR,ST,USER - 10897,28/08/2024,,,Company 1
Order - 1569,28/08/2024,20:51:47,CUST - 057,1497.66,EUR,ST,USER - 10897,28/08/2024,,,Company 1
Order - 1570,28/08/2024,20:57:58,CUST - 010,35500,EUR,ST,USER - 10897,28/08/2024,,,Company 1
Order - 1571,29/08/2024,10:57:16,CUST - 011,29057.66,EUR,SO,USER - 03676,29/08/2024,,,Company 1
Order - 1572,29/08/2024,12:15:27,CUST - 026,43505.54,EUR,ST,USER - 10897,29/08/2024,,,Company 1
Order - 1573,29/08/2024,12:21:34,CUST - 026,38176.7,EUR,ST,USER - 10897,29/08/2024,,,Company 1
Order - 1574,29/08/2024,14:48:56,CUST - 054,-131.84,EUR,ST,USER - 10897,29/08/2024,,,Company 1
Order - 1575,29/08/2024,16:40:31,CUST - 014,-70400,EUR,ST,USER - 10897,29/08/2024,,,Company 1
Order - 1576,30/08/2024,15:36:54,CUST - 036,61040.63,USD,ST,USER - 02130,30/08/2024,,,Company 2
Order - 1577,02/09/2024,13:00:22,CUST - 014,70400,EUR,ST,USER - 10897,29/08/2024,,,Company 1
Order - 1578,02/09/2024,15:33:01,CUST - 026,33913.14,EUR,ST,USER - 10897,02/09/2024,,,Company 1
Order - 1579,02/09/2024,15:37:17,CUST - 058,500,PLN,ST,USER - 10897,02/09/2024,,,Company 1
Order - 1580,02/09/2024,15:40:17,CUST - 026,36665.54,EUR,ST,USER - 10897,02/09/2024,,,Company 1
Order - 1581,03/09/2024,19:18:13,CUST - 038,1507.12,USD,ST,USER - 02130,03/09/2024,,,Company 2
Order - 1582,03/09/2024,19:25:26,CUST - 036,2924.12,USD,ST,USER - 02130,03/09/2024,,,Company 2
Order - 1583,03/09/2024,19:36:26,CUST - 036,539.46,USD,ST,USER - 02130,04/09/2024,,,Company 2
Order - 1584,03/09/2024,19:50:46,CUST - 037,19170.25,USD,ST,USER - 02130,04/09/2024,,,Company 2
Order - 1585,03/09/2024,20:26:50,CUST - 037,2880.11,USD,ST,USER - 02130,03/09/2024,,,Company 2
Order - 1586,03/09/2024,22:01:10,CUST - 034,765.85,USD,ST,USER - 02130,04/09/2024,,,Company 2
Order - 1587,03/09/2024,22:06:12,CUST - 038,1182.42,USD,ST,USER - 02130,03/09/2024,,,Company 2
Order - 1588,03/09/2024,22:16:18,CUST - 034,319.8,USD,ST,USER - 02130,03/09/2024,,,Company 2
Order - 1589,03/09/2024,22:22:31,CUST - 036,1781.63,USD,ST,USER - 02130,04/09/2024,,,Company 2
Order - 1590,03/09/2024,22:30:25,CUST - 036,769.41,USD,ST,USER - 02130,03/09/2024,,,Company 2
Order - 1591,03/09/2024,22:39:37,CUST - 034,909.4,USD,ST,USER - 02130,03/09/2024,,,Company 2
Order - 1592,03/09/2024,22:46:20,CUST - 036,543.91,USD,ST,USER - 02130,03/09/2024,,,Company 2
Order - 1593,03/09/2024,22:52:55,CUST - 034,588.2,USD,ST,USER - 02130,03/09/2024,,,Company 2
Order - 1594,03/09/2024,22:59:14,CUST - 034,290.65,USD,ST,USER - 02130,03/09/2024,,,Company 2
Order - 1595,03/09/2024,23:15:18,CUST - 034,319.8,USD,ST,USER - 02130,04/09/2024,,,Company 2
Order - 1596,04/09/2024,15:01:46,CUST - 011,26253.48,EUR,SO,USER - 03676,04/09/2024,,,Company 1
Order - 1597,04/09/2024,16:36:10,CUST - 001,1116.72,EUR,SO,USER - 00934,17/09/2024,,,Company 1
Order - 1598,05/09/2024,13:11:31,CUST - 014,70400,EUR,ST,USER - 10897,05/09/2024,,,Company 1
Order - 1599,05/09/2024,14:00:46,CUST - 014,70400,EUR,ST,USER - 10897,18/12/2024,,,Company 1
Order - 1600,06/09/2024,14:52:19,CUST - 055,500,EUR,ST,USER - 10897,06/09/2024,,,Company 1
Order - 1601,06/09/2024,15:35:46,CUST - 057,2910.96,EUR,ST,USER - 10897,06/09/2024,,,Company 1
Order - 1602,09/09/2024,10:10:39,CUST - 008,4896.24,PLN,ST,USER - 10897,10/09/2024,,,Company 1
Order - 1603,09/09/2024,10:57:38,CUST - 059,22481.4,PLN,ST,USER - 10897,09/09/2024,,,Company 1
Order - 1604,09/09/2024,11:01:44,CUST - 010,4047.48,EUR,ST,USER - 10897,10/09/2024,,,Company 1
Order - 1605,09/09/2024,16:29:50,CUST - 002,740000,EUR,ST,USER - 08479,09/09/2024,,,Company 1
Order - 1606,10/09/2024,15:27:48,CUST - 026,37211.04,EUR,ST,USER - 10897,10/09/2024,,,Company 1
Order - 1607,10/09/2024,15:34:38,CUST - 026,38644.63,EUR,ST,USER - 10897,11/09/2024,,,Company 1
Order - 1608,11/09/2024,08:47:14,CUST - 011,48960,EUR,SO,USER - 03676,11/09/2024,,,Company 1
Order - 1609,11/09/2024,18:06:26,CUST - 036,170.38,USD,ST,USER - 02130,11/09/2024,,,Company 2
Order - 1610,11/09/2024,18:12:06,CUST - 034,765.85,USD,ST,USER - 02130,11/09/2024,,,Company 2
Order - 1611,11/09/2024,18:18:56,CUST - 038,4553.11,USD,ST,USER - 02130,12/09/2024,,,Company 2
Order - 1612,11/09/2024,18:24:01,CUST - 034,319.8,USD,ST,USER - 02130,11/09/2024,,,Company 2
Order - 1613,11/09/2024,18:32:59,CUST - 036,1775.9,USD,ST,USER - 02130,11/09/2024,,,Company 2
Order - 1614,11/09/2024,18:39:33,CUST - 036,578.5,USD,ST,USER - 02130,12/09/2024,,,Company 2
Order - 1615,11/09/2024,18:45:42,CUST - 036,1833.7,USD,ST,USER - 02130,11/09/2024,,,Company 2
Order - 1616,11/09/2024,18:52:10,CUST - 036,2781.53,USD,ST,USER - 02130,12/09/2024,,,Company 2
Order - 1617,11/09/2024,18:59:08,CUST - 034,765.85,USD,ST,USER - 02130,11/09/2024,,,Company 2
Order - 1618,11/09/2024,19:07:11,CUST - 034,2678.2,USD,ST,USER - 02130,12/09/2024,,,Company 2
Order - 1619,11/09/2024,19:12:38,CUST - 034,1908.2,USD,ST,USER - 02130,11/09/2024,,,Company 2
Order - 1620,11/09/2024,19:17:57,CUST - 038,1675.09,USD,ST,USER - 02130,12/09/2024,,,Company 2
Order - 1621,11/09/2024,19:24:01,CUST - 034,308.25,USD,ST,USER - 02130,12/09/2024,,,Company 2
Order - 1622,11/09/2024,19:29:03,CUST - 034,271.95,USD,ST,USER - 02130,12/09/2024,,,Company 2
Order - 1623,12/09/2024,19:41:20,CUST - 057,2211.78,EUR,ST,USER - 10897,12/09/2024,,,Company 1
Order - 1624,16/09/2024,13:44:35,CUST - 011,18182.88,EUR,SO,USER - 03676,16/09/2024,,,Company 1
Order - 1625,17/09/2024,18:36:10,CUST - 036,1063.89,USD,ST,USER - 02130,18/09/2024,,,Company 2
Order - 1626,17/09/2024,18:44:32,CUST - 036,2451.55,USD,ST,USER - 02130,18/09/2024,,,Company 2
Order - 1627,17/09/2024,20:06:50,CUST - 036,1376.24,USD,ST,USER - 02130,18/09/2024,,,Company 2
Order - 1628,17/09/2024,20:20:12,CUST - 037,951.07,USD,ST,USER - 02130,17/09/2024,,,Company 2
Order - 1629,17/09/2024,20:26:06,CUST - 037,7516.42,USD,ST,USER - 02130,17/09/2024,,,Company 2
Order - 1630,17/09/2024,20:31:42,CUST - 038,2464.57,USD,ST,USER - 02130,17/09/2024,,,Company 2
Order - 1631,17/09/2024,20:37:25,CUST - 038,344.29,USD,ST,USER - 02130,17/09/2024,,,Company 2
Order - 1632,17/09/2024,20:43:35,CUST - 036,1480.28,USD,ST,USER - 02130,17/09/2024,,,Company 2
Order - 1633,17/09/2024,20:50:21,CUST - 036,724.18,USD,ST,USER - 02130,17/09/2024,,,Company 2
Order - 1634,17/09/2024,22:29:00,CUST - 036,121.49,USD,ST,USER - 02130,17/09/2024,,,Company 2
Order - 1635,17/09/2024,22:35:11,CUST - 036,687.09,USD,ST,USER - 02130,17/09/2024,,,Company 2
Order - 1636,17/09/2024,22:41:22,CUST - 036,1006.89,USD,ST,USER - 02130,18/09/2024,,,Company 2
Order - 1637,17/09/2024,22:47:57,CUST - 036,768.99,USD,ST,USER - 02130,17/09/2024,,,Company 2
Order - 1638,17/09/2024,22:54:48,CUST - 036,899.74,USD,ST,USER - 02130,18/09/2024,,,Company 2
Order - 1639,17/09/2024,23:02:08,CUST - 038,1182.81,USD,ST,USER - 02130,17/09/2024,,,Company 2
Order - 1640,17/09/2024,23:07:43,CUST - 035,5623.9,USD,ST,USER - 02130,17/09/2024,,,Company 2
Order - 1641,17/09/2024,23:16:57,CUST - 034,271.95,USD,ST,USER - 02130,17/09/2024,,,Company 2
Order - 1642,17/09/2024,23:22:14,CUST - 034,308.25,USD,ST,USER - 02130,17/09/2024,,,Company 2
Order - 1643,17/09/2024,23:29:29,CUST - 036,117.89,USD,ST,USER - 02130,18/09/2024,,,Company 2
Order - 1644,17/09/2024,23:34:39,CUST - 038,1374.35,USD,ST,USER - 02130,18/09/2024,,,Company 2
Order - 1645,18/09/2024,21:32:30,CUST - 026,37314.35,EUR,ST,USER - 10897,18/09/2024,,,Company 1
Order - 1646,19/09/2024,17:19:07,CUST - 002,25000,EUR,ST,USER - 10897,19/09/2024,,,Company 1
Order - 1647,19/09/2024,17:48:14,CUST - 057,2431.62,EUR,ST,USER - 10897,20/09/2024,,,Company 1
Order - 1648,19/09/2024,17:54:34,CUST - 026,40371.55,EUR,ST,USER - 10897,19/09/2024,,,Company 1
Order - 1649,24/09/2024,15:29:38,CUST - 026,37435.78,EUR,ST,USER - 10897,25/09/2024,,,Company 1
Order - 1650,24/09/2024,19:13:04,CUST - 036,799.01,USD,ST,USER - 02130,25/09/2024,,,Company 2
Order - 1651,24/09/2024,19:19:43,CUST - 034,799.4,USD,ST,USER - 02130,24/09/2024,,,Company 2
Order - 1652,24/09/2024,19:26:50,CUST - 036,2032.84,USD,ST,USER - 02130,24/09/2024,,,Company 2
Order - 1653,24/09/2024,19:32:51,CUST - 038,598.39,USD,ST,USER - 02130,24/09/2024,,,Company 2
Order - 1654,24/09/2024,19:38:07,CUST - 034,1158.55,USD,ST,USER - 02130,25/09/2024,,,Company 2
Order - 1655,24/09/2024,19:43:41,CUST - 038,629.27,USD,ST,USER - 02130,25/09/2024,,,Company 2
Order - 1656,24/09/2024,19:50:07,CUST - 034,765.85,USD,ST,USER - 02130,24/09/2024,,,Company 2
Order - 1657,25/09/2024,00:06:42,CUST - 034,594.25,USD,ST,USER - 02130,25/09/2024,,,Company 2
Order - 1658,25/09/2024,00:17:34,CUST - 035,1475.64,USD,ST,USER - 02130,25/09/2024,,,Company 2
Order - 1659,25/09/2024,00:27:41,CUST - 034,337.4,USD,ST,USER - 02130,25/09/2024,,,Company 2
Order - 1660,25/09/2024,00:34:46,CUST - 036,1256.79,USD,ST,USER - 02130,25/09/2024,,,Company 2
Order - 1661,25/09/2024,00:40:26,CUST - 038,1836.79,USD,ST,USER - 02130,25/09/2024,,,Company 2
Order - 1662,25/09/2024,09:46:51,CUST - 005,110.19,EUR,SO,USER - 00934,27/09/2024,,,Company 1
Order - 1663,25/09/2024,13:21:00,CUST - 001,3111,EUR,SO,USER - 00934,25/09/2024,,,Company 1
Order - 1664,26/09/2024,14:21:26,CUST - 011,35900.72,EUR,SO,USER - 03676,26/09/2024,,,Company 1
Order - 1665,26/09/2024,14:43:06,CUST - 011,25513.29,EUR,SO,USER - 03676,26/09/2024,,,Company 1
Order - 1666,26/09/2024,14:58:57,CUST - 011,18031.7,EUR,SO,USER - 03676,26/09/2024,,,Company 1
Order - 1667,26/09/2024,15:03:25,CUST - 011,16135.44,EUR,SO,USER - 03676,26/09/2024,,,Company 1
Order - 1668,26/09/2024,15:07:36,CUST - 011,9771.96,EUR,SO,USER - 03676,26/09/2024,,,Company 1
Order - 1669,26/09/2024,15:08:56,CUST - 005,2316.6,EUR,SO,USER - 00934,06/12/2024,,,Company 1
Order - 1670,26/09/2024,15:13:25,CUST - 011,18346.14,EUR,SO,USER - 03676,26/09/2024,,,Company 1
Order - 1671,26/09/2024,15:18:36,CUST - 011,18034.34,EUR,SO,USER - 03676,26/09/2024,,,Company 1
Order - 1672,26/09/2024,15:23:01,CUST - 011,48960,EUR,SO,USER - 03676,26/09/2024,,,Company 1
Order - 1673,26/09/2024,15:25:11,CUST - 011,5203.44,EUR,SO,USER - 03676,26/09/2024,,,Company 1
Order - 1674,26/09/2024,15:33:04,CUST - 011,11046.58,EUR,SO,USER - 03676,26/09/2024,,,Company 1
Order - 1675,26/09/2024,15:36:58,CUST - 011,9771.96,EUR,SO,USER - 03676,26/09/2024,,,Company 1
Order - 1676,26/09/2024,15:38:51,CUST - 011,9771.96,EUR,SO,USER - 03676,26/09/2024,,,Company 1
Order - 1677,26/09/2024,15:41:19,CUST - 011,29176.42,EUR,SO,USER - 03676,26/09/2024,,,Company 1
Order - 1678,27/09/2024,11:02:20,CUST - 026,39450.53,EUR,ST,USER - 03676,27/09/2024,,,Company 1
Order - 1679,27/09/2024,11:02:17,CUST - 011,772.52,EUR,SO,USER - 10897,27/09/2024,,,Company 1
Order - 1680,27/09/2024,11:06:53,CUST - 057,2427.25,EUR,ST,USER - 10897,28/09/2024,,,Company 1
Order - 1681,27/09/2024,11:31:23,CUST - 058,500,PLN,ST,USER - 10897,27/09/2024,,,Company 1
Order - 1682,30/09/2024,12:43:25,CUST - 011,48960,EUR,SO,USER - 03676,30/09/2024,,,Company 1
Order - 1683,30/09/2024,12:46:20,CUST - 011,19763.06,EUR,SO,USER - 03676,30/09/2024,,,Company 1
Order - 1684,01/10/2024,11:28:57,CUST - 011,20257.24,EUR,SO,USER - 03676,01/10/2024,,,Company 1
Order - 1685,01/10/2024,13:39:41,CUST - 015,25000,EUR,ST,USER - 10897,01/10/2024,,,Company 1
Order - 1686,01/10/2024,14:20:31,CUST - 026,38124.99,EUR,ST,USER - 10897,01/10/2024,,,Company 1
Order - 1687,01/10/2024,15:56:39,CUST - 057,2513.21,EUR,ST,USER - 10897,01/10/2024,,,Company 1
Order - 1691,03/10/2024,13:15:37,CUST - 011,23127.26,EUR,SO,USER - 09841,03/10/2024,,,Company 1
Order - 1692,03/10/2024,19:57:33,CUST - 008,8112.44,PLN,ST,USER - 09841,03/10/2024,,,Company 1
Order - 1693,04/10/2024,13:03:06,CUST - 010,16400,EUR,ST,USER - 03676,05/10/2024,,,Company 1
Order - 1694,04/10/2024,13:41:51,CUST - 010,5500,EUR,ST,USER - 10897,05/10/2024,,,Company 1
Order - 1695,04/10/2024,17:23:41,CUST - 038,3098.96,USD,ST,USER - 10897,05/10/2024,,,Company 2
Order - 1696,04/10/2024,17:30:29,CUST - 036,721.39,USD,ST,USER - 10897,05/10/2024,,,Company 2
Order - 1697,04/10/2024,17:35:51,CUST - 038,352.54,USD,ST,USER - 02130,05/10/2024,,,Company 2
Order - 1698,04/10/2024,17:41:44,CUST - 036,1107.87,USD,ST,USER - 02130,05/10/2024,,,Company 2
Order - 1699,04/10/2024,17:50:12,CUST - 038,744.3,USD,ST,USER - 02130,04/10/2024,,,Company 2
Order - 1700,04/10/2024,18:06:45,CUST - 038,116.06,USD,ST,USER - 02130,04/10/2024,,,Company 2
Order - 1701,04/10/2024,18:12:33,CUST - 037,2316.18,USD,ST,USER - 02130,05/10/2024,,,Company 2
Order - 1702,04/10/2024,18:19:09,CUST - 037,2126.2,USD,ST,USER - 02130,05/10/2024,,,Company 2
Order - 1703,04/10/2024,18:25:10,CUST - 034,2292.1,USD,ST,USER - 02130,05/10/2024,,,Company 2
Order - 1704,04/10/2024,18:33:05,CUST - 035,675.07,USD,ST,USER - 02130,04/10/2024,,,Company 2
Order - 1705,04/10/2024,18:49:47,CUST - 036,631.3,USD,ST,USER - 02130,04/10/2024,,,Company 2
Order - 1706,04/10/2024,18:55:11,CUST - 038,193.3,USD,ST,USER - 02130,05/10/2024,,,Company 2
Order - 1707,04/10/2024,18:59:59,CUST - 034,658.6,USD,ST,USER - 02130,05/10/2024,,,Company 2
Order - 1708,04/10/2024,19:13:16,CUST - 036,1296.87,USD,ST,USER - 02130,05/10/2024,,,Company 2
Order - 1709,04/10/2024,19:19:09,CUST - 034,308.25,USD,ST,USER - 02130,05/10/2024,,,Company 2
Order - 1710,04/10/2024,20:05:20,CUST - 036,1032.23,USD,ST,USER - 02130,05/10/2024,,,Company 2
Order - 1711,04/10/2024,20:36:14,CUST - 038,629.24,USD,ST,USER - 02130,04/10/2024,,,Company 2
Order - 1712,04/10/2024,20:45:02,CUST - 036,1775.87,USD,ST,USER - 02130,04/10/2024,,,Company 2
Order - 1713,04/10/2024,20:51:01,CUST - 036,578.45,USD,ST,USER - 02130,04/10/2024,,,Company 2
Order - 1714,08/10/2024,08:10:34,CUST - 028,5800,EUR,ST,USER - 02130,05/10/2024,,,Company 1
Order - 1715,08/10/2024,08:44:28,CUST - 026,42369.6,EUR,ST,USER - 02130,08/10/2024,,,Company 1
Order - 1716,08/10/2024,11:28:21,CUST - 028,2704.32,EUR,ST,USER - 10897,08/10/2024,,,Company 1
Order - 1717,08/10/2024,11:35:34,CUST - 028,14774.4,EUR,ST,USER - 10897,09/10/2024,,,Company 1
Order - 1718,08/10/2024,12:37:53,CUST - 011,18785.08,EUR,SO,USER - 10897,09/10/2024,,,Company 1
Order - 1719,08/10/2024,13:17:53,CUST - 011,20235.64,EUR,SO,USER - 10897,08/10/2024,,,Company 1
Order - 1720,09/10/2024,16:13:18,CUST - 034,765.85,USD,ST,USER - 03676,10/10/2024,,,Company 2
Order - 1721,09/10/2024,17:12:34,CUST - 038,346.52,USD,ST,USER - 03676,10/10/2024,,,Company 2
Order - 1722,09/10/2024,17:22:23,CUST - 036,908.78,USD,ST,USER - 02130,10/10/2024,,,Company 2
Order - 1723,09/10/2024,17:29:44,CUST - 036,2830.15,USD,ST,USER - 02130,09/10/2024,,,Company 2
Order - 1724,09/10/2024,18:49:55,CUST - 034,1613.4,USD,ST,USER - 02130,10/10/2024,,,Company 2
Order - 1725,09/10/2024,18:57:13,CUST - 036,3610.03,USD,ST,USER - 02130,09/10/2024,,,Company 2
Order - 1726,09/10/2024,19:04:23,CUST - 037,1125.16,USD,ST,USER - 02130,09/10/2024,,,Company 2
Order - 1727,09/10/2024,19:18:03,CUST - 037,7378.53,USD,ST,USER - 02130,10/10/2024,,,Company 2
Order - 1728,09/10/2024,19:24:43,CUST - 037,1014.69,USD,ST,USER - 02130,09/10/2024,,,Company 2
Order - 1729,09/10/2024,19:30:44,CUST - 037,803.87,USD,ST,USER - 02130,10/10/2024,,,Company 2
Order - 1730,09/10/2024,19:55:09,CUST - 034,869.8,USD,ST,USER - 02130,10/10/2024,,,Company 2
Order - 1731,09/10/2024,20:02:09,CUST - 036,1994.41,USD,ST,USER - 02130,09/10/2024,,,Company 2
Order - 1732,10/10/2024,09:12:12,CUST - 026,39302.59,EUR,ST,USER - 02130,10/10/2024,,,Company 1
Order - 1733,10/10/2024,09:24:35,CUST - 057,2232.25,EUR,ST,USER - 02130,10/10/2024,,,Company 1
Order - 1734,10/10/2024,09:52:57,CUST - 055,500,EUR,ST,USER - 10897,10/10/2024,,,Company 1
Order - 1736,10/10/2024,15:23:09,CUST - 011,32974.32,EUR,SO,USER - 10897,10/10/2024,,,Company 1
Order - 1737,10/10/2024,15:32:33,CUST - 011,22960.44,EUR,SO,USER - 10897,10/10/2024,,,Company 1
Order - 1738,14/10/2024,09:45:47,CUST - 011,48960,EUR,SO,USER - 03676,14/10/2024,,,Company 1
Order - 1741,14/10/2024,21:29:14,CUST - 038,1565.21,USD,ST,USER - 03676,14/10/2024,,,Company 2
Order - 1742,14/10/2024,21:36:33,CUST - 036,3129.25,USD,ST,USER - 03676,16/10/2024,,,Company 2
Order - 1743,14/10/2024,21:43:34,CUST - 036,484.72,USD,ST,USER - 02130,14/10/2024,,,Company 2
Order - 1744,14/10/2024,21:50:27,CUST - 035,3313.3,USD,ST,USER - 02130,16/10/2024,,,Company 2
Order - 1745,14/10/2024,22:02:32,CUST - 034,518.9,USD,ST,USER - 02130,16/10/2024,,,Company 2
Order - 1746,14/10/2024,22:10:22,CUST - 036,1176.26,USD,ST,USER - 02130,14/10/2024,,,Company 2
Order - 1747,14/10/2024,22:21:48,CUST - 034,319.8,USD,ST,USER - 02130,14/10/2024,,,Company 2
Order - 1748,15/10/2024,09:37:39,CUST - 011,16674.88,EUR,SO,USER - 02130,15/10/2024,,,Company 1
Order - 1749,15/10/2024,09:43:31,CUST - 011,12710.4,EUR,SO,USER - 02130,15/10/2024,,,Company 1
Order - 1750,15/10/2024,15:20:03,CUST - 026,41458,EUR,ST,USER - 03676,16/10/2024,,,Company 1
Order - 1751,15/10/2024,15:45:45,CUST - 010,6011.04,EUR,ST,USER - 03676,15/10/2024,,,Company 1
Order - 1753,16/10/2024,15:29:34,CUST - 011,18606.98,EUR,SO,USER - 10897,16/10/2024,,,Company 1
Order - 1754,17/10/2024,08:24:29,CUST - 011,1.44,EUR,SO,USER - 10897,17/10/2024,,,Company 1
Order - 1755,17/10/2024,08:37:32,CUST - 011,6.69,EUR,SO,USER - 06647,17/10/2024,,,Company 1
Order - 1756,17/10/2024,11:44:44,CUST - 011,17480.66,EUR,SO,USER - 03676,17/10/2024,,,Company 1
Order - 1757,17/10/2024,11:49:07,CUST - 011,38781.02,EUR,SO,USER - 03676,17/10/2024,,,Company 1
Order - 1758,17/10/2024,15:29:24,CUST - 026,39384.39,EUR,ST,USER - 03676,17/10/2024,,,Company 1
Order - 1759,17/10/2024,15:32:47,CUST - 057,2324.92,EUR,ST,USER - 03676,17/10/2024,,,Company 1
Order - 1760,17/10/2024,18:44:58,CUST - 062,0.00E+00,USD,SO,USER - 03676,18/10/2024,,,Company 4
Order - 1761,17/10/2024,18:44:58,CUST - 062,0.00E+00,USD,SO,USER - 10897,18/10/2024,,,Company 4
Order - 1762,17/10/2024,18:44:59,CUST - 062,0.00E+00,USD,SO,USER - 10897,18/10/2024,,,Company 4
Order - 1763,17/10/2024,18:44:59,CUST - 062,0.00E+00,USD,SO,USER - 09841,17/10/2024,,,Company 4
Order - 1764,17/10/2024,18:44:59,CUST - 062,0.00E+00,USD,SO,USER - 09841,18/10/2024,,,Company 4
Order - 1765,18/10/2024,10:02:48,CUST - 005,24150,EUR,SO,USER - 09841,21/11/2024,,,Company 1
Order - 1766,21/10/2024,13:37:53,CUST - 011,10748.96,EUR,SO,USER - 09841,21/10/2024,,,Company 1
Order - 1767,22/10/2024,11:31:37,CUST - 011,3421.44,EUR,SO,USER - 09841,22/10/2024,,,Company 1
Order - 1768,22/10/2024,11:34:26,CUST - 011,14134.8,EUR,SO,USER - 00934,22/10/2024,,,Company 1
Order - 1769,22/10/2024,11:37:12,CUST - 002,1436.16,EUR,ST,USER - 03676,23/10/2024,,,Company 1
Order - 1770,22/10/2024,11:43:04,CUST - 011,34555,EUR,SO,USER - 03676,22/10/2024,,,Company 1
Order - 1775,22/10/2024,12:04:24,CUST - 066,15940,GBP,ST,USER - 03676,22/10/2024,,,Company 3
Order - 1777,22/10/2024,19:47:32,CUST - 036,721.39,USD,ST,USER - 10897,22/10/2024,,,Company 2
Order - 1778,22/10/2024,20:05:30,CUST - 036,1399.18,USD,ST,USER - 03676,22/10/2024,,,Company 2
Order - 1779,22/10/2024,20:12:43,CUST - 038,526.49,USD,ST,USER - 06647,22/10/2024,,,Company 2
Order - 1780,22/10/2024,20:19:21,CUST - 036,1102.58,USD,ST,USER - 06647,22/10/2024,,,Company 2
Order - 1781,22/10/2024,20:28:27,CUST - 051,16825,USD,ST,USER - 06647,22/10/2024,,,Company 2
Order - 1782,22/10/2024,20:36:07,CUST - 036,1686.5,USD,ST,USER - 01037,22/10/2024,,,Company 2
Order - 1783,22/10/2024,21:04:48,CUST - 026,41152.16,EUR,ST,USER - 06647,23/10/2024,,,Company 1
Order - 1784,22/10/2024,22:08:31,CUST - 036,1430.17,USD,ST,USER - 12840,22/10/2024,,,Company 2
Order - 1785,22/10/2024,22:14:59,CUST - 035,1480.53,USD,ST,USER - 02130,23/10/2024,,,Company 2
Order - 1786,22/10/2024,22:26:45,CUST - 036,527.11,USD,ST,USER - 02130,23/10/2024,,,Company 2
Order - 1787,22/10/2024,22:32:17,CUST - 034,1060.65,USD,ST,USER - 02130,23/10/2024,,,Company 2
Order - 1788,22/10/2024,22:40:58,CUST - 034,518.9,USD,ST,USER - 02130,23/10/2024,,,Company 2
Order - 1789,23/10/2024,10:35:17,CUST - 068,2730,GBP,ST,USER - 02130,24/10/2024,,,Company 3
Order - 1790,23/10/2024,10:40:35,CUST - 069,2000,GBP,ST,USER - 02130,23/10/2024,,,Company 3
Order - 1791,23/10/2024,11:15:51,CUST - 069,2260,GBP,ST,USER - 10897,23/10/2024,,,Company 3
Order - 1792,23/10/2024,11:19:15,CUST - 070,5037,GBP,ST,USER - 02130,23/10/2024,,,Company 3
Order - 1793,23/10/2024,11:22:38,CUST - 066,1000,GBP,ST,USER - 02130,24/10/2024,,,Company 3
Order - 1794,23/10/2024,11:29:56,CUST - 066,8000,GBP,ST,USER - 02130,24/10/2024,,,Company 3
Order - 1795,23/10/2024,11:35:00,CUST - 071,1000,GBP,ST,USER - 02130,24/10/2024,,,Company 3
Order - 1796,23/10/2024,13:32:01,CUST - 072,30577.65,PLN,ST,USER - 02130,24/10/2024,,,Company 1
Order - 1798,24/10/2024,12:37:18,CUST - 062,0.00E+00,USD,SO,USER - 01037,24/10/2024,,,Company 4
Order - 1799,24/10/2024,12:37:18,CUST - 062,0.00E+00,USD,SO,USER - 01037,25/10/2024,,,Company 4
Order - 1800,24/10/2024,14:45:36,CUST - 028,49000,EUR,ST,USER - 01037,25/10/2024,,,Company 1
Order - 1805,25/10/2024,11:44:34,CUST - 011,48960,EUR,SO,USER - 01037,25/10/2024,,,Company 1
Order - 1806,25/10/2024,11:49:43,CUST - 011,31130.8,EUR,SO,USER - 01037,25/10/2024,,,Company 1
Order - 1808,25/10/2024,12:22:10,CUST - 028,80000,EUR,FA,USER - 01037,25/10/2024,,,Company 1
Order - 1809,28/10/2024,10:56:41,CUST - 013,582.2,EUR,SO,USER - 01037,28/10/2024,,X,Company 1
Order - 1810,28/10/2024,11:26:32,CUST - 005,72.54,EUR,SO,USER - 10897,29/10/2024,,,Company 1
Order - 1811,28/10/2024,12:41:11,CUST - 011,13726.96,EUR,SO,USER - 06647,28/10/2024,,,Company 1
Order - 1812,28/10/2024,12:48:25,CUST - 011,26253.48,EUR,SO,USER - 09841,28/10/2024,,,Company 1
Order - 1813,28/10/2024,14:50:24,CUST - 040,34198.72,EUR,ST,USER - 09841,28/10/2024,,,Company 1
Order - 1814,29/10/2024,09:16:55,CUST - 011,12596.18,EUR,SO,USER - 10897,29/10/2024,,,Company 1
Order - 1815,29/10/2024,11:04:03,CUST - 077,5971.89,GBP,ST,USER - 06647,30/10/2024,,,Company 3
Order - 1816,29/10/2024,11:15:48,CUST - 077,7170,GBP,ST,USER - 06647,29/10/2024,,,Company 3
Order - 1817,29/10/2024,12:29:03,CUST - 075,12474,GBP,ST,USER - 06647,29/10/2024,,,Company 3
Order - 1818,29/10/2024,13:10:17,CUST - 039,357.03,EUR,ST,USER - 03676,30/10/2024,,,Company 1
Order - 1819,29/10/2024,13:46:18,CUST - 028,14212.54,EUR,ST,USER - 03676,30/10/2024,,,Company 1
Order - 1820,29/10/2024,13:55:10,CUST - 039,458.9,EUR,ST,USER - 07829,30/10/2024,,,Company 1
Order - 1821,29/10/2024,13:59:44,CUST - 040,39226.94,EUR,ST,USER - 06647,29/10/2024,,,Company 1
Order - 1822,29/10/2024,20:44:44,CUST - 026,40427.5,EUR,SC,USER - 00934,29/10/2024,,,Company 1
Order - 1823,29/10/2024,20:46:48,CUST - 057,2369.45,EUR,SC,USER - 00934,30/10/2024,,,Company 1
Order - 1824,30/10/2024,09:19:40,CUST - 012,-5927.91,EUR,ST,USER - 03676,30/10/2024,,,Company 1
Order - 1825,30/10/2024,09:37:44,CUST - 012,-8891.85,EUR,ST,USER - 03676,31/10/2024,,,Company 1
Order - 1826,30/10/2024,09:55:28,CUST - 078,9390,GBP,ST,USER - 10897,30/10/2024,,,Company 3
Order - 1827,30/10/2024,10:29:51,CUST - 079,5445,GBP,ST,USER - 03676,30/10/2024,,,Company 3
Order - 1828,30/10/2024,10:32:32,CUST - 077,10577,GBP,ST,USER - 01037,31/10/2024,,,Company 3
Order - 1829,30/10/2024,10:35:23,CUST - 077,4826,GBP,ST,USER - 01037,30/10/2024,,,Company 3
Order - 1830,30/10/2024,10:39:15,CUST - 077,10577,GBP,ST,USER - 01037,30/10/2024,,,Company 3
Order - 1831,30/10/2024,10:41:20,CUST - 077,10060,GBP,ST,USER - 10897,30/10/2024,,,Company 3
Order - 1832,30/10/2024,10:43:56,CUST - 077,4100,GBP,ST,USER - 10897,31/10/2024,,,Company 3
Order - 1833,30/10/2024,10:47:05,CUST - 077,200,GBP,ST,USER - 10897,30/10/2024,,,Company 3
Order - 1834,30/10/2024,10:52:41,CUST - 077,21000,GBP,ST,USER - 10897,31/10/2024,,,Company 3
Order - 1835,30/10/2024,10:58:12,CUST - 077,400,GBP,ST,USER - 10897,30/10/2024,,,Company 3
Order - 1836,30/10/2024,11:02:19,CUST - 077,4690,GBP,ST,USER - 10897,31/10/2024,,,Company 3
Order - 1837,30/10/2024,11:08:08,CUST - 077,2440,GBP,ST,USER - 10897,31/10/2024,,,Company 3
Order - 1841,30/10/2024,18:01:17,CUST - 037,524.07,USD,ST,USER - 10897,30/10/2024,,,Company 2
Order - 1842,30/10/2024,18:19:15,CUST - 037,1588.38,USD,ST,USER - 01037,31/10/2024,,,Company 2
Order - 1843,30/10/2024,18:25:52,CUST - 037,2297.08,USD,ST,USER - 01037,31/10/2024,,,Company 2
Order - 1844,30/10/2024,18:31:55,CUST - 037,591.5,USD,ST,USER - 01037,11/11/2024,,,Company 2
Order - 1845,30/10/2024,18:43:21,CUST - 036,593.49,USD,ST,USER - 01037,31/10/2024,,,Company 2
Order - 1846,30/10/2024,18:50:29,CUST - 036,3123.77,USD,ST,USER - 01037,31/10/2024,,,Company 2
Order - 1847,30/10/2024,18:59:33,CUST - 034,729,USD,ST,USER - 01037,31/10/2024,,,Company 2
Order - 1848,30/10/2024,18:57:05,CUST - 010,46600,EUR,ST,USER - 01037,31/10/2024,,,Company 1
Order - 1849,30/10/2024,19:07:37,CUST - 036,898.09,USD,ST,USER - 01037,31/10/2024,,,Company 2
Order - 1850,30/10/2024,19:15:39,CUST - 036,528.68,USD,ST,USER - 01037,30/10/2024,,,Company 2
Order - 1851,30/10/2024,19:17:01,CUST - 020,65000,EUR,ST,USER - 01037,31/10/2024,,,Company 1
Order - 1852,30/10/2024,20:58:43,CUST - 036,1775.89,USD,ST,USER - 01037,30/10/2024,,,Company 2
Order - 1853,30/10/2024,21:14:53,CUST - 034,165.8,USD,ST,USER - 01037,30/10/2024,,,Company 2
Order - 1854,31/10/2024,08:48:53,CUST - 058,500,PLN,ST,USER - 06647,01/11/2024,,,Company 1
Order - 1855,31/10/2024,13:14:30,CUST - 026,36959.58,EUR,SC,USER - 06647,01/11/2024,,,Company 1
Order - 1856,31/10/2024,13:34:26,CUST - 012,50000,EUR,ST,USER - 02130,31/10/2024,,,Company 1
Order - 1857,04/11/2024,09:46:51,CUST - 081,25401,GBP,ST,USER - 02130,01/11/2024,,,Company 3
Order - 1858,04/11/2024,10:50:53,CUST - 011,48960,EUR,SO,USER - 02130,04/11/2024,,,Company 1
Order - 1859,04/11/2024,10:54:00,CUST - 011,3421.44,EUR,SO,USER - 02130,04/11/2024,,,Company 1
Order - 1860,04/11/2024,12:26:02,CUST - 020,52000,EUR,ST,USER - 02130,04/11/2024,,,Company 1
Order - 1861,05/11/2024,09:09:56,CUST - 011,32781.64,EUR,SO,USER - 02130,05/11/2024,,,Company 1
Order - 1863,05/11/2024,13:38:00,CUST - 013,582.2,EUR,SO,USER - 10897,14/11/2024,,,Company 1
Order - 1864,05/11/2024,14:41:05,CUST - 035,4203.1,USD,ST,USER - 02130,06/11/2024,,,Company 2
Order - 1865,05/11/2024,14:47:47,CUST - 037,714.22,USD,ST,USER - 02130,05/11/2024,,,Company 2
Order - 1866,05/11/2024,14:55:10,CUST - 038,712.03,USD,ST,USER - 02130,06/11/2024,,,Company 2
Order - 1867,05/11/2024,16:54:20,CUST - 036,719.29,USD,ST,USER - 10897,06/11/2024,,,Company 2
Order - 1868,05/11/2024,17:04:21,CUST - 036,704.8,USD,ST,USER - 02130,06/11/2024,,,Company 2
Order - 1869,05/11/2024,17:31:41,CUST - 037,4145.01,USD,ST,USER - 02130,06/11/2024,,,Company 2
Order - 1870,05/11/2024,17:44:57,CUST - 034,909.4,USD,ST,USER - 08479,05/11/2024,,,Company 2
Order - 1871,05/11/2024,17:55:49,CUST - 035,8265.1,USD,ST,USER - 08479,06/11/2024,,,Company 2
Order - 1872,05/11/2024,18:06:37,CUST - 036,1777.31,USD,ST,USER - 08479,06/11/2024,,,Company 2
Order - 1873,05/11/2024,18:15:02,CUST - 034,354.45,USD,ST,USER - 01037,06/11/2024,,,Company 2
Order - 1874,05/11/2024,18:21:46,CUST - 036,116.23,USD,ST,USER - 03676,05/11/2024,,,Company 2
Order - 1876,07/11/2024,11:37:49,CUST - 013,4952.8,EUR,SO,USER - 03676,18/12/2024,,,Company 1
Order - 1877,07/11/2024,12:02:15,CUST - 057,2224.91,EUR,ST,USER - 10897,08/11/2024,,,Company 1
Order - 1878,07/11/2024,12:38:55,CUST - 011,18787.96,EUR,SO,USER - 03676,07/11/2024,,,Company 1
Order - 1879,07/11/2024,13:40:49,CUST - 055,500,EUR,ST,USER - 00934,07/11/2024,,,Company 1
Order - 1880,07/11/2024,21:09:19,CUST - 057,1452.11,EUR,SC,USER - 02130,07/11/2024,,,Company 1
Order - 1881,07/11/2024,21:12:44,CUST - 008,6769.92,PLN,SC,USER - 02130,08/11/2024,,,Company 1
Order - 1882,07/11/2024,21:18:19,CUST - 026,43642.28,EUR,SC,USER - 02130,08/11/2024,,,Company 1
Order - 1883,11/11/2024,20:08:53,CUST - 034,591.5,USD,ST,USER - 02130,11/11/2024,,,Company 2
Order - 1884,12/11/2024,13:29:35,CUST - 011,18366.48,EUR,SO,USER - 02130,12/11/2024,,,Company 1
Order - 1885,12/11/2024,13:35:08,CUST - 011,9771.96,EUR,SO,USER - 02130,12/11/2024,,,Company 1
Order - 1886,12/11/2024,13:37:50,CUST - 011,14808.16,EUR,SO,USER - 02130,12/11/2024,,,Company 1
Order - 1887,12/11/2024,18:17:24,CUST - 037,4068.81,USD,ST,USER - 02130,13/11/2024,,,Company 2
Order - 1888,12/11/2024,18:24:14,CUST - 037,1172.4,USD,ST,USER - 02130,13/11/2024,,,Company 2
Order - 1889,12/11/2024,18:32:39,CUST - 038,347.61,USD,ST,USER - 02130,12/11/2024,,,Company 2
Order - 1890,12/11/2024,19:23:55,CUST - 034,2137,USD,ST,USER - 02130,12/11/2024,,,Company 2
Order - 1891,12/11/2024,19:30:23,CUST - 034,319.8,USD,ST,USER - 06647,12/11/2024,,,Company 2
Order - 1892,12/11/2024,19:36:01,CUST - 036,852.11,USD,ST,USER - 00934,13/11/2024,,,Company 2
Order - 1893,12/11/2024,19:45:43,CUST - 036,1584.31,USD,ST,USER - 10897,12/11/2024,,,Company 2
Order - 1894,12/11/2024,20:03:31,CUST - 038,345.26,USD,ST,USER - 03676,13/11/2024,,,Company 2
Order - 1895,12/11/2024,20:21:39,CUST - 034,1204.2,USD,ST,USER - 10897,13/11/2024,,,Company 2
Order - 1896,12/11/2024,20:30:52,CUST - 034,765.85,USD,ST,USER - 10897,13/11/2024,,,Company 2
Order - 1897,12/11/2024,20:36:22,CUST - 034,337.4,USD,ST,USER - 10897,12/11/2024,,,Company 2
Order - 1898,12/11/2024,20:44:08,CUST - 034,337.4,USD,ST,USER - 10897,13/11/2024,,,Company 2
Order - 1899,12/11/2024,20:53:43,CUST - 036,1655.43,USD,ST,USER - 02130,12/11/2024,,,Company 2
Order - 1900,12/11/2024,23:14:47,CUST - 010,4524.12,EUR,ST,USER - 03676,13/11/2024,,,Company 1
Order - 1901,13/11/2024,09:16:45,CUST - 026,42758.87,EUR,SC,USER - 03676,13/11/2024,,,Company 1
Order - 1902,13/11/2024,11:53:28,CUST - 011,324.34,EUR,SO,USER - 03676,13/11/2024,,,Company 1
Order - 1903,13/11/2024,12:53:54,CUST - 011,28451.78,EUR,SO,USER - 02130,13/11/2024,,,Company 1
Order - 1904,14/11/2024,16:56:02,CUST - 026,41075.69,EUR,SC,USER - 02130,15/11/2024,,,Company 1
Order - 1905,14/11/2024,17:15:26,CUST - 057,2509.19,EUR,SC,USER - 02130,14/11/2024,,,Company 1
Order - 1906,15/11/2024,11:30:33,CUST - 011,48960,EUR,SO,USER - 02130,15/11/2024,,,Company 1
Order - 1907,15/11/2024,11:33:04,CUST - 011,34485.34,EUR,SO,USER - 02130,15/11/2024,,,Company 1
Order - 1908,15/11/2024,14:04:15,CUST - 082,147703,EUR,FA,USER - 02130,14/11/2024,,X,Company 1
Order - 1909,15/11/2024,14:30:29,CUST - 028,23500,EUR,FA,USER - 02130,15/11/2024,,,Company 1
Order - 1914,18/11/2024,15:49:41,CUST - 055,56736.36,EUR,ST,USER - 02130,18/11/2024,,X,Company 1
Order - 1915,19/11/2024,09:54:40,CUST - 011,19214.66,EUR,SO,USER - 02130,19/11/2024,,,Company 1
Order - 1916,19/11/2024,10:56:23,CUST - 011,18247.68,EUR,SO,USER - 02130,19/11/2024,,,Company 1
Order - 1917,19/11/2024,11:05:05,CUST - 011,39253.98,EUR,SO,USER - 02130,19/11/2024,,,Company 1
Order - 1918,19/11/2024,11:13:13,CUST - 011,14296.08,EUR,SO,USER - 02130,19/11/2024,,,Company 1
Order - 1919,19/11/2024,13:03:35,CUST - 005,2602.5,EUR,SO,USER - 02130,20/11/2024,,,Company 1
Order - 1920,19/11/2024,20:10:53,CUST - 026,45242.64,EUR,SC,USER - 10897,20/11/2024,,,Company 1
Order - 1921,20/11/2024,11:54:54,CUST - 011,18010.08,EUR,SO,USER - 10897,20/11/2024,,,Company 1
Order - 1922,20/11/2024,16:18:24,CUST - 034,308.25,USD,ST,USER - 03676,20/11/2024,,,Company 2
Order - 1923,20/11/2024,16:35:52,CUST - 038,332.82,USD,ST,USER - 03676,20/11/2024,,,Company 2
Order - 1924,20/11/2024,16:58:21,CUST - 036,1171.25,USD,ST,USER - 08479,21/11/2024,,,Company 2
Order - 1925,20/11/2024,17:16:53,CUST - 034,319.8,USD,ST,USER - 08479,21/11/2024,,,Company 2
Order - 1926,20/11/2024,17:25:52,CUST - 036,1511.24,USD,ST,USER - 03676,20/11/2024,,,Company 2
Order - 1927,20/11/2024,17:33:47,CUST - 034,337.4,USD,ST,USER - 03676,21/11/2024,,,Company 2
Order - 1928,20/11/2024,17:41:50,CUST - 036,249.5,USD,ST,USER - 07829,20/11/2024,,,Company 2
Order - 1929,20/11/2024,17:55:29,CUST - 034,518.9,USD,ST,USER - 07829,20/11/2024,,,Company 2
Order - 1930,20/11/2024,18:09:01,CUST - 037,1398.96,USD,ST,USER - 08479,20/11/2024,,,Company 2
Order - 1931,20/11/2024,18:17:16,CUST - 037,6534.57,USD,ST,USER - 03676,21/11/2024,,,Company 2
Order - 1932,20/11/2024,18:30:50,CUST - 037,1619.48,USD,ST,USER - 03676,20/11/2024,,,Company 2
Order - 1933,20/11/2024,18:39:43,CUST - 037,597.93,USD,ST,USER - 03676,20/11/2024,,,Company 2
Order - 1935,21/11/2024,11:22:46,CUST - 011,20780.2,EUR,SO,USER - 03676,21/11/2024,,,Company 1
Order - 1936,21/11/2024,14:55:53,CUST - 057,2852.13,EUR,SC,USER - 00934,22/11/2024,,,Company 1
Order - 1937,21/11/2024,14:59:59,CUST - 055,56736.36,EUR,ST,USER - 10897,21/11/2024,,,Company 1
Order - 1938,21/11/2024,15:01:13,CUST - 026,41032.83,EUR,SC,USER - 03676,22/11/2024,,,Company 1
Order - 1939,21/11/2024,15:14:44,CUST - 005,43753.98,EUR,ST,USER - 02130,04/12/2024,,,Company 1
Order - 1940,21/11/2024,16:01:49,CUST - 083,17465,EUR,ST,USER - 02130,21/11/2024,,,Company 3
Order - 1941,21/11/2024,16:05:19,CUST - 075,114081,GBP,ST,USER - 02130,21/11/2024,,,Company 3
Order - 1942,21/11/2024,16:08:22,CUST - 081,26526,GBP,ST,USER - 02130,21/11/2024,,,Company 3
Order - 1943,21/11/2024,16:13:35,CUST - 079,4789,GBP,ST,USER - 02130,21/11/2024,,,Company 3
Order - 1944,21/11/2024,16:17:37,CUST - 079,27947,GBP,ST,USER - 02130,21/11/2024,,,Company 3
