User Name,User ID,Department,User Type
User Name 1,USER - 00001,Department 2070,Manual
User Name 2,USER - 00002,Department 2371,Manual
User Name 3,USER - 00003,Department 2370,Manual
User Name 4,USER - 00004,Department 2402,Manual
User Name 5,USER - 00005,Department 2370,Manual
User Name 6,USER - 00006,Department 3520,Manual
User Name 7,USER - 00007,Department 2070,Manual
User Name 8,USER - 00008,Department 2070,Manual
User Name 9,USER - 00009,Department 2070,Manual
User Name 10,USER - 00010,Department 2266,Manual
User Name 11,USER - 00011,Department 2373,Manual
User Name 12,USER - 00012,Department 1754,Manual
User Name 13,USER - 00013,Department 2070,Manual
User Name 14,USER - 00014,Department 1754,Manual
User Name 15,USER - 00015,Department 2078,Manual
User Name 16,USER - 00016,Department 1748,Manual
User Name 17,USER - 00017,Department 2070,Manual
User Name 18,USER - 00018,Department 1754,Manual
User Name 19,USER - 00019,Department 2193,Manual
User Name 20,USER - 00020,Department 2733,Manual
User Name 21,USER - 00021,Department 2402,Manual
User Name 22,USER - 00022,Department 2402,Manual
User Name 23,USER - 00023,Department 2070,Manual
User Name 24,USER - 00024,Department 2202,Manual
User Name 25,USER - 00025,Department 1669,Manual
User Name 26,USER - 00026,Department 1748,Manual
User Name 27,USER - 00027,Department 1887,Manual
User Name 28,USER - 00028,Department 2175,Manual
User Name 29,USER - 00029,Department 2198,Manual
User Name 30,USER - 00030,Department 2237,Manual
User Name 31,USER - 00031,Department 2070,Manual
User Name 32,USER - 00032,Department 2070,Manual
User Name 33,USER - 00033,Department 2240,Manual
User Name 34,USER - 00034,Department 2202,Manual
User Name 35,USER - 00035,Department 2204,Manual
User Name 36,USER - 00036,Department 2184,Manual
User Name 37,USER - 00037,Department 1941,Manual
User Name 38,USER - 00038,Department 2070,Manual
User Name 39,USER - 00039,Department 2204,Manual
User Name 40,USER - 00040,Department 2237,Manual
User Name 41,USER - 00041,Department 2191,Manual
User Name 42,USER - 00042,Department 2196,Manual
User Name 43,USER - 00043,Department 2212,Manual
User Name 44,USER - 00044,Department 2196,Manual
User Name 45,USER - 00045,Department 2173,Manual
User Name 46,USER - 00046,Department 2271,Manual
User Name 47,USER - 00047,Department 2087,Manual
User Name 48,USER - 00048,Department 2196,Manual
User Name 49,USER - 00049,Department 2203,Manual
User Name 50,USER - 00050,Department 2216,Manual
User Name 51,USER - 00051,Department 2200,Manual
User Name 52,USER - 00052,Department 2070,Manual
User Name 53,USER - 00053,Department 2162,Manual
User Name 54,USER - 00054,Department 2168,Manual
User Name 55,USER - 00055,Department 1868,Manual
User Name 56,USER - 00056,Department 2200,Manual
User Name 57,USER - 00057,Department 2237,Manual
User Name 58,USER - 00058,Department 2168,Manual
User Name 59,USER - 00059,Department 2203,Manual
User Name 60,USER - 00060,Department 2160,Manual
User Name 61,USER - 00061,Department 2203,Manual
User Name 62,USER - 00062,Department 2195,Manual
User Name 63,USER - 00063,Department 2070,Manual
User Name 64,USER - 00064,Department 2205,Manual
User Name 65,USER - 00065,Department 2202,Manual
User Name 66,USER - 00066,Department 2205,Manual
User Name 67,USER - 00067,Department 2204,Manual
User Name 68,USER - 00068,Department 1760,Manual
User Name 69,USER - 00069,Department 981,Manual
User Name 70,USER - 00070,Department 2183,Manual
User Name 71,USER - 00071,Department 1594,Manual
User Name 72,USER - 00072,Department 2211,Manual
User Name 73,USER - 00073,Department 2210,Manual
User Name 74,USER - 00074,Department 2218,Manual
User Name 75,USER - 00075,Department 1938,Manual
User Name 76,USER - 00076,Department 2110,Manual
User Name 77,USER - 00077,Department 1886,Manual
User Name 78,USER - 00078,Department 2210,Manual
User Name 79,USER - 00079,Department 2181,Manual
User Name 80,USER - 00080,Department 2197,Manual
User Name 81,USER - 00081,Department 1941,Manual
User Name 82,USER - 00082,Department 1593,Manual
User Name 83,USER - 00083,Department 1942,Manual
User Name 84,USER - 00084,Department 2204,Manual
User Name 85,USER - 00085,Department 2205,Manual
User Name 86,USER - 00086,Department 2199,Manual
User Name 87,USER - 00087,Department 2212,Manual
User Name 88,USER - 00088,Department 2175,Manual
User Name 89,USER - 00089,Department 2166,Manual
User Name 90,USER - 00090,Department 1598,Manual
User Name 91,USER - 00091,Department 1683,Manual
User Name 92,USER - 00092,Department 2201,Manual
User Name 93,USER - 00093,Department 2070,Manual
User Name 94,USER - 00094,Department 2159,Manual
User Name 95,USER - 00095,Department 2194,Manual
User Name 96,USER - 00096,Department 2240,Manual
User Name 97,USER - 00097,Department 2218,Manual
User Name 98,USER - 00098,Department 2163,Manual
User Name 99,USER - 00099,Department 2216,Manual
User Name 100,USER - 00100,Department 2218,Manual
User Name 101,USER - 00101,Department 1942,Manual
User Name 102,USER - 00102,Department 2207,Manual
User Name 103,USER - 00103,Department 1873,Manual
User Name 104,USER - 00104,Department 2201,Manual
User Name 105,USER - 00105,Department 2802,Manual
User Name 106,USER - 00106,Department 2211,Manual
User Name 107,USER - 00107,Department 2182,Manual
User Name 108,USER - 00108,Department 2185,Manual
User Name 109,USER - 00109,Department 1873,Manual
User Name 110,USER - 00110,Department 2070,Manual
User Name 111,USER - 00111,Department 2180,Manual
User Name 112,USER - 00112,Department 2070,Manual
User Name 113,USER - 00113,Department 1639,Manual
User Name 114,USER - 00114,Department 1758,Manual
User Name 115,USER - 00115,Department 2168,Manual
User Name 116,USER - 00116,Department 2200,Manual
User Name 117,USER - 00117,Department 2199,Manual
User Name 118,USER - 00118,Department 2202,Manual
User Name 119,USER - 00119,Department 2199,Manual
User Name 120,USER - 00120,Department 2202,Manual
User Name 121,USER - 00121,Department 2211,Manual
User Name 122,USER - 00122,Department 2247,Manual
User Name 123,USER - 00123,Department 2205,Manual
User Name 124,USER - 00124,Department 2205,Manual
User Name 125,USER - 00125,Department 2271,Manual
User Name 126,USER - 00126,Department 991,Manual
User Name 127,USER - 00127,Department 1920,Manual
User Name 128,USER - 00128,Department 2200,Manual
User Name 129,USER - 00129,Department 2163,Manual
User Name 130,USER - 00130,Department 1940,Manual
User Name 131,USER - 00131,Department 1672,Manual
User Name 132,USER - 00132,Department 2199,Manual
User Name 133,USER - 00133,Department 1873,Manual
User Name 134,USER - 00134,Department 2201,Manual
User Name 135,USER - 00135,Department 2205,Manual
User Name 136,USER - 00136,Department 2237,Manual
User Name 137,USER - 00137,Department 2659,Manual
User Name 138,USER - 00138,Department 2205,Manual
User Name 139,USER - 00139,Department 2158,Manual
User Name 140,USER - 00140,Department 2205,Manual
User Name 141,USER - 00141,Department 2168,Manual
User Name 142,USER - 00142,Department 1941,Manual
User Name 143,USER - 00143,Department 2202,Manual
User Name 144,USER - 00144,Department 2163,Manual
User Name 145,USER - 00145,Department 2205,Manual
User Name 146,USER - 00146,Department 3685,Manual
User Name 147,USER - 00147,Department 2194,Manual
User Name 148,USER - 00148,Department 1928,Manual
User Name 149,USER - 00149,Department 2199,Manual
User Name 150,USER - 00150,Department 1873,Manual
User Name 151,USER - 00151,Department 2211,Manual
User Name 152,USER - 00152,Department 2207,Manual
User Name 153,USER - 00153,Department 2211,Manual
User Name 154,USER - 00154,Department 2205,Manual
User Name 155,USER - 00155,Department 2167,Manual
User Name 156,USER - 00156,Department 2211,Manual
User Name 157,USER - 00157,Department 2163,Manual
User Name 158,USER - 00158,Department 2207,Manual
User Name 159,USER - 00159,Department 2173,Manual
User Name 160,USER - 00160,Department 2245,Manual
User Name 161,USER - 00161,Department 2070,Manual
User Name 162,USER - 00162,Department 2215,Manual
User Name 163,USER - 00163,Department 1920,Manual
User Name 164,USER - 00164,Department 2070,Manual
User Name 165,USER - 00165,Department 1940,Manual
User Name 166,USER - 00166,Department 2204,Manual
User Name 167,USER - 00167,Department 1874,Manual
User Name 168,USER - 00168,Department 2184,Manual
User Name 169,USER - 00169,Department 2210,Manual
User Name 170,USER - 00170,Department 2204,Manual
User Name 171,USER - 00171,Department 1941,Manual
User Name 172,USER - 00172,Department 2201,Manual
User Name 173,USER - 00173,Department 2181,Manual
User Name 174,USER - 00174,Department 2226,Manual
User Name 175,USER - 00175,Department 2070,Manual
User Name 176,USER - 00176,Department 2226,Manual
User Name 177,USER - 00177,Department 2070,Manual
User Name 178,USER - 00178,Department 1887,Manual
User Name 179,USER - 00179,Department 2270,Manual
User Name 180,USER - 00180,Department 2272,Manual
User Name 181,USER - 00181,Department 1751,Manual
User Name 182,USER - 00182,Department 2330,Manual
User Name 183,USER - 00183,Department 2070,Manual
User Name 184,USER - 00184,Department 1760,Manual
User Name 185,USER - 00185,Department 1853,Manual
User Name 186,USER - 00186,Department 2203,Manual
User Name 187,USER - 00187,Department 2201,Manual
User Name 188,USER - 00188,Department 2123,Manual
User Name 189,USER - 00189,Department 2070,Manual
User Name 190,USER - 00190,Department 1908,Manual
User Name 191,USER - 00191,Department 1853,Manual
User Name 192,USER - 00192,Department 1942,Manual
User Name 193,USER - 00193,Department 1853,Manual
User Name 194,USER - 00194,Department 3498,Manual
User Name 195,USER - 00195,Department 3498,Manual
User Name 196,USER - 00196,Department 1784,Manual
User Name 197,USER - 00197,Department 2258,Manual
User Name 198,USER - 00198,Department 3053,Manual
User Name 199,USER - 00199,Department 1707,Manual
User Name 200,USER - 00200,Department 2070,Manual
User Name 201,USER - 00201,Department 1654,Manual
User Name 202,USER - 00202,Department 897,Manual
User Name 203,USER - 00203,Department 555,Manual
User Name 204,USER - 00204,Department 400,Manual
User Name 205,USER - 00205,Department 3522,Manual
User Name 206,USER - 00206,Department 1798,Manual
User Name 207,USER - 00207,Department 1841,Manual
User Name 208,USER - 00208,Department 1855,Manual
User Name 209,USER - 00209,Department 518,Manual
User Name 210,USER - 00210,Department 1620,Manual
User Name 211,USER - 00211,Department 551,Manual
User Name 212,USER - 00212,Department 1788,Manual
User Name 213,USER - 00213,Department 172,Manual
User Name 214,USER - 00214,Department 2318,Manual
User Name 215,USER - 00215,Department 1785,Manual
User Name 216,USER - 00216,Department 519,Manual
User Name 217,USER - 00217,Department 150,Manual
User Name 218,USER - 00218,Department 2070,Manual
User Name 219,USER - 00219,Department 1938,Manual
User Name 220,USER - 00220,Department 529,Manual
User Name 221,USER - 00221,Department 522,Manual
User Name 222,USER - 00222,Department 3630,Manual
User Name 223,USER - 00223,Department 2226,Manual
User Name 224,USER - 00224,Department 1657,Manual
User Name 225,USER - 00225,Department 2273,Manual
User Name 226,USER - 00226,Department 2070,Manual
User Name 227,USER - 00227,Department 150,Manual
User Name 228,USER - 00228,Department 1655,Manual
User Name 229,USER - 00229,Department 3619,Manual
User Name 230,USER - 00230,Department 3636,Manual
User Name 231,USER - 00231,Department 3636,Manual
User Name 232,USER - 00232,Department 3619,Manual
User Name 233,USER - 00233,Department 150,Manual
User Name 234,USER - 00234,Department 3090,Manual
User Name 235,USER - 00235,Department 1656,Manual
User Name 236,USER - 00236,Department 558,Manual
User Name 237,USER - 00237,Department 2070,Manual
User Name 238,USER - 00238,Department 2070,Manual
User Name 239,USER - 00239,Department 2226,Manual
User Name 240,USER - 00240,Department 522,Manual
User Name 241,USER - 00241,Department 95,Manual
User Name 242,USER - 00242,Department 563,Manual
User Name 243,USER - 00243,Department 2070,Manual
User Name 244,USER - 00244,Department 2293,Manual
User Name 245,USER - 00245,Department 521,Manual
User Name 246,USER - 00246,Department 522,Manual
User Name 247,USER - 00247,Department 2226,Manual
User Name 248,USER - 00248,Department 2697,Manual
User Name 249,USER - 00249,Department 2222,Manual
User Name 250,USER - 00250,Department 1597,Manual
User Name 251,USER - 00251,Department 1904,Manual
User Name 252,USER - 00252,Department 2070,Manual
User Name 253,USER - 00253,Department 111,Manual
User Name 254,USER - 00254,Department 2782,Manual
User Name 255,USER - 00255,Department 2226,Manual
User Name 256,USER - 00256,Department 561,Manual
User Name 257,USER - 00257,Department 2226,Manual
User Name 258,USER - 00258,Department 1666,Manual
User Name 259,USER - 00259,Department 1748,Manual
User Name 260,USER - 00260,Department 485,Manual
User Name 261,USER - 00261,Department 1885,Manual
User Name 262,USER - 00262,Department 491,Manual
User Name 263,USER - 00263,Department 2137,Manual
User Name 264,USER - 00264,Department 2136,Manual
User Name 265,USER - 00265,Department 2146,Manual
User Name 266,USER - 00266,Department 2136,Manual
User Name 267,USER - 00267,Department 2138,Manual
User Name 268,USER - 00268,Department 2736,Manual
User Name 269,USER - 00269,Department 2136,Manual
User Name 270,USER - 00270,Department 2070,Manual
User Name 271,USER - 00271,Department 3112,Manual
User Name 272,USER - 00272,Department 2070,Manual
User Name 273,USER - 00273,Department 2134,Manual
User Name 274,USER - 00274,Department 2137,Manual
User Name 275,USER - 00275,Department 111,Manual
User Name 276,USER - 00276,Department 2226,Manual
User Name 277,USER - 00277,Department 521,Manual
User Name 278,USER - 00278,Department 2146,Manual
User Name 279,USER - 00279,Department 2137,Manual
User Name 280,USER - 00280,Department 2070,Manual
User Name 281,USER - 00281,Department 3517,Manual
User Name 282,USER - 00282,Department 489,Manual
User Name 283,USER - 00283,Department 1882,Manual
User Name 284,USER - 00284,Department 2078,Manual
User Name 285,USER - 00285,Department 2070,Manual
User Name 286,USER - 00286,Department 517,Manual
User Name 287,USER - 00287,Department 2070,Manual
User Name 288,USER - 00288,Department 2070,Manual
User Name 289,USER - 00289,Department 2078,Manual
User Name 290,USER - 00290,Department 3487,Manual
User Name 291,USER - 00291,Department 2226,Manual
User Name 292,USER - 00292,Department 3519,Manual
User Name 293,USER - 00293,Department 490,Manual
User Name 294,USER - 00294,Department 2137,Manual
User Name 295,USER - 00295,Department 2070,Manual
User Name 296,USER - 00296,Department 2135,Manual
User Name 297,USER - 00297,Department 2137,Manual
User Name 298,USER - 00298,Department 2136,Manual
User Name 299,USER - 00299,Department 2070,Manual
User Name 300,USER - 00300,Department 2138,Manual
User Name 301,USER - 00301,Department 2286,Manual
User Name 302,USER - 00302,Department 2736,Manual
User Name 303,USER - 00303,Department 1961,Manual
User Name 304,USER - 00304,Department 2136,Manual
User Name 305,USER - 00305,Department 2059,Manual
User Name 306,USER - 00306,Department 2226,Manual
User Name 307,USER - 00307,Department 2137,Manual
User Name 308,USER - 00308,Department 2070,Manual
User Name 309,USER - 00309,Department 1804,Manual
User Name 310,USER - 00310,Department 2070,Manual
User Name 311,USER - 00311,Department 510,Manual
User Name 312,USER - 00312,Department 484,Manual
User Name 313,USER - 00313,Department 509,Manual
User Name 314,USER - 00314,Department 1853,Manual
User Name 315,USER - 00315,Department 1665,Manual
User Name 316,USER - 00316,Department 513,Manual
User Name 317,USER - 00317,Department 1795,Manual
User Name 318,USER - 00318,Department 1811,Manual
User Name 319,USER - 00319,Department 1940,Manual
User Name 320,USER - 00320,Department 2070,Manual
User Name 321,USER - 00321,Department 2204,Manual
User Name 322,USER - 00322,Department 2015,Manual
User Name 323,USER - 00323,Department 2198,Manual
User Name 324,USER - 00324,Department 1750,Manual
User Name 325,USER - 00325,Department 152,Manual
User Name 326,USER - 00326,Department 988,Manual
User Name 327,USER - 00327,Department 1987,Manual
User Name 328,USER - 00328,Department 2168,Manual
User Name 329,USER - 00329,Department 3636,Manual
User Name 330,USER - 00330,Department 3376,Manual
User Name 331,USER - 00331,Department 3507,Manual
User Name 332,USER - 00332,Department 2043,Manual
User Name 333,USER - 00333,Department 1597,Manual
User Name 334,USER - 00334,Department 1843,Manual
User Name 335,USER - 00335,Department 2751,Manual
User Name 336,USER - 00336,Department 2750,Manual
User Name 337,USER - 00337,Department 1858,Manual
User Name 338,USER - 00338,Department 2025,Manual
User Name 339,USER - 00339,Department 2029,Manual
User Name 340,USER - 00340,Department 1764,Manual
User Name 341,USER - 00341,Department 1779,Manual
User Name 342,USER - 00342,Department 1825,Manual
User Name 343,USER - 00343,Department 2756,Manual
User Name 344,USER - 00344,Department 1810,Manual
User Name 345,USER - 00345,Department 2088,Manual
User Name 346,USER - 00346,Department 1973,Manual
User Name 347,USER - 00347,Department 1781,Manual
User Name 348,USER - 00348,Department 2002,Manual
User Name 349,USER - 00349,Department 2741,Manual
User Name 350,USER - 00350,Department 2007,Manual
User Name 351,USER - 00351,Department 1811,Manual
User Name 352,USER - 00352,Department 2741,Manual
User Name 353,USER - 00353,Department 2075,Manual
User Name 354,USER - 00354,Department 2741,Manual
User Name 355,USER - 00355,Department 2780,Manual
User Name 356,USER - 00356,Department 2074,Manual
User Name 357,USER - 00357,Department 2753,Manual
User Name 358,USER - 00358,Department 1792,Manual
User Name 359,USER - 00359,Department 2750,Manual
User Name 360,USER - 00360,Department 2741,Manual
User Name 361,USER - 00361,Department 1973,Manual
User Name 362,USER - 00362,Department 2745,Manual
User Name 363,USER - 00363,Department 2006,Manual
User Name 364,USER - 00364,Department 2020,Manual
User Name 365,USER - 00365,Department 1991,Manual
User Name 366,USER - 00366,Department 1983,Manual
User Name 367,USER - 00367,Department 2741,Manual
User Name 368,USER - 00368,Department 2753,Manual
User Name 369,USER - 00369,Department 2070,Manual
User Name 370,USER - 00370,Department 2741,Manual
User Name 371,USER - 00371,Department 1954,Manual
User Name 372,USER - 00372,Department 2002,Manual
User Name 373,USER - 00373,Department 2750,Manual
User Name 374,USER - 00374,Department 2746,Manual
User Name 375,USER - 00375,Department 2124,Manual
User Name 376,USER - 00376,Department 2185,Manual
User Name 377,USER - 00377,Department 2753,Manual
User Name 378,USER - 00378,Department 2746,Manual
User Name 379,USER - 00379,Department 1958,Manual
User Name 380,USER - 00380,Department 2741,Manual
User Name 381,USER - 00381,Department 2741,Manual
User Name 382,USER - 00382,Department 3496,Manual
User Name 383,USER - 00383,Department 1877,Manual
User Name 384,USER - 00384,Department 1034,Manual
User Name 385,USER - 00385,Department 1800,Manual
User Name 386,USER - 00386,Department 2054,Manual
User Name 387,USER - 00387,Department 2070,Manual
User Name 388,USER - 00388,Department 2750,Manual
User Name 389,USER - 00389,Department 2049,Manual
User Name 390,USER - 00390,Department 1739,Manual
User Name 391,USER - 00391,Department 1801,Manual
User Name 392,USER - 00392,Department 1808,Manual
User Name 393,USER - 00393,Department 1954,Manual
User Name 394,USER - 00394,Department 2070,Manual
User Name 395,USER - 00395,Department 2070,Manual
User Name 396,USER - 00396,Department 1986,Manual
User Name 397,USER - 00397,Department 1926,Manual
User Name 398,USER - 00398,Department 2043,Manual
User Name 399,USER - 00399,Department 1708,Manual
User Name 400,USER - 00400,Department 1792,Manual
User Name 401,USER - 00401,Department 2744,Manual
User Name 402,USER - 00402,Department 3377,Manual
User Name 403,USER - 00403,Department 2030,Manual
User Name 404,USER - 00404,Department 2731,Manual
User Name 405,USER - 00405,Department 1960,Manual
User Name 406,USER - 00406,Department 2609,Manual
User Name 407,USER - 00407,Department 2079,Manual
User Name 408,USER - 00408,Department 1970,Manual
User Name 409,USER - 00409,Department 1974,Manual
User Name 410,USER - 00410,Department 2730,Manual
User Name 411,USER - 00411,Department 2052,Manual
User Name 412,USER - 00412,Department 1768,Manual
User Name 413,USER - 00413,Department 2118,Manual
User Name 414,USER - 00414,Department 2738,Manual
User Name 415,USER - 00415,Department 2085,Manual
User Name 416,USER - 00416,Department 1801,Manual
User Name 417,USER - 00417,Department 2070,Manual
User Name 418,USER - 00418,Department 970,Manual
User Name 419,USER - 00419,Department 1829,Manual
User Name 420,USER - 00420,Department 1801,Manual
User Name 421,USER - 00421,Department 1801,Manual
User Name 422,USER - 00422,Department 3377,Manual
User Name 423,USER - 00423,Department 1621,Manual
User Name 424,USER - 00424,Department 2029,Manual
User Name 425,USER - 00425,Department 1933,Manual
User Name 426,USER - 00426,Department 1779,Manual
User Name 427,USER - 00427,Department 2110,Manual
User Name 428,USER - 00428,Department 556,Manual
User Name 429,USER - 00429,Department 1737,Manual
User Name 430,USER - 00430,Department 1978,Manual
User Name 431,USER - 00431,Department 521,Manual
User Name 432,USER - 00432,Department 2055,Manual
User Name 433,USER - 00433,Department 2736,Manual
User Name 434,USER - 00434,Department 2035,Manual
User Name 435,USER - 00435,Department 2022,Manual
User Name 436,USER - 00436,Department 2292,Manual
User Name 437,USER - 00437,Department 2697,Manual
User Name 438,USER - 00438,Department 2074,Manual
User Name 439,USER - 00439,Department 1799,Manual
User Name 440,USER - 00440,Department 1870,Manual
User Name 441,USER - 00441,Department 2046,Manual
User Name 442,USER - 00442,Department 1980,Manual
User Name 443,USER - 00443,Department 953,Manual
User Name 444,USER - 00444,Department 2078,Manual
User Name 445,USER - 00445,Department 2752,Manual
User Name 446,USER - 00446,Department 2185,Manual
User Name 447,USER - 00447,Department 2137,Manual
User Name 448,USER - 00448,Department 762,Manual
User Name 449,USER - 00449,Department 1960,Manual
User Name 450,USER - 00450,Department 2070,Manual
User Name 451,USER - 00451,Department 2070,Manual
User Name 452,USER - 00452,Department 1019,Manual
User Name 453,USER - 00453,Department 1939,Manual
User Name 454,USER - 00454,Department 1763,Manual
User Name 455,USER - 00455,Department 1995,Manual
User Name 456,USER - 00456,Department 1797,Manual
User Name 457,USER - 00457,Department 2753,Manual
User Name 458,USER - 00458,Department 2744,Manual
User Name 459,USER - 00459,Department 1911,Manual
User Name 460,USER - 00460,Department 2070,Manual
User Name 461,USER - 00461,Department 1830,Manual
User Name 462,USER - 00462,Department 1637,Manual
User Name 463,USER - 00463,Department 2725,Manual
User Name 464,USER - 00464,Department 2204,Manual
User Name 465,USER - 00465,Department 2751,Manual
User Name 466,USER - 00466,Department 2920,Manual
User Name 467,USER - 00467,Department 2024,Manual
User Name 468,USER - 00468,Department 2752,Manual
User Name 469,USER - 00469,Department 1899,Manual
User Name 470,USER - 00470,Department 1677,Manual
User Name 471,USER - 00471,Department 1933,Manual
User Name 472,USER - 00472,Department 1800,Manual
User Name 473,USER - 00473,Department 1965,Manual
User Name 474,USER - 00474,Department 1834,Manual
User Name 475,USER - 00475,Department 1932,Manual
User Name 476,USER - 00476,Department 2070,Manual
User Name 477,USER - 00477,Department 3502,Manual
User Name 478,USER - 00478,Department 2035,Manual
User Name 479,USER - 00479,Department 1794,Manual
User Name 480,USER - 00480,Department 2753,Manual
User Name 481,USER - 00481,Department 2023,Manual
User Name 482,USER - 00482,Department 1798,Manual
User Name 483,USER - 00483,Department 2019,Manual
User Name 484,USER - 00484,Department 1942,Manual
User Name 485,USER - 00485,Department 1621,Manual
User Name 486,USER - 00486,Department 2048,Manual
User Name 487,USER - 00487,Department 2084,Manual
User Name 488,USER - 00488,Department 1996,Manual
User Name 489,USER - 00489,Department 1911,Manual
User Name 490,USER - 00490,Department 2205,Manual
User Name 491,USER - 00491,Department 2744,Manual
User Name 492,USER - 00492,Department 1964,Manual
User Name 493,USER - 00493,Department 2070,Manual
User Name 494,USER - 00494,Department 2741,Manual
User Name 495,USER - 00495,Department 2093,Manual
User Name 496,USER - 00496,Department 2730,Manual
User Name 497,USER - 00497,Department 1904,Manual
User Name 498,USER - 00498,Department 1967,Manual
User Name 499,USER - 00499,Department 1911,Manual
User Name 500,USER - 00500,Department 2009,Manual
User Name 501,USER - 00501,Department 1840,Manual
User Name 502,USER - 00502,Department 2050,Manual
User Name 503,USER - 00503,Department 2735,Manual
User Name 504,USER - 00504,Department 1633,Manual
User Name 505,USER - 00505,Department 2038,Manual
User Name 506,USER - 00506,Department 2020,Manual
User Name 507,USER - 00507,Department 490,Manual
User Name 508,USER - 00508,Department 2081,Manual
User Name 509,USER - 00509,Department 2741,Manual
User Name 510,USER - 00510,Department 2070,Manual
User Name 511,USER - 00511,Department 1826,Manual
User Name 512,USER - 00512,Department 1954,Manual
User Name 513,USER - 00513,Department 1843,Manual
User Name 514,USER - 00514,Department 1792,Manual
User Name 515,USER - 00515,Department 2093,Manual
User Name 516,USER - 00516,Department 2730,Manual
User Name 517,USER - 00517,Department 2741,Manual
User Name 518,USER - 00518,Department 2751,Manual
User Name 519,USER - 00519,Department 2092,Manual
User Name 520,USER - 00520,Department 1821,Manual
User Name 521,USER - 00521,Department 1761,Manual
User Name 522,USER - 00522,Department 988,Manual
User Name 523,USER - 00523,Department 2034,Manual
User Name 524,USER - 00524,Department 1799,Manual
User Name 525,USER - 00525,Department 1960,Manual
User Name 526,USER - 00526,Department 2203,Manual
User Name 527,USER - 00527,Department 2008,Manual
User Name 528,USER - 00528,Department 1994,Manual
User Name 529,USER - 00529,Department 2744,Manual
User Name 530,USER - 00530,Department 1792,Manual
User Name 531,USER - 00531,Department 2741,Manual
User Name 532,USER - 00532,Department 2991,Manual
User Name 533,USER - 00533,Department 1850,Manual
User Name 534,USER - 00534,Department 2007,Manual
User Name 535,USER - 00535,Department 2736,Manual
User Name 536,USER - 00536,Department 2741,Manual
User Name 537,USER - 00537,Department 2070,Manual
User Name 538,USER - 00538,Department 2756,Manual
User Name 539,USER - 00539,Department 2741,Manual
User Name 540,USER - 00540,Department 2741,Manual
User Name 541,USER - 00541,Department 2741,Manual
User Name 542,USER - 00542,Department 2741,Manual
User Name 543,USER - 00543,Department 2746,Manual
User Name 544,USER - 00544,Department 2753,Manual
User Name 545,USER - 00545,Department 2753,Manual
User Name 546,USER - 00546,Department 2752,Manual
User Name 547,USER - 00547,Department 1682,Manual
User Name 548,USER - 00548,Department 1826,Manual
User Name 549,USER - 00549,Department 1804,Manual
User Name 550,USER - 00550,Department 3090,Manual
User Name 551,USER - 00551,Department 1750,Manual
User Name 552,USER - 00552,Department 1795,Manual
User Name 553,USER - 00553,Department 2070,Manual
User Name 554,USER - 00554,Department 1741,Manual
User Name 555,USER - 00555,Department 1804,Manual
User Name 556,USER - 00556,Department 2029,Manual
User Name 557,USER - 00557,Department 1963,Manual
User Name 558,USER - 00558,Department 2070,Manual
User Name 559,USER - 00559,Department 1911,Manual
User Name 560,USER - 00560,Department 2088,Manual
User Name 561,USER - 00561,Department 2035,Manual
User Name 562,USER - 00562,Department 1856,Manual
User Name 563,USER - 00563,Department 2020,Manual
User Name 564,USER - 00564,Department 1984,Manual
User Name 565,USER - 00565,Department 1740,Manual
User Name 566,USER - 00566,Department 1826,Manual
User Name 567,USER - 00567,Department 1833,Manual
User Name 568,USER - 00568,Department 1740,Manual
User Name 569,USER - 00569,Department 1852,Manual
User Name 570,USER - 00570,Department 1792,Manual
User Name 571,USER - 00571,Department 1797,Manual
User Name 572,USER - 00572,Department 2070,Manual
User Name 573,USER - 00573,Department 2203,Manual
User Name 574,USER - 00574,Department 1911,Manual
User Name 575,USER - 00575,Department 1917,Manual
User Name 576,USER - 00576,Department 2035,Manual
User Name 577,USER - 00577,Department 1952,Manual
User Name 578,USER - 00578,Department 559,Manual
User Name 579,USER - 00579,Department 1985,Manual
User Name 580,USER - 00580,Department 1844,Manual
User Name 581,USER - 00581,Department 1986,Manual
User Name 582,USER - 00582,Department 1911,Manual
User Name 583,USER - 00583,Department 484,Manual
User Name 584,USER - 00584,Department 2699,Manual
User Name 585,USER - 00585,Department 1623,Manual
User Name 586,USER - 00586,Department 1962,Manual
User Name 587,USER - 00587,Department 2018,Manual
User Name 588,USER - 00588,Department 1765,Manual
User Name 589,USER - 00589,Department 1983,Manual
User Name 590,USER - 00590,Department 2070,Manual
User Name 591,USER - 00591,Department 3629,Manual
User Name 592,USER - 00592,Department 2070,Manual
User Name 593,USER - 00593,Department 694,Manual
User Name 594,USER - 00594,Department 3515,Manual
User Name 595,USER - 00595,Department 2070,Manual
User Name 596,USER - 00596,Department 2070,Manual
User Name 597,USER - 00597,Department 2070,Manual
User Name 598,USER - 00598,Department 2425,Manual
User Name 599,USER - 00599,Department 1663,Manual
User Name 600,USER - 00600,Department 512,Manual
User Name 601,USER - 00601,Department 2689,Manual
User Name 602,USER - 00602,Department 2012,Manual
User Name 603,USER - 00603,Department 2693,Manual
User Name 604,USER - 00604,Department 2070,Manual
User Name 605,USER - 00605,Department 2727,Manual
User Name 606,USER - 00606,Department 1952,Manual
User Name 607,USER - 00607,Department 3496,Manual
User Name 608,USER - 00608,Department 3532,Manual
User Name 609,USER - 00609,Department 2136,Manual
User Name 610,USER - 00610,Department 2070,Manual
User Name 611,USER - 00611,Department 2968,Manual
User Name 612,USER - 00612,Department 2087,Manual
User Name 613,USER - 00613,Department 2070,Manual
User Name 614,USER - 00614,Department 1717,Manual
User Name 615,USER - 00615,Department 434,Manual
User Name 616,USER - 00616,Department 904,Manual
User Name 617,USER - 00617,Department 2739,Manual
User Name 618,USER - 00618,Department 2070,Manual
User Name 619,USER - 00619,Department 2070,Manual
User Name 620,USER - 00620,Department 2070,Manual
User Name 621,USER - 00621,Department 2649,Manual
User Name 622,USER - 00622,Department 551,Manual
User Name 623,USER - 00623,Department 2100,Manual
User Name 624,USER - 00624,Department 1694,Manual
User Name 625,USER - 00625,Department 3632,Manual
User Name 626,USER - 00626,Department 2226,Manual
User Name 627,USER - 00627,Department 2074,Manual
User Name 628,USER - 00628,Department 1991,Manual
User Name 629,USER - 00629,Department 2070,Manual
User Name 630,USER - 00630,Department 1910,Manual
User Name 631,USER - 00631,Department 2317,Manual
User Name 632,USER - 00632,Department 3451,Manual
User Name 633,USER - 00633,Department 1971,Manual
User Name 634,USER - 00634,Department 1986,Manual
User Name 635,USER - 00635,Department 1871,Manual
User Name 636,USER - 00636,Department 1977,Manual
User Name 637,USER - 00637,Department 2167,Manual
User Name 638,USER - 00638,Department 2070,Manual
User Name 639,USER - 00639,Department 2733,Manual
User Name 640,USER - 00640,Department 1998,Manual
User Name 641,USER - 00641,Department 1973,Manual
User Name 642,USER - 00642,Department 1999,Manual
User Name 643,USER - 00643,Department 1813,Manual
User Name 644,USER - 00644,Department 1704,Manual
User Name 645,USER - 00645,Department 1815,Manual
User Name 646,USER - 00646,Department 1799,Manual
User Name 647,USER - 00647,Department 2070,Manual
User Name 648,USER - 00648,Department 3105,Manual
User Name 649,USER - 00649,Department 1877,Manual
User Name 650,USER - 00650,Department 1926,Manual
User Name 651,USER - 00651,Department 2226,Manual
User Name 652,USER - 00652,Department 1650,Manual
User Name 653,USER - 00653,Department 482,Manual
User Name 654,USER - 00654,Department 2079,Manual
User Name 655,USER - 00655,Department 2007,Manual
User Name 656,USER - 00656,Department 2204,Manual
User Name 657,USER - 00657,Department 1771,Manual
User Name 658,USER - 00658,Department 3056,Manual
User Name 659,USER - 00659,Department 2070,Manual
User Name 660,USER - 00660,Department 662,Manual
User Name 661,USER - 00661,Department 2070,Manual
User Name 662,USER - 00662,Department 2959,Manual
User Name 663,USER - 00663,Department 2070,Manual
User Name 664,USER - 00664,Department 2023,Manual
User Name 665,USER - 00665,Department 2287,Manual
User Name 666,USER - 00666,Department 2013,Manual
User Name 667,USER - 00667,Department 1811,Manual
User Name 668,USER - 00668,Department 2516,Manual
User Name 669,USER - 00669,Department 1849,Manual
User Name 670,USER - 00670,Department 2036,Manual
User Name 671,USER - 00671,Department 2041,Manual
User Name 672,USER - 00672,Department 3535,Manual
User Name 673,USER - 00673,Department 1074,Manual
User Name 674,USER - 00674,Department 2986,Manual
User Name 675,USER - 00675,Department 1655,Manual
User Name 676,USER - 00676,Department 1934,Manual
User Name 677,USER - 00677,Department 951,Manual
User Name 678,USER - 00678,Department 1597,Manual
User Name 679,USER - 00679,Department 2701,Manual
User Name 680,USER - 00680,Department 2271,Manual
User Name 681,USER - 00681,Department 977,Manual
User Name 682,USER - 00682,Department 1785,Manual
User Name 683,USER - 00683,Department 1906,Manual
User Name 684,USER - 00684,Department 2283,Manual
User Name 685,USER - 00685,Department 2271,Manual
User Name 686,USER - 00686,Department 2393,Manual
User Name 687,USER - 00687,Department 989,Manual
User Name 688,USER - 00688,Department 1923,Manual
User Name 689,USER - 00689,Department 1887,Manual
User Name 690,USER - 00690,Department 927,Manual
User Name 691,USER - 00691,Department 2243,Manual
User Name 692,USER - 00692,Department 1736,Manual
User Name 693,USER - 00693,Department 1758,Manual
User Name 694,USER - 00694,Department 3562,Manual
User Name 695,USER - 00695,Department 1759,Manual
User Name 696,USER - 00696,Department 1785,Manual
User Name 697,USER - 00697,Department 2047,Manual
User Name 698,USER - 00698,Department 1084,Manual
User Name 699,USER - 00699,Department 1883,Manual
User Name 700,USER - 00700,Department 1785,Manual
User Name 701,USER - 00701,Department 2701,Manual
User Name 702,USER - 00702,Department 1669,Manual
User Name 703,USER - 00703,Department 2515,Manual
User Name 704,USER - 00704,Department 986,Manual
User Name 705,USER - 00705,Department 1595,Manual
User Name 706,USER - 00706,Department 2297,Manual
User Name 707,USER - 00707,Department 1741,Manual
User Name 708,USER - 00708,Department 1655,Manual
User Name 709,USER - 00709,Department 983,Manual
User Name 710,USER - 00710,Department 1826,Manual
User Name 711,USER - 00711,Department 1647,Manual
User Name 712,USER - 00712,Department 1776,Manual
User Name 713,USER - 00713,Department 907,Manual
User Name 714,USER - 00714,Department 1006,Manual
User Name 715,USER - 00715,Department 1885,Manual
User Name 716,USER - 00716,Department 938,Manual
User Name 717,USER - 00717,Department 2449,Manual
User Name 718,USER - 00718,Department 1669,Manual
User Name 719,USER - 00719,Department 2070,Manual
User Name 720,USER - 00720,Department 1765,Manual
User Name 721,USER - 00721,Department 2053,Manual
User Name 722,USER - 00722,Department 1785,Manual
User Name 723,USER - 00723,Department 1886,Manual
User Name 724,USER - 00724,Department 985,Manual
User Name 725,USER - 00725,Department 1011,Manual
User Name 726,USER - 00726,Department 2053,Manual
User Name 727,USER - 00727,Department 2285,Manual
User Name 728,USER - 00728,Department 1669,Manual
User Name 729,USER - 00729,Department 2516,Manual
User Name 730,USER - 00730,Department 1611,Manual
User Name 731,USER - 00731,Department 1853,Manual
User Name 732,USER - 00732,Department 1092,Manual
User Name 733,USER - 00733,Department 1092,Manual
User Name 734,USER - 00734,Department 2645,Manual
User Name 735,USER - 00735,Department 2331,Manual
User Name 736,USER - 00736,Department 1892,Manual
User Name 737,USER - 00737,Department 1083,Manual
User Name 738,USER - 00738,Department 2387,Manual
User Name 739,USER - 00739,Department 932,Manual
User Name 740,USER - 00740,Department 3636,Manual
User Name 741,USER - 00741,Department 1793,Manual
User Name 742,USER - 00742,Department 2959,Manual
User Name 743,USER - 00743,Department 1793,Manual
User Name 744,USER - 00744,Department 2279,Manual
User Name 745,USER - 00745,Department 1650,Manual
User Name 746,USER - 00746,Department 2198,Manual
User Name 747,USER - 00747,Department 1952,Manual
User Name 748,USER - 00748,Department 1710,Manual
User Name 749,USER - 00749,Department 2075,Manual
User Name 750,USER - 00750,Department 2077,Manual
User Name 751,USER - 00751,Department 1954,Manual
User Name 752,USER - 00752,Department 1987,Manual
User Name 753,USER - 00753,Department 938,Manual
User Name 754,USER - 00754,Department 1005,Manual
User Name 755,USER - 00755,Department 1776,Manual
User Name 756,USER - 00756,Department 2078,Manual
User Name 757,USER - 00757,Department 1877,Manual
User Name 758,USER - 00758,Department 3118,Manual
User Name 759,USER - 00759,Department 2070,Manual
User Name 760,USER - 00760,Department 1080,Manual
User Name 761,USER - 00761,Department 2078,Manual
User Name 762,USER - 00762,Department 2973,Manual
User Name 763,USER - 00763,Department 3535,Manual
User Name 764,USER - 00764,Department 1848,Manual
User Name 765,USER - 00765,Department 1408,Manual
User Name 766,USER - 00766,Department 799,Manual
User Name 767,USER - 00767,Department 903,Manual
User Name 768,USER - 00768,Department 2173,Manual
User Name 769,USER - 00769,Department 1772,Manual
User Name 770,USER - 00770,Department 1894,Manual
User Name 771,USER - 00771,Department 1877,Manual
User Name 772,USER - 00772,Department 306,Manual
User Name 773,USER - 00773,Department 3052,Manual
User Name 774,USER - 00774,Department 3397,Manual
User Name 775,USER - 00775,Department 3684,Manual
User Name 776,USER - 00776,Department 3684,Manual
User Name 777,USER - 00777,Department 1845,Manual
User Name 778,USER - 00778,Department 3693,Manual
User Name 779,USER - 00779,Department 3574,Manual
User Name 780,USER - 00780,Department 3415,Manual
User Name 781,USER - 00781,Department 3690,Manual
User Name 782,USER - 00782,Department 3693,Manual
User Name 783,USER - 00783,Department 1297,Manual
User Name 784,USER - 00784,Department 3698,Manual
User Name 785,USER - 00785,Department 3693,Manual
User Name 786,USER - 00786,Department 3729,Manual
User Name 787,USER - 00787,Department 3693,Manual
User Name 788,USER - 00788,Department 2282,Manual
User Name 789,USER - 00789,Department 1708,Manual
User Name 790,USER - 00790,Department 3693,Manual
User Name 791,USER - 00791,Department 572,Manual
User Name 792,USER - 00792,Department 3665,Manual
User Name 793,USER - 00793,Department 3729,Manual
User Name 794,USER - 00794,Department 3676,Manual
User Name 795,USER - 00795,Department 2869,Manual
User Name 796,USER - 00796,Department 2968,Manual
User Name 797,USER - 00797,Department 1821,Manual
User Name 798,USER - 00798,Department 2131,Manual
User Name 799,USER - 00799,Department 1839,Manual
User Name 800,USER - 00800,Department 2452,Manual
User Name 801,USER - 00801,Department 2931,Manual
User Name 802,USER - 00802,Department 2810,Manual
User Name 803,USER - 00803,Department 699,Manual
User Name 804,USER - 00804,Department 3535,Manual
User Name 805,USER - 00805,Department 3653,Manual
User Name 806,USER - 00806,Department 2334,Manual
User Name 807,USER - 00807,Department 3112,Manual
User Name 808,USER - 00808,Department 3112,Manual
User Name 809,USER - 00809,Department 2087,Manual
User Name 810,USER - 00810,Department 3532,Manual
User Name 811,USER - 00811,Department 2159,Manual
User Name 812,USER - 00812,Department 2160,Manual
User Name 813,USER - 00813,Department 2159,Manual
User Name 814,USER - 00814,Department 2228,Manual
User Name 815,USER - 00815,Department 3628,Manual
User Name 816,USER - 00816,Department 2070,Manual
User Name 817,USER - 00817,Department 2226,Manual
User Name 818,USER - 00818,Department 2193,Manual
User Name 819,USER - 00819,Department 3044,Manual
User Name 820,USER - 00820,Department 2078,Manual
User Name 821,USER - 00821,Department 2445,Manual
User Name 822,USER - 00822,Department 1658,Manual
User Name 823,USER - 00823,Department 1913,Manual
User Name 824,USER - 00824,Department 1940,Manual
User Name 825,USER - 00825,Department 2975,Manual
User Name 826,USER - 00826,Department 2284,Manual
User Name 827,USER - 00827,Department 2195,Manual
User Name 828,USER - 00828,Department 2194,Manual
User Name 829,USER - 00829,Department 1941,Manual
User Name 830,USER - 00830,Department 1887,Manual
User Name 831,USER - 00831,Department 2743,Manual
User Name 832,USER - 00832,Department 2743,Manual
User Name 833,USER - 00833,Department 1029,Manual
User Name 834,USER - 00834,Department 2226,Manual
User Name 835,USER - 00835,Department 2271,Manual
User Name 836,USER - 00836,Department 912,Manual
User Name 837,USER - 00837,Department 1120,Manual
User Name 838,USER - 00838,Department 1752,Manual
User Name 839,USER - 00839,Department 2072,Manual
User Name 840,USER - 00840,Department 2960,Manual
User Name 841,USER - 00841,Department 2957,Manual
User Name 842,USER - 00842,Department 3079,Manual
User Name 843,USER - 00843,Department 2233,Manual
User Name 844,USER - 00844,Department 2961,Manual
User Name 845,USER - 00845,Department 2126,Manual
User Name 846,USER - 00846,Department 2059,Manual
User Name 847,USER - 00847,Department 1697,Manual
User Name 848,USER - 00848,Department 2828,Manual
User Name 849,USER - 00849,Department 1989,Manual
User Name 850,USER - 00850,Department 1629,Manual
User Name 851,USER - 00851,Department 1970,Manual
User Name 852,USER - 00852,Department 1953,Manual
User Name 853,USER - 00853,Department 1827,Manual
User Name 854,USER - 00854,Department 1794,Manual
User Name 855,USER - 00855,Department 3102,Manual
User Name 856,USER - 00856,Department 2059,Manual
User Name 857,USER - 00857,Department 2093,Manual
User Name 858,USER - 00858,Department 2234,Manual
User Name 859,USER - 00859,Department 1847,Manual
User Name 860,USER - 00860,Department 2262,Manual
User Name 861,USER - 00861,Department 1978,Manual
User Name 862,USER - 00862,Department 1794,Manual
User Name 863,USER - 00863,Department 2802,Manual
User Name 864,USER - 00864,Department 3044,Manual
User Name 865,USER - 00865,Department 3648,Manual
User Name 866,USER - 00866,Department 2961,Manual
User Name 867,USER - 00867,Department 2233,Manual
User Name 868,USER - 00868,Department 2233,Manual
User Name 869,USER - 00869,Department 2233,Manual
User Name 870,USER - 00870,Department 1797,Manual
User Name 871,USER - 00871,Department 2328,Manual
User Name 872,USER - 00872,Department 2061,Manual
User Name 873,USER - 00873,Department 2262,Manual
User Name 874,USER - 00874,Department 1781,Manual
User Name 875,USER - 00875,Department 1977,Manual
User Name 876,USER - 00876,Department 2875,Manual
User Name 877,USER - 00877,Department 1795,Manual
User Name 878,USER - 00878,Department 1629,Manual
User Name 879,USER - 00879,Department 1932,Manual
User Name 880,USER - 00880,Department 1795,Manual
User Name 881,USER - 00881,Department 1910,Manual
User Name 882,USER - 00882,Department 2050,Manual
User Name 883,USER - 00883,Department 3065,Manual
User Name 884,USER - 00884,Department 1784,Manual
User Name 885,USER - 00885,Department 2233,Manual
User Name 886,USER - 00886,Department 1795,Manual
User Name 887,USER - 00887,Department 1899,Manual
User Name 888,USER - 00888,Department 1793,Manual
User Name 889,USER - 00889,Department 2242,Manual
User Name 890,USER - 00890,Department 1933,Manual
User Name 891,USER - 00891,Department 2233,Manual
User Name 892,USER - 00892,Department 1830,Manual
User Name 893,USER - 00893,Department 2679,Manual
User Name 894,USER - 00894,Department 1930,Manual
User Name 895,USER - 00895,Department 1978,Manual
User Name 896,USER - 00896,Department 2233,Manual
User Name 897,USER - 00897,Department 1878,Manual
User Name 898,USER - 00898,Department 2958,Manual
User Name 899,USER - 00899,Department 2950,Manual
User Name 900,USER - 00900,Department 2694,Manual
User Name 901,USER - 00901,Department 1845,Manual
User Name 902,USER - 00902,Department 912,Manual
User Name 903,USER - 00903,Department 2072,Manual
User Name 904,USER - 00904,Department 2126,Manual
User Name 905,USER - 00905,Department 2961,Manual
User Name 906,USER - 00906,Department 2233,Manual
User Name 907,USER - 00907,Department 1794,Manual
User Name 908,USER - 00908,Department 3635,Manual
User Name 909,USER - 00909,Department 2693,Manual
User Name 910,USER - 00910,Department 1932,Manual
User Name 911,USER - 00911,Department 2234,Manual
User Name 912,USER - 00912,Department 2088,Manual
User Name 913,USER - 00913,Department 1795,Manual
User Name 914,USER - 00914,Department 2280,Manual
User Name 915,USER - 00915,Department 2328,Manual
User Name 916,USER - 00916,Department 2423,Manual
User Name 917,USER - 00917,Department 2958,Manual
User Name 918,USER - 00918,Department 2616,Manual
User Name 919,USER - 00919,Department 2875,Manual
User Name 920,USER - 00920,Department 3104,Manual
User Name 921,USER - 00921,Department 2958,Manual
User Name 922,USER - 00922,Department 3532,Manual
User Name 923,USER - 00923,Department 2960,Manual
User Name 924,USER - 00924,Department 2328,Manual
User Name 925,USER - 00925,Department 2958,Manual
User Name 926,USER - 00926,Department 2233,Manual
User Name 927,USER - 00927,Department 2632,Manual
User Name 928,USER - 00928,Department 887,Manual
User Name 929,USER - 00929,Department 2090,Manual
User Name 930,USER - 00930,Department 2082,Manual
User Name 931,USER - 00931,Department 2082,Manual
User Name 932,USER - 00932,Department 882,Manual
User Name 933,USER - 00933,Department 1853,Manual
User Name 934,USER - 00934,Department 486,Manual
User Name 935,USER - 00935,Department 856,Manual
User Name 936,USER - 00936,Department 2901,Manual
User Name 937,USER - 00937,Department 2345,Manual
User Name 938,USER - 00938,Department 2278,Manual
User Name 939,USER - 00939,Department 2141,Manual
User Name 940,USER - 00940,Department 3028,Manual
User Name 941,USER - 00941,Department 2140,Manual
User Name 942,USER - 00942,Department 2148,Manual
User Name 943,USER - 00943,Department 2146,Manual
User Name 944,USER - 00944,Department 3051,Manual
User Name 945,USER - 00945,Department 1859,Manual
User Name 946,USER - 00946,Department 1876,Manual
User Name 947,USER - 00947,Department 1553,Manual
User Name 948,USER - 00948,Department 1557,Manual
User Name 949,USER - 00949,Department 1543,Manual
User Name 950,USER - 00950,Department 369,Manual
User Name 951,USER - 00951,Department 1543,Manual
User Name 952,USER - 00952,Department 1065,Manual
User Name 953,USER - 00953,Department 3038,Manual
User Name 954,USER - 00954,Department 1110,Manual
User Name 955,USER - 00955,Department 1539,Manual
User Name 956,USER - 00956,Department 1540,Manual
User Name 957,USER - 00957,Department 327,Manual
User Name 958,USER - 00958,Department 1540,Manual
User Name 959,USER - 00959,Department 1567,Manual
User Name 960,USER - 00960,Department 1553,Manual
User Name 961,USER - 00961,Department 1061,Manual
User Name 962,USER - 00962,Department 345,Manual
User Name 963,USER - 00963,Department 3036,Manual
User Name 964,USER - 00964,Department 362,Manual
User Name 965,USER - 00965,Department 1553,Manual
User Name 966,USER - 00966,Department 1059,Manual
User Name 967,USER - 00967,Department 1548,Manual
User Name 968,USER - 00968,Department 1547,Manual
User Name 969,USER - 00969,Department 1063,Manual
User Name 970,USER - 00970,Department 343,Manual
User Name 971,USER - 00971,Department 1550,Manual
User Name 972,USER - 00972,Department 1557,Manual
User Name 973,USER - 00973,Department 1543,Manual
User Name 974,USER - 00974,Department 1548,Manual
User Name 975,USER - 00975,Department 1541,Manual
User Name 976,USER - 00976,Department 1548,Manual
User Name 977,USER - 00977,Department 1973,Manual
User Name 978,USER - 00978,Department 1559,Manual
User Name 979,USER - 00979,Department 1549,Manual
User Name 980,USER - 00980,Department 3534,Manual
User Name 981,USER - 00981,Department 1740,Manual
User Name 982,USER - 00982,Department 720,Manual
User Name 983,USER - 00983,Department 1740,Manual
User Name 984,USER - 00984,Department 2286,Manual
User Name 985,USER - 00985,Department 1544,Manual
User Name 986,USER - 00986,Department 1544,Manual
User Name 987,USER - 00987,Department 2094,Manual
User Name 988,USER - 00988,Department 1647,Manual
User Name 989,USER - 00989,Department 423,Manual
User Name 990,USER - 00990,Department 2226,Manual
User Name 991,USER - 00991,Department 1674,Manual
User Name 992,USER - 00992,Department 3483,Manual
User Name 993,USER - 00993,Department 2274,Manual
User Name 994,USER - 00994,Department 573,Manual
User Name 995,USER - 00995,Department 2101,Manual
User Name 996,USER - 00996,Department 2375,Manual
User Name 997,USER - 00997,Department 2070,Manual
User Name 998,USER - 00998,Department 2228,Manual
User Name 999,USER - 00999,Department 2226,Manual
User Name 1000,USER - 01000,Department 519,Manual
User Name 1001,USER - 01001,Department 2732,Manual
User Name 1002,USER - 01002,Department 2327,Manual
User Name 1003,USER - 01003,Department 1838,Manual
User Name 1004,USER - 01004,Department 1838,Manual
User Name 1005,USER - 01005,Department 883,Manual
User Name 1006,USER - 01006,Department 3478,Manual
User Name 1007,USER - 01007,Department 2973,Manual
User Name 1008,USER - 01008,Department 3004,Manual
User Name 1009,USER - 01009,Department 1822,Manual
User Name 1010,USER - 01010,Department 567,Manual
User Name 1011,USER - 01011,Department 1701,Manual
User Name 1012,USER - 01012,Department 2976,Manual
User Name 1013,USER - 01013,Department 3539,Manual
User Name 1014,USER - 01014,Department 2184,Manual
User Name 1015,USER - 01015,Department 3493,Manual
User Name 1016,USER - 01016,Department 2741,Manual
User Name 1017,USER - 01017,Department 751,Manual
User Name 1018,USER - 01018,Department 764,Manual
User Name 1019,USER - 01019,Department 764,Manual
User Name 1020,USER - 01020,Department 1909,Manual
User Name 1021,USER - 01021,Department 3539,Manual
User Name 1022,USER - 01022,Department 2677,Manual
User Name 1023,USER - 01023,Department 734,Manual
User Name 1024,USER - 01024,Department 2521,Manual
User Name 1025,USER - 01025,Department 1846,Manual
User Name 1026,USER - 01026,Department 1639,Manual
User Name 1027,USER - 01027,Department 2227,Manual
User Name 1028,USER - 01028,Department 2194,Manual
User Name 1029,USER - 01029,Department 220,Manual
User Name 1030,USER - 01030,Department 1100,Manual
User Name 1031,USER - 01031,Department 3545,Manual
User Name 1032,USER - 01032,Department 3383,Manual
User Name 1033,USER - 01033,Department 2178,Manual
User Name 1034,USER - 01034,Department 2152,Manual
User Name 1035,USER - 01035,Department 2168,Manual
User Name 1036,USER - 01036,Department 2992,Manual
User Name 1037,USER - 01037,Department 2177,Manual
User Name 1038,USER - 01038,Department 429,Manual
User Name 1039,USER - 01039,Department 2070,Manual
User Name 1040,USER - 01040,Department 1269,Manual
User Name 1041,USER - 01041,Department 359,Manual
User Name 1042,USER - 01042,Department 360,Manual
User Name 1043,USER - 01043,Department 316,Manual
User Name 1044,USER - 01044,Department 389,Manual
User Name 1045,USER - 01045,Department 1592,Manual
User Name 1046,USER - 01046,Department 374,Manual
User Name 1047,USER - 01047,Department 1801,Manual
User Name 1048,USER - 01048,Department 2291,Manual
User Name 1049,USER - 01049,Department 1105,Manual
User Name 1050,USER - 01050,Department 3532,Manual
User Name 1051,USER - 01051,Department 2987,Manual
User Name 1052,USER - 01052,Department 665,Manual
User Name 1053,USER - 01053,Department 514,Manual
User Name 1054,USER - 01054,Department 2138,Manual
User Name 1055,USER - 01055,Department 2078,Manual
User Name 1056,USER - 01056,Department 482,Manual
User Name 1057,USER - 01057,Department 515,Manual
User Name 1058,USER - 01058,Department 2137,Manual
User Name 1059,USER - 01059,Department 491,Manual
User Name 1060,USER - 01060,Department 2136,Manual
User Name 1061,USER - 01061,Department 2136,Manual
User Name 1062,USER - 01062,Department 2070,Manual
User Name 1063,USER - 01063,Department 1655,Manual
User Name 1064,USER - 01064,Department 490,Manual
User Name 1065,USER - 01065,Department 2245,Manual
User Name 1066,USER - 01066,Department 2198,Manual
User Name 1067,USER - 01067,Department 2198,Manual
User Name 1068,USER - 01068,Department 2226,Manual
User Name 1069,USER - 01069,Department 510,Manual
User Name 1070,USER - 01070,Department 3314,Manual
User Name 1071,USER - 01071,Department 2226,Manual
User Name 1072,USER - 01072,Department 2226,Manual
User Name 1073,USER - 01073,Department 3630,Manual
User Name 1074,USER - 01074,Department 2226,Manual
User Name 1075,USER - 01075,Department 1821,Manual
User Name 1076,USER - 01076,Department 2226,Manual
User Name 1077,USER - 01077,Department 2226,Manual
User Name 1078,USER - 01078,Department 2257,Manual
User Name 1079,USER - 01079,Department 1034,Manual
User Name 1080,USER - 01080,Department 3054,Manual
User Name 1081,USER - 01081,Department 2226,Manual
User Name 1082,USER - 01082,Department 2211,Manual
User Name 1083,USER - 01083,Department 2199,Manual
User Name 1084,USER - 01084,Department 2198,Manual
User Name 1085,USER - 01085,Department 2203,Manual
User Name 1086,USER - 01086,Department 2163,Manual
User Name 1087,USER - 01087,Department 2370,Manual
User Name 1088,USER - 01088,Department 2163,Manual
User Name 1089,USER - 01089,Department 1782,Manual
User Name 1090,USER - 01090,Department 521,Manual
User Name 1091,USER - 01091,Department 2223,Manual
User Name 1092,USER - 01092,Department 2752,Manual
User Name 1093,USER - 01093,Department 150,Manual
User Name 1094,USER - 01094,Department 111,Manual
User Name 1095,USER - 01095,Department 3296,Manual
User Name 1096,USER - 01096,Department 2070,Manual
User Name 1097,USER - 01097,Department 2070,Manual
User Name 1098,USER - 01098,Department 111,Manual
User Name 1099,USER - 01099,Department 2070,Manual
User Name 1100,USER - 01100,Department 518,Manual
User Name 1101,USER - 01101,Department 1611,Manual
User Name 1102,USER - 01102,Department 450,Manual
User Name 1103,USER - 01103,Department 1802,Manual
User Name 1104,USER - 01104,Department 1809,Manual
User Name 1105,USER - 01105,Department 2198,Manual
User Name 1106,USER - 01106,Department 1882,Manual
User Name 1107,USER - 01107,Department 2165,Manual
User Name 1108,USER - 01108,Department 2202,Manual
User Name 1109,USER - 01109,Department 2021,Manual
User Name 1110,USER - 01110,Department 2070,Manual
User Name 1111,USER - 01111,Department 1672,Manual
User Name 1112,USER - 01112,Department 153,Manual
User Name 1113,USER - 01113,Department 153,Manual
User Name 1114,USER - 01114,Department 2165,Manual
User Name 1115,USER - 01115,Department 2745,Manual
User Name 1116,USER - 01116,Department 2226,Manual
User Name 1117,USER - 01117,Department 2070,Manual
User Name 1118,USER - 01118,Department 2204,Manual
User Name 1119,USER - 01119,Department 1672,Manual
User Name 1120,USER - 01120,Department 1666,Manual
User Name 1121,USER - 01121,Department 2248,Manual
User Name 1122,USER - 01122,Department 2070,Manual
User Name 1123,USER - 01123,Department 1993,Manual
User Name 1124,USER - 01124,Department 2035,Manual
User Name 1125,USER - 01125,Department 2755,Manual
User Name 1126,USER - 01126,Department 1899,Manual
User Name 1127,USER - 01127,Department 2138,Manual
User Name 1128,USER - 01128,Department 1843,Manual
User Name 1129,USER - 01129,Department 2019,Manual
User Name 1130,USER - 01130,Department 2030,Manual
User Name 1131,USER - 01131,Department 2081,Manual
User Name 1132,USER - 01132,Department 1878,Manual
User Name 1133,USER - 01133,Department 2073,Manual
User Name 1134,USER - 01134,Department 2733,Manual
User Name 1135,USER - 01135,Department 2054,Manual
User Name 1136,USER - 01136,Department 2224,Manual
User Name 1137,USER - 01137,Department 988,Manual
User Name 1138,USER - 01138,Department 1765,Manual
User Name 1139,USER - 01139,Department 2741,Manual
User Name 1140,USER - 01140,Department 2736,Manual
User Name 1141,USER - 01141,Department 1740,Manual
User Name 1142,USER - 01142,Department 2070,Manual
User Name 1143,USER - 01143,Department 2741,Manual
User Name 1144,USER - 01144,Department 2096,Manual
User Name 1145,USER - 01145,Department 1812,Manual
User Name 1146,USER - 01146,Department 1784,Manual
User Name 1147,USER - 01147,Department 1801,Manual
User Name 1148,USER - 01148,Department 2730,Manual
User Name 1149,USER - 01149,Department 487,Manual
User Name 1150,USER - 01150,Department 2070,Manual
User Name 1151,USER - 01151,Department 2070,Manual
User Name 1152,USER - 01152,Department 2061,Manual
User Name 1153,USER - 01153,Department 2070,Manual
User Name 1154,USER - 01154,Department 3537,Manual
User Name 1155,USER - 01155,Department 1871,Manual
User Name 1156,USER - 01156,Department 2741,Manual
User Name 1157,USER - 01157,Department 521,Manual
User Name 1158,USER - 01158,Department 1832,Manual
User Name 1159,USER - 01159,Department 2030,Manual
User Name 1160,USER - 01160,Department 2022,Manual
User Name 1161,USER - 01161,Department 2750,Manual
User Name 1162,USER - 01162,Department 1019,Manual
User Name 1163,USER - 01163,Department 1798,Manual
User Name 1164,USER - 01164,Department 2070,Manual
User Name 1165,USER - 01165,Department 3507,Manual
User Name 1166,USER - 01166,Department 1827,Manual
User Name 1167,USER - 01167,Department 1850,Manual
User Name 1168,USER - 01168,Department 1971,Manual
User Name 1169,USER - 01169,Department 1784,Manual
User Name 1170,USER - 01170,Department 2749,Manual
User Name 1171,USER - 01171,Department 2070,Manual
User Name 1172,USER - 01172,Department 3584,Manual
User Name 1173,USER - 01173,Department 1977,Manual
User Name 1174,USER - 01174,Department 1778,Manual
User Name 1175,USER - 01175,Department 1804,Manual
User Name 1176,USER - 01176,Department 1805,Manual
User Name 1177,USER - 01177,Department 2746,Manual
User Name 1178,USER - 01178,Department 1717,Manual
User Name 1179,USER - 01179,Department 2741,Manual
User Name 1180,USER - 01180,Department 2070,Manual
User Name 1181,USER - 01181,Department 1845,Manual
User Name 1182,USER - 01182,Department 2136,Manual
User Name 1183,USER - 01183,Department 2731,Manual
User Name 1184,USER - 01184,Department 2070,Manual
User Name 1185,USER - 01185,Department 2088,Manual
User Name 1186,USER - 01186,Department 2075,Manual
User Name 1187,USER - 01187,Department 1753,Manual
User Name 1188,USER - 01188,Department 2741,Manual
User Name 1189,USER - 01189,Department 1773,Manual
User Name 1190,USER - 01190,Department 2738,Manual
User Name 1191,USER - 01191,Department 1856,Manual
User Name 1192,USER - 01192,Department 1960,Manual
User Name 1193,USER - 01193,Department 3501,Manual
User Name 1194,USER - 01194,Department 2125,Manual
User Name 1195,USER - 01195,Department 1952,Manual
User Name 1196,USER - 01196,Department 2727,Manual
User Name 1197,USER - 01197,Department 1915,Manual
User Name 1198,USER - 01198,Department 2070,Manual
User Name 1199,USER - 01199,Department 1952,Manual
User Name 1200,USER - 01200,Department 2731,Manual
User Name 1201,USER - 01201,Department 1740,Manual
User Name 1202,USER - 01202,Department 2741,Manual
User Name 1203,USER - 01203,Department 3502,Manual
User Name 1204,USER - 01204,Department 2746,Manual
User Name 1205,USER - 01205,Department 2741,Manual
User Name 1206,USER - 01206,Department 1962,Manual
User Name 1207,USER - 01207,Department 1798,Manual
User Name 1208,USER - 01208,Department 2729,Manual
User Name 1209,USER - 01209,Department 1959,Manual
User Name 1210,USER - 01210,Department 2731,Manual
User Name 1211,USER - 01211,Department 1779,Manual
User Name 1212,USER - 01212,Department 2741,Manual
User Name 1213,USER - 01213,Department 1780,Manual
User Name 1214,USER - 01214,Department 1809,Manual
User Name 1215,USER - 01215,Department 1780,Manual
User Name 1216,USER - 01216,Department 2027,Manual
User Name 1217,USER - 01217,Department 3468,Manual
User Name 1218,USER - 01218,Department 2110,Manual
User Name 1219,USER - 01219,Department 1821,Manual
User Name 1220,USER - 01220,Department 1962,Manual
User Name 1221,USER - 01221,Department 1811,Manual
User Name 1222,USER - 01222,Department 1942,Manual
User Name 1223,USER - 01223,Department 2030,Manual
User Name 1224,USER - 01224,Department 3502,Manual
User Name 1225,USER - 01225,Department 897,Manual
User Name 1226,USER - 01226,Department 2744,Manual
User Name 1227,USER - 01227,Department 1821,Manual
User Name 1228,USER - 01228,Department 2159,Manual
User Name 1229,USER - 01229,Department 2741,Manual
User Name 1230,USER - 01230,Department 1952,Manual
User Name 1231,USER - 01231,Department 2070,Manual
User Name 1232,USER - 01232,Department 2741,Manual
User Name 1233,USER - 01233,Department 1740,Manual
User Name 1234,USER - 01234,Department 2165,Manual
User Name 1235,USER - 01235,Department 1763,Manual
User Name 1236,USER - 01236,Department 2085,Manual
User Name 1237,USER - 01237,Department 1830,Manual
User Name 1238,USER - 01238,Department 2010,Manual
User Name 1239,USER - 01239,Department 2752,Manual
User Name 1240,USER - 01240,Department 988,Manual
User Name 1241,USER - 01241,Department 1800,Manual
User Name 1242,USER - 01242,Department 2088,Manual
User Name 1243,USER - 01243,Department 2755,Manual
User Name 1244,USER - 01244,Department 2751,Manual
User Name 1245,USER - 01245,Department 1800,Manual
User Name 1246,USER - 01246,Department 1800,Manual
User Name 1247,USER - 01247,Department 1971,Manual
User Name 1248,USER - 01248,Department 1856,Manual
User Name 1249,USER - 01249,Department 2043,Manual
User Name 1250,USER - 01250,Department 1856,Manual
User Name 1251,USER - 01251,Department 1804,Manual
User Name 1252,USER - 01252,Department 679,Manual
User Name 1253,USER - 01253,Department 2787,Manual
User Name 1254,USER - 01254,Department 2082,Manual
User Name 1255,USER - 01255,Department 1859,Manual
User Name 1256,USER - 01256,Department 1954,Manual
User Name 1257,USER - 01257,Department 2751,Manual
User Name 1258,USER - 01258,Department 1810,Manual
User Name 1259,USER - 01259,Department 2023,Manual
User Name 1260,USER - 01260,Department 2738,Manual
User Name 1261,USER - 01261,Department 1827,Manual
User Name 1262,USER - 01262,Department 1819,Manual
User Name 1263,USER - 01263,Department 1684,Manual
User Name 1264,USER - 01264,Department 2750,Manual
User Name 1265,USER - 01265,Department 1800,Manual
User Name 1266,USER - 01266,Department 435,Manual
User Name 1267,USER - 01267,Department 2126,Manual
User Name 1268,USER - 01268,Department 971,Manual
User Name 1269,USER - 01269,Department 1858,Manual
User Name 1270,USER - 01270,Department 551,Manual
User Name 1271,USER - 01271,Department 1867,Manual
User Name 1272,USER - 01272,Department 2085,Manual
User Name 1273,USER - 01273,Department 2744,Manual
User Name 1274,USER - 01274,Department 2736,Manual
User Name 1275,USER - 01275,Department 1628,Manual
User Name 1276,USER - 01276,Department 1794,Manual
User Name 1277,USER - 01277,Department 1623,Manual
User Name 1278,USER - 01278,Department 1850,Manual
User Name 1279,USER - 01279,Department 1817,Manual
User Name 1280,USER - 01280,Department 2731,Manual
User Name 1281,USER - 01281,Department 2070,Manual
User Name 1282,USER - 01282,Department 2734,Manual
User Name 1283,USER - 01283,Department 2741,Manual
User Name 1284,USER - 01284,Department 1935,Manual
User Name 1285,USER - 01285,Department 1694,Manual
User Name 1286,USER - 01286,Department 3375,Manual
User Name 1287,USER - 01287,Department 1821,Manual
User Name 1288,USER - 01288,Department 2070,Manual
User Name 1289,USER - 01289,Department 988,Manual
User Name 1290,USER - 01290,Department 2735,Manual
User Name 1291,USER - 01291,Department 3448,Manual
User Name 1292,USER - 01292,Department 1971,Manual
User Name 1293,USER - 01293,Department 2274,Manual
User Name 1294,USER - 01294,Department 2070,Manual
User Name 1295,USER - 01295,Department 2741,Manual
User Name 1296,USER - 01296,Department 2203,Manual
User Name 1297,USER - 01297,Department 2083,Manual
User Name 1298,USER - 01298,Department 2070,Manual
User Name 1299,USER - 01299,Department 2086,Manual
User Name 254,USER - 00254,Department 2070,Manual
User Name 1301,USER - 01301,Department 1829,Manual
User Name 1302,USER - 01302,Department 1967,Manual
User Name 1303,USER - 01303,Department 2088,Manual
User Name 1304,USER - 01304,Department 1821,Manual
User Name 1305,USER - 01305,Department 2211,Manual
User Name 1306,USER - 01306,Department 2070,Manual
User Name 1307,USER - 01307,Department 1951,Manual
User Name 1308,USER - 01308,Department 3516,Manual
User Name 1309,USER - 01309,Department 1954,Manual
User Name 1310,USER - 01310,Department 2136,Manual
User Name 1311,USER - 01311,Department 1833,Manual
User Name 1312,USER - 01312,Department 2729,Manual
User Name 1313,USER - 01313,Department 1907,Manual
User Name 1314,USER - 01314,Department 1954,Manual
User Name 1315,USER - 01315,Department 1152,Manual
User Name 1316,USER - 01316,Department 2049,Manual
User Name 1317,USER - 01317,Department 1981,Manual
User Name 1318,USER - 01318,Department 1882,Manual
User Name 1319,USER - 01319,Department 2729,Manual
User Name 1320,USER - 01320,Department 1909,Manual
User Name 1321,USER - 01321,Department 1933,Manual
User Name 1322,USER - 01322,Department 1933,Manual
User Name 1323,USER - 01323,Department 2059,Manual
User Name 1324,USER - 01324,Department 2039,Manual
User Name 1325,USER - 01325,Department 2070,Manual
User Name 1326,USER - 01326,Department 2132,Manual
User Name 1327,USER - 01327,Department 2727,Manual
User Name 1328,USER - 01328,Department 1612,Manual
User Name 1329,USER - 01329,Department 1706,Manual
User Name 1330,USER - 01330,Department 2081,Manual
User Name 1331,USER - 01331,Department 2703,Manual
User Name 1332,USER - 01332,Department 2070,Manual
User Name 1333,USER - 01333,Department 2203,Manual
User Name 1334,USER - 01334,Department 2747,Manual
User Name 1335,USER - 01335,Department 1978,Manual
User Name 1336,USER - 01336,Department 1954,Manual
User Name 1337,USER - 01337,Department 2254,Manual
User Name 1338,USER - 01338,Department 2070,Manual
User Name 1339,USER - 01339,Department 1740,Manual
User Name 1340,USER - 01340,Department 1019,Manual
User Name 1341,USER - 01341,Department 1983,Manual
User Name 1342,USER - 01342,Department 2070,Manual
User Name 1343,USER - 01343,Department 3557,Manual
User Name 1344,USER - 01344,Department 560,Manual
User Name 1345,USER - 01345,Department 1947,Manual
User Name 1346,USER - 01346,Department 2666,Manual
User Name 1347,USER - 01347,Department 2070,Manual
User Name 1348,USER - 01348,Department 2070,Manual
User Name 1349,USER - 01349,Department 2092,Manual
User Name 1350,USER - 01350,Department 2070,Manual
User Name 1351,USER - 01351,Department 2070,Manual
User Name 1352,USER - 01352,Department 2070,Manual
User Name 1353,USER - 01353,Department 2070,Manual
User Name 1354,USER - 01354,Department 2070,Manual
User Name 1355,USER - 01355,Department 2070,Manual
User Name 1356,USER - 01356,Department 542,Manual
User Name 1357,USER - 01357,Department 2070,Manual
User Name 1358,USER - 01358,Department 2075,Manual
User Name 1359,USER - 01359,Department 2070,Manual
User Name 1360,USER - 01360,Department 2070,Manual
User Name 1361,USER - 01361,Department 1632,Manual
User Name 1362,USER - 01362,Department 2050,Manual
User Name 1363,USER - 01363,Department 1694,Manual
User Name 1364,USER - 01364,Department 2070,Manual
User Name 1365,USER - 01365,Department 302,Manual
User Name 1366,USER - 01366,Department 2077,Manual
User Name 1367,USER - 01367,Department 3316,Manual
User Name 1368,USER - 01368,Department 483,Manual
User Name 1369,USER - 01369,Department 2211,Manual
User Name 1370,USER - 01370,Department 1593,Manual
User Name 1371,USER - 01371,Department 1940,Manual
User Name 1372,USER - 01372,Department 3636,Manual
User Name 1373,USER - 01373,Department 3636,Manual
User Name 1374,USER - 01374,Department 1739,Manual
User Name 1375,USER - 01375,Department 1708,Manual
User Name 1376,USER - 01376,Department 1998,Manual
User Name 1377,USER - 01377,Department 1993,Manual
User Name 1378,USER - 01378,Department 1845,Manual
User Name 1379,USER - 01379,Department 2079,Manual
User Name 1380,USER - 01380,Department 1963,Manual
User Name 1381,USER - 01381,Department 3114,Manual
User Name 1382,USER - 01382,Department 1974,Manual
User Name 1383,USER - 01383,Department 3610,Manual
User Name 1384,USER - 01384,Department 2019,Manual
User Name 1385,USER - 01385,Department 2652,Manual
User Name 1386,USER - 01386,Department 711,Manual
User Name 1387,USER - 01387,Department 3062,Manual
User Name 1388,USER - 01388,Department 1637,Manual
User Name 1389,USER - 01389,Department 2752,Manual
User Name 1390,USER - 01390,Department 2070,Manual
User Name 1391,USER - 01391,Department 3487,Manual
User Name 1392,USER - 01392,Department 397,Manual
User Name 1393,USER - 01393,Department 2070,Manual
User Name 1394,USER - 01394,Department 2222,Manual
User Name 1395,USER - 01395,Department 3514,Manual
User Name 1396,USER - 01396,Department 770,Manual
User Name 1397,USER - 01397,Department 3050,Manual
User Name 1398,USER - 01398,Department 449,Manual
User Name 1399,USER - 01399,Department 2070,Manual
User Name 1400,USER - 01400,Department 692,Manual
User Name 1401,USER - 01401,Department 667,Manual
User Name 1402,USER - 01402,Department 2699,Manual
User Name 1403,USER - 01403,Department 2070,Manual
User Name 1404,USER - 01404,Department 3003,Manual
User Name 1405,USER - 01405,Department 2070,Manual
User Name 1406,USER - 01406,Department 3021,Manual
User Name 1407,USER - 01407,Department 3059,Manual
User Name 1408,USER - 01408,Department 2949,Manual
User Name 1409,USER - 01409,Department 2070,Manual
User Name 1410,USER - 01410,Department 3064,Manual
User Name 1411,USER - 01411,Department 2070,Manual
User Name 1412,USER - 01412,Department 2070,Manual
User Name 1413,USER - 01413,Department 3045,Manual
User Name 1414,USER - 01414,Department 723,Manual
User Name 1415,USER - 01415,Department 3017,Manual
User Name 1416,USER - 01416,Department 906,Manual
User Name 1417,USER - 01417,Department 3503,Manual
User Name 1418,USER - 01418,Department 773,Manual
User Name 1419,USER - 01419,Department 3110,Manual
User Name 1420,USER - 01420,Department 2992,Manual
User Name 1421,USER - 01421,Department 2000,Manual
User Name 1422,USER - 01422,Department 516,Manual
User Name 1423,USER - 01423,Department 1808,Manual
User Name 1424,USER - 01424,Department 1960,Manual
User Name 1425,USER - 01425,Department 2022,Manual
User Name 1426,USER - 01426,Department 1908,Manual
User Name 1427,USER - 01427,Department 1682,Manual
User Name 1428,USER - 01428,Department 1822,Manual
User Name 1429,USER - 01429,Department 2034,Manual
User Name 1430,USER - 01430,Department 2138,Manual
User Name 1431,USER - 01431,Department 1940,Manual
User Name 1432,USER - 01432,Department 1752,Manual
User Name 1433,USER - 01433,Department 2185,Manual
User Name 1434,USER - 01434,Department 2075,Manual
User Name 1435,USER - 01435,Department 2263,Manual
User Name 1436,USER - 01436,Department 1080,Manual
User Name 1437,USER - 01437,Department 1770,Manual
User Name 1438,USER - 01438,Department 1838,Manual
User Name 1439,USER - 01439,Department 986,Manual
User Name 1440,USER - 01440,Department 2506,Manual
User Name 1441,USER - 01441,Department 1906,Manual
User Name 1442,USER - 01442,Department 1668,Manual
User Name 1443,USER - 01443,Department 2697,Manual
User Name 1444,USER - 01444,Department 1758,Manual
User Name 1445,USER - 01445,Department 2256,Manual
User Name 1446,USER - 01446,Department 2044,Manual
User Name 1447,USER - 01447,Department 2888,Manual
User Name 1448,USER - 01448,Department 979,Manual
User Name 1449,USER - 01449,Department 1779,Manual
User Name 1450,USER - 01450,Department 1778,Manual
User Name 1451,USER - 01451,Department 2513,Manual
User Name 1452,USER - 01452,Department 1736,Manual
User Name 1453,USER - 01453,Department 1852,Manual
User Name 1454,USER - 01454,Department 957,Manual
User Name 1455,USER - 01455,Department 2122,Manual
User Name 1456,USER - 01456,Department 2289,Manual
User Name 1457,USER - 01457,Department 2517,Manual
User Name 1458,USER - 01458,Department 1848,Manual
User Name 1459,USER - 01459,Department 2704,Manual
User Name 1460,USER - 01460,Department 2060,Manual
User Name 1461,USER - 01461,Department 1892,Manual
User Name 1462,USER - 01462,Department 1763,Manual
User Name 1463,USER - 01463,Department 1620,Manual
User Name 1464,USER - 01464,Department 3067,Manual
User Name 1465,USER - 01465,Department 1657,Manual
User Name 1466,USER - 01466,Department 1785,Manual
User Name 1467,USER - 01467,Department 897,Manual
User Name 1468,USER - 01468,Department 1759,Manual
User Name 1469,USER - 01469,Department 3018,Manual
User Name 1470,USER - 01470,Department 1946,Manual
User Name 1471,USER - 01471,Department 940,Manual
User Name 1472,USER - 01472,Department 1746,Manual
User Name 1473,USER - 01473,Department 987,Manual
User Name 1474,USER - 01474,Department 1643,Manual
User Name 1475,USER - 01475,Department 2888,Manual
User Name 1476,USER - 01476,Department 1783,Manual
User Name 1477,USER - 01477,Department 1785,Manual
User Name 1478,USER - 01478,Department 1623,Manual
User Name 1479,USER - 01479,Department 1597,Manual
User Name 1480,USER - 01480,Department 929,Manual
User Name 1481,USER - 01481,Department 979,Manual
User Name 1482,USER - 01482,Department 2355,Manual
User Name 1483,USER - 01483,Department 933,Manual
User Name 1484,USER - 01484,Department 1846,Manual
User Name 1485,USER - 01485,Department 977,Manual
User Name 1486,USER - 01486,Department 2128,Manual
User Name 1487,USER - 01487,Department 2271,Manual
User Name 1488,USER - 01488,Department 1626,Manual
User Name 1489,USER - 01489,Department 2051,Manual
User Name 1490,USER - 01490,Department 2117,Manual
User Name 1491,USER - 01491,Department 1894,Manual
User Name 1492,USER - 01492,Department 1047,Manual
User Name 1493,USER - 01493,Department 2522,Manual
User Name 1494,USER - 01494,Department 2657,Manual
User Name 1495,USER - 01495,Department 2129,Manual
User Name 1496,USER - 01496,Department 1883,Manual
User Name 1497,USER - 01497,Department 1655,Manual
User Name 1498,USER - 01498,Department 2045,Manual
User Name 1499,USER - 01499,Department 1887,Manual
User Name 1500,USER - 01500,Department 2068,Manual
User Name 1501,USER - 01501,Department 2256,Manual
User Name 1502,USER - 01502,Department 1057,Manual
User Name 1503,USER - 01503,Department 1749,Manual
User Name 1504,USER - 01504,Department 1752,Manual
User Name 1505,USER - 01505,Department 1614,Manual
User Name 1506,USER - 01506,Department 1655,Manual
User Name 1507,USER - 01507,Department 1619,Manual
User Name 1508,USER - 01508,Department 1863,Manual
User Name 1509,USER - 01509,Department 2052,Manual
User Name 1510,USER - 01510,Department 1598,Manual
User Name 1511,USER - 01511,Department 2015,Manual
User Name 1512,USER - 01512,Department 1894,Manual
User Name 1513,USER - 01513,Department 1746,Manual
User Name 1514,USER - 01514,Department 1887,Manual
User Name 1515,USER - 01515,Department 1889,Manual
User Name 1516,USER - 01516,Department 1621,Manual
User Name 1517,USER - 01517,Department 907,Manual
User Name 1518,USER - 01518,Department 1904,Manual
User Name 1519,USER - 01519,Department 2302,Manual
User Name 1520,USER - 01520,Department 2331,Manual
User Name 1521,USER - 01521,Department 2070,Manual
User Name 1522,USER - 01522,Department 2078,Manual
User Name 1523,USER - 01523,Department 2270,Manual
User Name 1524,USER - 01524,Department 1655,Manual
User Name 1525,USER - 01525,Department 2077,Manual
User Name 1526,USER - 01526,Department 1857,Manual
User Name 1527,USER - 01527,Department 1605,Manual
User Name 1528,USER - 01528,Department 1773,Manual
User Name 1529,USER - 01529,Department 1852,Manual
User Name 1530,USER - 01530,Department 432,Manual
User Name 1531,USER - 01531,Department 2037,Manual
User Name 1532,USER - 01532,Department 1047,Manual
User Name 1533,USER - 01533,Department 1829,Manual
User Name 1534,USER - 01534,Department 2292,Manual
User Name 1535,USER - 01535,Department 2652,Manual
User Name 1536,USER - 01536,Department 1649,Manual
User Name 1537,USER - 01537,Department 1789,Manual
User Name 1538,USER - 01538,Department 932,Manual
User Name 1539,USER - 01539,Department 2429,Manual
User Name 1540,USER - 01540,Department 2422,Manual
User Name 1541,USER - 01541,Department 2061,Manual
User Name 1542,USER - 01542,Department 2016,Manual
User Name 1543,USER - 01543,Department 1597,Manual
User Name 1544,USER - 01544,Department 1869,Manual
User Name 1545,USER - 01545,Department 976,Manual
User Name 1546,USER - 01546,Department 1056,Manual
User Name 1547,USER - 01547,Department 934,Manual
User Name 1548,USER - 01548,Department 1591,Manual
User Name 1549,USER - 01549,Department 2053,Manual
User Name 1550,USER - 01550,Department 2054,Manual
User Name 1551,USER - 01551,Department 939,Manual
User Name 1552,USER - 01552,Department 3066,Manual
User Name 1553,USER - 01553,Department 1597,Manual
User Name 1554,USER - 01554,Department 1628,Manual
User Name 1555,USER - 01555,Department 1737,Manual
User Name 1556,USER - 01556,Department 2070,Manual
User Name 1557,USER - 01557,Department 992,Manual
User Name 1558,USER - 01558,Department 2070,Manual
User Name 1559,USER - 01559,Department 1842,Manual
User Name 1560,USER - 01560,Department 1011,Manual
User Name 1561,USER - 01561,Department 2060,Manual
User Name 1562,USER - 01562,Department 1774,Manual
User Name 1563,USER - 01563,Department 1859,Manual
User Name 1564,USER - 01564,Department 2669,Manual
User Name 1565,USER - 01565,Department 2418,Manual
User Name 1566,USER - 01566,Department 1875,Manual
User Name 1567,USER - 01567,Department 1592,Manual
User Name 1568,USER - 01568,Department 2109,Manual
User Name 1569,USER - 01569,Department 1785,Manual
User Name 1570,USER - 01570,Department 2060,Manual
User Name 1571,USER - 01571,Department 1737,Manual
User Name 1572,USER - 01572,Department 1625,Manual
User Name 1573,USER - 01573,Department 1785,Manual
User Name 1574,USER - 01574,Department 2516,Manual
User Name 1575,USER - 01575,Department 1011,Manual
User Name 1576,USER - 01576,Department 1684,Manual
User Name 1577,USER - 01577,Department 1716,Manual
User Name 1578,USER - 01578,Department 2279,Manual
User Name 1579,USER - 01579,Department 1793,Manual
User Name 1580,USER - 01580,Department 1793,Manual
User Name 1581,USER - 01581,Department 1657,Manual
User Name 1582,USER - 01582,Department 2741,Manual
User Name 1583,USER - 01583,Department 1056,Manual
User Name 1584,USER - 01584,Department 2256,Manual
User Name 1585,USER - 01585,Department 1993,Manual
User Name 1586,USER - 01586,Department 1221,Manual
User Name 1587,USER - 01587,Department 2741,Manual
User Name 1588,USER - 01588,Department 1681,Manual
User Name 1589,USER - 01589,Department 2182,Manual
User Name 1590,USER - 01590,Department 2111,Manual
User Name 1591,USER - 01591,Department 1683,Manual
User Name 1592,USER - 01592,Department 2337,Manual
User Name 1593,USER - 01593,Department 2740,Manual
User Name 1594,USER - 01594,Department 2070,Manual
User Name 1595,USER - 01595,Department 727,Manual
User Name 1596,USER - 01596,Department 1991,Manual
User Name 1597,USER - 01597,Department 1932,Manual
User Name 1598,USER - 01598,Department 1963,Manual
User Name 1599,USER - 01599,Department 1999,Manual
User Name 1600,USER - 01600,Department 2088,Manual
User Name 1601,USER - 01601,Department 2023,Manual
User Name 1602,USER - 01602,Department 1821,Manual
User Name 1603,USER - 01603,Department 2076,Manual
User Name 1604,USER - 01604,Department 1999,Manual
User Name 1605,USER - 01605,Department 1811,Manual
User Name 1606,USER - 01606,Department 2056,Manual
User Name 1607,USER - 01607,Department 1829,Manual
User Name 1608,USER - 01608,Department 1933,Manual
User Name 1609,USER - 01609,Department 2111,Manual
User Name 1610,USER - 01610,Department 1012,Manual
User Name 1611,USER - 01611,Department 1839,Manual
User Name 1612,USER - 01612,Department 886,Manual
User Name 1613,USER - 01613,Department 2182,Manual
User Name 1614,USER - 01614,Department 529,Manual
User Name 1615,USER - 01615,Department 2070,Manual
User Name 1616,USER - 01616,Department 933,Manual
User Name 1617,USER - 01617,Department 933,Manual
User Name 1618,USER - 01618,Department 2516,Manual
User Name 1619,USER - 01619,Department 1954,Manual
User Name 1620,USER - 01620,Department 1781,Manual
User Name 1621,USER - 01621,Department 3535,Manual
User Name 1622,USER - 01622,Department 2050,Manual
User Name 1623,USER - 01623,Department 979,Manual
User Name 1624,USER - 01624,Department 2226,Manual
User Name 1625,USER - 01625,Department 2204,Manual
User Name 1626,USER - 01626,Department 2200,Manual
User Name 1627,USER - 01627,Department 965,Manual
User Name 1628,USER - 01628,Department 965,Manual
User Name 1629,USER - 01629,Department 1028,Manual
User Name 1630,USER - 01630,Department 1082,Manual
User Name 1631,USER - 01631,Department 1656,Manual
User Name 1632,USER - 01632,Department 2086,Manual
User Name 1633,USER - 01633,Department 2733,Manual
User Name 1634,USER - 01634,Department 1858,Manual
User Name 1635,USER - 01635,Department 1626,Manual
User Name 1636,USER - 01636,Department 1962,Manual
User Name 1637,USER - 01637,Department 1809,Manual
User Name 1638,USER - 01638,Department 1738,Manual
User Name 1639,USER - 01639,Department 2002,Manual
User Name 1640,USER - 01640,Department 1999,Manual
User Name 1641,USER - 01641,Department 3535,Manual
User Name 1642,USER - 01642,Department 1764,Manual
User Name 1643,USER - 01643,Department 1811,Manual
User Name 1644,USER - 01644,Department 1954,Manual
User Name 1645,USER - 01645,Department 997,Manual
User Name 1646,USER - 01646,Department 2085,Manual
User Name 1647,USER - 01647,Department 1081,Manual
User Name 1648,USER - 01648,Department 974,Manual
User Name 1649,USER - 01649,Department 1961,Manual
User Name 1650,USER - 01650,Department 2066,Manual
User Name 1651,USER - 01651,Department 933,Manual
User Name 1652,USER - 01652,Department 2012,Manual
User Name 1653,USER - 01653,Department 1808,Manual
User Name 1654,USER - 01654,Department 1851,Manual
User Name 1655,USER - 01655,Department 1809,Manual
User Name 1656,USER - 01656,Department 1942,Manual
User Name 1657,USER - 01657,Department 1858,Manual
User Name 1658,USER - 01658,Department 947,Manual
User Name 1659,USER - 01659,Department 986,Manual
User Name 1660,USER - 01660,Department 986,Manual
User Name 1661,USER - 01661,Department 985,Manual
User Name 1662,USER - 01662,Department 1970,Manual
User Name 1663,USER - 01663,Department 928,Manual
User Name 1664,USER - 01664,Department 3468,Manual
User Name 1665,USER - 01665,Department 1768,Manual
User Name 1666,USER - 01666,Department 1739,Manual
User Name 1667,USER - 01667,Department 1822,Manual
User Name 1668,USER - 01668,Department 1998,Manual
User Name 1669,USER - 01669,Department 1708,Manual
User Name 1670,USER - 01670,Department 1708,Manual
User Name 1671,USER - 01671,Department 1864,Manual
User Name 1672,USER - 01672,Department 1864,Manual
User Name 1673,USER - 01673,Department 2241,Manual
User Name 1674,USER - 01674,Department 2102,Manual
User Name 1675,USER - 01675,Department 1798,Manual
User Name 1676,USER - 01676,Department 1991,Manual
User Name 1677,USER - 01677,Department 1871,Manual
User Name 1678,USER - 01678,Department 2086,Manual
User Name 1679,USER - 01679,Department 3017,Manual
User Name 1680,USER - 01680,Department 1993,Manual
User Name 1681,USER - 01681,Department 1811,Manual
User Name 1682,USER - 01682,Department 3534,Manual
User Name 1683,USER - 01683,Department 1940,Manual
User Name 1684,USER - 01684,Department 1815,Manual
User Name 1685,USER - 01685,Department 3584,Manual
User Name 1686,USER - 01686,Department 2070,Manual
User Name 1687,USER - 01687,Department 2103,Manual
User Name 1688,USER - 01688,Department 1953,Manual
User Name 1689,USER - 01689,Department 1811,Manual
User Name 1690,USER - 01690,Department 2118,Manual
User Name 1691,USER - 01691,Department 2248,Manual
User Name 1692,USER - 01692,Department 510,Manual
User Name 1693,USER - 01693,Department 1970,Manual
User Name 1694,USER - 01694,Department 2226,Manual
User Name 1695,USER - 01695,Department 2974,Manual
User Name 1696,USER - 01696,Department 2039,Manual
User Name 1697,USER - 01697,Department 2111,Manual
User Name 1698,USER - 01698,Department 2114,Manual
User Name 1699,USER - 01699,Department 2165,Manual
User Name 1700,USER - 01700,Department 2019,Manual
User Name 1701,USER - 01701,Department 517,Manual
User Name 1702,USER - 01702,Department 2303,Manual
User Name 1703,USER - 01703,Department 1858,Manual
User Name 1704,USER - 01704,Department 2762,Manual
User Name 1705,USER - 01705,Department 1843,Manual
User Name 1706,USER - 01706,Department 2506,Manual
User Name 1707,USER - 01707,Department 1991,Manual
User Name 1708,USER - 01708,Department 1941,Manual
User Name 1709,USER - 01709,Department 1622,Manual
User Name 1710,USER - 01710,Department 525,Manual
User Name 1711,USER - 01711,Department 1694,Manual
User Name 1712,USER - 01712,Department 760,Manual
User Name 1713,USER - 01713,Department 750,Manual
User Name 1714,USER - 01714,Department 752,Manual
User Name 1715,USER - 01715,Department 750,Manual
User Name 1716,USER - 01716,Department 2226,Manual
User Name 1717,USER - 01717,Department 2546,Manual
User Name 1718,USER - 01718,Department 1917,Manual
User Name 1719,USER - 01719,Department 2444,Manual
User Name 1720,USER - 01720,Department 1933,Manual
User Name 1721,USER - 01721,Department 2973,Manual
User Name 1722,USER - 01722,Department 750,Manual
User Name 1723,USER - 01723,Department 1792,Manual
User Name 1724,USER - 01724,Department 2746,Manual
User Name 1725,USER - 01725,Department 972,Manual
User Name 1726,USER - 01726,Department 977,Manual
User Name 1727,USER - 01727,Department 2273,Manual
User Name 1728,USER - 01728,Department 1119,Manual
User Name 1729,USER - 01729,Department 1850,Manual
User Name 1730,USER - 01730,Department 679,Manual
User Name 1731,USER - 01731,Department 1993,Manual
User Name 1732,USER - 01732,Department 1622,Manual
User Name 1733,USER - 01733,Department 523,Manual
User Name 1734,USER - 01734,Department 2698,Manual
User Name 1735,USER - 01735,Department 1938,Manual
User Name 1736,USER - 01736,Department 1995,Manual
User Name 1737,USER - 01737,Department 1854,Manual
User Name 1738,USER - 01738,Department 1929,Manual
User Name 1739,USER - 01739,Department 2772,Manual
User Name 1740,USER - 01740,Department 1756,Manual
User Name 1741,USER - 01741,Department 1888,Manual
User Name 1742,USER - 01742,Department 2070,Manual
User Name 1743,USER - 01743,Department 2070,Manual
User Name 1744,USER - 01744,Department 1652,Manual
User Name 1745,USER - 01745,Department 2812,Manual
User Name 1746,USER - 01746,Department 1811,Manual
User Name 1747,USER - 01747,Department 2627,Manual
User Name 1748,USER - 01748,Department 3471,Manual
User Name 1749,USER - 01749,Department 384,Manual
User Name 1750,USER - 01750,Department 2381,Manual
User Name 1751,USER - 01751,Department 2371,Manual
User Name 1752,USER - 01752,Department 3606,Manual
User Name 1753,USER - 01753,Department 3618,Manual
User Name 1754,USER - 01754,Department 2785,Manual
User Name 1755,USER - 01755,Department 3567,Manual
User Name 1756,USER - 01756,Department 2382,Manual
User Name 1757,USER - 01757,Department 2694,Manual
User Name 1758,USER - 01758,Department 2226,Manual
User Name 1759,USER - 01759,Department 2226,Manual
User Name 1760,USER - 01760,Department 1601,Manual
User Name 1761,USER - 01761,Department 2230,Manual
User Name 1762,USER - 01762,Department 2228,Manual
User Name 1763,USER - 01763,Department 1932,Manual
User Name 1764,USER - 01764,Department 2228,Manual
User Name 1765,USER - 01765,Department 2070,Manual
User Name 1766,USER - 01766,Department 2070,Manual
User Name 1767,USER - 01767,Department 979,Manual
User Name 1768,USER - 01768,Department 3076,Manual
User Name 1769,USER - 01769,Department 2339,Manual
User Name 1770,USER - 01770,Department 2070,Manual
User Name 1771,USER - 01771,Department 2433,Manual
User Name 1772,USER - 01772,Department 2030,Manual
User Name 1773,USER - 01773,Department 2294,Manual
User Name 1774,USER - 01774,Department 2070,Manual
User Name 1775,USER - 01775,Department 2763,Manual
User Name 1776,USER - 01776,Department 2327,Manual
User Name 1777,USER - 01777,Department 2961,Manual
User Name 1778,USER - 01778,Department 2690,Manual
User Name 1779,USER - 01779,Department 3638,Manual
User Name 1780,USER - 01780,Department 2338,Manual
User Name 1781,USER - 01781,Department 2259,Manual
User Name 1782,USER - 01782,Department 2855,Manual
User Name 1783,USER - 01783,Department 1661,Manual
User Name 1784,USER - 01784,Department 2838,Manual
User Name 1785,USER - 01785,Department 2624,Manual
User Name 1786,USER - 01786,Department 1740,Manual
User Name 1787,USER - 01787,Department 2280,Manual
User Name 1788,USER - 01788,Department 3647,Manual
User Name 1789,USER - 01789,Department 2961,Manual
User Name 1790,USER - 01790,Department 2635,Manual
User Name 1791,USER - 01791,Department 2125,Manual
User Name 1792,USER - 01792,Department 2440,Manual
User Name 1793,USER - 01793,Department 2050,Manual
User Name 1794,USER - 01794,Department 1081,Manual
User Name 1795,USER - 01795,Department 986,Manual
User Name 1796,USER - 01796,Department 1079,Manual
User Name 1797,USER - 01797,Department 1738,Manual
User Name 1798,USER - 01798,Department 1636,Manual
User Name 1799,USER - 01799,Department 2508,Manual
User Name 1800,USER - 01800,Department 3141,Manual
User Name 1801,USER - 01801,Department 979,Manual
User Name 1802,USER - 01802,Department 2691,Manual
User Name 1803,USER - 01803,Department 2070,Manual
User Name 1804,USER - 01804,Department 900,Manual
User Name 1805,USER - 01805,Department 985,Manual
User Name 1806,USER - 01806,Department 1991,Manual
User Name 1807,USER - 01807,Department 1052,Manual
User Name 1808,USER - 01808,Department 3559,Manual
User Name 1809,USER - 01809,Department 1051,Manual
User Name 1810,USER - 01810,Department 928,Manual
User Name 1811,USER - 01811,Department 1011,Manual
User Name 1812,USER - 01812,Department 1079,Manual
User Name 1813,USER - 01813,Department 2090,Manual
User Name 1814,USER - 01814,Department 928,Manual
User Name 1815,USER - 01815,Department 966,Manual
User Name 1816,USER - 01816,Department 981,Manual
User Name 1817,USER - 01817,Department 3067,Manual
User Name 1818,USER - 01818,Department 1085,Manual
User Name 1819,USER - 01819,Department 1709,Manual
User Name 1820,USER - 01820,Department 1907,Manual
User Name 1821,USER - 01821,Department 1623,Manual
User Name 1822,USER - 01822,Department 929,Manual
User Name 1823,USER - 01823,Department 1028,Manual
User Name 1824,USER - 01824,Department 2036,Manual
User Name 1825,USER - 01825,Department 3550,Manual
User Name 1826,USER - 01826,Department 923,Manual
User Name 1827,USER - 01827,Department 1008,Manual
User Name 1828,USER - 01828,Department 2081,Manual
User Name 1829,USER - 01829,Department 1012,Manual
User Name 1830,USER - 01830,Department 1081,Manual
User Name 1831,USER - 01831,Department 1738,Manual
User Name 1832,USER - 01832,Department 1051,Manual
User Name 1833,USER - 01833,Department 985,Manual
User Name 1834,USER - 01834,Department 1676,Manual
User Name 1835,USER - 01835,Department 956,Manual
User Name 1836,USER - 01836,Department 1995,Manual
User Name 1837,USER - 01837,Department 1053,Manual
User Name 1838,USER - 01838,Department 1073,Manual
User Name 1839,USER - 01839,Department 977,Manual
User Name 1840,USER - 01840,Department 1049,Manual
User Name 1841,USER - 01841,Department 1006,Manual
User Name 1842,USER - 01842,Department 1047,Manual
User Name 1843,USER - 01843,Department 1011,Manual
User Name 1844,USER - 01844,Department 2448,Manual
User Name 1845,USER - 01845,Department 3547,Manual
User Name 1846,USER - 01846,Department 1072,Manual
User Name 1847,USER - 01847,Department 1011,Manual
User Name 1848,USER - 01848,Department 1052,Manual
User Name 1849,USER - 01849,Department 1056,Manual
User Name 1850,USER - 01850,Department 1719,Manual
User Name 1851,USER - 01851,Department 2126,Manual
User Name 1852,USER - 01852,Department 2065,Manual
User Name 1853,USER - 01853,Department 906,Manual
User Name 1854,USER - 01854,Department 1008,Manual
User Name 1855,USER - 01855,Department 1051,Manual
User Name 1856,USER - 01856,Department 2513,Manual
User Name 1857,USER - 01857,Department 2454,Manual
User Name 1858,USER - 01858,Department 1986,Manual
User Name 1859,USER - 01859,Department 1028,Manual
User Name 1860,USER - 01860,Department 1081,Manual
User Name 1861,USER - 01861,Department 977,Manual
User Name 1862,USER - 01862,Department 1853,Manual
User Name 1863,USER - 01863,Department 2107,Manual
User Name 1864,USER - 01864,Department 1092,Manual
User Name 1865,USER - 01865,Department 2697,Manual
User Name 1866,USER - 01866,Department 1050,Manual
User Name 1867,USER - 01867,Department 1592,Manual
User Name 1868,USER - 01868,Department 1634,Manual
User Name 1869,USER - 01869,Department 1891,Manual
User Name 1870,USER - 01870,Department 1049,Manual
User Name 1871,USER - 01871,Department 1053,Manual
User Name 1872,USER - 01872,Department 1049,Manual
User Name 1873,USER - 01873,Department 2513,Manual
User Name 1874,USER - 01874,Department 2075,Manual
User Name 1875,USER - 01875,Department 886,Manual
User Name 1876,USER - 01876,Department 1052,Manual
User Name 1877,USER - 01877,Department 1012,Manual
User Name 1878,USER - 01878,Department 2684,Manual
User Name 1879,USER - 01879,Department 1925,Manual
User Name 1880,USER - 01880,Department 2083,Manual
User Name 1881,USER - 01881,Department 1834,Manual
User Name 1882,USER - 01882,Department 972,Manual
User Name 1883,USER - 01883,Department 2505,Manual
User Name 1884,USER - 01884,Department 1053,Manual
User Name 1885,USER - 01885,Department 2517,Manual
User Name 1886,USER - 01886,Department 3544,Manual
User Name 1887,USER - 01887,Department 2320,Manual
User Name 1888,USER - 01888,Department 1735,Manual
User Name 1889,USER - 01889,Department 902,Manual
User Name 1890,USER - 01890,Department 2255,Manual
User Name 1891,USER - 01891,Department 2505,Manual
User Name 1892,USER - 01892,Department 928,Manual
User Name 1893,USER - 01893,Department 3551,Manual
User Name 1894,USER - 01894,Department 1738,Manual
User Name 1895,USER - 01895,Department 1094,Manual
User Name 1896,USER - 01896,Department 1605,Manual
User Name 1897,USER - 01897,Department 956,Manual
User Name 1898,USER - 01898,Department 2048,Manual
User Name 1899,USER - 01899,Department 902,Manual
User Name 1900,USER - 01900,Department 940,Manual
User Name 1901,USER - 01901,Department 902,Manual
User Name 1902,USER - 01902,Department 1109,Manual
User Name 1903,USER - 01903,Department 1085,Manual
User Name 1904,USER - 01904,Department 2517,Manual
User Name 1905,USER - 01905,Department 1988,Manual
User Name 1906,USER - 01906,Department 1089,Manual
User Name 1907,USER - 01907,Department 1108,Manual
User Name 1908,USER - 01908,Department 2505,Manual
User Name 1909,USER - 01909,Department 2447,Manual
User Name 1910,USER - 01910,Department 937,Manual
User Name 1911,USER - 01911,Department 2284,Manual
User Name 1912,USER - 01912,Department 1989,Manual
User Name 1913,USER - 01913,Department 2639,Manual
User Name 1914,USER - 01914,Department 1066,Manual
User Name 1915,USER - 01915,Department 970,Manual
User Name 1916,USER - 01916,Department 1620,Manual
User Name 1917,USER - 01917,Department 3553,Manual
User Name 1918,USER - 01918,Department 3546,Manual
User Name 1919,USER - 01919,Department 1624,Manual
User Name 1920,USER - 01920,Department 2513,Manual
User Name 1921,USER - 01921,Department 900,Manual
User Name 1922,USER - 01922,Department 2515,Manual
User Name 1923,USER - 01923,Department 1012,Manual
User Name 1924,USER - 01924,Department 985,Manual
User Name 1925,USER - 01925,Department 902,Manual
User Name 1926,USER - 01926,Department 1055,Manual
User Name 1927,USER - 01927,Department 1840,Manual
User Name 1928,USER - 01928,Department 1670,Manual
User Name 1929,USER - 01929,Department 1631,Manual
User Name 1930,USER - 01930,Department 900,Manual
User Name 1931,USER - 01931,Department 1050,Manual
User Name 1932,USER - 01932,Department 1825,Manual
User Name 1933,USER - 01933,Department 1779,Manual
User Name 1934,USER - 01934,Department 1847,Manual
User Name 1935,USER - 01935,Department 1827,Manual
User Name 1936,USER - 01936,Department 2299,Manual
User Name 1937,USER - 01937,Department 2445,Manual
User Name 1938,USER - 01938,Department 2504,Manual
User Name 1939,USER - 01939,Department 3558,Manual
User Name 1940,USER - 01940,Department 978,Manual
User Name 1941,USER - 01941,Department 892,Manual
User Name 1942,USER - 01942,Department 2286,Manual
User Name 1943,USER - 01943,Department 2380,Manual
User Name 1944,USER - 01944,Department 1604,Manual
User Name 1945,USER - 01945,Department 2872,Manual
User Name 1946,USER - 01946,Department 2987,Manual
User Name 1947,USER - 01947,Department 2440,Manual
User Name 1948,USER - 01948,Department 2454,Manual
User Name 1949,USER - 01949,Department 2094,Manual
User Name 1950,USER - 01950,Department 1085,Manual
User Name 1951,USER - 01951,Department 2611,Manual
User Name 1952,USER - 01952,Department 1071,Manual
User Name 1953,USER - 01953,Department 2054,Manual
User Name 1954,USER - 01954,Department 1007,Manual
User Name 1955,USER - 01955,Department 992,Manual
User Name 1956,USER - 01956,Department 1641,Manual
User Name 1957,USER - 01957,Department 1051,Manual
User Name 1958,USER - 01958,Department 2503,Manual
User Name 1959,USER - 01959,Department 923,Manual
User Name 1960,USER - 01960,Department 3066,Manual
User Name 1961,USER - 01961,Department 1057,Manual
User Name 1962,USER - 01962,Department 1625,Manual
User Name 1963,USER - 01963,Department 1671,Manual
User Name 1964,USER - 01964,Department 972,Manual
User Name 1965,USER - 01965,Department 2062,Manual
User Name 1966,USER - 01966,Department 2453,Manual
User Name 1967,USER - 01967,Department 1006,Manual
User Name 1968,USER - 01968,Department 1080,Manual
User Name 1969,USER - 01969,Department 1710,Manual
User Name 1970,USER - 01970,Department 2970,Manual
User Name 1971,USER - 01971,Department 1620,Manual
User Name 1972,USER - 01972,Department 1845,Manual
User Name 1973,USER - 01973,Department 1736,Manual
User Name 1974,USER - 01974,Department 981,Manual
User Name 1975,USER - 01975,Department 925,Manual
User Name 1976,USER - 01976,Department 974,Manual
User Name 1977,USER - 01977,Department 1847,Manual
User Name 1978,USER - 01978,Department 2044,Manual
User Name 1979,USER - 01979,Department 1066,Manual
User Name 1980,USER - 01980,Department 2124,Manual
User Name 1981,USER - 01981,Department 1708,Manual
User Name 1982,USER - 01982,Department 974,Manual
User Name 1983,USER - 01983,Department 1050,Manual
User Name 1984,USER - 01984,Department 1676,Manual
User Name 1985,USER - 01985,Department 3636,Manual
User Name 1986,USER - 01986,Department 908,Manual
User Name 1987,USER - 01987,Department 1942,Manual
User Name 1988,USER - 01988,Department 1876,Manual
User Name 1989,USER - 01989,Department 1105,Manual
User Name 1990,USER - 01990,Department 3491,Manual
User Name 1991,USER - 01991,Department 518,Manual
User Name 1992,USER - 01992,Department 398,Manual
User Name 1993,USER - 01993,Department 1942,Manual
User Name 1994,USER - 01994,Department 2119,Manual
User Name 1995,USER - 01995,Department 2449,Manual
User Name 1996,USER - 01996,Department 912,Manual
User Name 1997,USER - 01997,Department 914,Manual
User Name 1998,USER - 01998,Department 1745,Manual
User Name 1999,USER - 01999,Department 1830,Manual
User Name 2000,USER - 02000,Department 1975,Manual
User Name 2001,USER - 02001,Department 1855,Manual
User Name 2002,USER - 02002,Department 1984,Manual
User Name 2003,USER - 02003,Department 2019,Manual
User Name 2004,USER - 02004,Department 1089,Manual
User Name 2005,USER - 02005,Department 2358,Manual
User Name 2006,USER - 02006,Department 2274,Manual
User Name 2007,USER - 02007,Department 2110,Manual
User Name 2008,USER - 02008,Department 2070,Manual
User Name 2009,USER - 02009,Department 2070,Manual
User Name 2010,USER - 02010,Department 2226,Manual
User Name 2011,USER - 02011,Department 2325,Manual
User Name 2012,USER - 02012,Department 1797,Manual
User Name 2013,USER - 02013,Department 1792,Manual
User Name 2014,USER - 02014,Department 2056,Manual
User Name 2015,USER - 02015,Department 2240,Manual
User Name 2016,USER - 02016,Department 1809,Manual
User Name 2017,USER - 02017,Department 2070,Manual
User Name 2018,USER - 02018,Department 929,Manual
User Name 2019,USER - 02019,Department 2506,Manual
User Name 2020,USER - 02020,Department 878,Manual
User Name 2021,USER - 02021,Department 884,Manual
User Name 2022,USER - 02022,Department 2024,Manual
User Name 2023,USER - 02023,Department 2626,Manual
User Name 2024,USER - 02024,Department 2013,Manual
User Name 2025,USER - 02025,Department 2010,Manual
User Name 2026,USER - 02026,Department 2134,Manual
User Name 2027,USER - 02027,Department 2139,Manual
User Name 2028,USER - 02028,Department 2683,Manual
User Name 2029,USER - 02029,Department 1978,Manual
User Name 2030,USER - 02030,Department 3504,Manual
User Name 2031,USER - 02031,Department 788,Manual
User Name 2032,USER - 02032,Department 2020,Manual
User Name 2033,USER - 02033,Department 3631,Manual
User Name 2034,USER - 02034,Department 940,Manual
User Name 2035,USER - 02035,Department 1912,Manual
User Name 2036,USER - 02036,Department 2300,Manual
User Name 2037,USER - 02037,Department 2302,Manual
User Name 2038,USER - 02038,Department 1666,Manual
User Name 2039,USER - 02039,Department 1694,Manual
User Name 2040,USER - 02040,Department 2070,Manual
User Name 2041,USER - 02041,Department 2189,Manual
User Name 2042,USER - 02042,Department 329,Manual
User Name 2043,USER - 02043,Department 349,Manual
User Name 2044,USER - 02044,Department 303,Manual
User Name 2045,USER - 02045,Department 521,Manual
User Name 2046,USER - 02046,Department 2241,Manual
User Name 2047,USER - 02047,Department 2958,Manual
User Name 2048,USER - 02048,Department 2958,Manual
User Name 2049,USER - 02049,Department 2182,Manual
User Name 2050,USER - 02050,Department 3685,Manual
User Name 2051,USER - 02051,Department 1749,Manual
User Name 2052,USER - 02052,Department 2247,Manual
User Name 2053,USER - 02053,Department 2809,Manual
User Name 2054,USER - 02054,Department 1601,Manual
User Name 2055,USER - 02055,Department 1410,Manual
User Name 2056,USER - 02056,Department 2162,Manual
User Name 2057,USER - 02057,Department 3297,Manual
User Name 2058,USER - 02058,Department 2817,Manual
User Name 2059,USER - 02059,Department 993,Manual
User Name 2060,USER - 02060,Department 2752,Manual
User Name 2061,USER - 02061,Department 931,Manual
User Name 2062,USER - 02062,Department 1655,Manual
User Name 2063,USER - 02063,Department 2138,Manual
User Name 2064,USER - 02064,Department 672,Manual
User Name 2065,USER - 02065,Department 2219,Manual
User Name 2066,USER - 02066,Department 685,Manual
User Name 2067,USER - 02067,Department 681,Manual
User Name 2068,USER - 02068,Department 947,Manual
User Name 2069,USER - 02069,Department 3185,Manual
User Name 2070,USER - 02070,Department 2445,Manual
User Name 2071,USER - 02071,Department 678,Manual
User Name 2072,USER - 02072,Department 1556,Manual
User Name 2073,USER - 02073,Department 1544,Manual
User Name 2074,USER - 02074,Department 1549,Manual
User Name 2075,USER - 02075,Department 331,Manual
User Name 2076,USER - 02076,Department 1547,Manual
User Name 2077,USER - 02077,Department 301,Manual
User Name 2078,USER - 02078,Department 1544,Manual
User Name 2079,USER - 02079,Department 372,Manual
User Name 2080,USER - 02080,Department 1548,Manual
User Name 2081,USER - 02081,Department 2968,Manual
User Name 2082,USER - 02082,Department 1567,Manual
User Name 2083,USER - 02083,Department 1557,Manual
User Name 2084,USER - 02084,Department 1063,Manual
User Name 2085,USER - 02085,Department 1558,Manual
User Name 2086,USER - 02086,Department 3534,Manual
User Name 2087,USER - 02087,Department 2442,Manual
User Name 2088,USER - 02088,Department 1735,Manual
User Name 2089,USER - 02089,Department 1735,Manual
User Name 2090,USER - 02090,Department 1735,Manual
User Name 2091,USER - 02091,Department 1735,Manual
User Name 2092,USER - 02092,Department 2453,Manual
User Name 2093,USER - 02093,Department 2452,Manual
User Name 2094,USER - 02094,Department 1708,Manual
User Name 2095,USER - 02095,Department 2173,Manual
User Name 2096,USER - 02096,Department 1065,Manual
User Name 2097,USER - 02097,Department 692,Manual
User Name 2098,USER - 02098,Department 1550,Manual
User Name 2099,USER - 02099,Department 2412,Manual
User Name 2100,USER - 02100,Department 2228,Manual
User Name 2101,USER - 02101,Department 2230,Manual
User Name 2102,USER - 02102,Department 2226,Manual
User Name 2103,USER - 02103,Department 201,Manual
User Name 2104,USER - 02104,Department 491,Manual
User Name 2105,USER - 02105,Department 469,Manual
User Name 2106,USER - 02106,Department 1993,Manual
User Name 2107,USER - 02107,Department 2922,Manual
User Name 2108,USER - 02108,Department 329,Manual
User Name 2109,USER - 02109,Department 1873,Manual
User Name 2110,USER - 02110,Department 1029,Manual
User Name 2111,USER - 02111,Department 1618,Manual
User Name 2112,USER - 02112,Department 3022,Manual
User Name 2113,USER - 02113,Department 2036,Manual
User Name 2114,USER - 02114,Department 2070,Manual
User Name 2115,USER - 02115,Department 452,Manual
User Name 2116,USER - 02116,Department 2070,Manual
User Name 2117,USER - 02117,Department 2293,Manual
User Name 2118,USER - 02118,Department 308,Manual
User Name 2119,USER - 02119,Department 2074,Manual
User Name 2120,USER - 02120,Department 1836,Manual
User Name 2121,USER - 02121,Department 2303,Manual
User Name 2122,USER - 02122,Department 2909,Manual
User Name 2123,USER - 02123,Department 2677,Manual
User Name 2124,USER - 02124,Department 1852,Manual
User Name 2125,USER - 02125,Department 3522,Manual
User Name 2126,USER - 02126,Department 2328,Manual
User Name 2127,USER - 02127,Department 2230,Manual
User Name 2128,USER - 02128,Department 2229,Manual
User Name 2129,USER - 02129,Department 2230,Manual
User Name 2130,USER - 02130,Department 2222,Manual
User Name 2131,USER - 02131,Department 1908,Manual
User Name 2132,USER - 02132,Department 1866,Manual
User Name 2133,USER - 02133,Department 2737,Manual
User Name 2134,USER - 02134,Department 2737,Manual
User Name 2135,USER - 02135,Department 2737,Manual
User Name 2136,USER - 02136,Department 2797,Manual
User Name 2137,USER - 02137,Department 2070,Manual
User Name 2138,USER - 02138,Department 2722,Manual
User Name 2139,USER - 02139,Department 2193,Manual
User Name 2140,USER - 02140,Department 1012,Manual
User Name 2141,USER - 02141,Department 2194,Manual
User Name 2142,USER - 02142,Department 2973,Manual
User Name 2143,USER - 02143,Department 2200,Manual
User Name 2144,USER - 02144,Department 2194,Manual
User Name 2145,USER - 02145,Department 2973,Manual
User Name 2146,USER - 02146,Department 2193,Manual
User Name 2147,USER - 02147,Department 2241,Manual
User Name 2148,USER - 02148,Department 2168,Manual
User Name 2044,USER - 02044,Department 3025,Manual
User Name 2150,USER - 02150,Department 2732,Manual
User Name 2151,USER - 02151,Department 1054,Manual
User Name 2152,USER - 02152,Department 2381,Manual
User Name 2153,USER - 02153,Department 2622,Manual
User Name 2154,USER - 02154,Department 316,Manual
User Name 2155,USER - 02155,Department 2226,Manual
User Name 2156,USER - 02156,Department 222,Manual
User Name 2157,USER - 02157,Department 2750,Manual
User Name 2158,USER - 02158,Department 2222,Manual
User Name 2159,USER - 02159,Department 2646,Manual
User Name 2160,USER - 02160,Department 2962,Manual
User Name 2161,USER - 02161,Department 1005,Manual
User Name 2162,USER - 02162,Department 1657,Manual
User Name 2163,USER - 02163,Department 2407,Manual
User Name 2164,USER - 02164,Department 2748,Manual
User Name 2165,USER - 02165,Department 1053,Manual
User Name 2166,USER - 02166,Department 997,Manual
User Name 2167,USER - 02167,Department 3496,Manual
User Name 2168,USER - 02168,Department 2214,Manual
User Name 2169,USER - 02169,Department 2070,Manual
User Name 2170,USER - 02170,Department 2204,Manual
User Name 2171,USER - 02171,Department 2204,Manual
User Name 2172,USER - 02172,Department 1849,Manual
User Name 2173,USER - 02173,Department 2536,Manual
User Name 2174,USER - 02174,Department 1981,Manual
User Name 2175,USER - 02175,Department 3555,Manual
User Name 2176,USER - 02176,Department 912,Manual
User Name 2177,USER - 02177,Department 1961,Manual
User Name 2178,USER - 02178,Department 2449,Manual
User Name 2179,USER - 02179,Department 1856,Manual
User Name 2180,USER - 02180,Department 1028,Manual
User Name 2181,USER - 02181,Department 2693,Manual
User Name 2182,USER - 02182,Department 2354,Manual
User Name 2183,USER - 02183,Department 1544,Manual
User Name 2184,USER - 02184,Department 3479,Manual
User Name 2185,USER - 02185,Department 3473,Manual
User Name 2186,USER - 02186,Department 1778,Manual
User Name 2187,USER - 02187,Department 1012,Manual
User Name 2188,USER - 02188,Department 2892,Manual
User Name 2189,USER - 02189,Department 3477,Manual
User Name 2190,USER - 02190,Department 3477,Manual
User Name 2191,USER - 02191,Department 3477,Manual
User Name 2192,USER - 02192,Department 3477,Manual
User Name 2193,USER - 02193,Department 2607,Manual
User Name 2194,USER - 02194,Department 3638,Manual
User Name 2195,USER - 02195,Department 762,Manual
User Name 2196,USER - 02196,Department 744,Manual
User Name 2197,USER - 02197,Department 759,Manual
User Name 2198,USER - 02198,Department 750,Manual
User Name 2199,USER - 02199,Department 752,Manual
User Name 2200,USER - 02200,Department 3534,Manual
User Name 2201,USER - 02201,Department 912,Manual
User Name 2202,USER - 02202,Department 2374,Manual
User Name 2203,USER - 02203,Department 1542,Manual
User Name 2204,USER - 02204,Department 1544,Manual
User Name 2205,USER - 02205,Department 1703,Manual
User Name 2206,USER - 02206,Department 2513,Manual
User Name 2207,USER - 02207,Department 1938,Manual
User Name 2208,USER - 02208,Department 1639,Manual
User Name 2209,USER - 02209,Department 1979,Manual
User Name 2210,USER - 02210,Department 1813,Manual
User Name 2211,USER - 02211,Department 2234,Manual
User Name 2212,USER - 02212,Department 2226,Manual
User Name 2213,USER - 02213,Department 2802,Manual
User Name 2214,USER - 02214,Department 2070,Manual
User Name 2215,USER - 02215,Department 2226,Manual
User Name 2216,USER - 02216,Department 2184,Manual
User Name 2217,USER - 02217,Department 2224,Manual
User Name 2218,USER - 02218,Department 2236,Manual
User Name 2219,USER - 02219,Department 2194,Manual
User Name 2220,USER - 02220,Department 2070,Manual
User Name 2221,USER - 02221,Department 2130,Manual
User Name 2222,USER - 02222,Department 2070,Manual
User Name 2223,USER - 02223,Department 2167,Manual
User Name 2224,USER - 02224,Department 2241,Manual
User Name 2225,USER - 02225,Department 2175,Manual
User Name 2226,USER - 02226,Department 2194,Manual
User Name 2227,USER - 02227,Department 2160,Manual
User Name 2228,USER - 02228,Department 2167,Manual
User Name 2229,USER - 02229,Department 2802,Manual
User Name 2230,USER - 02230,Department 2138,Manual
User Name 2231,USER - 02231,Department 2231,Manual
User Name 2232,USER - 02232,Department 2140,Manual
User Name 2233,USER - 02233,Department 2140,Manual
User Name 2234,USER - 02234,Department 2226,Manual
User Name 2235,USER - 02235,Department 2730,Manual
User Name 2236,USER - 02236,Department 3072,Manual
User Name 2237,USER - 02237,Department 179,Manual
User Name 2238,USER - 02238,Department 2002,Manual
User Name 2239,USER - 02239,Department 2002,Manual
User Name 2240,USER - 02240,Department 1638,Manual
User Name 2241,USER - 02241,Department 2070,Manual
User Name 2242,USER - 02242,Department 1952,Manual
User Name 2243,USER - 02243,Department 3140,Manual
User Name 2244,USER - 02244,Department 2083,Manual
User Name 2245,USER - 02245,Department 3055,Manual
User Name 2246,USER - 02246,Department 1115,Manual
User Name 2247,USER - 02247,Department 3058,Manual
User Name 2248,USER - 02248,Department 2012,Manual
User Name 2249,USER - 02249,Department 2093,Manual
User Name 2250,USER - 02250,Department 3371,Manual
User Name 2251,USER - 02251,Department 2930,Manual
User Name 2252,USER - 02252,Department 1099,Manual
User Name 2253,USER - 02253,Department 1099,Manual
User Name 2254,USER - 02254,Department 1099,Manual
User Name 2255,USER - 02255,Department 1100,Manual
User Name 2256,USER - 02256,Department 1099,Manual
User Name 2257,USER - 02257,Department 1099,Manual
User Name 2258,USER - 02258,Department 1099,Manual
User Name 2259,USER - 02259,Department 192,Manual
User Name 2260,USER - 02260,Department 152,Manual
User Name 2261,USER - 02261,Department 3640,Manual
User Name 2262,USER - 02262,Department 2695,Manual
User Name 2263,USER - 02263,Department 1806,Manual
User Name 2264,USER - 02264,Department 1932,Manual
User Name 2265,USER - 02265,Department 3566,Manual
User Name 2266,USER - 02266,Department 3478,Manual
User Name 2267,USER - 02267,Department 3476,Manual
User Name 2268,USER - 02268,Department 3477,Manual
User Name 2269,USER - 02269,Department 386,Manual
User Name 2270,USER - 02270,Department 1100,Manual
User Name 2271,USER - 02271,Department 1969,Manual
User Name 2272,USER - 02272,Department 2817,Manual
User Name 2273,USER - 02273,Department 1941,Manual
User Name 2274,USER - 02274,Department 1837,Manual
User Name 2275,USER - 02275,Department 1019,Manual
User Name 2276,USER - 02276,Department 1954,Manual
User Name 2277,USER - 02277,Department 1800,Manual
User Name 2278,USER - 02278,Department 554,Manual
User Name 2279,USER - 02279,Department 1764,Manual
User Name 2280,USER - 02280,Department 1638,Manual
User Name 2281,USER - 02281,Department 2969,Manual
User Name 2282,USER - 02282,Department 2070,Manual
User Name 2283,USER - 02283,Department 2175,Manual
User Name 2284,USER - 02284,Department 2530,Manual
User Name 2285,USER - 02285,Department 1645,Manual
User Name 2286,USER - 02286,Department 422,Manual
User Name 2287,USER - 02287,Department 2470,Manual
User Name 2288,USER - 02288,Department 1760,Manual
User Name 2289,USER - 02289,Department 2526,Manual
User Name 2290,USER - 02290,Department 3296,Manual
User Name 2291,USER - 02291,Department 2566,Manual
User Name 2292,USER - 02292,Department 2528,Manual
User Name 2293,USER - 02293,Department 1028,Manual
User Name 2294,USER - 02294,Department 2179,Manual
User Name 2295,USER - 02295,Department 2214,Manual
User Name 2296,USER - 02296,Department 2527,Manual
User Name 2297,USER - 02297,Department 2177,Manual
User Name 2298,USER - 02298,Department 1601,Manual
User Name 2299,USER - 02299,Department 990,Manual
User Name 2300,USER - 02300,Department 422,Manual
User Name 2301,USER - 02301,Department 1638,Manual
User Name 2302,USER - 02302,Department 2184,Manual
User Name 2303,USER - 02303,Department 2980,Manual
User Name 2304,USER - 02304,Department 2980,Manual
User Name 2305,USER - 02305,Department 2183,Manual
User Name 2306,USER - 02306,Department 2179,Manual
User Name 2307,USER - 02307,Department 2209,Manual
User Name 2308,USER - 02308,Department 2563,Manual
User Name 2309,USER - 02309,Department 2179,Manual
User Name 2310,USER - 02310,Department 2256,Manual
User Name 2311,USER - 02311,Department 715,Manual
User Name 2312,USER - 02312,Department 2528,Manual
User Name 2313,USER - 02313,Department 2214,Manual
User Name 2314,USER - 02314,Department 3493,Manual
User Name 2315,USER - 02315,Department 1841,Manual
User Name 2316,USER - 02316,Department 2187,Manual
User Name 2317,USER - 02317,Department 3511,Manual
User Name 2318,USER - 02318,Department 2215,Manual
User Name 2319,USER - 02319,Department 2199,Manual
User Name 2320,USER - 02320,Department 1808,Manual
User Name 2321,USER - 02321,Department 2194,Manual
User Name 2322,USER - 02322,Department 2186,Manual
User Name 2323,USER - 02323,Department 2214,Manual
User Name 2324,USER - 02324,Department 2258,Manual
User Name 2325,USER - 02325,Department 1897,Manual
User Name 2326,USER - 02326,Department 149,Manual
User Name 2327,USER - 02327,Department 947,Manual
User Name 2328,USER - 02328,Department 2174,Manual
User Name 2329,USER - 02329,Department 2677,Manual
User Name 2330,USER - 02330,Department 2209,Manual
User Name 2331,USER - 02331,Department 2209,Manual
User Name 2332,USER - 02332,Department 2617,Manual
User Name 2333,USER - 02333,Department 2626,Manual
User Name 2334,USER - 02334,Department 2541,Manual
User Name 2335,USER - 02335,Department 3655,Manual
User Name 2336,USER - 02336,Department 2186,Manual
User Name 2337,USER - 02337,Department 2526,Manual
User Name 2338,USER - 02338,Department 957,Manual
User Name 2339,USER - 02339,Department 699,Manual
User Name 2340,USER - 02340,Department 2376,Manual
User Name 2341,USER - 02341,Department 794,Manual
User Name 2342,USER - 02342,Department 793,Manual
User Name 2343,USER - 02343,Department 658,Manual
User Name 2344,USER - 02344,Department 691,Manual
User Name 2345,USER - 02345,Department 772,Manual
User Name 2346,USER - 02346,Department 2070,Manual
User Name 2347,USER - 02347,Department 404,Manual
User Name 2348,USER - 02348,Department 2159,Manual
User Name 2349,USER - 02349,Department 2241,Manual
User Name 2350,USER - 02350,Department 2185,Manual
User Name 2351,USER - 02351,Department 2215,Manual
User Name 2352,USER - 02352,Department 431,Manual
User Name 2353,USER - 02353,Department 702,Manual
User Name 2354,USER - 02354,Department 309,Manual
User Name 2355,USER - 02355,Department 703,Manual
User Name 2356,USER - 02356,Department 703,Manual
User Name 2357,USER - 02357,Department 609,Manual
User Name 2358,USER - 02358,Department 702,Manual
User Name 2359,USER - 02359,Department 309,Manual
User Name 2360,USER - 02360,Department 311,Manual
User Name 2361,USER - 02361,Department 343,Manual
User Name 2362,USER - 02362,Department 351,Manual
User Name 2363,USER - 02363,Department 366,Manual
User Name 2364,USER - 02364,Department 353,Manual
User Name 2365,USER - 02365,Department 369,Manual
User Name 2366,USER - 02366,Department 422,Manual
User Name 2367,USER - 02367,Department 383,Manual
User Name 2368,USER - 02368,Department 370,Manual
User Name 2369,USER - 02369,Department 367,Manual
User Name 2370,USER - 02370,Department 311,Manual
User Name 2371,USER - 02371,Department 329,Manual
User Name 2372,USER - 02372,Department 317,Manual
User Name 2373,USER - 02373,Department 383,Manual
User Name 2374,USER - 02374,Department 305,Manual
User Name 2375,USER - 02375,Department 336,Manual
User Name 2376,USER - 02376,Department 315,Manual
User Name 2377,USER - 02377,Department 336,Manual
User Name 2378,USER - 02378,Department 374,Manual
User Name 2379,USER - 02379,Department 337,Manual
User Name 2380,USER - 02380,Department 324,Manual
User Name 2381,USER - 02381,Department 314,Manual
User Name 2382,USER - 02382,Department 387,Manual
User Name 2383,USER - 02383,Department 349,Manual
User Name 2384,USER - 02384,Department 314,Manual
User Name 2385,USER - 02385,Department 356,Manual
User Name 2386,USER - 02386,Department 353,Manual
User Name 2387,USER - 02387,Department 330,Manual
User Name 2388,USER - 02388,Department 354,Manual
User Name 2389,USER - 02389,Department 358,Manual
User Name 2390,USER - 02390,Department 363,Manual
User Name 2391,USER - 02391,Department 370,Manual
User Name 2392,USER - 02392,Department 353,Manual
User Name 2393,USER - 02393,Department 330,Manual
User Name 2394,USER - 02394,Department 408,Manual
User Name 2395,USER - 02395,Department 329,Manual
User Name 2396,USER - 02396,Department 299,Manual
User Name 2397,USER - 02397,Department 357,Manual
User Name 2398,USER - 02398,Department 326,Manual
User Name 2399,USER - 02399,Department 367,Manual
User Name 2400,USER - 02400,Department 388,Manual
User Name 2401,USER - 02401,Department 380,Manual
User Name 2402,USER - 02402,Department 332,Manual
User Name 2403,USER - 02403,Department 326,Manual
User Name 2404,USER - 02404,Department 353,Manual
User Name 2405,USER - 02405,Department 395,Manual
User Name 2406,USER - 02406,Department 364,Manual
User Name 2407,USER - 02407,Department 336,Manual
User Name 2408,USER - 02408,Department 325,Manual
User Name 2409,USER - 02409,Department 336,Manual
User Name 2410,USER - 02410,Department 382,Manual
User Name 2411,USER - 02411,Department 361,Manual
User Name 2412,USER - 02412,Department 351,Manual
User Name 2413,USER - 02413,Department 353,Manual
User Name 2414,USER - 02414,Department 329,Manual
User Name 2415,USER - 02415,Department 311,Manual
User Name 2416,USER - 02416,Department 352,Manual
User Name 2377,USER - 02377,Department 301,Manual
User Name 2418,USER - 02418,Department 363,Manual
User Name 2419,USER - 02419,Department 352,Manual
User Name 2420,USER - 02420,Department 337,Manual
User Name 2421,USER - 02421,Department 362,Manual
User Name 2422,USER - 02422,Department 361,Manual
User Name 2423,USER - 02423,Department 363,Manual
User Name 2424,USER - 02424,Department 391,Manual
User Name 2425,USER - 02425,Department 319,Manual
User Name 2426,USER - 02426,Department 387,Manual
User Name 2427,USER - 02427,Department 375,Manual
User Name 2428,USER - 02428,Department 358,Manual
User Name 2429,USER - 02429,Department 301,Manual
User Name 2430,USER - 02430,Department 383,Manual
User Name 2431,USER - 02431,Department 359,Manual
User Name 2432,USER - 02432,Department 351,Manual
User Name 2433,USER - 02433,Department 332,Manual
User Name 2434,USER - 02434,Department 356,Manual
User Name 2435,USER - 02435,Department 368,Manual
User Name 2436,USER - 02436,Department 383,Manual
User Name 2437,USER - 02437,Department 364,Manual
User Name 2438,USER - 02438,Department 378,Manual
User Name 396,USER - 00396,Department 383,Manual
User Name 2440,USER - 02440,Department 366,Manual
User Name 2441,USER - 02441,Department 329,Manual
User Name 2442,USER - 02442,Department 391,Manual
User Name 2443,USER - 02443,Department 2944,Manual
User Name 2444,USER - 02444,Department 357,Manual
User Name 2445,USER - 02445,Department 380,Manual
User Name 2446,USER - 02446,Department 374,Manual
User Name 2447,USER - 02447,Department 1971,Manual
User Name 2448,USER - 02448,Department 701,Manual
User Name 2449,USER - 02449,Department 3456,Manual
User Name 2450,USER - 02450,Department 360,Manual
User Name 2451,USER - 02451,Department 376,Manual
User Name 2452,USER - 02452,Department 1096,Manual
User Name 2453,USER - 02453,Department 489,Manual
User Name 2454,USER - 02454,Department 2991,Manual
User Name 2455,USER - 02455,Department 2993,Manual
User Name 2456,USER - 02456,Department 2962,Manual
User Name 2457,USER - 02457,Department 2788,Manual
User Name 2458,USER - 02458,Department 2042,Manual
User Name 2459,USER - 02459,Department 2070,Manual
User Name 2460,USER - 02460,Department 2201,Manual
User Name 2461,USER - 02461,Department 2963,Manual
User Name 2462,USER - 02462,Department 2137,Manual
User Name 2463,USER - 02463,Department 2784,Manual
User Name 2464,USER - 02464,Department 2138,Manual
User Name 2465,USER - 02465,Department 491,Manual
User Name 2466,USER - 02466,Department 695,Manual
User Name 2467,USER - 02467,Department 2781,Manual
User Name 2468,USER - 02468,Department 2220,Manual
User Name 2469,USER - 02469,Department 2863,Manual
User Name 2470,USER - 02470,Department 3128,Manual
User Name 2471,USER - 02471,Department 2873,Manual
User Name 2472,USER - 02472,Department 1099,Manual
User Name 2473,USER - 02473,Department 2814,Manual
User Name 2474,USER - 02474,Department 2814,Manual
User Name 2475,USER - 02475,Department 2814,Manual
User Name 2476,USER - 02476,Department 3654,Manual
User Name 2477,USER - 02477,Department 2596,Manual
User Name 2478,USER - 02478,Department 2210,Manual
User Name 2479,USER - 02479,Department 521,Manual
User Name 2480,USER - 02480,Department 2182,Manual
User Name 2481,USER - 02481,Department 2184,Manual
User Name 2482,USER - 02482,Department 2181,Manual
User Name 2483,USER - 02483,Department 2182,Manual
User Name 2484,USER - 02484,Department 3127,Manual
User Name 2485,USER - 02485,Department 2181,Manual
User Name 2486,USER - 02486,Department 2732,Manual
User Name 2487,USER - 02487,Department 2070,Manual
User Name 2488,USER - 02488,Department 2185,Manual
User Name 2489,USER - 02489,Department 2184,Manual
User Name 2490,USER - 02490,Department 2183,Manual
User Name 2491,USER - 02491,Department 2183,Manual
User Name 2492,USER - 02492,Department 2181,Manual
User Name 2493,USER - 02493,Department 2182,Manual
User Name 2494,USER - 02494,Department 2183,Manual
User Name 2495,USER - 02495,Department 2185,Manual
User Name 2496,USER - 02496,Department 2183,Manual
User Name 2497,USER - 02497,Department 1065,Manual
User Name 2498,USER - 02498,Department 2183,Manual
User Name 2499,USER - 02499,Department 2182,Manual
User Name 2500,USER - 02500,Department 1856,Manual
User Name 2501,USER - 02501,Department 2980,Manual
User Name 2502,USER - 02502,Department 2596,Manual
User Name 2503,USER - 02503,Department 2178,Manual
User Name 2504,USER - 02504,Department 2212,Manual
User Name 2505,USER - 02505,Department 2070,Manual
User Name 2506,USER - 02506,Department 2070,Manual
User Name 2507,USER - 02507,Department 2921,Manual
User Name 2508,USER - 02508,Department 2178,Manual
User Name 2509,USER - 02509,Department 2796,Manual
User Name 2510,USER - 02510,Department 3685,Manual
User Name 2511,USER - 02511,Department 2306,Manual
User Name 2512,USER - 02512,Department 2070,Manual
User Name 2513,USER - 02513,Department 2070,Manual
User Name 2514,USER - 02514,Department 1860,Manual
User Name 2515,USER - 02515,Department 2347,Manual
User Name 2516,USER - 02516,Department 2916,Manual
User Name 2517,USER - 02517,Department 1740,Manual
User Name 2518,USER - 02518,Department 1859,Manual
User Name 2519,USER - 02519,Department 1795,Manual
User Name 2520,USER - 02520,Department 3493,Manual
User Name 2521,USER - 02521,Department 2979,Manual
User Name 2522,USER - 02522,Department 220,Manual
User Name 2523,USER - 02523,Department 2437,Manual
User Name 2524,USER - 02524,Department 1735,Manual
User Name 2525,USER - 02525,Department 2139,Manual
User Name 2526,USER - 02526,Department 2226,Manual
User Name 2527,USER - 02527,Department 2070,Manual
User Name 2528,USER - 02528,Department 2226,Manual
User Name 2529,USER - 02529,Department 2318,Manual
User Name 2530,USER - 02530,Department 2626,Manual
User Name 2531,USER - 02531,Department 3117,Manual
User Name 2532,USER - 02532,Department 2963,Manual
User Name 2533,USER - 02533,Department 3128,Manual
User Name 2534,USER - 02534,Department 2963,Manual
User Name 2535,USER - 02535,Department 2962,Manual
User Name 2536,USER - 02536,Department 1832,Manual
User Name 2537,USER - 02537,Department 406,Manual
User Name 2538,USER - 02538,Department 2961,Manual
User Name 2539,USER - 02539,Department 2958,Manual
User Name 2540,USER - 02540,Department 3072,Manual
User Name 2541,USER - 02541,Department 3562,Manual
User Name 2542,USER - 02542,Department 2661,Manual
User Name 2543,USER - 02543,Department 1050,Manual
User Name 2544,USER - 02544,Department 1049,Manual
User Name 2545,USER - 02545,Department 1053,Manual
User Name 2546,USER - 02546,Department 2445,Manual
User Name 2547,USER - 02547,Department 978,Manual
User Name 2548,USER - 02548,Department 952,Manual
User Name 2549,USER - 02549,Department 1995,Manual
User Name 2550,USER - 02550,Department 1908,Manual
User Name 2551,USER - 02551,Department 2681,Manual
User Name 2552,USER - 02552,Department 1108,Manual
User Name 2553,USER - 02553,Department 2255,Manual
User Name 2554,USER - 02554,Department 2330,Manual
User Name 2555,USER - 02555,Department 3071,Manual
User Name 2556,USER - 02556,Department 901,Manual
User Name 2557,USER - 02557,Department 2655,Manual
User Name 2558,USER - 02558,Department 981,Manual
User Name 2559,USER - 02559,Department 1853,Manual
User Name 2560,USER - 02560,Department 2514,Manual
User Name 2561,USER - 02561,Department 2124,Manual
User Name 2562,USER - 02562,Department 1108,Manual
User Name 2563,USER - 02563,Department 964,Manual
User Name 2564,USER - 02564,Department 2513,Manual
User Name 2565,USER - 02565,Department 1070,Manual
User Name 2566,USER - 02566,Department 1720,Manual
User Name 2567,USER - 02567,Department 1105,Manual
User Name 2568,USER - 02568,Department 1092,Manual
User Name 2569,USER - 02569,Department 929,Manual
User Name 2570,USER - 02570,Department 2968,Manual
User Name 2571,USER - 02571,Department 978,Manual
User Name 2572,USER - 02572,Department 1093,Manual
User Name 2573,USER - 02573,Department 2521,Manual
User Name 2574,USER - 02574,Department 1107,Manual
User Name 2575,USER - 02575,Department 1620,Manual
User Name 2576,USER - 02576,Department 2445,Manual
User Name 2577,USER - 02577,Department 1006,Manual
User Name 2578,USER - 02578,Department 2517,Manual
User Name 2579,USER - 02579,Department 1028,Manual
User Name 2580,USER - 02580,Department 2344,Manual
User Name 2581,USER - 02581,Department 2057,Manual
User Name 2582,USER - 02582,Department 2445,Manual
User Name 2583,USER - 02583,Department 1012,Manual
User Name 2584,USER - 02584,Department 1084,Manual
User Name 2585,USER - 02585,Department 2704,Manual
User Name 2586,USER - 02586,Department 2513,Manual
User Name 2587,USER - 02587,Department 978,Manual
User Name 2588,USER - 02588,Department 1091,Manual
User Name 2589,USER - 02589,Department 1596,Manual
User Name 2590,USER - 02590,Department 1840,Manual
User Name 2591,USER - 02591,Department 1625,Manual
User Name 2592,USER - 02592,Department 1057,Manual
User Name 2593,USER - 02593,Department 979,Manual
User Name 2594,USER - 02594,Department 987,Manual
User Name 2595,USER - 02595,Department 905,Manual
User Name 2596,USER - 02596,Department 1825,Manual
User Name 2597,USER - 02597,Department 2341,Manual
User Name 2598,USER - 02598,Department 1734,Manual
User Name 2599,USER - 02599,Department 2703,Manual
User Name 2600,USER - 02600,Department 985,Manual
User Name 2601,USER - 02601,Department 1052,Manual
User Name 2602,USER - 02602,Department 1649,Manual
User Name 2603,USER - 02603,Department 1676,Manual
User Name 2604,USER - 02604,Department 2046,Manual
User Name 2605,USER - 02605,Department 2300,Manual
User Name 2606,USER - 02606,Department 985,Manual
User Name 2607,USER - 02607,Department 2522,Manual
User Name 2608,USER - 02608,Department 1007,Manual
User Name 2609,USER - 02609,Department 2522,Manual
User Name 2610,USER - 02610,Department 2517,Manual
User Name 2611,USER - 02611,Department 3067,Manual
User Name 2612,USER - 02612,Department 1778,Manual
User Name 2613,USER - 02613,Department 1028,Manual
User Name 2614,USER - 02614,Department 3063,Manual
User Name 2615,USER - 02615,Department 1780,Manual
User Name 2616,USER - 02616,Department 2427,Manual
User Name 2617,USER - 02617,Department 2046,Manual
User Name 2618,USER - 02618,Department 1904,Manual
User Name 2619,USER - 02619,Department 2034,Manual
User Name 2620,USER - 02620,Department 974,Manual
User Name 2621,USER - 02621,Department 1080,Manual
User Name 2622,USER - 02622,Department 1014,Manual
User Name 2623,USER - 02623,Department 2393,Manual
User Name 2624,USER - 02624,Department 1069,Manual
User Name 2625,USER - 02625,Department 2069,Manual
User Name 2626,USER - 02626,Department 2255,Manual
User Name 2627,USER - 02627,Department 1081,Manual
User Name 2628,USER - 02628,Department 1095,Manual
User Name 2629,USER - 02629,Department 2093,Manual
User Name 2630,USER - 02630,Department 2506,Manual
User Name 2631,USER - 02631,Department 2453,Manual
User Name 2632,USER - 02632,Department 1894,Manual
User Name 2633,USER - 02633,Department 2721,Manual
User Name 2634,USER - 02634,Department 1069,Manual
User Name 2635,USER - 02635,Department 1951,Manual
User Name 2636,USER - 02636,Department 1643,Manual
User Name 2637,USER - 02637,Department 2451,Manual
User Name 2638,USER - 02638,Department 886,Manual
User Name 2639,USER - 02639,Department 436,Manual
User Name 2640,USER - 02640,Department 906,Manual
User Name 2641,USER - 02641,Department 985,Manual
User Name 2642,USER - 02642,Department 992,Manual
User Name 2643,USER - 02643,Department 1096,Manual
User Name 2644,USER - 02644,Department 2045,Manual
User Name 2645,USER - 02645,Department 1669,Manual
User Name 2646,USER - 02646,Department 1072,Manual
User Name 2647,USER - 02647,Department 2128,Manual
User Name 2648,USER - 02648,Department 973,Manual
User Name 2649,USER - 02649,Department 1031,Manual
User Name 2650,USER - 02650,Department 2899,Manual
User Name 2651,USER - 02651,Department 2516,Manual
User Name 2652,USER - 02652,Department 2128,Manual
User Name 2653,USER - 02653,Department 1658,Manual
User Name 2654,USER - 02654,Department 892,Manual
User Name 2655,USER - 02655,Department 977,Manual
User Name 2656,USER - 02656,Department 2451,Manual
User Name 2657,USER - 02657,Department 1003,Manual
User Name 2658,USER - 02658,Department 1028,Manual
User Name 2659,USER - 02659,Department 1052,Manual
User Name 2660,USER - 02660,Department 937,Manual
User Name 2661,USER - 02661,Department 1046,Manual
User Name 2662,USER - 02662,Department 1122,Manual
User Name 2663,USER - 02663,Department 1995,Manual
User Name 2664,USER - 02664,Department 1096,Manual
User Name 2665,USER - 02665,Department 1894,Manual
User Name 2666,USER - 02666,Department 976,Manual
User Name 2667,USER - 02667,Department 1684,Manual
User Name 2668,USER - 02668,Department 2506,Manual
User Name 2669,USER - 02669,Department 2448,Manual
User Name 2670,USER - 02670,Department 2387,Manual
User Name 2671,USER - 02671,Department 2517,Manual
User Name 2672,USER - 02672,Department 893,Manual
User Name 2673,USER - 02673,Department 3530,Manual
User Name 2674,USER - 02674,Department 1845,Manual
User Name 2675,USER - 02675,Department 929,Manual
User Name 2676,USER - 02676,Department 1007,Manual
User Name 2677,USER - 02677,Department 889,Manual
User Name 2678,USER - 02678,Department 2445,Manual
User Name 2679,USER - 02679,Department 1010,Manual
User Name 2680,USER - 02680,Department 1634,Manual
User Name 2681,USER - 02681,Department 1057,Manual
User Name 2682,USER - 02682,Department 1048,Manual
User Name 2683,USER - 02683,Department 1628,Manual
User Name 2684,USER - 02684,Department 1049,Manual
User Name 2685,USER - 02685,Department 936,Manual
User Name 2686,USER - 02686,Department 2255,Manual
User Name 2687,USER - 02687,Department 978,Manual
User Name 2688,USER - 02688,Department 966,Manual
User Name 2689,USER - 02689,Department 1083,Manual
User Name 2690,USER - 02690,Department 986,Manual
User Name 2691,USER - 02691,Department 2653,Manual
User Name 2692,USER - 02692,Department 1083,Manual
User Name 2693,USER - 02693,Department 1072,Manual
User Name 2694,USER - 02694,Department 2442,Manual
User Name 2695,USER - 02695,Department 1634,Manual
User Name 2696,USER - 02696,Department 901,Manual
User Name 2697,USER - 02697,Department 997,Manual
User Name 2698,USER - 02698,Department 1083,Manual
User Name 2699,USER - 02699,Department 1832,Manual
User Name 2700,USER - 02700,Department 1007,Manual
User Name 2701,USER - 02701,Department 1623,Manual
User Name 2702,USER - 02702,Department 1676,Manual
User Name 2703,USER - 02703,Department 1006,Manual
User Name 2704,USER - 02704,Department 2069,Manual
User Name 2705,USER - 02705,Department 3531,Manual
User Name 2706,USER - 02706,Department 1056,Manual
User Name 2707,USER - 02707,Department 1047,Manual
User Name 2708,USER - 02708,Department 2608,Manual
User Name 2709,USER - 02709,Department 1720,Manual
User Name 2710,USER - 02710,Department 1660,Manual
User Name 2711,USER - 02711,Department 3043,Manual
User Name 2712,USER - 02712,Department 2947,Manual
User Name 2713,USER - 02713,Department 2087,Manual
User Name 2714,USER - 02714,Department 2515,Manual
User Name 2715,USER - 02715,Department 2659,Manual
User Name 2716,USER - 02716,Department 2987,Manual
User Name 2717,USER - 02717,Department 1024,Manual
User Name 2718,USER - 02718,Department 1082,Manual
User Name 2719,USER - 02719,Department 1891,Manual
User Name 2720,USER - 02720,Department 1892,Manual
User Name 2721,USER - 02721,Department 2965,Manual
User Name 2722,USER - 02722,Department 240,Manual
User Name 2723,USER - 02723,Department 2345,Manual
User Name 2724,USER - 02724,Department 902,Manual
User Name 2725,USER - 02725,Department 2971,Manual
User Name 2726,USER - 02726,Department 1027,Manual
User Name 2727,USER - 02727,Department 1591,Manual
User Name 2728,USER - 02728,Department 981,Manual
User Name 2729,USER - 02729,Department 2420,Manual
User Name 2730,USER - 02730,Department 1614,Manual
User Name 2731,USER - 02731,Department 2505,Manual
User Name 2732,USER - 02732,Department 1657,Manual
User Name 2733,USER - 02733,Department 894,Manual
User Name 2734,USER - 02734,Department 2338,Manual
User Name 2735,USER - 02735,Department 3085,Manual
User Name 2736,USER - 02736,Department 3548,Manual
User Name 2737,USER - 02737,Department 1014,Manual
User Name 2738,USER - 02738,Department 2125,Manual
User Name 2739,USER - 02739,Department 2067,Manual
User Name 2740,USER - 02740,Department 929,Manual
User Name 2741,USER - 02741,Department 992,Manual
User Name 2742,USER - 02742,Department 2520,Manual
User Name 2743,USER - 02743,Department 977,Manual
User Name 2744,USER - 02744,Department 1091,Manual
User Name 2745,USER - 02745,Department 3563,Manual
User Name 2746,USER - 02746,Department 939,Manual
User Name 2747,USER - 02747,Department 2517,Manual
User Name 2748,USER - 02748,Department 1071,Manual
User Name 2749,USER - 02749,Department 1090,Manual
User Name 2750,USER - 02750,Department 2504,Manual
User Name 2751,USER - 02751,Department 987,Manual
User Name 2752,USER - 02752,Department 2428,Manual
User Name 2753,USER - 02753,Department 1078,Manual
User Name 2754,USER - 02754,Department 1791,Manual
User Name 2755,USER - 02755,Department 2269,Manual
User Name 2756,USER - 02756,Department 1995,Manual
User Name 2757,USER - 02757,Department 986,Manual
User Name 2758,USER - 02758,Department 1051,Manual
User Name 2759,USER - 02759,Department 1014,Manual
User Name 2760,USER - 02760,Department 1006,Manual
User Name 2761,USER - 02761,Department 2513,Manual
User Name 2762,USER - 02762,Department 1870,Manual
User Name 2763,USER - 02763,Department 1085,Manual
User Name 2764,USER - 02764,Department 1008,Manual
User Name 2765,USER - 02765,Department 1770,Manual
User Name 2766,USER - 02766,Department 3536,Manual
User Name 2767,USER - 02767,Department 1617,Manual
User Name 2768,USER - 02768,Department 1074,Manual
User Name 2769,USER - 02769,Department 3550,Manual
User Name 2770,USER - 02770,Department 1074,Manual
User Name 2771,USER - 02771,Department 2451,Manual
User Name 2772,USER - 02772,Department 1047,Manual
User Name 2773,USER - 02773,Department 1741,Manual
User Name 2774,USER - 02774,Department 3016,Manual
User Name 2775,USER - 02775,Department 2513,Manual
User Name 2776,USER - 02776,Department 977,Manual
User Name 2777,USER - 02777,Department 1948,Manual
User Name 2778,USER - 02778,Department 901,Manual
User Name 2779,USER - 02779,Department 2405,Manual
User Name 2780,USER - 02780,Department 1626,Manual
User Name 2781,USER - 02781,Department 2451,Manual
User Name 2782,USER - 02782,Department 1007,Manual
User Name 2783,USER - 02783,Department 902,Manual
User Name 2784,USER - 02784,Department 1053,Manual
User Name 2785,USER - 02785,Department 2504,Manual
User Name 2786,USER - 02786,Department 2668,Manual
User Name 2787,USER - 02787,Department 3560,Manual
User Name 2788,USER - 02788,Department 1003,Manual
User Name 2789,USER - 02789,Department 2892,Manual
User Name 2790,USER - 02790,Department 3556,Manual
User Name 2791,USER - 02791,Department 2794,Manual
User Name 2792,USER - 02792,Department 2961,Manual
User Name 2793,USER - 02793,Department 2677,Manual
User Name 2794,USER - 02794,Department 3273,Manual
User Name 2795,USER - 02795,Department 2210,Manual
User Name 2796,USER - 02796,Department 1065,Manual
User Name 2797,USER - 02797,Department 803,Manual
User Name 2798,USER - 02798,Department 2963,Manual
User Name 2799,USER - 02799,Department 2963,Manual
User Name 2800,USER - 02800,Department 2963,Manual
User Name 2801,USER - 02801,Department 2963,Manual
User Name 2802,USER - 02802,Department 2963,Manual
User Name 2803,USER - 02803,Department 2963,Manual
User Name 2804,USER - 02804,Department 1897,Manual
User Name 2805,USER - 02805,Department 947,Manual
User Name 2806,USER - 02806,Department 2756,Manual
User Name 2807,USER - 02807,Department 3457,Manual
User Name 2808,USER - 02808,Department 2318,Manual
User Name 2809,USER - 02809,Department 1856,Manual
User Name 2810,USER - 02810,Department 1630,Manual
User Name 2811,USER - 02811,Department 1030,Manual
User Name 2812,USER - 02812,Department 2752,Manual
User Name 2813,USER - 02813,Department 1029,Manual
User Name 2814,USER - 02814,Department 1029,Manual
User Name 2815,USER - 02815,Department 1029,Manual
User Name 2816,USER - 02816,Department 2111,Manual
User Name 2817,USER - 02817,Department 1029,Manual
User Name 2818,USER - 02818,Department 1029,Manual
User Name 2819,USER - 02819,Department 1630,Manual
User Name 2820,USER - 02820,Department 3498,Manual
User Name 2821,USER - 02821,Department 2209,Manual
User Name 2822,USER - 02822,Department 2209,Manual
User Name 2823,USER - 02823,Department 1781,Manual
User Name 2824,USER - 02824,Department 2328,Manual
User Name 2825,USER - 02825,Department 2696,Manual
User Name 2826,USER - 02826,Department 3484,Manual
User Name 2827,USER - 02827,Department 3462,Manual
User Name 2828,USER - 02828,Department 3459,Manual
User Name 2829,USER - 02829,Department 3458,Manual
User Name 2830,USER - 02830,Department 1105,Manual
User Name 2831,USER - 02831,Department 3469,Manual
User Name 2832,USER - 02832,Department 2750,Manual
User Name 2833,USER - 02833,Department 1105,Manual
User Name 2834,USER - 02834,Department 3478,Manual
User Name 2835,USER - 02835,Department 3478,Manual
User Name 2836,USER - 02836,Department 3478,Manual
User Name 2837,USER - 02837,Department 3478,Manual
User Name 2838,USER - 02838,Department 2968,Manual
User Name 2839,USER - 02839,Department 3478,Manual
User Name 2840,USER - 02840,Department 2079,Manual
User Name 2841,USER - 02841,Department 3480,Manual
User Name 2842,USER - 02842,Department 3480,Manual
User Name 2843,USER - 02843,Department 3474,Manual
User Name 2844,USER - 02844,Department 3470,Manual
User Name 2845,USER - 02845,Department 3516,Manual
User Name 2846,USER - 02846,Department 3480,Manual
User Name 2847,USER - 02847,Department 1857,Manual
User Name 2848,USER - 02848,Department 3480,Manual
User Name 2849,USER - 02849,Department 3500,Manual
User Name 2850,USER - 02850,Department 3515,Manual
User Name 2851,USER - 02851,Department 3474,Manual
User Name 2852,USER - 02852,Department 3480,Manual
User Name 2853,USER - 02853,Department 3472,Manual
User Name 2854,USER - 02854,Department 3480,Manual
User Name 2855,USER - 02855,Department 3480,Manual
User Name 2856,USER - 02856,Department 3480,Manual
User Name 2857,USER - 02857,Department 3480,Manual
User Name 2858,USER - 02858,Department 3480,Manual
User Name 2859,USER - 02859,Department 3510,Manual
User Name 2860,USER - 02860,Department 3480,Manual
User Name 2861,USER - 02861,Department 3480,Manual
User Name 2862,USER - 02862,Department 3480,Manual
User Name 2863,USER - 02863,Department 3490,Manual
User Name 2864,USER - 02864,Department 3493,Manual
User Name 2865,USER - 02865,Department 1859,Manual
User Name 2866,USER - 02866,Department 2044,Manual
User Name 2867,USER - 02867,Department 3474,Manual
User Name 2868,USER - 02868,Department 3465,Manual
User Name 2869,USER - 02869,Department 3471,Manual
User Name 2870,USER - 02870,Department 3520,Manual
User Name 2871,USER - 02871,Department 3500,Manual
User Name 2872,USER - 02872,Department 3480,Manual
User Name 2873,USER - 02873,Department 3480,Manual
User Name 2874,USER - 02874,Department 3499,Manual
User Name 2875,USER - 02875,Department 3465,Manual
User Name 2876,USER - 02876,Department 3474,Manual
User Name 2877,USER - 02877,Department 3511,Manual
User Name 2878,USER - 02878,Department 3480,Manual
User Name 2879,USER - 02879,Department 3480,Manual
User Name 2880,USER - 02880,Department 3480,Manual
User Name 2881,USER - 02881,Department 2626,Manual
User Name 2882,USER - 02882,Department 3480,Manual
User Name 2883,USER - 02883,Department 3480,Manual
User Name 2884,USER - 02884,Department 3521,Manual
User Name 2885,USER - 02885,Department 3474,Manual
User Name 2886,USER - 02886,Department 3487,Manual
User Name 2887,USER - 02887,Department 2677,Manual
User Name 2888,USER - 02888,Department 2229,Manual
User Name 2889,USER - 02889,Department 2261,Manual
User Name 2890,USER - 02890,Department 2817,Manual
User Name 2891,USER - 02891,Department 979,Manual
User Name 2892,USER - 02892,Department 1628,Manual
User Name 2893,USER - 02893,Department 2851,Manual
User Name 2894,USER - 02894,Department 886,Manual
User Name 2895,USER - 02895,Department 2731,Manual
User Name 2896,USER - 02896,Department 1011,Manual
User Name 2897,USER - 02897,Department 1846,Manual
User Name 2898,USER - 02898,Department 3104,Manual
User Name 2899,USER - 02899,Department 2070,Manual
User Name 2900,USER - 02900,Department 2070,Manual
User Name 2901,USER - 02901,Department 2962,Manual
User Name 2902,USER - 02902,Department 2962,Manual
User Name 2903,USER - 02903,Department 2922,Manual
User Name 2904,USER - 02904,Department 3104,Manual
User Name 2905,USER - 02905,Department 2708,Manual
User Name 2906,USER - 02906,Department 2810,Manual
User Name 2907,USER - 02907,Department 2819,Manual
User Name 2908,USER - 02908,Department 2709,Manual
User Name 2909,USER - 02909,Department 1951,Manual
User Name 2910,USER - 02910,Department 55,Manual
User Name 2911,USER - 02911,Department 2113,Manual
User Name 2912,USER - 02912,Department 2052,Manual
User Name 2913,USER - 02913,Department 422,Manual
User Name 2914,USER - 02914,Department 2200,Manual
User Name 2915,USER - 02915,Department 2269,Manual
User Name 2916,USER - 02916,Department 2219,Manual
User Name 2917,USER - 02917,Department 2705,Manual
User Name 2918,USER - 02918,Department 2030,Manual
User Name 2919,USER - 02919,Department 2098,Manual
User Name 2920,USER - 02920,Department 2269,Manual
User Name 2921,USER - 02921,Department 3111,Manual
User Name 2922,USER - 02922,Department 1922,Manual
User Name 2923,USER - 02923,Department 3630,Manual
User Name 2924,USER - 02924,Department 2085,Manual
User Name 2925,USER - 02925,Department 3539,Manual
User Name 2926,USER - 02926,Department 2098,Manual
User Name 2927,USER - 02927,Department 3631,Manual
User Name 2928,USER - 02928,Department 3108,Manual
User Name 2929,USER - 02929,Department 3110,Manual
User Name 2930,USER - 02930,Department 3092,Manual
User Name 2931,USER - 02931,Department 1927,Manual
User Name 2932,USER - 02932,Department 1868,Manual
User Name 2933,USER - 02933,Department 3110,Manual
User Name 2934,USER - 02934,Department 3086,Manual
User Name 2935,USER - 02935,Department 3091,Manual
User Name 2936,USER - 02936,Department 3539,Manual
User Name 2937,USER - 02937,Department 1924,Manual
User Name 2938,USER - 02938,Department 1927,Manual
User Name 2939,USER - 02939,Department 1590,Manual
User Name 2940,USER - 02940,Department 3077,Manual
User Name 2941,USER - 02941,Department 2813,Manual
User Name 2942,USER - 02942,Department 2734,Manual
User Name 2943,USER - 02943,Department 3057,Manual
User Name 2944,USER - 02944,Department 2214,Manual
User Name 2945,USER - 02945,Department 2070,Manual
User Name 2946,USER - 02946,Department 2070,Manual
User Name 2947,USER - 02947,Department 2815,Manual
User Name 2948,USER - 02948,Department 2815,Manual
User Name 2949,USER - 02949,Department 2821,Manual
User Name 2950,USER - 02950,Department 2070,Manual
User Name 2951,USER - 02951,Department 2817,Manual
User Name 2952,USER - 02952,Department 2070,Manual
User Name 2953,USER - 02953,Department 2736,Manual
User Name 2954,USER - 02954,Department 1877,Manual
User Name 2955,USER - 02955,Department 2810,Manual
User Name 2956,USER - 02956,Department 2808,Manual
User Name 2957,USER - 02957,Department 1646,Manual
User Name 2958,USER - 02958,Department 3532,Manual
User Name 2959,USER - 02959,Department 1927,Manual
User Name 2960,USER - 02960,Department 2226,Manual
User Name 2961,USER - 02961,Department 1874,Manual
User Name 2962,USER - 02962,Department 645,Manual
User Name 2963,USER - 02963,Department 2070,Manual
User Name 2964,USER - 02964,Department 2070,Manual
User Name 2965,USER - 02965,Department 2070,Manual
User Name 2966,USER - 02966,Department 2070,Manual
User Name 2967,USER - 02967,Department 2070,Manual
User Name 2968,USER - 02968,Department 2070,Manual
User Name 2969,USER - 02969,Department 2070,Manual
User Name 2970,USER - 02970,Department 2070,Manual
User Name 2971,USER - 02971,Department 2070,Manual
User Name 2972,USER - 02972,Department 2070,Manual
User Name 2973,USER - 02973,Department 2070,Manual
User Name 2974,USER - 02974,Department 2070,Manual
User Name 2975,USER - 02975,Department 2070,Manual
User Name 2976,USER - 02976,Department 2070,Manual
User Name 2977,USER - 02977,Department 2070,Manual
User Name 2978,USER - 02978,Department 3466,Manual
User Name 2979,USER - 02979,Department 2070,Manual
User Name 2980,USER - 02980,Department 3685,Manual
User Name 2981,USER - 02981,Department 220,Manual
User Name 2982,USER - 02982,Department 201,Manual
User Name 2983,USER - 02983,Department 2070,Manual
User Name 2984,USER - 02984,Department 2070,Manual
User Name 2985,USER - 02985,Department 2070,Manual
User Name 2986,USER - 02986,Department 2070,Manual
User Name 2987,USER - 02987,Department 877,Manual
User Name 2988,USER - 02988,Department 3485,Manual
User Name 2989,USER - 02989,Department 2070,Manual
User Name 2990,USER - 02990,Department 3543,Manual
User Name 2991,USER - 02991,Department 900,Manual
User Name 2992,USER - 02992,Department 3087,Manual
User Name 2993,USER - 02993,Department 2815,Manual
User Name 2994,USER - 02994,Department 1811,Manual
User Name 2995,USER - 02995,Department 2813,Manual
User Name 2996,USER - 02996,Department 3078,Manual
User Name 2997,USER - 02997,Department 1965,Manual
User Name 2998,USER - 02998,Department 2430,Manual
User Name 2999,USER - 02999,Department 1787,Manual
User Name 3000,USER - 03000,Department 2241,Manual
User Name 3001,USER - 03001,Department 957,Manual
User Name 3002,USER - 03002,Department 2070,Manual
User Name 3003,USER - 03003,Department 3570,Manual
User Name 3004,USER - 03004,Department 2241,Manual
User Name 3005,USER - 03005,Department 2411,Manual
User Name 3006,USER - 03006,Department 2815,Manual
User Name 3007,USER - 03007,Department 2772,Manual
User Name 3008,USER - 03008,Department 2817,Manual
User Name 3009,USER - 03009,Department 2178,Manual
User Name 3010,USER - 03010,Department 2746,Manual
User Name 3011,USER - 03011,Department 2178,Manual
User Name 3012,USER - 03012,Department 2178,Manual
User Name 3013,USER - 03013,Department 3619,Manual
User Name 3014,USER - 03014,Department 2184,Manual
User Name 3015,USER - 03015,Department 2813,Manual
User Name 3016,USER - 03016,Department 2774,Manual
User Name 3017,USER - 03017,Department 2743,Manual
User Name 3018,USER - 03018,Department 3619,Manual
User Name 3019,USER - 03019,Department 2852,Manual
User Name 3020,USER - 03020,Department 908,Manual
User Name 3021,USER - 03021,Department 2808,Manual
User Name 3022,USER - 03022,Department 2178,Manual
User Name 3023,USER - 03023,Department 2416,Manual
User Name 3024,USER - 03024,Department 3111,Manual
User Name 3025,USER - 03025,Department 3113,Manual
User Name 3026,USER - 03026,Department 2844,Manual
User Name 3027,USER - 03027,Department 2968,Manual
User Name 3028,USER - 03028,Department 3112,Manual
User Name 3029,USER - 03029,Department 2959,Manual
User Name 3030,USER - 03030,Department 2995,Manual
User Name 3031,USER - 03031,Department 2960,Manual
User Name 3032,USER - 03032,Department 3013,Manual
User Name 3033,USER - 03033,Department 3018,Manual
User Name 3034,USER - 03034,Department 3010,Manual
User Name 3035,USER - 03035,Department 2959,Manual
User Name 3036,USER - 03036,Department 2869,Manual
User Name 3037,USER - 03037,Department 3068,Manual
User Name 3038,USER - 03038,Department 2959,Manual
User Name 3039,USER - 03039,Department 3081,Manual
User Name 3040,USER - 03040,Department 1643,Manual
User Name 3041,USER - 03041,Department 1785,Manual
User Name 3042,USER - 03042,Department 1785,Manual
User Name 3043,USER - 03043,Department 1785,Manual
User Name 3044,USER - 03044,Department 1785,Manual
User Name 3045,USER - 03045,Department 1891,Manual
User Name 3046,USER - 03046,Department 1643,Manual
User Name 3047,USER - 03047,Department 1785,Manual
User Name 3048,USER - 03048,Department 1789,Manual
User Name 3049,USER - 03049,Department 1785,Manual
User Name 3050,USER - 03050,Department 1785,Manual
User Name 3051,USER - 03051,Department 1852,Manual
User Name 3052,USER - 03052,Department 1783,Manual
User Name 3053,USER - 03053,Department 1785,Manual
User Name 3054,USER - 03054,Department 1785,Manual
User Name 3055,USER - 03055,Department 1643,Manual
User Name 3056,USER - 03056,Department 1655,Manual
User Name 3057,USER - 03057,Department 1950,Manual
User Name 3058,USER - 03058,Department 1785,Manual
User Name 3059,USER - 03059,Department 1785,Manual
User Name 3060,USER - 03060,Department 1789,Manual
User Name 3061,USER - 03061,Department 1785,Manual
User Name 3062,USER - 03062,Department 1785,Manual
User Name 3063,USER - 03063,Department 1655,Manual
User Name 3064,USER - 03064,Department 1785,Manual
User Name 3065,USER - 03065,Department 1643,Manual
User Name 3066,USER - 03066,Department 1785,Manual
User Name 3067,USER - 03067,Department 1785,Manual
User Name 3068,USER - 03068,Department 2237,Manual
User Name 3069,USER - 03069,Department 1785,Manual
User Name 3070,USER - 03070,Department 2073,Manual
User Name 3071,USER - 03071,Department 2103,Manual
User Name 3072,USER - 03072,Department 1643,Manual
User Name 3073,USER - 03073,Department 1643,Manual
User Name 3074,USER - 03074,Department 1643,Manual
User Name 3075,USER - 03075,Department 1643,Manual
User Name 3076,USER - 03076,Department 1643,Manual
User Name 3077,USER - 03077,Department 1643,Manual
User Name 3078,USER - 03078,Department 1643,Manual
User Name 3079,USER - 03079,Department 1643,Manual
User Name 3080,USER - 03080,Department 1852,Manual
User Name 3081,USER - 03081,Department 1780,Manual
User Name 3082,USER - 03082,Department 2077,Manual
User Name 3083,USER - 03083,Department 1909,Automatic
User Name 3084,USER - 03084,Department 135,Manual
User Name 3085,USER - 03085,Department 2081,Manual
User Name 3086,USER - 03086,Department 2081,Manual
User Name 3087,USER - 03087,Department 2071,Manual
User Name 3088,USER - 03088,Department 1063,Manual
User Name 3089,USER - 03089,Department 1993,Manual
User Name 3090,USER - 03090,Department 2068,Manual
User Name 3091,USER - 03091,Department 2095,Manual
User Name 3092,USER - 03092,Department 1785,Manual
User Name 3093,USER - 03093,Department 1785,Manual
User Name 3094,USER - 03094,Department 3562,Manual
User Name 3095,USER - 03095,Department 1759,Automatic
User Name 3096,USER - 03096,Department 2071,Manual
User Name 3097,USER - 03097,Department 2076,Manual
User Name 3098,USER - 03098,Department 184,Manual
User Name 3099,USER - 03099,Department 1901,Automatic
User Name 3100,USER - 03100,Department 2071,Manual
User Name 3101,USER - 03101,Department 2112,Manual
User Name 3102,USER - 03102,Department 2648,Manual
User Name 3103,USER - 03103,Department 1643,Manual
User Name 3104,USER - 03104,Department 2106,Automatic
User Name 3105,USER - 03105,Department 1639,Manual
User Name 3106,USER - 03106,Department 2538,Manual
User Name 3107,USER - 03107,Department 1643,Manual
User Name 3108,USER - 03108,Department 1918,Manual
User Name 3109,USER - 03109,Department 1119,Manual
User Name 3110,USER - 03110,Department 2072,Manual
User Name 3111,USER - 03111,Department 2115,Manual
User Name 3112,USER - 03112,Department 2110,Manual
User Name 3113,USER - 03113,Department 2116,Manual
User Name 3114,USER - 03114,Department 3417,Manual
User Name 3115,USER - 03115,Department 1909,Automatic
User Name 3116,USER - 03116,,Automatic
User Name 3117,USER - 03117,Department 1694,Manual
User Name 3118,USER - 03118,Department 1120,Manual
User Name 3119,USER - 03119,Department 2068,Manual
User Name 3120,USER - 03120,Department 465,Manual
User Name 3121,USER - 03121,Department 1772,Manual
User Name 3122,USER - 03122,Department 1849,Manual
User Name 3123,USER - 03123,Department 684,Manual
User Name 3124,USER - 03124,Department 1673,Manual
User Name 3125,USER - 03125,Department 1643,Manual
User Name 3126,USER - 03126,Department 746,Manual
User Name 3127,USER - 03127,Department 1768,Manual
User Name 3128,USER - 03128,Department 2103,Manual
User Name 3129,USER - 03129,Department 2191,Manual
User Name 3130,USER - 03130,Department 1643,Manual
User Name 3131,USER - 03131,Department 1643,Manual
User Name 3132,USER - 03132,Department 352,Manual
User Name 3133,USER - 03133,Department 1927,Automatic
User Name 3134,USER - 03134,Department 632,Manual
User Name 3135,USER - 03135,Department 349,Manual
User Name 3136,USER - 03136,Department 1643,Manual
User Name 3137,USER - 03137,Department 2211,Manual
User Name 3138,USER - 03138,Department 1732,Automatic
User Name 3139,USER - 03139,Department 1731,Automatic
User Name 3140,USER - 03140,Department 2120,Manual
User Name 3141,USER - 03141,Department 1834,Manual
User Name 3142,USER - 03142,Department 1785,Manual
User Name 3143,USER - 03143,Department 1852,Manual
User Name 3144,USER - 03144,Department 1643,Manual
User Name 3145,USER - 03145,Department 1643,Manual
User Name 3146,USER - 03146,Department 1720,Manual
User Name 3147,USER - 03147,Department 1643,Manual
User Name 3148,USER - 03148,Department 2175,Manual
User Name 3149,USER - 03149,Department 1643,Manual
User Name 3150,USER - 03150,Department 1785,Manual
User Name 3151,USER - 03151,Department 1785,Manual
User Name 3152,USER - 03152,Department 1991,Manual
User Name 3153,USER - 03153,Department 2226,Manual
User Name 3154,USER - 03154,Department 2115,Manual
User Name 3155,USER - 03155,Department 2082,Manual
User Name 3156,USER - 03156,Department 2072,Manual
User Name 3157,USER - 03157,Department 2175,Manual
User Name 3158,USER - 03158,Department 1643,Manual
User Name 3159,USER - 03159,Department 1854,Manual
User Name 3160,USER - 03160,Department 1785,Manual
User Name 3161,USER - 03161,Department 1882,Manual
User Name 3162,USER - 03162,Department 1882,Manual
User Name 3163,USER - 03163,Department 1643,Manual
User Name 3164,USER - 03164,,Manual
User Name 3165,USER - 03165,,Manual
User Name 3166,USER - 03166,,Manual
User Name 3167,USER - 03167,,Manual
User Name 3168,USER - 03168,,Manual
User Name 3169,USER - 03169,,Manual
User Name 3170,USER - 03170,,Manual
User Name 3171,USER - 03171,,Manual
User Name 3172,USER - 03172,,Manual
User Name 3173,USER - 03173,,Manual
User Name 3174,USER - 03174,Department 748,Manual
User Name 3175,USER - 03175,Department 1643,Manual
User Name 3176,USER - 03176,Department 1785,Manual
User Name 3177,USER - 03177,Department 1643,Manual
User Name 3178,USER - 03178,Department 1643,Manual
User Name 3179,USER - 03179,Department 1643,Manual
User Name 3180,USER - 03180,Department 1892,Manual
User Name 3181,USER - 03181,Department 1810,Manual
User Name 3182,USER - 03182,Department 1909,Automatic
User Name 3183,USER - 03183,Department 2051,Manual
User Name 3184,USER - 03184,Department 1905,Automatic
User Name 3185,USER - 03185,Department 3604,Manual
User Name 3186,USER - 03186,Department 2097,Manual
User Name 3187,USER - 03187,Department 1785,Manual
User Name 3188,USER - 03188,Department 2692,Manual
User Name 3189,USER - 03189,Department 1643,Manual
User Name 3190,USER - 03190,Department 1643,Manual
User Name 3191,USER - 03191,Department 1643,Manual
User Name 3192,USER - 03192,Department 1789,Manual
User Name 3193,USER - 03193,Department 960,Manual
User Name 3194,USER - 03194,Department 2111,Manual
User Name 3195,USER - 03195,Department 2126,Manual
User Name 3196,USER - 03196,Department 2975,Manual
User Name 3197,USER - 03197,,Manual
User Name 3198,USER - 03198,Department 1907,Automatic
User Name 3199,USER - 03199,Department 2898,Manual
User Name 3200,USER - 03200,Department 1909,Automatic
User Name 3201,USER - 03201,Department 1785,Manual
User Name 3202,USER - 03202,Department 1557,Manual
User Name 3203,USER - 03203,Department 1785,Manual
User Name 3204,USER - 03204,Department 1785,Manual
User Name 3205,USER - 03205,Department 682,Manual
User Name 3206,USER - 03206,Department 1909,Automatic
User Name 3207,USER - 03207,Department 2047,Manual
User Name 3208,USER - 03208,Department 1725,Automatic
User Name 3209,USER - 03209,Department 1643,Manual
User Name 3210,USER - 03210,,Manual
User Name 3211,USER - 03211,Department 962,Manual
User Name 3212,USER - 03212,Department 743,Manual
User Name 3213,USER - 03213,Department 2020,Manual
User Name 3214,USER - 03214,Department 1785,Manual
User Name 3215,USER - 03215,Department 1852,Manual
User Name 3216,USER - 03216,Department 1643,Manual
User Name 3217,USER - 03217,Department 2219,Manual
User Name 3218,USER - 03218,Department 2214,Manual
User Name 3219,USER - 03219,Department 1785,Manual
User Name 3220,USER - 03220,Department 3013,Manual
User Name 3221,USER - 03221,Department 2239,Manual
User Name 3222,USER - 03222,Department 1643,Manual
User Name 3223,USER - 03223,Department 1759,Manual
User Name 3224,USER - 03224,Department 294,Manual
User Name 3225,USER - 03225,Department 761,Manual
User Name 3226,USER - 03226,Department 1042,Manual
User Name 3227,USER - 03227,Department 1659,Manual
User Name 3228,USER - 03228,Department 1659,Manual
User Name 3229,USER - 03229,Department 750,Manual
User Name 3230,USER - 03230,Department 1811,Manual
User Name 3231,USER - 03231,Department 1785,Manual
User Name 3232,USER - 03232,Department 1815,Manual
User Name 3233,USER - 03233,Department 1643,Manual
User Name 3234,USER - 03234,Department 1785,Manual
User Name 3235,USER - 03235,Department 3534,Manual
User Name 3236,USER - 03236,Department 1883,Automatic
User Name 3237,USER - 03237,Department 1643,Manual
User Name 3238,USER - 03238,Department 1643,Manual
User Name 3239,USER - 03239,Department 1643,Manual
User Name 3240,USER - 03240,Department 1955,Manual
User Name 3241,USER - 03241,Department 1840,Manual
User Name 3242,USER - 03242,Department 1752,Manual
User Name 3243,USER - 03243,Department 1856,Manual
User Name 3244,USER - 03244,Department 1953,Manual
User Name 3245,USER - 03245,Department 3654,Manual
User Name 3246,USER - 03246,Department 1854,Manual
User Name 3247,USER - 03247,Department 1936,Manual
User Name 3248,USER - 03248,Department 3535,Manual
User Name 3249,USER - 03249,Department 2078,Manual
User Name 3250,USER - 03250,Department 1643,Manual
User Name 3251,USER - 03251,Department 2410,Automatic
User Name 3252,USER - 03252,Department 1733,Automatic
User Name 3253,USER - 03253,Department 744,Manual
User Name 3254,USER - 03254,Department 1852,Manual
User Name 3255,USER - 03255,Department 3655,Manual
User Name 3256,USER - 03256,Department 1816,Manual
User Name 3257,USER - 03257,Department 1772,Manual
User Name 3258,USER - 03258,Department 230,Manual
User Name 3259,USER - 03259,Department 230,Manual
User Name 3260,USER - 03260,Department 1785,Manual
User Name 3261,USER - 03261,Department 1785,Manual
User Name 3262,USER - 03262,Department 2233,Manual
User Name 3263,USER - 03263,Department 2233,Manual
User Name 3264,USER - 03264,Department 2233,Manual
User Name 3265,USER - 03265,Department 2233,Manual
User Name 3266,USER - 03266,Department 2233,Manual
User Name 3267,USER - 03267,Department 2233,Manual
User Name 3268,USER - 03268,Department 2233,Manual
User Name 3269,USER - 03269,Department 2233,Manual
User Name 3270,USER - 03270,Department 2233,Manual
User Name 3271,USER - 03271,Department 2233,Manual
User Name 3272,USER - 03272,Department 1643,Manual
User Name 3273,USER - 03273,Department 2187,Manual
User Name 3274,USER - 03274,Department 1920,Manual
User Name 3275,USER - 03275,Department 1785,Manual
User Name 3276,USER - 03276,Department 1928,Manual
User Name 3277,USER - 03277,Department 960,Manual
User Name 3278,USER - 03278,Department 3182,Manual
User Name 3279,USER - 03279,Department 1683,Manual
User Name 3280,USER - 03280,Department 1725,Automatic
User Name 3281,USER - 03281,Department 3010,Manual
User Name 3282,USER - 03282,Department 3012,Manual
User Name 3283,USER - 03283,Department 3053,Manual
User Name 3284,USER - 03284,Department 2836,Manual
User Name 3285,USER - 03285,Department 2960,Manual
User Name 3286,USER - 03286,Department 3010,Manual
User Name 3287,USER - 03287,Department 2948,Manual
User Name 3288,USER - 03288,Department 2959,Manual
User Name 3289,USER - 03289,Department 2963,Manual
User Name 3290,USER - 03290,Department 3070,Manual
User Name 3291,USER - 03291,Department 3010,Manual
User Name 3292,USER - 03292,Department 2963,Manual
User Name 3293,USER - 03293,Department 3010,Manual
User Name 3294,USER - 03294,Department 3009,Manual
User Name 3295,USER - 03295,Department 2980,Manual
User Name 3296,USER - 03296,Department 2959,Manual
User Name 3297,USER - 03297,Department 2981,Manual
User Name 3298,USER - 03298,Department 2960,Manual
User Name 3299,USER - 03299,Department 2968,Manual
User Name 3300,USER - 03300,Department 3011,Manual
User Name 3301,USER - 03301,Department 2834,Manual
User Name 3302,USER - 03302,Department 2962,Manual
User Name 3303,USER - 03303,Department 3141,Manual
User Name 3304,USER - 03304,Department 3082,Manual
User Name 3305,USER - 03305,Department 2960,Manual
User Name 3306,USER - 03306,Department 3092,Manual
User Name 3307,USER - 03307,Department 2979,Manual
User Name 3308,USER - 03308,Department 2969,Manual
User Name 3309,USER - 03309,Department 3062,Manual
User Name 3310,USER - 03310,Department 3010,Manual
User Name 3311,USER - 03311,Department 3116,Manual
User Name 3312,USER - 03312,Department 2958,Manual
User Name 3313,USER - 03313,Department 2992,Manual
User Name 3314,USER - 03314,Department 3067,Manual
User Name 3315,USER - 03315,Department 3062,Manual
User Name 3316,USER - 03316,Department 2958,Manual
User Name 3317,USER - 03317,Department 2975,Manual
User Name 3318,USER - 03318,Department 2975,Manual
User Name 3319,USER - 03319,Department 3092,Manual
User Name 3320,USER - 03320,Department 2963,Manual
User Name 3321,USER - 03321,Department 3024,Manual
User Name 3322,USER - 03322,Department 2798,Manual
User Name 3323,USER - 03323,Department 2815,Manual
User Name 3324,USER - 03324,Department 2764,Manual
User Name 3325,USER - 03325,Department 2070,Manual
User Name 3326,USER - 03326,Department 2767,Manual
User Name 3327,USER - 03327,Department 2070,Manual
User Name 3328,USER - 03328,Department 2817,Manual
User Name 3329,USER - 03329,Department 2815,Manual
User Name 3330,USER - 03330,Department 2714,Manual
User Name 3331,USER - 03331,Department 2070,Manual
User Name 3332,USER - 03332,Department 2746,Manual
User Name 3333,USER - 03333,Department 2804,Manual
User Name 3334,USER - 03334,Department 2799,Manual
User Name 3335,USER - 03335,Department 2793,Manual
User Name 3336,USER - 03336,Department 2070,Manual
User Name 3337,USER - 03337,Department 2070,Manual
User Name 3338,USER - 03338,Department 2070,Manual
User Name 3339,USER - 03339,Department 2777,Manual
User Name 3340,USER - 03340,Department 2718,Manual
User Name 3341,USER - 03341,Department 2789,Manual
User Name 3342,USER - 03342,Department 2779,Manual
User Name 3343,USER - 03343,Department 2714,Manual
User Name 3344,USER - 03344,Department 2817,Manual
User Name 3345,USER - 03345,Department 2715,Manual
User Name 3346,USER - 03346,Department 2803,Manual
User Name 3347,USER - 03347,Department 2815,Manual
User Name 3348,USER - 03348,Department 2070,Manual
User Name 3349,USER - 03349,Department 2793,Manual
User Name 3350,USER - 03350,Department 2070,Manual
User Name 3351,USER - 03351,Department 1763,Manual
User Name 3352,USER - 03352,Department 2070,Manual
User Name 3353,USER - 03353,Department 2083,Manual
User Name 3354,USER - 03354,Department 922,Manual
User Name 3355,USER - 03355,Department 993,Manual
User Name 3356,USER - 03356,Department 993,Manual
User Name 3357,USER - 03357,Department 993,Manual
User Name 3358,USER - 03358,Department 1749,Manual
User Name 3359,USER - 03359,Department 993,Manual
User Name 3360,USER - 03360,Department 1011,Manual
User Name 3361,USER - 03361,Department 991,Manual
User Name 3362,USER - 03362,Department 2181,Manual
User Name 3363,USER - 03363,Department 2181,Manual
User Name 3364,USER - 03364,Department 2181,Manual
User Name 3365,USER - 03365,Department 1100,Manual
User Name 3366,USER - 03366,Department 3519,Manual
User Name 3367,USER - 03367,Department 2318,Manual
User Name 3368,USER - 03368,Department 2001,Manual
User Name 3369,USER - 03369,Department 2917,Manual
User Name 3370,USER - 03370,Department 296,Manual
User Name 3371,USER - 03371,Department 2565,Manual
User Name 3372,USER - 03372,Department 2179,Manual
User Name 3373,USER - 03373,Department 1068,Manual
User Name 3374,USER - 03374,Department 3482,Manual
User Name 3375,USER - 03375,Department 149,Manual
User Name 3376,USER - 03376,Department 489,Manual
User Name 3377,USER - 03377,Department 2186,Manual
User Name 3378,USER - 03378,Department 2229,Manual
User Name 3379,USER - 03379,Department 990,Manual
User Name 3380,USER - 03380,Department 2675,Manual
User Name 3381,USER - 03381,Department 3555,Manual
User Name 3382,USER - 03382,Department 2199,Manual
User Name 3383,USER - 03383,Department 726,Manual
User Name 3384,USER - 03384,Department 616,Manual
User Name 3385,USER - 03385,Department 2141,Manual
User Name 3386,USER - 03386,Department 2140,Manual
User Name 2837,USER - 02837,Department 2141,Manual
User Name 3388,USER - 03388,Department 2141,Manual
User Name 3389,USER - 03389,Department 2135,Manual
User Name 3390,USER - 03390,Department 2403,Manual
User Name 3391,USER - 03391,Department 2140,Manual
User Name 3392,USER - 03392,Department 366,Manual
User Name 3393,USER - 03393,Department 3645,Manual
User Name 3394,USER - 03394,Department 379,Manual
User Name 3395,USER - 03395,Department 1065,Manual
User Name 3396,USER - 03396,Department 961,Manual
User Name 3397,USER - 03397,Department 386,Manual
User Name 3398,USER - 03398,Department 2135,Manual
User Name 3399,USER - 03399,Department 2137,Manual
User Name 3400,USER - 03400,Department 2141,Manual
User Name 3401,USER - 03401,Department 2138,Manual
User Name 3402,USER - 03402,Department 2381,Manual
User Name 3403,USER - 03403,Department 3642,Manual
User Name 3404,USER - 03404,Department 2139,Manual
User Name 3405,USER - 03405,Department 2139,Manual
User Name 3406,USER - 03406,Department 2137,Manual
User Name 3407,USER - 03407,Department 2140,Manual
User Name 3408,USER - 03408,Department 2138,Manual
User Name 3409,USER - 03409,Department 386,Manual
User Name 3410,USER - 03410,Department 2140,Manual
User Name 3411,USER - 03411,Department 2135,Manual
User Name 3412,USER - 03412,Department 3535,Manual
User Name 3413,USER - 03413,Department 2135,Manual
User Name 3414,USER - 03414,Department 3652,Manual
User Name 3415,USER - 03415,Department 557,Manual
User Name 3416,USER - 03416,Department 1059,Manual
User Name 3417,USER - 03417,Department 2141,Manual
User Name 3418,USER - 03418,Department 2381,Manual
User Name 3419,USER - 03419,Department 660,Manual
User Name 3420,USER - 03420,Department 3639,Manual
User Name 3421,USER - 03421,Department 961,Manual
User Name 3422,USER - 03422,Department 2141,Manual
User Name 3423,USER - 03423,Department 2135,Manual
User Name 3424,USER - 03424,Department 388,Manual
User Name 3425,USER - 03425,Department 1062,Manual
User Name 3426,USER - 03426,Department 2138,Manual
User Name 3427,USER - 03427,Department 2135,Manual
User Name 3428,USER - 03428,Department 219,Manual
User Name 3429,USER - 03429,Department 2137,Manual
User Name 3430,USER - 03430,Department 3010,Manual
User Name 3431,USER - 03431,Department 2200,Manual
User Name 3432,USER - 03432,Department 2193,Manual
User Name 3433,USER - 03433,Department 1630,Manual
User Name 3434,USER - 03434,Department 2210,Manual
User Name 3435,USER - 03435,Department 2070,Manual
User Name 3436,USER - 03436,Department 2635,Manual
User Name 3437,USER - 03437,Department 2183,Manual
User Name 3438,USER - 03438,Department 760,Manual
User Name 3439,USER - 03439,Department 2262,Manual
User Name 3440,USER - 03440,Department 1764,Manual
User Name 3441,USER - 03441,Department 2047,Manual
User Name 3442,USER - 03442,Department 1735,Manual
User Name 3443,USER - 03443,Department 2245,Manual
User Name 3444,USER - 03444,Department 2215,Manual
User Name 3445,USER - 03445,Department 2215,Manual
User Name 3446,USER - 03446,Department 2230,Manual
User Name 3447,USER - 03447,Department 2413,Manual
User Name 3448,USER - 03448,Department 1856,Manual
User Name 3449,USER - 03449,Department 2015,Manual
User Name 3450,USER - 03450,Department 413,Manual
User Name 3451,USER - 03451,Department 2230,Manual
User Name 3452,USER - 03452,Department 2230,Manual
User Name 3453,USER - 03453,Department 2222,Manual
User Name 3454,USER - 03454,Department 1800,Manual
User Name 3455,USER - 03455,Department 2844,Manual
User Name 3456,USER - 03456,Department 3685,Manual
User Name 3457,USER - 03457,Department 2226,Manual
User Name 3458,USER - 03458,Department 1705,Manual
User Name 3459,USER - 03459,Department 2225,Manual
User Name 3460,USER - 03460,Department 2226,Manual
User Name 3461,USER - 03461,Department 1954,Manual
User Name 3462,USER - 03462,Department 991,Manual
User Name 3463,USER - 03463,Department 1954,Manual
User Name 3464,USER - 03464,Department 220,Manual
User Name 3465,USER - 03465,Department 1899,Manual
User Name 3466,USER - 03466,Department 2380,Manual
User Name 3467,USER - 03467,Department 2226,Manual
User Name 3468,USER - 03468,Department 2226,Manual
User Name 3469,USER - 03469,Department 2225,Manual
User Name 3470,USER - 03470,Department 686,Manual
User Name 3471,USER - 03471,Department 1991,Manual
User Name 3472,USER - 03472,Department 699,Manual
User Name 3473,USER - 03473,Department 2226,Manual
User Name 3474,USER - 03474,Department 2229,Manual
User Name 3475,USER - 03475,Department 2226,Manual
User Name 3476,USER - 03476,Department 2693,Manual
User Name 3477,USER - 03477,Department 2963,Manual
User Name 3478,USER - 03478,Department 422,Manual
User Name 3479,USER - 03479,Department 2711,Manual
User Name 3480,USER - 03480,Department 2175,Manual
User Name 3481,USER - 03481,Department 2175,Manual
User Name 3482,USER - 03482,Department 1868,Manual
User Name 3483,USER - 03483,Department 2175,Manual
User Name 3484,USER - 03484,Department 486,Manual
User Name 3485,USER - 03485,Department 1049,Manual
User Name 3486,USER - 03486,Department 1655,Manual
User Name 3487,USER - 03487,Department 761,Manual
User Name 3488,USER - 03488,Department 2208,Manual
User Name 3489,USER - 03489,Department 762,Manual
User Name 3490,USER - 03490,Department 1942,Manual
User Name 3491,USER - 03491,Department 2327,Manual
User Name 3492,USER - 03492,Department 3205,Manual
User Name 3493,USER - 03493,Department 649,Manual
User Name 3494,USER - 03494,Department 2674,Manual
User Name 3495,USER - 03495,Department 3464,Manual
User Name 3496,USER - 03496,Department 1103,Manual
User Name 3497,USER - 03497,Department 525,Manual
User Name 3498,USER - 03498,Department 2175,Manual
User Name 3499,USER - 03499,Department 3088,Manual
User Name 3500,USER - 03500,Department 679,Manual
User Name 3501,USER - 03501,Department 2113,Manual
User Name 3502,USER - 03502,Department 744,Manual
User Name 3503,USER - 03503,Department 671,Manual
User Name 3504,USER - 03504,Department 664,Manual
User Name 3505,USER - 03505,Department 2161,Manual
User Name 3506,USER - 03506,Department 1992,Manual
User Name 3507,USER - 03507,Department 148,Manual
User Name 3508,USER - 03508,Department 2224,Manual
User Name 3509,USER - 03509,Department 1938,Manual
User Name 3510,USER - 03510,Department 1938,Manual
User Name 3511,USER - 03511,Department 1982,Manual
User Name 3512,USER - 03512,Department 672,Manual
User Name 3513,USER - 03513,Department 2963,Manual
User Name 3514,USER - 03514,Department 2070,Manual
User Name 3515,USER - 03515,Department 2070,Manual
User Name 3516,USER - 03516,Department 2070,Manual
User Name 3517,USER - 03517,Department 2070,Manual
User Name 3518,USER - 03518,Department 2070,Manual
User Name 3519,USER - 03519,Department 2070,Manual
User Name 3520,USER - 03520,Department 1042,Manual
User Name 3521,USER - 03521,Department 2070,Manual
User Name 3522,USER - 03522,Department 2070,Manual
User Name 3523,USER - 03523,Department 2070,Manual
User Name 3524,USER - 03524,Department 2070,Manual
User Name 3525,USER - 03525,Department 2070,Manual
User Name 3526,USER - 03526,Department 2070,Manual
User Name 3527,USER - 03527,Department 2070,Manual
User Name 3528,USER - 03528,Department 2070,Manual
User Name 3529,USER - 03529,Department 2070,Manual
User Name 3530,USER - 03530,Department 2352,Manual
User Name 3531,USER - 03531,Department 2982,Manual
User Name 3532,USER - 03532,Department 2514,Manual
User Name 3533,USER - 03533,Department 1891,Manual
User Name 3534,USER - 03534,Department 1031,Manual
User Name 3535,USER - 03535,Department 2759,Manual
User Name 3536,USER - 03536,Department 886,Manual
User Name 3537,USER - 03537,Department 1992,Manual
User Name 3538,USER - 03538,Department 2446,Manual
User Name 3539,USER - 03539,Department 1598,Manual
User Name 3540,USER - 03540,Department 2455,Manual
User Name 3541,USER - 03541,Department 1642,Manual
User Name 3542,USER - 03542,Department 2452,Manual
User Name 3543,USER - 03543,Department 1095,Manual
User Name 3544,USER - 03544,Department 2987,Manual
User Name 3545,USER - 03545,Department 2516,Manual
User Name 3546,USER - 03546,Department 2119,Manual
User Name 3547,USER - 03547,Department 2065,Manual
User Name 3548,USER - 03548,Department 1626,Manual
User Name 3549,USER - 03549,Department 2281,Manual
User Name 3550,USER - 03550,Department 930,Manual
User Name 3551,USER - 03551,Department 2320,Manual
User Name 3552,USER - 03552,Department 2697,Manual
User Name 3553,USER - 03553,Department 1988,Manual
User Name 3554,USER - 03554,Department 1635,Manual
User Name 3555,USER - 03555,Department 2058,Manual
User Name 3556,USER - 03556,Department 1842,Manual
User Name 3557,USER - 03557,Department 2508,Manual
User Name 3558,USER - 03558,Department 2761,Manual
User Name 3559,USER - 03559,Department 1028,Manual
User Name 3560,USER - 03560,Department 2954,Manual
User Name 3561,USER - 03561,Department 2023,Manual
User Name 3562,USER - 03562,Department 1780,Manual
User Name 3563,USER - 03563,Department 1050,Manual
User Name 3564,USER - 03564,Department 1826,Manual
User Name 3565,USER - 03565,Department 1050,Manual
User Name 3566,USER - 03566,Department 1073,Manual
User Name 3567,USER - 03567,Department 2513,Manual
User Name 3568,USER - 03568,Department 2442,Manual
User Name 3569,USER - 03569,Department 1047,Manual
User Name 3570,USER - 03570,Department 890,Manual
User Name 3571,USER - 03571,Department 1080,Manual
User Name 3572,USER - 03572,Department 2606,Manual
User Name 3573,USER - 03573,Department 1047,Manual
User Name 3574,USER - 03574,Department 1648,Manual
User Name 3575,USER - 03575,Department 1074,Manual
User Name 3576,USER - 03576,Department 901,Manual
User Name 3577,USER - 03577,Department 985,Manual
User Name 3578,USER - 03578,Department 2681,Manual
User Name 3579,USER - 03579,Department 2970,Manual
User Name 3580,USER - 03580,Department 1048,Manual
User Name 3581,USER - 03581,Department 2442,Manual
User Name 3582,USER - 03582,Department 1011,Manual
User Name 3583,USER - 03583,Department 1014,Manual
User Name 3584,USER - 03584,Department 1069,Manual
User Name 3585,USER - 03585,Department 2434,Manual
User Name 3586,USER - 03586,Department 2672,Manual
User Name 3587,USER - 03587,Department 992,Manual
User Name 3588,USER - 03588,Department 1835,Manual
User Name 3589,USER - 03589,Department 902,Manual
User Name 3590,USER - 03590,Department 992,Manual
User Name 3591,USER - 03591,Department 1950,Manual
User Name 3592,USER - 03592,Department 1095,Manual
User Name 3593,USER - 03593,Department 2851,Manual
User Name 3594,USER - 03594,Department 1622,Manual
User Name 3595,USER - 03595,Department 1693,Manual
User Name 3596,USER - 03596,Department 1630,Manual
User Name 3597,USER - 03597,Department 1630,Manual
User Name 3598,USER - 03598,Department 1630,Manual
User Name 3599,USER - 03599,Department 2890,Manual
User Name 3600,USER - 03600,Department 2070,Manual
User Name 3601,USER - 03601,Department 2070,Manual
User Name 3602,USER - 03602,Department 1634,Manual
User Name 3603,USER - 03603,Department 3505,Manual
User Name 3604,USER - 03604,Department 3508,Manual
User Name 3605,USER - 03605,Department 1073,Manual
User Name 3606,USER - 03606,Department 1811,Manual
User Name 3607,USER - 03607,Department 2434,Manual
User Name 3608,USER - 03608,Department 2181,Manual
User Name 3609,USER - 03609,Department 2002,Manual
User Name 3610,USER - 03610,Department 2111,Manual
User Name 3611,USER - 03611,Department 2019,Manual
User Name 3612,USER - 03612,Department 2075,Manual
User Name 3613,USER - 03613,Department 2096,Manual
User Name 3614,USER - 03614,Department 1778,Manual
User Name 3615,USER - 03615,Department 418,Manual
User Name 3616,USER - 03616,Department 2871,Manual
User Name 3617,USER - 03617,Department 2085,Manual
User Name 3618,USER - 03618,Department 957,Manual
User Name 3619,USER - 03619,Department 2000,Manual
User Name 3620,USER - 03620,Department 2070,Manual
User Name 3621,USER - 03621,Department 3454,Manual
User Name 3622,USER - 03622,Department 538,Manual
User Name 3623,USER - 03623,Department 1954,Manual
User Name 3624,USER - 03624,Department 2024,Manual
User Name 3625,USER - 03625,Department 400,Manual
User Name 3626,USER - 03626,Department 2423,Manual
User Name 3627,USER - 03627,Department 1872,Manual
User Name 3628,USER - 03628,Department 937,Manual
User Name 3629,USER - 03629,Department 2666,Manual
User Name 3630,USER - 03630,Department 1590,Manual
User Name 3631,USER - 03631,Department 2194,Manual
User Name 3632,USER - 03632,Department 2841,Manual
User Name 3633,USER - 03633,Department 2952,Manual
User Name 3634,USER - 03634,Department 1634,Manual
User Name 3635,USER - 03635,Department 1634,Manual
User Name 3636,USER - 03636,Department 1958,Manual
User Name 3637,USER - 03637,Department 928,Manual
User Name 3638,USER - 03638,Department 2084,Manual
User Name 3639,USER - 03639,Department 2051,Manual
User Name 3640,USER - 03640,Department 2979,Manual
User Name 3641,USER - 03641,Department 2088,Manual
User Name 3642,USER - 03642,Department 965,Manual
User Name 3643,USER - 03643,Department 1939,Manual
User Name 3644,USER - 03644,Department 2232,Manual
User Name 3645,USER - 03645,Department 2240,Manual
User Name 3646,USER - 03646,Department 2111,Manual
User Name 3647,USER - 03647,Department 1877,Manual
User Name 3648,USER - 03648,Department 2681,Manual
User Name 3649,USER - 03649,Department 486,Manual
User Name 3650,USER - 03650,Department 2070,Manual
User Name 3651,USER - 03651,Department 1080,Manual
User Name 3652,USER - 03652,Department 2126,Manual
User Name 3653,USER - 03653,Department 2185,Manual
User Name 3654,USER - 03654,Department 84,Manual
User Name 3655,USER - 03655,Department 2007,Manual
User Name 3656,USER - 03656,Department 2198,Manual
User Name 3657,USER - 03657,Department 2104,Manual
User Name 3658,USER - 03658,Department 2085,Manual
User Name 3659,USER - 03659,Department 278,Manual
User Name 3660,USER - 03660,Department 1799,Manual
User Name 3661,USER - 03661,Department 886,Manual
User Name 3662,USER - 03662,Department 742,Manual
User Name 3663,USER - 03663,Department 2209,Manual
User Name 3664,USER - 03664,Department 2202,Manual
User Name 3665,USER - 03665,Department 2070,Manual
User Name 3666,USER - 03666,Department 2048,Manual
User Name 3667,USER - 03667,Department 204,Manual
User Name 3668,USER - 03668,Department 2058,Manual
User Name 3669,USER - 03669,Department 2377,Manual
User Name 3670,USER - 03670,Department 2116,Manual
User Name 3671,USER - 03671,Department 2448,Manual
User Name 3672,USER - 03672,Department 1709,Manual
User Name 3673,USER - 03673,Department 1738,Manual
User Name 3674,USER - 03674,Department 2028,Manual
User Name 3675,USER - 03675,Department 2028,Manual
User Name 3676,USER - 03676,Department 751,Manual
User Name 3677,USER - 03677,Department 565,Manual
User Name 3678,USER - 03678,Department 2398,Manual
User Name 3679,USER - 03679,Department 2075,Manual
User Name 3680,USER - 03680,Department 3532,Manual
User Name 3681,USER - 03681,Department 2680,Manual
User Name 3682,USER - 03682,Department 562,Manual
User Name 3683,USER - 03683,Department 1821,Manual
User Name 3684,USER - 03684,Department 2070,Manual
User Name 3685,USER - 03685,Department 3501,Manual
User Name 3686,USER - 03686,Department 2191,Manual
User Name 3687,USER - 03687,Department 728,Manual
User Name 3688,USER - 03688,Department 1119,Manual
User Name 3689,USER - 03689,Department 1119,Manual
User Name 3690,USER - 03690,Department 2096,Manual
User Name 3691,USER - 03691,Department 2424,Manual
User Name 3692,USER - 03692,Department 2289,Manual
User Name 3693,USER - 03693,Department 2016,Manual
User Name 3694,USER - 03694,Department 532,Manual
User Name 3695,USER - 03695,Department 698,Manual
User Name 3696,USER - 03696,Department 2205,Manual
User Name 3697,USER - 03697,Department 1960,Manual
User Name 3698,USER - 03698,Department 1601,Manual
User Name 3699,USER - 03699,Department 2047,Manual
User Name 3700,USER - 03700,Department 2159,Manual
User Name 3701,USER - 03701,Department 3483,Manual
User Name 3702,USER - 03702,Department 2070,Manual
User Name 3703,USER - 03703,Department 2205,Manual
User Name 3704,USER - 03704,Department 1020,Manual
User Name 3705,USER - 03705,Department 1769,Manual
User Name 3706,USER - 03706,Department 2059,Manual
User Name 3707,USER - 03707,Department 2103,Manual
User Name 3708,USER - 03708,Department 1942,Manual
User Name 3709,USER - 03709,Department 2975,Manual
User Name 3710,USER - 03710,Department 3010,Manual
User Name 3711,USER - 03711,Department 2190,Manual
User Name 3712,USER - 03712,Department 2974,Manual
User Name 3713,USER - 03713,Department 2070,Manual
User Name 3714,USER - 03714,Department 1800,Manual
User Name 3715,USER - 03715,Department 564,Manual
User Name 3716,USER - 03716,Department 1821,Manual
User Name 3717,USER - 03717,Department 2921,Manual
User Name 3718,USER - 03718,Department 756,Manual
User Name 3719,USER - 03719,Department 742,Manual
User Name 3720,USER - 03720,Department 756,Manual
User Name 3721,USER - 03721,Department 746,Manual
User Name 3722,USER - 03722,Department 750,Manual
User Name 3723,USER - 03723,Department 750,Manual
User Name 3724,USER - 03724,Department 487,Manual
User Name 3725,USER - 03725,Department 742,Manual
User Name 3726,USER - 03726,Department 756,Manual
User Name 3727,USER - 03727,Department 755,Manual
User Name 3728,USER - 03728,Department 742,Manual
User Name 3729,USER - 03729,Department 758,Manual
User Name 3730,USER - 03730,Department 756,Manual
User Name 3731,USER - 03731,Department 745,Manual
User Name 3732,USER - 03732,Department 745,Manual
User Name 3733,USER - 03733,Department 745,Manual
User Name 3734,USER - 03734,Department 764,Manual
User Name 3735,USER - 03735,Department 754,Manual
User Name 3736,USER - 03736,Department 740,Manual
User Name 3737,USER - 03737,Department 742,Manual
User Name 3738,USER - 03738,Department 748,Manual
User Name 3739,USER - 03739,Department 295,Manual
User Name 3740,USER - 03740,Department 745,Manual
User Name 3741,USER - 03741,Department 752,Manual
User Name 3742,USER - 03742,Department 2505,Manual
User Name 3743,USER - 03743,Department 742,Manual
User Name 3744,USER - 03744,Department 746,Manual
User Name 3745,USER - 03745,Department 745,Manual
User Name 3746,USER - 03746,Department 745,Manual
User Name 3747,USER - 03747,Department 745,Manual
User Name 3748,USER - 03748,Department 755,Manual
User Name 3749,USER - 03749,Department 2505,Manual
User Name 3750,USER - 03750,Department 746,Manual
User Name 3751,USER - 03751,Department 750,Manual
User Name 3752,USER - 03752,Department 756,Manual
User Name 3753,USER - 03753,Department 928,Manual
User Name 3754,USER - 03754,Department 749,Manual
User Name 3755,USER - 03755,Department 1069,Manual
User Name 3756,USER - 03756,Department 761,Manual
User Name 3757,USER - 03757,Department 762,Manual
User Name 3758,USER - 03758,Department 761,Manual
User Name 3759,USER - 03759,Department 761,Manual
User Name 3760,USER - 03760,Department 763,Manual
User Name 3761,USER - 03761,Department 760,Manual
User Name 3762,USER - 03762,Department 763,Manual
User Name 3763,USER - 03763,Department 761,Manual
User Name 3764,USER - 03764,Department 763,Manual
User Name 3765,USER - 03765,Department 761,Manual
User Name 3766,USER - 03766,Department 761,Manual
User Name 3767,USER - 03767,Department 761,Manual
User Name 3768,USER - 03768,Department 1028,Manual
User Name 3769,USER - 03769,Department 1047,Manual
User Name 3770,USER - 03770,Department 751,Manual
User Name 3771,USER - 03771,Department 754,Manual
User Name 3772,USER - 03772,Department 752,Manual
User Name 3773,USER - 03773,Department 745,Manual
User Name 3774,USER - 03774,Department 488,Manual
User Name 3775,USER - 03775,Department 758,Manual
User Name 3776,USER - 03776,Department 763,Manual
User Name 3777,USER - 03777,Department 893,Manual
User Name 3778,USER - 03778,Department 1821,Manual
User Name 3779,USER - 03779,Department 132,Manual
User Name 3780,USER - 03780,Department 1042,Manual
User Name 3781,USER - 03781,Department 2071,Manual
User Name 3782,USER - 03782,Department 1810,Manual
User Name 3783,USER - 03783,Department 142,Manual
User Name 3784,USER - 03784,Department 1263,Manual
User Name 3785,USER - 03785,Department 1262,Manual
User Name 3786,USER - 03786,Department 1262,Manual
User Name 3787,USER - 03787,Department 1262,Manual
User Name 3788,USER - 03788,Department 1263,Manual
User Name 3789,USER - 03789,Department 1262,Manual
User Name 3790,USER - 03790,Department 1262,Manual
User Name 3791,USER - 03791,Department 1263,Manual
User Name 3792,USER - 03792,Department 1262,Manual
User Name 3793,USER - 03793,Department 1262,Manual
User Name 3794,USER - 03794,Department 1263,Manual
User Name 3795,USER - 03795,Department 1263,Manual
User Name 3796,USER - 03796,Department 1263,Manual
User Name 3797,USER - 03797,Department 1263,Manual
User Name 3798,USER - 03798,Department 1262,Manual
User Name 3799,USER - 03799,Department 1510,Manual
User Name 3800,USER - 03800,Department 1281,Manual
User Name 3801,USER - 03801,Department 1280,Manual
User Name 3802,USER - 03802,Department 1280,Manual
User Name 3803,USER - 03803,Department 1510,Manual
User Name 3804,USER - 03804,Department 1281,Manual
User Name 3805,USER - 03805,Department 1510,Manual
User Name 3806,USER - 03806,Department 1510,Manual
User Name 3807,USER - 03807,Department 1510,Manual
User Name 3808,USER - 03808,Department 1280,Manual
User Name 3809,USER - 03809,Department 1281,Manual
User Name 3810,USER - 03810,Department 1280,Manual
User Name 3811,USER - 03811,Department 1280,Manual
User Name 3812,USER - 03812,Department 1280,Manual
User Name 3813,USER - 03813,Department 2095,Manual
User Name 3814,USER - 03814,Department 1563,Manual
User Name 3815,USER - 03815,Department 1839,Manual
User Name 3816,USER - 03816,Department 1914,Manual
User Name 3817,USER - 03817,Department 2150,Manual
User Name 3818,USER - 03818,Department 2150,Manual
User Name 3819,USER - 03819,Department 1914,Manual
User Name 3820,USER - 03820,Department 1784,Manual
User Name 3821,USER - 03821,Department 1790,Manual
User Name 3822,USER - 03822,Department 3011,Manual
User Name 3823,USER - 03823,Department 3011,Manual
User Name 3824,USER - 03824,Department 3011,Manual
User Name 3825,USER - 03825,Department 1761,Manual
User Name 3826,USER - 03826,Department 1761,Manual
User Name 3827,USER - 03827,Department 1688,Manual
User Name 3828,USER - 03828,Department 1761,Manual
User Name 3829,USER - 03829,Department 114,Manual
User Name 3830,USER - 03830,Department 1790,Manual
User Name 3831,USER - 03831,Department 2471,Manual
User Name 3832,USER - 03832,Department 2470,Manual
User Name 3833,USER - 03833,Department 2471,Manual
User Name 3834,USER - 03834,Department 2897,Manual
User Name 3835,USER - 03835,Department 3620,Manual
User Name 3836,USER - 03836,Department 2978,Manual
User Name 3837,USER - 03837,Department 3751,Manual
User Name 3838,USER - 03838,Department 2860,Manual
User Name 3839,USER - 03839,Department 3746,Manual
User Name 3840,USER - 03840,Department 2994,Manual
User Name 3841,USER - 03841,Department 3009,Manual
User Name 3842,USER - 03842,Department 3009,Manual
User Name 3843,USER - 03843,Department 3009,Manual
User Name 3844,USER - 03844,Department 3009,Manual
User Name 3845,USER - 03845,Department 3009,Manual
User Name 3846,USER - 03846,Department 3009,Manual
User Name 3847,USER - 03847,Department 3009,Manual
User Name 3848,USER - 03848,Department 2995,Manual
User Name 3849,USER - 03849,Department 3009,Manual
User Name 3850,USER - 03850,Department 3009,Manual
User Name 3851,USER - 03851,Department 3009,Manual
User Name 3852,USER - 03852,Department 3009,Manual
User Name 3853,USER - 03853,Department 3009,Manual
User Name 3854,USER - 03854,Department 3009,Manual
User Name 3855,USER - 03855,Department 3667,Manual
User Name 3856,USER - 03856,Department 2153,Manual
User Name 3857,USER - 03857,Department 1682,Manual
User Name 3858,USER - 03858,Department 2226,Manual
User Name 3859,USER - 03859,Department 1563,Manual
User Name 3860,USER - 03860,Department 1563,Manual
User Name 3861,USER - 03861,Department 1563,Manual
User Name 3862,USER - 03862,Department 1563,Manual
User Name 3863,USER - 03863,Department 1563,Manual
User Name 3864,USER - 03864,Department 2969,Manual
User Name 3865,USER - 03865,Department 2469,Manual
User Name 3866,USER - 03866,Department 1739,Manual
User Name 3867,USER - 03867,Department 2153,Manual
User Name 3868,USER - 03868,Department 2143,Manual
User Name 3869,USER - 03869,Department 2142,Manual
User Name 3870,USER - 03870,Department 2214,Manual
User Name 3871,USER - 03871,Department 2214,Manual
User Name 3872,USER - 03872,Department 2153,Manual
User Name 3873,USER - 03873,Department 2153,Manual
User Name 3874,USER - 03874,Department 2153,Manual
User Name 3875,USER - 03875,Department 2150,Manual
User Name 3876,USER - 03876,Department 1626,Manual
User Name 3877,USER - 03877,Department 3007,Manual
User Name 3878,USER - 03878,Department 3007,Manual
User Name 3879,USER - 03879,Department 3368,Manual
User Name 3880,USER - 03880,Department 3338,Manual
User Name 3881,USER - 03881,Department 3338,Manual
User Name 3882,USER - 03882,Department 1735,Manual
User Name 3883,USER - 03883,Department 108,Manual
User Name 3884,USER - 03884,Department 142,Manual
User Name 3885,USER - 03885,Department 122,Manual
User Name 3886,USER - 03886,Department 3369,Manual
User Name 3887,USER - 03887,Department 3533,Manual
User Name 3888,USER - 03888,Department 3533,Manual
User Name 3889,USER - 03889,Department 2124,Manual
User Name 3890,USER - 03890,Department 3661,Manual
User Name 3891,USER - 03891,Department 2527,Manual
User Name 3892,USER - 03892,Department 2212,Manual
User Name 3893,USER - 03893,Department 62,Manual
User Name 3894,USER - 03894,Department 3741,Manual
User Name 3895,USER - 03895,Department 1827,Manual
User Name 3896,USER - 03896,Department 2152,Manual
User Name 3897,USER - 03897,Department 1621,Manual
User Name 3898,USER - 03898,Department 1804,Manual
User Name 3899,USER - 03899,Department 2135,Manual
User Name 3900,USER - 03900,Department 2993,Manual
User Name 3901,USER - 03901,Department 2882,Manual
User Name 3902,USER - 03902,Department 2135,Manual
User Name 3903,USER - 03903,Department 347,Manual
User Name 3904,USER - 03904,Department 3749,Manual
User Name 3905,USER - 03905,Department 1261,Manual
User Name 3906,USER - 03906,Department 2193,Manual
User Name 3907,USER - 03907,Department 875,Manual
User Name 3908,USER - 03908,Department 2215,Manual
User Name 3909,USER - 03909,Department 3660,Manual
User Name 3910,USER - 03910,Department 2013,Manual
User Name 3911,USER - 03911,Department 2153,Manual
User Name 3912,USER - 03912,Department 2118,Manual
User Name 3913,USER - 03913,Department 1878,Manual
User Name 3914,USER - 03914,Department 2207,Manual
User Name 3915,USER - 03915,Department 1652,Manual
User Name 3916,USER - 03916,Department 2527,Manual
User Name 3917,USER - 03917,Department 2527,Manual
User Name 3918,USER - 03918,Department 2212,Manual
User Name 3919,USER - 03919,Department 2527,Manual
User Name 3920,USER - 03920,Department 347,Manual
User Name 3921,USER - 03921,Department 3659,Manual
User Name 3922,USER - 03922,Department 2470,Manual
User Name 3923,USER - 03923,Department 142,Manual
User Name 3924,USER - 03924,Department 3007,Manual
User Name 3925,USER - 03925,Department 3007,Manual
User Name 3926,USER - 03926,Department 3007,Manual
User Name 3927,USER - 03927,Department 2962,Manual
User Name 3928,USER - 03928,Department 1042,Manual
User Name 3929,USER - 03929,Department 2987,Manual
User Name 3930,USER - 03930,Department 1884,Manual
User Name 3931,USER - 03931,Department 1884,Manual
User Name 3932,USER - 03932,Department 1889,Manual
User Name 3933,USER - 03933,Department 1884,Manual
User Name 3934,USER - 03934,Department 1884,Manual
User Name 3935,USER - 03935,Department 1889,Manual
User Name 3936,USER - 03936,Department 1882,Manual
User Name 3937,USER - 03937,Department 1890,Manual
User Name 3938,USER - 03938,Department 1889,Manual
User Name 3939,USER - 03939,Department 1884,Manual
User Name 3940,USER - 03940,Department 1884,Manual
User Name 3941,USER - 03941,Department 1884,Manual
User Name 3942,USER - 03942,Department 1889,Manual
User Name 3943,USER - 03943,Department 1638,Manual
User Name 3944,USER - 03944,Department 1889,Manual
User Name 3945,USER - 03945,Department 1882,Manual
User Name 3946,USER - 03946,Department 2207,Manual
User Name 3947,USER - 03947,Department 2207,Manual
User Name 3948,USER - 03948,Department 2007,Manual
User Name 3949,USER - 03949,Department 2201,Manual
User Name 3950,USER - 03950,Department 1931,Manual
User Name 3951,USER - 03951,Department 1963,Manual
User Name 3952,USER - 03952,Department 3739,Manual
User Name 3953,USER - 03953,Department 3739,Manual
User Name 3954,USER - 03954,Department 3745,Manual
User Name 3955,USER - 03955,Department 3746,Manual
User Name 3956,USER - 03956,Department 3747,Manual
User Name 3957,USER - 03957,Department 3741,Manual
User Name 3958,USER - 03958,Department 3660,Manual
User Name 3959,USER - 03959,Department 3660,Manual
User Name 3960,USER - 03960,Department 3743,Manual
User Name 3961,USER - 03961,Department 3743,Manual
User Name 3962,USER - 03962,Department 3661,Manual
User Name 3963,USER - 03963,Department 3746,Manual
User Name 3964,USER - 03964,Department 3739,Manual
User Name 3965,USER - 03965,Department 3747,Manual
User Name 3966,USER - 03966,Department 3741,Manual
User Name 3967,USER - 03967,Department 3745,Manual
User Name 3968,USER - 03968,Department 3739,Manual
User Name 3969,USER - 03969,Department 3741,Manual
User Name 3970,USER - 03970,Department 3660,Manual
User Name 3971,USER - 03971,Department 3746,Manual
User Name 3972,USER - 03972,Department 3746,Manual
User Name 3973,USER - 03973,Department 3660,Manual
User Name 3974,USER - 03974,Department 3747,Manual
User Name 3975,USER - 03975,Department 3741,Manual
User Name 3976,USER - 03976,Department 3745,Manual
User Name 3977,USER - 03977,Department 3746,Manual
User Name 3978,USER - 03978,Department 3743,Manual
User Name 3979,USER - 03979,Department 3741,Manual
User Name 3980,USER - 03980,Department 3747,Manual
User Name 3981,USER - 03981,Department 2101,Manual
User Name 3982,USER - 03982,Department 1846,Manual
User Name 3983,USER - 03983,Department 1958,Manual
User Name 3984,USER - 03984,Department 1227,Manual
User Name 3985,USER - 03985,Department 1229,Manual
User Name 3986,USER - 03986,Department 1228,Manual
User Name 3987,USER - 03987,Department 1228,Manual
User Name 3988,USER - 03988,Department 2042,Manual
User Name 3989,USER - 03989,Department 1228,Manual
User Name 3990,USER - 03990,Department 1229,Manual
User Name 3991,USER - 03991,Department 1229,Manual
User Name 3992,USER - 03992,Department 1229,Manual
User Name 3993,USER - 03993,Department 1227,Manual
User Name 3994,USER - 03994,Department 1229,Manual
User Name 3995,USER - 03995,Department 292,Manual
User Name 3996,USER - 03996,Department 1229,Manual
User Name 3997,USER - 03997,Department 1228,Manual
User Name 3998,USER - 03998,Department 2135,Manual
User Name 3999,USER - 03999,Department 2208,Manual
User Name 4000,USER - 04000,Department 1796,Manual
User Name 4001,USER - 04001,Department 1179,Manual
User Name 4002,USER - 04002,Department 1182,Manual
User Name 4003,USER - 04003,Department 1179,Manual
User Name 4004,USER - 04004,Department 1179,Manual
User Name 4005,USER - 04005,Department 1182,Manual
User Name 4006,USER - 04006,Department 992,Manual
User Name 4007,USER - 04007,Department 1180,Manual
User Name 4008,USER - 04008,Department 2962,Manual
User Name 4009,USER - 04009,Department 2962,Manual
User Name 4010,USER - 04010,Department 2962,Manual
User Name 4011,USER - 04011,Department 2962,Manual
User Name 4012,USER - 04012,Department 1796,Manual
User Name 4013,USER - 04013,Department 1896,Manual
User Name 4014,USER - 04014,Department 3741,Manual
User Name 4015,USER - 04015,Department 2985,Manual
User Name 4016,USER - 04016,Department 1044,Manual
User Name 4017,USER - 04017,Department 2104,Manual
User Name 4018,USER - 04018,Department 1040,Manual
User Name 4019,USER - 04019,Department 3055,Manual
User Name 4020,USER - 04020,Department 1974,Manual
User Name 4021,USER - 04021,Department 979,Manual
User Name 4022,USER - 04022,Department 1951,Manual
User Name 4023,USER - 04023,Department 1861,Manual
User Name 4024,USER - 04024,Department 3533,Manual
User Name 4025,USER - 04025,Department 1931,Manual
User Name 4026,USER - 04026,Department 3533,Manual
User Name 4027,USER - 04027,Department 1055,Manual
User Name 4028,USER - 04028,Department 2289,Manual
User Name 4029,USER - 04029,Department 1055,Manual
User Name 4030,USER - 04030,Department 1071,Manual
User Name 4031,USER - 04031,Department 2681,Manual
User Name 4032,USER - 04032,Department 2119,Manual
User Name 4033,USER - 04033,Department 2346,Manual
User Name 4034,USER - 04034,Department 1092,Manual
User Name 4035,USER - 04035,Department 1055,Manual
User Name 4036,USER - 04036,Department 1082,Manual
User Name 4037,USER - 04037,Department 1613,Manual
User Name 4038,USER - 04038,Department 937,Manual
User Name 4039,USER - 04039,Department 1090,Manual
User Name 4040,USER - 04040,Department 2129,Manual
User Name 4041,USER - 04041,Department 3547,Manual
User Name 4042,USER - 04042,Department 246,Manual
User Name 4043,USER - 04043,Department 2113,Manual
User Name 4044,USER - 04044,Department 1835,Manual
User Name 4045,USER - 04045,Department 2654,Manual
User Name 4046,USER - 04046,Department 636,Manual
User Name 4047,USER - 04047,Department 700,Manual
User Name 4048,USER - 04048,Department 2921,Manual
User Name 4049,USER - 04049,Department 2845,Manual
User Name 4050,USER - 04050,Department 2923,Manual
User Name 4051,USER - 04051,Department 3371,Manual
User Name 4052,USER - 04052,Department 1701,Manual
User Name 4053,USER - 04053,Department 2070,Manual
User Name 4054,USER - 04054,Department 2755,Manual
User Name 4055,USER - 04055,Department 2607,Manual
User Name 4056,USER - 04056,Department 1685,Manual
User Name 4057,USER - 04057,Department 3507,Manual
User Name 4058,USER - 04058,Department 1595,Manual
User Name 4059,USER - 04059,Department 731,Manual
User Name 4060,USER - 04060,Department 1993,Manual
User Name 4061,USER - 04061,Department 3548,Manual
User Name 4062,USER - 04062,Department 1638,Manual
User Name 4063,USER - 04063,Department 2996,Manual
User Name 4064,USER - 04064,Department 2222,Manual
User Name 4065,USER - 04065,Department 1933,Manual
User Name 4066,USER - 04066,Department 2070,Manual
User Name 4067,USER - 04067,Department 2070,Manual
User Name 4068,USER - 04068,Department 2070,Manual
User Name 4069,USER - 04069,Department 2070,Manual
User Name 4070,USER - 04070,Department 2022,Manual
User Name 4071,USER - 04071,Department 2852,Manual
User Name 4072,USER - 04072,Department 1969,Manual
User Name 4073,USER - 04073,Department 1795,Manual
User Name 4074,USER - 04074,Department 1601,Manual
User Name 4075,USER - 04075,Department 799,Manual
User Name 4076,USER - 04076,Department 2260,Manual
User Name 4077,USER - 04077,Department 1619,Manual
User Name 4078,USER - 04078,Department 2260,Manual
User Name 4079,USER - 04079,Department 2275,Manual
User Name 4080,USER - 04080,Department 3637,Manual
User Name 4081,USER - 04081,Department 3635,Manual
User Name 4082,USER - 04082,Department 3084,Manual
User Name 4083,USER - 04083,Department 3135,Manual
User Name 4084,USER - 04084,Department 2981,Manual
User Name 4085,USER - 04085,Department 2976,Manual
User Name 4086,USER - 04086,Department 2027,Manual
User Name 4087,USER - 04087,Department 1859,Manual
User Name 4088,USER - 04088,Department 2631,Manual
User Name 4089,USER - 04089,Department 243,Manual
User Name 4090,USER - 04090,Department 2070,Manual
User Name 4091,USER - 04091,Department 2728,Manual
User Name 4092,USER - 04092,Department 2070,Manual
User Name 4093,USER - 04093,Department 760,Manual
User Name 4094,USER - 04094,Department 516,Manual
User Name 4095,USER - 04095,Department 1607,Manual
User Name 4096,USER - 04096,Department 3653,Manual
User Name 4097,USER - 04097,Department 541,Manual
User Name 4098,USER - 04098,Department 2123,Manual
User Name 4099,USER - 04099,Department 3599,Manual
User Name 4100,USER - 04100,Department 2079,Manual
User Name 4101,USER - 04101,Department 758,Manual
User Name 4102,USER - 04102,Department 2801,Manual
User Name 4103,USER - 04103,Department 2925,Manual
User Name 4104,USER - 04104,Department 1761,Manual
User Name 4105,USER - 04105,Department 3133,Manual
User Name 4106,USER - 04106,Department 1722,Manual
User Name 4107,USER - 04107,Department 2393,Manual
User Name 4108,USER - 04108,Department 1602,Manual
User Name 4109,USER - 04109,Department 1808,Manual
User Name 4110,USER - 04110,Department 1813,Manual
User Name 4111,USER - 04111,Department 2201,Manual
User Name 4112,USER - 04112,Department 2193,Manual
User Name 4113,USER - 04113,Department 2195,Manual
User Name 4114,USER - 04114,Department 3115,Manual
User Name 4115,USER - 04115,Department 2968,Manual
User Name 4116,USER - 04116,Department 740,Manual
User Name 4117,USER - 04117,Department 2189,Manual
User Name 4118,USER - 04118,Department 2070,Manual
User Name 4119,USER - 04119,Department 2194,Manual
User Name 4120,USER - 04120,Department 2239,Manual
User Name 4121,USER - 04121,Department 2242,Manual
User Name 4122,USER - 04122,Department 3103,Manual
User Name 4123,USER - 04123,Department 2768,Manual
User Name 4124,USER - 04124,Department 747,Manual
User Name 4125,USER - 04125,Department 2177,Manual
User Name 4126,USER - 04126,Department 1084,Manual
User Name 4127,USER - 04127,Department 3013,Manual
User Name 4128,USER - 04128,Department 2070,Manual
User Name 4129,USER - 04129,Department 2733,Manual
User Name 4130,USER - 04130,Department 1837,Manual
User Name 4131,USER - 04131,Department 2212,Manual
User Name 4132,USER - 04132,Department 1767,Manual
User Name 4133,USER - 04133,Department 1811,Manual
User Name 4134,USER - 04134,Department 2104,Manual
User Name 4135,USER - 04135,Department 1677,Manual
User Name 4136,USER - 04136,Department 3570,Manual
User Name 4137,USER - 04137,Department 2040,Manual
User Name 4138,USER - 04138,Department 2184,Manual
User Name 4139,USER - 04139,Department 1951,Manual
User Name 4140,USER - 04140,Department 1779,Manual
User Name 4141,USER - 04141,Department 1964,Manual
User Name 4142,USER - 04142,Department 2070,Manual
User Name 4143,USER - 04143,Department 2208,Manual
User Name 4144,USER - 04144,Department 2043,Manual
User Name 4145,USER - 04145,Department 2041,Manual
User Name 4146,USER - 04146,Department 1997,Manual
User Name 4147,USER - 04147,Department 2110,Manual
User Name 4148,USER - 04148,Department 2745,Manual
User Name 4149,USER - 04149,Department 2750,Manual
User Name 4150,USER - 04150,Department 2208,Manual
User Name 4151,USER - 04151,Department 1999,Manual
User Name 4152,USER - 04152,Department 2739,Manual
User Name 4153,USER - 04153,Department 2401,Manual
User Name 4154,USER - 04154,Department 1865,Manual
User Name 4155,USER - 04155,Department 1781,Manual
User Name 4156,USER - 04156,Department 2087,Manual
User Name 4157,USER - 04157,Department 2208,Manual
User Name 4158,USER - 04158,Department 1847,Manual
User Name 4159,USER - 04159,Department 2210,Manual
User Name 4160,USER - 04160,Department 2209,Manual
User Name 3598,USER - 03598,Department 1994,Manual
User Name 4162,USER - 04162,Department 1977,Manual
User Name 4163,USER - 04163,Department 2753,Manual
User Name 4164,USER - 04164,Department 2753,Manual
User Name 4165,USER - 04165,Department 2741,Manual
User Name 4166,USER - 04166,Department 2203,Manual
User Name 4167,USER - 04167,Department 510,Manual
User Name 4168,USER - 04168,Department 2741,Manual
User Name 4169,USER - 04169,Department 1810,Manual
User Name 4170,USER - 04170,Department 2745,Manual
User Name 4171,USER - 04171,Department 525,Manual
User Name 4172,USER - 04172,Department 2165,Manual
User Name 4173,USER - 04173,Department 2182,Manual
User Name 4174,USER - 04174,Department 2070,Manual
User Name 4175,USER - 04175,Department 2203,Manual
User Name 4176,USER - 04176,Department 2070,Manual
User Name 4177,USER - 04177,Department 2070,Manual
User Name 4178,USER - 04178,Department 1704,Manual
User Name 4179,USER - 04179,Department 1843,Manual
User Name 4180,USER - 04180,Department 1876,Manual
User Name 4181,USER - 04181,Department 2070,Manual
User Name 4182,USER - 04182,Department 2070,Manual
User Name 4183,USER - 04183,Department 2026,Manual
User Name 4184,USER - 04184,Department 1995,Manual
User Name 4185,USER - 04185,Department 1849,Manual
User Name 4186,USER - 04186,Department 1995,Manual
User Name 4187,USER - 04187,Department 2741,Manual
User Name 4188,USER - 04188,Department 2216,Manual
User Name 4189,USER - 04189,Department 2058,Manual
User Name 4190,USER - 04190,Department 2070,Manual
User Name 4191,USER - 04191,Department 2000,Manual
User Name 4192,USER - 04192,Department 2031,Manual
User Name 4193,USER - 04193,Department 1909,Manual
User Name 4194,USER - 04194,Department 1995,Manual
User Name 4195,USER - 04195,Department 1862,Manual
User Name 4196,USER - 04196,Department 2007,Manual
User Name 4197,USER - 04197,Department 2026,Manual
User Name 4198,USER - 04198,Department 2837,Manual
User Name 4199,USER - 04199,Department 2188,Manual
User Name 4200,USER - 04200,Department 2070,Manual
User Name 4201,USER - 04201,Department 1601,Manual
User Name 4202,USER - 04202,Department 3103,Manual
User Name 4203,USER - 04203,Department 2070,Manual
User Name 4204,USER - 04204,Department 2031,Manual
User Name 4205,USER - 04205,Department 1622,Manual
User Name 4206,USER - 04206,Department 3191,Manual
User Name 4207,USER - 04207,Department 3099,Manual
User Name 4208,USER - 04208,Department 2070,Manual
User Name 4209,USER - 04209,Department 1830,Manual
User Name 4210,USER - 04210,Department 84,Manual
User Name 4211,USER - 04211,Department 1046,Manual
User Name 4212,USER - 04212,Department 1073,Manual
User Name 4213,USER - 04213,Department 1028,Manual
User Name 4214,USER - 04214,Department 972,Manual
User Name 4215,USER - 04215,Department 2044,Manual
User Name 4216,USER - 04216,Department 2090,Manual
User Name 4217,USER - 04217,Department 1057,Manual
User Name 4218,USER - 04218,Department 1072,Manual
User Name 4219,USER - 04219,Department 1605,Manual
User Name 4220,USER - 04220,Department 2445,Manual
User Name 4221,USER - 04221,Department 2044,Manual
User Name 4222,USER - 04222,Department 1769,Manual
User Name 4223,USER - 04223,Department 1050,Manual
User Name 4224,USER - 04224,Department 939,Manual
User Name 4225,USER - 04225,Department 2517,Manual
User Name 4226,USER - 04226,Department 1858,Manual
User Name 4227,USER - 04227,Department 2124,Manual
User Name 4228,USER - 04228,Department 1050,Manual
User Name 4229,USER - 04229,Department 981,Manual
User Name 4230,USER - 04230,Department 1081,Manual
User Name 4231,USER - 04231,Department 925,Manual
User Name 4232,USER - 04232,Department 1832,Manual
User Name 4233,USER - 04233,Department 2517,Manual
User Name 4234,USER - 04234,Department 2508,Manual
User Name 4235,USER - 04235,Department 1053,Manual
User Name 4236,USER - 04236,Department 1008,Manual
User Name 4237,USER - 04237,Department 938,Manual
User Name 4238,USER - 04238,Department 3557,Manual
User Name 4239,USER - 04239,Department 927,Manual
User Name 4240,USER - 04240,Department 2062,Manual
User Name 4241,USER - 04241,Department 984,Manual
User Name 4242,USER - 04242,Department 893,Manual
User Name 4243,USER - 04243,Department 1012,Manual
User Name 4244,USER - 04244,Department 2004,Manual
User Name 4245,USER - 04245,Department 1069,Manual
User Name 4246,USER - 04246,Department 2516,Manual
User Name 4247,USER - 04247,Department 1069,Manual
User Name 4248,USER - 04248,Department 2124,Manual
User Name 4249,USER - 04249,Department 1892,Manual
User Name 4250,USER - 04250,Department 1069,Manual
User Name 4251,USER - 04251,Department 1747,Manual
User Name 4252,USER - 04252,Department 2128,Manual
User Name 4253,USER - 04253,Department 1028,Manual
User Name 4254,USER - 04254,Department 2454,Manual
User Name 4255,USER - 04255,Department 1907,Manual
User Name 4256,USER - 04256,Department 1085,Manual
User Name 4257,USER - 04257,Department 1008,Manual
User Name 4258,USER - 04258,Department 1007,Manual
User Name 4259,USER - 04259,Department 1014,Manual
User Name 4260,USER - 04260,Department 1844,Manual
User Name 4261,USER - 04261,Department 1052,Manual
User Name 4262,USER - 04262,Department 1012,Manual
User Name 4263,USER - 04263,Department 2300,Manual
User Name 4264,USER - 04264,Department 1051,Manual
User Name 4265,USER - 04265,Department 1988,Manual
User Name 4266,USER - 04266,Department 894,Manual
User Name 4267,USER - 04267,Department 3561,Manual
User Name 4268,USER - 04268,Department 2508,Manual
User Name 4269,USER - 04269,Department 1623,Manual
User Name 4270,USER - 04270,Department 2669,Manual
User Name 4271,USER - 04271,Department 965,Manual
User Name 4272,USER - 04272,Department 1005,Manual
User Name 4273,USER - 04273,Department 1052,Manual
User Name 4274,USER - 04274,Department 2450,Manual
User Name 4275,USER - 04275,Department 1640,Manual
User Name 4276,USER - 04276,Department 2452,Manual
User Name 4277,USER - 04277,Department 1820,Manual
User Name 4278,USER - 04278,Department 1022,Manual
User Name 4279,USER - 04279,Department 1267,Manual
User Name 4280,USER - 04280,Department 1259,Manual
User Name 4281,USER - 04281,Department 1664,Manual
User Name 4282,USER - 04282,Department 1650,Manual
User Name 4283,USER - 04283,Department 1651,Manual
User Name 4284,USER - 04284,Department 3308,Manual
User Name 4285,USER - 04285,Department 2381,Manual
User Name 4286,USER - 04286,Department 1664,Manual
User Name 4287,USER - 04287,Department 3037,Manual
User Name 4288,USER - 04288,Department 1702,Manual
User Name 4289,USER - 04289,Department 2075,Manual
User Name 4290,USER - 04290,Department 2360,Manual
User Name 4291,USER - 04291,Department 3344,Manual
User Name 4292,USER - 04292,Department 1818,Manual
User Name 4293,USER - 04293,Department 3343,Manual
User Name 4294,USER - 04294,Department 3584,Manual
User Name 4295,USER - 04295,Department 3345,Manual
User Name 4296,USER - 04296,Department 3328,Manual
User Name 4297,USER - 04297,Department 3342,Manual
User Name 4298,USER - 04298,Department 3584,Manual
User Name 4299,USER - 04299,Department 2488,Manual
User Name 4300,USER - 04300,Department 2592,Manual
User Name 4301,USER - 04301,Department 1810,Manual
User Name 4302,USER - 04302,Department 1664,Manual
User Name 4303,USER - 04303,Department 850,Manual
User Name 4304,USER - 04304,Department 2489,Manual
User Name 4305,USER - 04305,Department 472,Manual
User Name 4306,USER - 04306,Department 1277,Manual
User Name 4307,USER - 04307,Department 1277,Manual
User Name 4308,USER - 04308,Department 1812,Manual
User Name 4309,USER - 04309,Department 2491,Manual
User Name 4310,USER - 04310,Department 3046,Manual
User Name 4311,USER - 04311,Department 1345,Manual
User Name 4312,USER - 04312,Department 3034,Manual
User Name 4313,USER - 04313,Department 1831,Manual
User Name 4314,USER - 04314,Department 3168,Manual
User Name 4315,USER - 04315,Department 537,Manual
User Name 4316,USER - 04316,Department 537,Manual
User Name 4317,USER - 04317,Department 1716,Manual
User Name 2267,USER - 02267,Department 1817,Manual
User Name 4319,USER - 04319,Department 1985,Manual
User Name 4320,USER - 04320,Department 1714,Manual
User Name 4321,USER - 04321,Department 3340,Manual
User Name 4322,USER - 04322,Department 2028,Manual
User Name 4323,USER - 04323,Department 1716,Manual
User Name 4324,USER - 04324,Department 1985,Manual
User Name 4325,USER - 04325,Department 3366,Manual
User Name 4326,USER - 04326,Department 3340,Manual
User Name 4327,USER - 04327,Department 3367,Manual
User Name 4328,USER - 04328,Department 2408,Manual
User Name 4329,USER - 04329,Department 1715,Manual
User Name 4330,USER - 04330,Department 3345,Manual
User Name 4331,USER - 04331,Department 3345,Manual
User Name 4332,USER - 04332,Department 1817,Manual
User Name 4333,USER - 04333,Department 2408,Manual
User Name 4334,USER - 04334,Department 3340,Manual
User Name 4335,USER - 04335,Department 3365,Manual
User Name 4336,USER - 04336,Department 164,Manual
User Name 4337,USER - 04337,Department 3345,Manual
User Name 4338,USER - 04338,Department 1715,Manual
User Name 4339,USER - 04339,Department 1714,Manual
User Name 4340,USER - 04340,Department 2408,Manual
User Name 4341,USER - 04341,Department 1871,Manual
User Name 4342,USER - 04342,Department 2036,Manual
User Name 4343,USER - 04343,Department 1850,Manual
User Name 4344,USER - 04344,Department 1756,Manual
User Name 4345,USER - 04345,Department 2066,Manual
User Name 4346,USER - 04346,Department 2062,Manual
User Name 4347,USER - 04347,Department 1943,Manual
User Name 4348,USER - 04348,Department 1756,Manual
User Name 4349,USER - 04349,Department 1840,Manual
User Name 4350,USER - 04350,Department 1924,Manual
User Name 4351,USER - 04351,Department 1923,Manual
User Name 4352,USER - 04352,Department 2038,Manual
User Name 4353,USER - 04353,Department 2047,Manual
User Name 4354,USER - 04354,Department 1874,Manual
User Name 4355,USER - 04355,Department 1345,Manual
User Name 4356,USER - 04356,Department 1875,Manual
User Name 4357,USER - 04357,Department 2009,Manual
User Name 4358,USER - 04358,Department 2013,Manual
User Name 4359,USER - 04359,Department 2096,Manual
User Name 4360,USER - 04360,Department 2475,Manual
User Name 4361,USER - 04361,Department 1277,Manual
User Name 4362,USER - 04362,Department 1874,Manual
User Name 4363,USER - 04363,Department 3609,Manual
User Name 4364,USER - 04364,Department 1657,Manual
User Name 4365,USER - 04365,Department 1770,Manual
User Name 4366,USER - 04366,Department 1739,Manual
User Name 4367,USER - 04367,Department 2266,Manual
User Name 4368,USER - 04368,Department 1752,Manual
User Name 4369,USER - 04369,Department 2174,Manual
User Name 4370,USER - 04370,Department 1327,Manual
User Name 4371,USER - 04371,Department 1328,Manual
User Name 4372,USER - 04372,Department 2494,Manual
User Name 4373,USER - 04373,Department 2491,Manual
User Name 4374,USER - 04374,Department 735,Manual
User Name 4375,USER - 04375,Department 1804,Manual
User Name 4376,USER - 04376,Department 3580,Manual
User Name 4377,USER - 04377,Department 1363,Manual
User Name 4378,USER - 04378,Department 3570,Manual
User Name 4379,USER - 04379,Department 2074,Manual
User Name 4380,USER - 04380,Department 1888,Manual
User Name 4381,USER - 04381,Department 1618,Manual
User Name 4382,USER - 04382,Department 1746,Manual
User Name 4383,USER - 04383,Department 1382,Manual
User Name 4384,USER - 04384,Department 3445,Manual
User Name 4385,USER - 04385,Department 1776,Manual
User Name 4386,USER - 04386,Department 38,Manual
User Name 4387,USER - 04387,Department 3444,Manual
User Name 4388,USER - 04388,Department 1781,Manual
User Name 4389,USER - 04389,Department 2083,Manual
User Name 4390,USER - 04390,Department 458,Manual
User Name 4391,USER - 04391,Department 141,Manual
User Name 4392,USER - 04392,Department 82,Manual
User Name 4393,USER - 04393,Department 154,Manual
User Name 4394,USER - 04394,Department 1293,Manual
User Name 4395,USER - 04395,Department 1909,Manual
User Name 4396,USER - 04396,Department 945,Manual
User Name 4397,USER - 04397,Department 474,Manual
User Name 4398,USER - 04398,Department 2089,Manual
User Name 4399,USER - 04399,Department 2110,Manual
User Name 4400,USER - 04400,Department 1290,Manual
User Name 4401,USER - 04401,Department 2865,Manual
User Name 4402,USER - 04402,Department 546,Manual
User Name 4403,USER - 04403,Department 1900,Manual
User Name 4404,USER - 04404,Department 3570,Manual
User Name 4405,USER - 04405,Department 546,Manual
User Name 4406,USER - 04406,Department 1755,Manual
User Name 4407,USER - 04407,Department 143,Manual
User Name 4408,USER - 04408,Department 546,Manual
User Name 4409,USER - 04409,Department 141,Manual
User Name 4410,USER - 04410,Department 1805,Manual
User Name 4411,USER - 04411,Department 2348,Manual
User Name 4412,USER - 04412,Department 1690,Manual
User Name 4413,USER - 04413,Department 154,Manual
User Name 4414,USER - 04414,Department 2046,Manual
User Name 4415,USER - 04415,Department 3570,Manual
User Name 4416,USER - 04416,Department 154,Manual
User Name 4417,USER - 04417,Department 83,Manual
User Name 4418,USER - 04418,Department 2152,Manual
User Name 4419,USER - 04419,Department 154,Manual
User Name 4420,USER - 04420,Department 1289,Manual
User Name 4421,USER - 04421,Department 154,Manual
User Name 4422,USER - 04422,Department 1810,Manual
User Name 4423,USER - 04423,Department 1805,Manual
User Name 4424,USER - 04424,Department 143,Manual
User Name 4425,USER - 04425,Department 143,Manual
User Name 4426,USER - 04426,Department 1950,Manual
User Name 4427,USER - 04427,Department 1338,Manual
User Name 4428,USER - 04428,Department 1275,Manual
User Name 4429,USER - 04429,Department 566,Manual
User Name 4430,USER - 04430,Department 3363,Manual
User Name 4431,USER - 04431,Department 3524,Manual
User Name 4432,USER - 04432,Department 1325,Manual
User Name 4433,USER - 04433,Department 1325,Manual
User Name 4434,USER - 04434,Department 3524,Manual
User Name 4435,USER - 04435,Department 461,Manual
User Name 4436,USER - 04436,Department 3350,Manual
User Name 4437,USER - 04437,Department 480,Manual
User Name 4438,USER - 04438,Department 463,Manual
User Name 4439,USER - 04439,Department 821,Manual
User Name 4440,USER - 04440,Department 1350,Manual
User Name 4441,USER - 04441,Department 1349,Manual
User Name 4442,USER - 04442,Department 781,Manual
User Name 4443,USER - 04443,Department 2069,Manual
User Name 4444,USER - 04444,Department 1750,Manual
User Name 4445,USER - 04445,Department 2365,Manual
User Name 4446,USER - 04446,Department 1750,Manual
User Name 4447,USER - 04447,Department 1759,Manual
User Name 4448,USER - 04448,Department 1208,Manual
User Name 4449,USER - 04449,Department 1378,Manual
User Name 4450,USER - 04450,Department 1746,Manual
User Name 4451,USER - 04451,Department 143,Manual
User Name 4452,USER - 04452,Department 3013,Manual
User Name 4453,USER - 04453,Department 1874,Manual
User Name 4454,USER - 04454,Department 1908,Manual
User Name 4455,USER - 04455,Department 3524,Manual
User Name 4456,USER - 04456,Department 268,Manual
User Name 4457,USER - 04457,Department 1618,Manual
User Name 4458,USER - 04458,Department 141,Manual
User Name 4459,USER - 04459,Department 3587,Manual
User Name 4460,USER - 04460,Department 3587,Manual
User Name 4461,USER - 04461,Department 3587,Manual
User Name 4462,USER - 04462,Department 3587,Manual
User Name 4463,USER - 04463,Department 455,Manual
User Name 4464,USER - 04464,Department 577,Manual
User Name 4465,USER - 04465,Department 468,Manual
User Name 4466,USER - 04466,Department 471,Manual
User Name 4467,USER - 04467,Department 141,Manual
User Name 4468,USER - 04468,Department 141,Manual
User Name 4469,USER - 04469,Department 141,Manual
User Name 4470,USER - 04470,Department 141,Manual
User Name 4471,USER - 04471,Department 464,Manual
User Name 4472,USER - 04472,Department 1347,Manual
User Name 4473,USER - 04473,Department 547,Manual
User Name 4474,USER - 04474,Department 1875,Manual
User Name 4475,USER - 04475,Department 2068,Manual
User Name 4476,USER - 04476,Department 126,Manual
User Name 4477,USER - 04477,Department 1283,Manual
User Name 4478,USER - 04478,Department 2348,Manual
User Name 4479,USER - 04479,Department 1376,Manual
User Name 4480,USER - 04480,Department 1955,Manual
User Name 4481,USER - 04481,Department 33,Manual
User Name 4482,USER - 04482,Department 1815,Manual
User Name 4483,USER - 04483,Department 70,Manual
User Name 4484,USER - 04484,Department 1338,Manual
User Name 4485,USER - 04485,Department 2526,Manual
User Name 4486,USER - 04486,Department 1854,Manual
User Name 4487,USER - 04487,Department 1289,Manual
User Name 4488,USER - 04488,Department 1273,Manual
User Name 4489,USER - 04489,Department 1815,Manual
User Name 4490,USER - 04490,Department 530,Manual
User Name 4491,USER - 04491,Department 1949,Manual
User Name 4492,USER - 04492,Department 1289,Manual
User Name 4493,USER - 04493,Department 2005,Manual
User Name 4494,USER - 04494,Department 1949,Manual
User Name 4495,USER - 04495,Department 2372,Manual
User Name 4496,USER - 04496,Department 1913,Manual
User Name 4497,USER - 04497,Department 1711,Manual
User Name 4498,USER - 04498,Department 260,Manual
User Name 4499,USER - 04499,Department 1289,Manual
User Name 4500,USER - 04500,Department 1289,Manual
User Name 4501,USER - 04501,Department 1913,Manual
User Name 4502,USER - 04502,Department 530,Manual
User Name 4503,USER - 04503,Department 470,Manual
User Name 4504,USER - 04504,Department 463,Manual
User Name 4505,USER - 04505,Department 131,Manual
User Name 4506,USER - 04506,Department 1781,Manual
User Name 4507,USER - 04507,Department 1913,Manual
User Name 4508,USER - 04508,Department 31,Manual
User Name 4509,USER - 04509,Department 1703,Manual
User Name 4510,USER - 04510,Department 470,Manual
User Name 4511,USER - 04511,Department 3237,Manual
User Name 4512,USER - 04512,Department 458,Manual
User Name 4513,USER - 04513,Department 590,Manual
User Name 4514,USER - 04514,Department 1291,Manual
User Name 4515,USER - 04515,Department 1815,Manual
User Name 4516,USER - 04516,Department 1350,Manual
User Name 4517,USER - 04517,Department 1949,Manual
User Name 4518,USER - 04518,Department 267,Manual
User Name 4519,USER - 04519,Department 1759,Manual
User Name 4520,USER - 04520,Department 1691,Manual
User Name 4521,USER - 04521,Department 1923,Manual
User Name 4522,USER - 04522,Department 2122,Manual
User Name 4523,USER - 04523,Department 1955,Manual
User Name 4524,USER - 04524,Department 1791,Manual
User Name 4525,USER - 04525,Department 1746,Manual
User Name 4526,USER - 04526,Department 2004,Manual
User Name 4527,USER - 04527,Department 1841,Manual
User Name 4528,USER - 04528,Department 2526,Manual
User Name 4529,USER - 04529,Department 642,Manual
User Name 4530,USER - 04530,Department 1827,Manual
User Name 4531,USER - 04531,Department 1142,Manual
User Name 4532,USER - 04532,Department 3067,Manual
User Name 4533,USER - 04533,Department 2998,Manual
User Name 4534,USER - 04534,Department 3375,Manual
User Name 4535,USER - 04535,Department 3192,Manual
User Name 4536,USER - 04536,Department 3078,Manual
User Name 4537,USER - 04537,Department 914,Manual
User Name 4538,USER - 04538,Department 1673,Manual
User Name 4539,USER - 04539,Department 916,Manual
User Name 4540,USER - 04540,Department 1796,Manual
User Name 4541,USER - 04541,Department 2704,Manual
User Name 4542,USER - 04542,Department 1792,Manual
User Name 4543,USER - 04543,Department 3351,Manual
User Name 4544,USER - 04544,Department 342,Manual
User Name 4545,USER - 04545,Department 1673,Manual
User Name 4546,USER - 04546,Department 913,Manual
User Name 4547,USER - 04547,Department 41,Manual
User Name 4548,USER - 04548,Department 679,Manual
User Name 4549,USER - 04549,Department 1900,Manual
User Name 4550,USER - 04550,Department 1582,Manual
User Name 4551,USER - 04551,Department 1821,Manual
User Name 4552,USER - 04552,Department 2116,Manual
User Name 4553,USER - 04553,Department 2017,Manual
User Name 4554,USER - 04554,Department 2219,Manual
User Name 4555,USER - 04555,Department 1885,Manual
User Name 4556,USER - 04556,Department 2219,Manual
User Name 4557,USER - 04557,Department 3376,Manual
User Name 4558,USER - 04558,Department 515,Manual
User Name 4559,USER - 04559,Department 1709,Manual
User Name 4560,USER - 04560,Department 3238,Manual
User Name 4561,USER - 04561,Department 2527,Manual
User Name 4562,USER - 04562,Department 1949,Manual
User Name 4563,USER - 04563,Department 2526,Manual
User Name 4564,USER - 04564,Department 2005,Manual
User Name 4565,USER - 04565,Department 2114,Manual
User Name 4566,USER - 04566,Department 597,Manual
User Name 4567,USER - 04567,Department 1763,Manual
User Name 4568,USER - 04568,Department 1950,Manual
User Name 4569,USER - 04569,Department 3211,Manual
User Name 4570,USER - 04570,Department 23,Manual
User Name 4571,USER - 04571,Department 763,Manual
User Name 4572,USER - 04572,Department 2527,Manual
User Name 4573,USER - 04573,Department 3237,Manual
User Name 4574,USER - 04574,Department 3392,Manual
User Name 4575,USER - 04575,Department 1355,Manual
User Name 4576,USER - 04576,Department 3230,Manual
User Name 4577,USER - 04577,Department 1998,Manual
User Name 4578,USER - 04578,Department 1998,Manual
User Name 4579,USER - 04579,Department 1145,Manual
User Name 4580,USER - 04580,Department 1980,Manual
User Name 4581,USER - 04581,Department 3437,Manual
User Name 4582,USER - 04582,Department 1289,Manual
User Name 4583,USER - 04583,Department 530,Manual
User Name 4584,USER - 04584,Department 1359,Manual
User Name 4585,USER - 04585,Department 2118,Manual
User Name 4586,USER - 04586,Department 1907,Manual
User Name 4587,USER - 04587,Department 1998,Manual
User Name 4588,USER - 04588,Department 1984,Manual
User Name 4589,USER - 04589,Department 2386,Manual
User Name 4590,USER - 04590,Department 1919,Manual
User Name 4591,USER - 04591,Department 1675,Manual
User Name 4592,USER - 04592,Department 1980,Manual
User Name 4593,USER - 04593,Department 1950,Manual
User Name 4594,USER - 04594,Department 1351,Manual
User Name 4595,USER - 04595,Department 1721,Manual
User Name 4596,USER - 04596,Department 1907,Manual
User Name 4597,USER - 04597,Department 1950,Manual
User Name 4598,USER - 04598,Department 1807,Manual
User Name 4599,USER - 04599,Department 1806,Manual
User Name 4600,USER - 04600,Department 3538,Manual
User Name 4601,USER - 04601,Department 3049,Manual
User Name 4602,USER - 04602,Department 3058,Manual
User Name 4603,USER - 04603,Department 1949,Manual
User Name 4604,USER - 04604,Department 837,Manual
User Name 4605,USER - 04605,Department 3233,Manual
User Name 4606,USER - 04606,Department 1674,Manual
User Name 4607,USER - 04607,Department 1922,Manual
User Name 4608,USER - 04608,Department 1980,Manual
User Name 4609,USER - 04609,Department 1708,Manual
User Name 4610,USER - 04610,Department 1680,Manual
User Name 4611,USER - 04611,Department 3373,Manual
User Name 4612,USER - 04612,Department 1673,Manual
User Name 4613,USER - 04613,Department 1998,Manual
User Name 4614,USER - 04614,Department 1974,Manual
User Name 4615,USER - 04615,Department 1684,Manual
User Name 4616,USER - 04616,Department 1293,Manual
User Name 4617,USER - 04617,Department 3379,Manual
User Name 4618,USER - 04618,Department 3350,Manual
User Name 4619,USER - 04619,Department 1807,Manual
User Name 4620,USER - 04620,Department 1792,Manual
User Name 4621,USER - 04621,Department 2000,Manual
User Name 4622,USER - 04622,Department 142,Manual
User Name 4623,USER - 04623,Department 2704,Manual
User Name 4624,USER - 04624,Department 1722,Manual
User Name 4625,USER - 04625,Department 2354,Manual
User Name 4626,USER - 04626,Department 1675,Manual
User Name 4627,USER - 04627,Department 1879,Manual
User Name 4628,USER - 04628,Department 2073,Manual
User Name 4629,USER - 04629,Department 1438,Manual
User Name 4630,USER - 04630,Department 3420,Manual
User Name 4631,USER - 04631,Department 1691,Manual
User Name 4632,USER - 04632,Department 1678,Manual
User Name 4633,USER - 04633,Department 1673,Manual
User Name 4634,USER - 04634,Department 3317,Manual
User Name 4635,USER - 04635,Department 2663,Manual
User Name 4636,USER - 04636,Department 2972,Manual
User Name 4637,USER - 04637,Department 3286,Manual
User Name 4638,USER - 04638,Department 2028,Manual
User Name 4639,USER - 04639,Department 1987,Manual
User Name 4640,USER - 04640,Department 443,Manual
User Name 4641,USER - 04641,Department 1821,Manual
User Name 4642,USER - 04642,Department 3032,Manual
User Name 4643,USER - 04643,Department 778,Manual
User Name 4644,USER - 04644,Department 3232,Manual
User Name 4645,USER - 04645,Department 3228,Manual
User Name 4646,USER - 04646,Department 3230,Manual
User Name 4647,USER - 04647,Department 3235,Manual
User Name 4648,USER - 04648,Department 2496,Manual
User Name 4649,USER - 04649,Department 3228,Manual
User Name 4650,USER - 04650,Department 3220,Manual
User Name 4651,USER - 04651,Department 3227,Manual
User Name 4652,USER - 04652,Department 3233,Manual
User Name 4653,USER - 04653,Department 3351,Manual
User Name 4654,USER - 04654,Department 3232,Manual
User Name 4655,USER - 04655,Department 3230,Manual
User Name 4656,USER - 04656,Department 3232,Manual
User Name 4657,USER - 04657,Department 3229,Manual
User Name 4658,USER - 04658,Department 3230,Manual
User Name 4659,USER - 04659,Department 3234,Manual
User Name 4660,USER - 04660,Department 3223,Manual
User Name 4661,USER - 04661,Department 3222,Manual
User Name 4662,USER - 04662,Department 3594,Manual
User Name 4663,USER - 04663,Department 3407,Manual
User Name 4664,USER - 04664,Department 2113,Manual
User Name 4665,USER - 04665,Department 2082,Manual
User Name 4666,USER - 04666,Department 1810,Manual
User Name 4667,USER - 04667,Department 2057,Manual
User Name 4668,USER - 04668,Department 2056,Manual
User Name 4669,USER - 04669,Department 2056,Manual
User Name 4670,USER - 04670,Department 2058,Manual
User Name 4671,USER - 04671,Department 2042,Manual
User Name 4672,USER - 04672,Department 2051,Manual
User Name 4673,USER - 04673,Department 2043,Manual
User Name 4674,USER - 04674,Department 2042,Manual
User Name 4675,USER - 04675,Department 2041,Manual
User Name 4676,USER - 04676,Department 2042,Manual
User Name 4677,USER - 04677,Department 1686,Manual
User Name 4678,USER - 04678,Department 2705,Manual
User Name 4679,USER - 04679,Department 736,Manual
User Name 4680,USER - 04680,Department 1332,Manual
User Name 4681,USER - 04681,Department 87,Manual
User Name 4682,USER - 04682,Department 2547,Manual
User Name 4683,USER - 04683,Department 2529,Manual
User Name 4684,USER - 04684,Department 3072,Manual
User Name 4685,USER - 04685,Department 3044,Manual
User Name 3929,USER - 03929,Department 2528,Manual
User Name 4687,USER - 04687,Department 1916,Manual
User Name 4688,USER - 04688,Department 176,Manual
User Name 4689,USER - 04689,Department 2541,Manual
User Name 4690,USER - 04690,Department 2171,Manual
User Name 4691,USER - 04691,Department 783,Manual
User Name 4692,USER - 04692,Department 3568,Manual
User Name 4693,USER - 04693,Department 1765,Manual
User Name 4694,USER - 04694,Department 2467,Manual
User Name 4695,USER - 04695,Department 1718,Manual
User Name 4696,USER - 04696,Department 2572,Manual
User Name 4697,USER - 04697,Department 139,Manual
User Name 4698,USER - 04698,Department 3251,Manual
User Name 4699,USER - 04699,Department 53,Manual
User Name 4700,USER - 04700,Department 2219,Manual
User Name 4701,USER - 04701,Department 3102,Manual
User Name 4702,USER - 04702,Department 2085,Manual
User Name 4703,USER - 04703,Department 3061,Manual
User Name 4704,USER - 04704,Department 1639,Manual
User Name 4705,USER - 04705,Department 2677,Manual
User Name 4706,USER - 04706,Department 1644,Manual
User Name 4707,USER - 04707,Department 2036,Manual
User Name 4708,USER - 04708,Department 1335,Manual
User Name 4709,USER - 04709,Department 2243,Manual
User Name 4710,USER - 04710,Department 3651,Manual
User Name 4711,USER - 04711,Department 1792,Manual
User Name 4712,USER - 04712,Department 2680,Manual
User Name 4713,USER - 04713,Department 507,Manual
User Name 4714,USER - 04714,Department 3039,Manual
User Name 4715,USER - 04715,Department 3584,Manual
User Name 4716,USER - 04716,Department 92,Manual
User Name 4717,USER - 04717,Department 592,Manual
User Name 4718,USER - 04718,Department 619,Manual
User Name 4719,USER - 04719,Department 784,Manual
User Name 4720,USER - 04720,Department 2954,Manual
User Name 4721,USER - 04721,Department 2121,Manual
User Name 4722,USER - 04722,Department 2005,Manual
User Name 4723,USER - 04723,Department 2096,Manual
User Name 4724,USER - 04724,Department 2143,Manual
User Name 4725,USER - 04725,Department 2144,Manual
User Name 4726,USER - 04726,Department 1842,Manual
User Name 4727,USER - 04727,Department 3412,Manual
User Name 4728,USER - 04728,Department 2055,Manual
User Name 4729,USER - 04729,Department 473,Manual
User Name 4730,USER - 04730,Department 1742,Manual
User Name 4731,USER - 04731,Department 2588,Manual
User Name 4732,USER - 04732,Department 2601,Manual
User Name 4733,USER - 04733,Department 2219,Manual
User Name 4734,USER - 04734,Department 1815,Manual
User Name 4735,USER - 04735,Department 591,Manual
User Name 4736,USER - 04736,Department 2121,Manual
User Name 4737,USER - 04737,Department 2994,Manual
User Name 4738,USER - 04738,Department 2995,Manual
User Name 4739,USER - 04739,Department 2577,Manual
User Name 4740,USER - 04740,Department 818,Manual
User Name 4741,USER - 04741,Department 2091,Manual
User Name 4742,USER - 04742,Department 1174,Manual
User Name 4743,USER - 04743,Department 1492,Manual
User Name 4744,USER - 04744,Department 2963,Manual
User Name 4745,USER - 04745,Department 474,Manual
User Name 4746,USER - 04746,Department 474,Manual
User Name 4747,USER - 04747,Department 474,Manual
User Name 4748,USER - 04748,Department 475,Manual
User Name 4749,USER - 04749,Department 475,Manual
User Name 4750,USER - 04750,Department 599,Manual
User Name 4751,USER - 04751,Department 600,Manual
User Name 4752,USER - 04752,Department 602,Manual
User Name 4753,USER - 04753,Department 916,Manual
User Name 4754,USER - 04754,Department 2923,Manual
User Name 4755,USER - 04755,Department 1348,Manual
User Name 4756,USER - 04756,Department 1152,Manual
User Name 4757,USER - 04757,Department 479,Manual
User Name 4758,USER - 04758,Department 208,Manual
User Name 4759,USER - 04759,Department 1348,Manual
User Name 4760,USER - 04760,Department 93,Manual
User Name 4761,USER - 04761,Department 3552,Manual
User Name 4762,USER - 04762,Department 463,Manual
User Name 4296,USER - 04296,Department 3592,Manual
User Name 4764,USER - 04764,Department 94,Manual
User Name 4765,USER - 04765,Department 3621,Manual
User Name 4766,USER - 04766,Department 2591,Manual
User Name 4767,USER - 04767,Department 2723,Manual
User Name 4768,USER - 04768,Department 2434,Manual
User Name 4769,USER - 04769,Department 1815,Manual
User Name 4770,USER - 04770,Department 2123,Manual
User Name 4771,USER - 04771,Department 2466,Manual
User Name 4772,USER - 04772,Department 1607,Manual
User Name 4773,USER - 04773,Department 2968,Manual
User Name 4774,USER - 04774,Department 2447,Manual
User Name 4775,USER - 04775,Department 1051,Manual
User Name 4776,USER - 04776,Department 2513,Manual
User Name 4777,USER - 04777,Department 2660,Manual
User Name 4778,USER - 04778,Department 1776,Manual
User Name 4779,USER - 04779,Department 939,Manual
User Name 4780,USER - 04780,Department 2344,Manual
User Name 4781,USER - 04781,Department 1735,Manual
User Name 4782,USER - 04782,Department 1008,Manual
User Name 4783,USER - 04783,Department 1769,Manual
User Name 4784,USER - 04784,Department 972,Manual
User Name 4785,USER - 04785,Department 1050,Manual
User Name 4786,USER - 04786,Department 957,Manual
User Name 4787,USER - 04787,Department 901,Manual
User Name 4788,USER - 04788,Department 894,Manual
User Name 4789,USER - 04789,Department 1052,Manual
User Name 4790,USER - 04790,Department 1052,Manual
User Name 4791,USER - 04791,Department 1923,Manual
User Name 4792,USER - 04792,Department 1031,Manual
User Name 4793,USER - 04793,Department 2522,Manual
User Name 4794,USER - 04794,Department 1095,Manual
User Name 4795,USER - 04795,Department 930,Manual
User Name 4796,USER - 04796,Department 2670,Manual
User Name 4797,USER - 04797,Department 1864,Manual
User Name 4798,USER - 04798,Department 2445,Manual
User Name 4799,USER - 04799,Department 2263,Manual
User Name 4800,USER - 04800,Department 2094,Manual
User Name 4801,USER - 04801,Department 1671,Manual
User Name 4802,USER - 04802,Department 2393,Manual
User Name 4803,USER - 04803,Department 2089,Manual
User Name 4804,USER - 04804,Department 2436,Manual
User Name 4805,USER - 04805,Department 2448,Manual
User Name 4806,USER - 04806,Department 1052,Manual
User Name 4807,USER - 04807,Department 1848,Manual
User Name 4808,USER - 04808,Department 2668,Manual
User Name 4809,USER - 04809,Department 2092,Manual
User Name 4810,USER - 04810,Department 1719,Manual
User Name 4811,USER - 04811,Department 2516,Manual
User Name 4812,USER - 04812,Department 1094,Manual
User Name 4813,USER - 04813,Department 1085,Manual
User Name 4814,USER - 04814,Department 1904,Manual
User Name 4815,USER - 04815,Department 1091,Manual
User Name 4816,USER - 04816,Department 1735,Manual
User Name 4817,USER - 04817,Department 1087,Manual
User Name 4818,USER - 04818,Department 981,Manual
User Name 4819,USER - 04819,Department 2673,Manual
User Name 4820,USER - 04820,Department 2956,Manual
User Name 4821,USER - 04821,Department 1056,Manual
User Name 4822,USER - 04822,Department 1052,Manual
User Name 4823,USER - 04823,Department 1055,Manual
User Name 4824,USER - 04824,Department 1050,Manual
User Name 4825,USER - 04825,Department 2059,Manual
User Name 4826,USER - 04826,Department 1923,Manual
User Name 4827,USER - 04827,Department 2103,Manual
User Name 4828,USER - 04828,Department 2356,Manual
User Name 4829,USER - 04829,Department 2338,Manual
User Name 4830,USER - 04830,Department 2932,Manual
User Name 4831,USER - 04831,Department 2330,Manual
User Name 4832,USER - 04832,Department 1094,Manual
User Name 4833,USER - 04833,Department 2969,Manual
User Name 4834,USER - 04834,Department 1669,Manual
User Name 4835,USER - 04835,Department 2338,Manual
User Name 4836,USER - 04836,Department 3116,Manual
User Name 4837,USER - 04837,Department 2893,Manual
User Name 4838,USER - 04838,Department 2987,Manual
User Name 4839,USER - 04839,Department 3126,Manual
User Name 4840,USER - 04840,Department 3043,Manual
User Name 4841,USER - 04841,Department 3014,Manual
User Name 4842,USER - 04842,Department 2508,Manual
User Name 4843,USER - 04843,Department 1027,Manual
User Name 4844,USER - 04844,Department 1071,Manual
User Name 4845,USER - 04845,Department 2508,Manual
User Name 4846,USER - 04846,Department 3025,Manual
User Name 4847,USER - 04847,Department 2337,Manual
User Name 4848,USER - 04848,Department 1028,Manual
User Name 4849,USER - 04849,Department 2396,Manual
User Name 4850,USER - 04850,Department 2286,Manual
User Name 4851,USER - 04851,Department 2297,Manual
User Name 4852,USER - 04852,Department 1620,Manual
User Name 4853,USER - 04853,Department 1690,Manual
User Name 4854,USER - 04854,Department 3564,Manual
User Name 4855,USER - 04855,Department 2011,Manual
User Name 4856,USER - 04856,Department 1859,Manual
User Name 4857,USER - 04857,Department 1722,Manual
User Name 4858,USER - 04858,Department 1092,Manual
User Name 4859,USER - 04859,Department 929,Manual
User Name 4860,USER - 04860,Department 978,Manual
User Name 4861,USER - 04861,Department 2069,Manual
User Name 4862,USER - 04862,Department 1640,Manual
User Name 4863,USER - 04863,Department 2255,Manual
User Name 4864,USER - 04864,Department 1055,Manual
User Name 4865,USER - 04865,Department 997,Manual
User Name 4866,USER - 04866,Department 940,Manual
User Name 4867,USER - 04867,Department 975,Manual
User Name 4868,USER - 04868,Department 1789,Manual
User Name 4869,USER - 04869,Department 2418,Manual
User Name 4870,USER - 04870,Department 2985,Manual
User Name 4871,USER - 04871,Department 1072,Manual
User Name 4872,USER - 04872,Department 1049,Manual
User Name 4873,USER - 04873,Department 1047,Manual
User Name 4874,USER - 04874,Department 974,Manual
User Name 4875,USER - 04875,Department 1635,Manual
User Name 4876,USER - 04876,Department 2666,Manual
User Name 4877,USER - 04877,Department 901,Manual
User Name 4878,USER - 04878,Department 1591,Manual
User Name 4879,USER - 04879,Department 2036,Manual
User Name 4880,USER - 04880,Department 2393,Manual
User Name 4881,USER - 04881,Department 1011,Manual
User Name 4882,USER - 04882,Department 1053,Manual
User Name 4883,USER - 04883,Department 1047,Manual
User Name 4884,USER - 04884,Department 2453,Manual
User Name 4885,USER - 04885,Department 1868,Manual
User Name 4886,USER - 04886,Department 1052,Manual
User Name 4887,USER - 04887,Department 1640,Manual
User Name 4888,USER - 04888,Department 1028,Manual
User Name 4889,USER - 04889,Department 1984,Manual
User Name 4890,USER - 04890,Department 992,Manual
User Name 4891,USER - 04891,Department 1014,Manual
User Name 4892,USER - 04892,Department 1658,Manual
User Name 4893,USER - 04893,Department 2128,Manual
User Name 4894,USER - 04894,Department 1095,Manual
User Name 4895,USER - 04895,Department 3067,Manual
User Name 4896,USER - 04896,Department 2320,Manual
User Name 4897,USER - 04897,Department 2704,Manual
User Name 4898,USER - 04898,Department 900,Manual
User Name 4899,USER - 04899,Department 2671,Manual
User Name 4900,USER - 04900,Department 1856,Manual
User Name 4901,USER - 04901,Department 2607,Manual
User Name 4902,USER - 04902,Department 1101,Manual
User Name 4903,USER - 04903,Department 1054,Manual
User Name 4904,USER - 04904,Department 2517,Manual
User Name 4905,USER - 04905,Department 1053,Manual
User Name 4906,USER - 04906,Department 1094,Manual
User Name 4907,USER - 04907,Department 2023,Manual
User Name 4908,USER - 04908,Department 1004,Manual
User Name 4909,USER - 04909,Department 1097,Manual
User Name 4910,USER - 04910,Department 2440,Manual
User Name 4911,USER - 04911,Department 2439,Manual
User Name 4912,USER - 04912,Department 2353,Manual
User Name 4913,USER - 04913,Department 2428,Manual
User Name 4914,USER - 04914,Department 1092,Manual
User Name 4915,USER - 04915,Department 928,Manual
User Name 4916,USER - 04916,Department 1089,Manual
User Name 4917,USER - 04917,Department 978,Manual
User Name 4918,USER - 04918,Department 2427,Manual
User Name 4917,USER - 04917,Department 2704,Manual
User Name 4920,USER - 04920,Department 939,Manual
User Name 4921,USER - 04921,Department 1675,Manual
User Name 4922,USER - 04922,Department 927,Manual
User Name 4923,USER - 04923,Department 1839,Manual
User Name 4923,USER - 04923,Department 938,Manual
User Name 4925,USER - 04925,Department 1080,Manual
User Name 4926,USER - 04926,Department 986,Manual
User Name 4927,USER - 04927,Department 2514,Manual
User Name 4928,USER - 04928,Department 1842,Manual
User Name 4929,USER - 04929,Department 1871,Manual
User Name 4930,USER - 04930,Department 1084,Manual
User Name 4931,USER - 04931,Department 3552,Manual
User Name 4932,USER - 04932,Department 2704,Manual
User Name 4933,USER - 04933,Department 1049,Manual
User Name 4934,USER - 04934,Department 1082,Manual
User Name 4935,USER - 04935,Department 1840,Manual
User Name 4936,USER - 04936,Department 951,Manual
User Name 4937,USER - 04937,Department 985,Manual
User Name 4938,USER - 04938,Department 2448,Manual
User Name 4939,USER - 04939,Department 2015,Manual
User Name 4940,USER - 04940,Department 3549,Manual
User Name 4941,USER - 04941,Department 2452,Manual
User Name 4942,USER - 04942,Department 2290,Manual
User Name 4943,USER - 04943,Department 2451,Manual
User Name 4944,USER - 04944,Department 1743,Manual
User Name 4945,USER - 04945,Department 1633,Manual
User Name 4946,USER - 04946,Department 902,Manual
User Name 4947,USER - 04947,Department 930,Manual
User Name 4948,USER - 04948,Department 976,Manual
User Name 4949,USER - 04949,Department 939,Manual
User Name 4950,USER - 04950,Department 2426,Manual
User Name 4951,USER - 04951,Department 1084,Manual
User Name 4952,USER - 04952,Department 3552,Manual
User Name 4953,USER - 04953,Department 2128,Manual
User Name 4954,USER - 04954,Department 1054,Manual
User Name 4955,USER - 04955,Department 1867,Manual
User Name 4956,USER - 04956,Department 1092,Manual
User Name 4957,USER - 04957,Department 2105,Manual
User Name 4958,USER - 04958,Department 975,Manual
User Name 4959,USER - 04959,Department 975,Manual
User Name 4960,USER - 04960,Department 925,Manual
User Name 4961,USER - 04961,Department 2040,Manual
User Name 4962,USER - 04962,Department 985,Manual
User Name 4963,USER - 04963,Department 1053,Manual
User Name 4964,USER - 04964,Department 2046,Manual
User Name 4965,USER - 04965,Department 2441,Manual
User Name 4966,USER - 04966,Department 1736,Manual
User Name 4967,USER - 04967,Department 3550,Manual
User Name 4968,USER - 04968,Department 1024,Manual
User Name 4969,USER - 04969,Department 2046,Manual
User Name 4970,USER - 04970,Department 2454,Manual
User Name 4971,USER - 04971,Department 1069,Manual
User Name 4972,USER - 04972,Department 2452,Manual
User Name 4973,USER - 04973,Department 2645,Manual
User Name 4974,USER - 04974,Department 970,Manual
User Name 4975,USER - 04975,Department 1028,Manual
User Name 4976,USER - 04976,Department 981,Manual
User Name 4977,USER - 04977,Department 929,Manual
User Name 4978,USER - 04978,Department 986,Manual
User Name 4979,USER - 04979,Department 2452,Manual
User Name 4980,USER - 04980,Department 1005,Manual
User Name 4981,USER - 04981,Department 975,Manual
User Name 4982,USER - 04982,Department 3131,Manual
User Name 4983,USER - 04983,Department 929,Manual
User Name 4984,USER - 04984,Department 1858,Manual
User Name 4985,USER - 04985,Department 2508,Manual
User Name 4986,USER - 04986,Department 1923,Manual
User Name 4987,USER - 04987,Department 1053,Manual
User Name 4988,USER - 04988,Department 975,Manual
User Name 4989,USER - 04989,Department 1741,Manual
User Name 4990,USER - 04990,Department 2405,Manual
User Name 4991,USER - 04991,Department 3063,Manual
User Name 4992,USER - 04992,Department 3549,Manual
User Name 4993,USER - 04993,Department 2354,Manual
User Name 4994,USER - 04994,Department 1904,Manual
User Name 4995,USER - 04995,Department 3066,Manual
User Name 4996,USER - 04996,Department 1735,Manual
User Name 4997,USER - 04997,Department 1089,Manual
User Name 4998,USER - 04998,Department 976,Manual
User Name 4999,USER - 04999,Department 2441,Manual
User Name 5000,USER - 05000,Department 1826,Manual
User Name 5001,USER - 05001,Department 3549,Manual
User Name 5002,USER - 05002,Department 929,Manual
User Name 5003,USER - 05003,Department 992,Manual
User Name 5004,USER - 05004,Department 940,Manual
User Name 5005,USER - 05005,Department 2517,Manual
User Name 5006,USER - 05006,Department 1073,Manual
User Name 5007,USER - 05007,Department 1616,Manual
User Name 5008,USER - 05008,Department 2681,Manual
User Name 5009,USER - 05009,Department 1997,Manual
User Name 5010,USER - 05010,Department 2513,Manual
User Name 5011,USER - 05011,Department 2326,Manual
User Name 5012,USER - 05012,Department 1031,Manual
User Name 5013,USER - 05013,Department 930,Manual
User Name 5014,USER - 05014,Department 2696,Manual
User Name 5015,USER - 05015,Department 2255,Manual
User Name 5016,USER - 05016,Department 2028,Manual
User Name 5017,USER - 05017,Department 1769,Manual
User Name 5018,USER - 05018,Department 974,Manual
User Name 5019,USER - 05019,Department 1107,Manual
User Name 5020,USER - 05020,Department 985,Manual
User Name 5021,USER - 05021,Department 2281,Manual
User Name 5022,USER - 05022,Department 1333,Manual
User Name 5023,USER - 05023,Department 520,Manual
User Name 5024,USER - 05024,Department 3350,Manual
User Name 5025,USER - 05025,Department 1955,Manual
User Name 5026,USER - 05026,Department 1314,Manual
User Name 5027,USER - 05027,Department 1700,Manual
User Name 5028,USER - 05028,Department 1338,Manual
User Name 5029,USER - 05029,Department 1150,Manual
User Name 5030,USER - 05030,Department 1350,Manual
User Name 5031,USER - 05031,Department 1350,Manual
User Name 5032,USER - 05032,Department 1815,Manual
User Name 5033,USER - 05033,Department 496,Manual
User Name 5034,USER - 05034,Department 1963,Manual
User Name 5035,USER - 05035,Department 1929,Manual
User Name 5036,USER - 05036,Department 150,Manual
User Name 5037,USER - 05037,Department 74,Manual
User Name 5038,USER - 05038,Department 1675,Manual
User Name 5039,USER - 05039,Department 1260,Manual
User Name 5040,USER - 05040,Department 75,Manual
User Name 5041,USER - 05041,Department 2483,Manual
User Name 5042,USER - 05042,Department 2386,Manual
User Name 5043,USER - 05043,Department 2560,Manual
User Name 5044,USER - 05044,Department 3524,Manual
User Name 5045,USER - 05045,Department 1675,Manual
User Name 5046,USER - 05046,Department 1865,Manual
User Name 5047,USER - 05047,Department 821,Manual
User Name 5048,USER - 05048,Department 1382,Manual
User Name 5049,USER - 05049,Department 2372,Manual
User Name 5050,USER - 05050,Department 465,Manual
User Name 5051,USER - 05051,Department 1854,Manual
User Name 5052,USER - 05052,Department 496,Manual
User Name 5053,USER - 05053,Department 566,Manual
User Name 5054,USER - 05054,Department 2548,Manual
User Name 5055,USER - 05055,Department 1712,Manual
User Name 5056,USER - 05056,Department 1858,Manual
User Name 5057,USER - 05057,Department 1709,Manual
User Name 5058,USER - 05058,Department 150,Manual
User Name 5059,USER - 05059,Department 848,Manual
User Name 5060,USER - 05060,Department 2561,Manual
User Name 5061,USER - 05061,Department 49,Manual
User Name 5062,USER - 05062,Department 2364,Manual
User Name 5063,USER - 05063,Department 530,Manual
User Name 5064,USER - 05064,Department 2366,Manual
User Name 5065,USER - 05065,Department 1153,Manual
User Name 5066,USER - 05066,Department 50,Manual
User Name 5067,USER - 05067,Department 1376,Manual
User Name 5068,USER - 05068,Department 1752,Manual
User Name 5069,USER - 05069,Department 1996,Manual
User Name 5070,USER - 05070,Department 1376,Manual
User Name 5071,USER - 05071,Department 2073,Manual
User Name 5072,USER - 05072,Department 150,Manual
User Name 5073,USER - 05073,Department 1908,Manual
User Name 5074,USER - 05074,Department 1376,Manual
User Name 5075,USER - 05075,Department 1315,Manual
User Name 5076,USER - 05076,Department 823,Manual
User Name 5077,USER - 05077,Department 1816,Manual
User Name 5078,USER - 05078,Department 213,Manual
User Name 5079,USER - 05079,Department 709,Manual
User Name 5080,USER - 05080,Department 2478,Manual
User Name 5081,USER - 05081,Department 781,Manual
User Name 5082,USER - 05082,Department 1320,Manual
User Name 5083,USER - 05083,Department 1347,Manual
User Name 5084,USER - 05084,Department 1713,Manual
User Name 5085,USER - 05085,Department 150,Manual
User Name 5086,USER - 05086,Department 1337,Manual
User Name 5087,USER - 05087,Department 128,Manual
User Name 5088,USER - 05088,Department 1864,Manual
User Name 5089,USER - 05089,Department 505,Manual
User Name 5090,USER - 05090,Department 1746,Manual
User Name 5091,USER - 05091,Department 1874,Manual
User Name 5092,USER - 05092,Department 1895,Manual
User Name 5093,USER - 05093,Department 1898,Manual
User Name 5094,USER - 05094,Department 1375,Manual
User Name 5095,USER - 05095,Department 1271,Manual
User Name 5096,USER - 05096,Department 582,Manual
User Name 5097,USER - 05097,Department 2348,Manual
User Name 5098,USER - 05098,Department 1656,Manual
User Name 5099,USER - 05099,Department 2068,Manual
User Name 5100,USER - 05100,Department 465,Manual
User Name 5101,USER - 05101,Department 1275,Manual
User Name 5102,USER - 05102,Department 1713,Manual
User Name 5103,USER - 05103,Department 2549,Manual
User Name 5104,USER - 05104,Department 729,Manual
User Name 5105,USER - 05105,Department 128,Manual
User Name 5106,USER - 05106,Department 1320,Manual
User Name 5107,USER - 05107,Department 505,Manual
User Name 5108,USER - 05108,Department 1712,Manual
User Name 5109,USER - 05109,Department 2390,Manual
User Name 5110,USER - 05110,Department 821,Manual
User Name 5111,USER - 05111,Department 603,Manual
User Name 5112,USER - 05112,Department 131,Manual
User Name 5113,USER - 05113,Department 1313,Manual
User Name 5114,USER - 05114,Department 1755,Manual
User Name 5115,USER - 05115,Department 1874,Manual
User Name 5116,USER - 05116,Department 2599,Manual
User Name 5117,USER - 05117,Department 821,Manual
User Name 5118,USER - 05118,Department 1817,Manual
User Name 5119,USER - 05119,Department 1836,Manual
User Name 5120,USER - 05120,Department 141,Manual
User Name 5121,USER - 05121,Department 2053,Manual
User Name 5122,USER - 05122,Department 2056,Manual
User Name 5123,USER - 05123,Department 1674,Manual
User Name 5124,USER - 05124,Department 2089,Manual
User Name 5125,USER - 05125,Department 2348,Manual
User Name 5126,USER - 05126,Department 3350,Manual
User Name 5127,USER - 05127,Department 520,Manual
User Name 5128,USER - 05128,Department 1813,Manual
User Name 5129,USER - 05129,Department 3390,Manual
User Name 5130,USER - 05130,Department 3339,Manual
User Name 5131,USER - 05131,Department 3714,Manual
User Name 5132,USER - 05132,Department 2062,Manual
User Name 5133,USER - 05133,Department 1754,Manual
User Name 5134,USER - 05134,Department 1765,Manual
User Name 5135,USER - 05135,Department 2133,Manual
User Name 5136,USER - 05136,Department 2145,Manual
User Name 5137,USER - 05137,Department 3237,Manual
User Name 5138,USER - 05138,Department 834,Manual
User Name 5139,USER - 05139,Department 1856,Manual
User Name 5140,USER - 05140,Department 2146,Manual
User Name 5141,USER - 05141,Department 1061,Manual
User Name 5142,USER - 05142,Department 1345,Manual
User Name 5143,USER - 05143,Department 1063,Manual
User Name 5144,USER - 05144,Department 3168,Manual
User Name 5145,USER - 05145,Department 1061,Manual
User Name 5146,USER - 05146,Department 1063,Manual
User Name 5147,USER - 05147,Department 958,Manual
User Name 5148,USER - 05148,Department 1058,Manual
User Name 5149,USER - 05149,Department 2055,Manual
User Name 5150,USER - 05150,Department 1334,Manual
User Name 5151,USER - 05151,Department 1779,Manual
User Name 5152,USER - 05152,Department 1781,Manual
User Name 5153,USER - 05153,Department 1990,Manual
User Name 5154,USER - 05154,Department 1973,Manual
User Name 5155,USER - 05155,Department 1744,Manual
User Name 5156,USER - 05156,Department 1779,Manual
User Name 2379,USER - 02379,Department 1787,Manual
User Name 5158,USER - 05158,Department 1913,Manual
User Name 5159,USER - 05159,Department 1787,Manual
User Name 5160,USER - 05160,Department 1913,Manual
User Name 3401,USER - 03401,Department 1787,Manual
User Name 5162,USER - 05162,Department 1744,Manual
User Name 5163,USER - 05163,Department 1763,Manual
User Name 5164,USER - 05164,Department 1990,Manual
User Name 5165,USER - 05165,Department 1913,Manual
User Name 5166,USER - 05166,Department 2559,Manual
User Name 5167,USER - 05167,Department 1744,Manual
User Name 5168,USER - 05168,Department 1301,Manual
User Name 5169,USER - 05169,Department 1821,Manual
User Name 5170,USER - 05170,Department 546,Manual
User Name 5171,USER - 05171,Department 119,Manual
User Name 5172,USER - 05172,Department 119,Manual
User Name 5173,USER - 05173,Department 119,Manual
User Name 5174,USER - 05174,Department 2265,Manual
User Name 5175,USER - 05175,Department 2265,Manual
User Name 5176,USER - 05176,Department 101,Manual
User Name 5177,USER - 05177,Department 106,Manual
User Name 5178,USER - 05178,Department 3710,Manual
User Name 5179,USER - 05179,Department 2398,Manual
User Name 5180,USER - 05180,Department 190,Manual
User Name 5181,USER - 05181,Department 1763,Manual
User Name 4759,USER - 04759,Department 1797,Manual
User Name 5183,USER - 05183,Department 1821,Manual
User Name 5184,USER - 05184,Department 1821,Manual
User Name 5185,USER - 05185,Department 1302,Manual
User Name 5186,USER - 05186,Department 1787,Manual
User Name 5187,USER - 05187,Department 1291,Manual
User Name 5188,USER - 05188,Department 611,Manual
User Name 5189,USER - 05189,Department 2086,Manual
User Name 5190,USER - 05190,Department 2114,Manual
User Name 5191,USER - 05191,Department 1821,Manual
User Name 5192,USER - 05192,Department 1821,Manual
User Name 5193,USER - 05193,Department 2592,Manual
User Name 5194,USER - 05194,Department 1337,Manual
User Name 5195,USER - 05195,Department 2017,Manual
User Name 5196,USER - 05196,Department 141,Manual
User Name 5197,USER - 05197,Department 2092,Manual
User Name 5198,USER - 05198,Department 2069,Manual
User Name 5199,USER - 05199,Department 838,Manual
User Name 5200,USER - 05200,Department 257,Manual
User Name 5201,USER - 05201,Department 1345,Manual
User Name 5202,USER - 05202,Department 2988,Manual
User Name 5203,USER - 05203,Department 1760,Manual
User Name 5204,USER - 05204,Department 2563,Manual
User Name 5205,USER - 05205,Department 3538,Manual
User Name 5206,USER - 05206,Department 97,Manual
User Name 5207,USER - 05207,Department 3538,Manual
User Name 5208,USER - 05208,Department 3538,Manual
User Name 5209,USER - 05209,Department 3363,Manual
User Name 5210,USER - 05210,Department 57,Manual
User Name 5211,USER - 05211,Department 1821,Manual
User Name 5212,USER - 05212,Department 2589,Manual
User Name 5213,USER - 05213,Department 2133,Manual
User Name 5214,USER - 05214,Department 1310,Manual
User Name 5215,USER - 05215,Department 1310,Manual
User Name 5216,USER - 05216,Department 1289,Manual
User Name 5217,USER - 05217,Department 96,Manual
User Name 5218,USER - 05218,Department 417,Manual
User Name 5219,USER - 05219,Department 2858,Manual
User Name 5220,USER - 05220,Department 1842,Manual
User Name 5221,USER - 05221,Department 981,Manual
User Name 2900,USER - 02900,Department 3155,Manual
User Name 5223,USER - 05223,Department 2349,Manual
User Name 5224,USER - 05224,Department 851,Manual
User Name 5225,USER - 05225,Department 1393,Manual
User Name 5226,USER - 05226,Department 607,Manual
User Name 5227,USER - 05227,Department 1374,Manual
User Name 5228,USER - 05228,Department 1307,Manual
User Name 5229,USER - 05229,Department 1283,Manual
User Name 5230,USER - 05230,Department 1324,Manual
User Name 5231,USER - 05231,Department 1879,Manual
User Name 5232,USER - 05232,Department 1387,Manual
User Name 5233,USER - 05233,Department 1319,Manual
User Name 5234,USER - 05234,Department 1286,Manual
User Name 5235,USER - 05235,Department 1817,Manual
User Name 5236,USER - 05236,Department 1817,Manual
User Name 5237,USER - 05237,Department 1596,Manual
User Name 5238,USER - 05238,Department 1598,Manual
User Name 5239,USER - 05239,Department 1598,Manual
User Name 5240,USER - 05240,Department 1868,Manual
User Name 5241,USER - 05241,Department 1877,Manual
User Name 5242,USER - 05242,Department 1955,Manual
User Name 5243,USER - 05243,Department 1955,Manual
User Name 5244,USER - 05244,Department 3658,Manual
User Name 5245,USER - 05245,Department 2092,Manual
User Name 5246,USER - 05246,Department 2092,Manual
User Name 5247,USER - 05247,Department 3658,Manual
User Name 5248,USER - 05248,Department 3011,Manual
User Name 5249,USER - 05249,Department 3011,Manual
User Name 5250,USER - 05250,Department 3011,Manual
User Name 5251,USER - 05251,Department 3213,Manual
User Name 5252,USER - 05252,Department 3213,Manual
User Name 5253,USER - 05253,Department 3213,Manual
User Name 5254,USER - 05254,Department 1951,Manual
User Name 5255,USER - 05255,Department 830,Manual
User Name 5256,USER - 05256,Department 817,Manual
User Name 5257,USER - 05257,Department 3538,Manual
User Name 5258,USER - 05258,Department 797,Manual
User Name 5259,USER - 05259,Department 1289,Manual
User Name 5260,USER - 05260,Department 481,Manual
User Name 5261,USER - 05261,Department 3687,Manual
User Name 5262,USER - 05262,Department 476,Manual
User Name 5263,USER - 05263,Department 2982,Manual
User Name 5264,USER - 05264,Department 1667,Manual
User Name 5265,USER - 05265,Department 1990,Manual
User Name 5266,USER - 05266,Department 2993,Manual
User Name 5267,USER - 05267,Department 3001,Manual
User Name 5268,USER - 05268,Department 2360,Manual
User Name 5269,USER - 05269,Department 524,Manual
User Name 5270,USER - 05270,Department 3006,Manual
User Name 5271,USER - 05271,Department 2150,Manual
User Name 5272,USER - 05272,Department 2968,Manual
User Name 5273,USER - 05273,Department 2919,Manual
User Name 5274,USER - 05274,Department 2909,Manual
User Name 5275,USER - 05275,Department 3250,Manual
User Name 5276,USER - 05276,Department 2647,Manual
User Name 5277,USER - 05277,Department 840,Manual
User Name 5278,USER - 05278,Department 2677,Manual
User Name 5279,USER - 05279,Department 3317,Manual
User Name 5280,USER - 05280,Department 1886,Manual
User Name 5281,USER - 05281,Department 2904,Manual
User Name 5282,USER - 05282,Department 3236,Manual
User Name 5283,USER - 05283,Department 3393,Manual
User Name 5284,USER - 05284,Department 2144,Manual
User Name 5285,USER - 05285,Department 1864,Manual
User Name 5286,USER - 05286,Department 1334,Manual
User Name 5287,USER - 05287,Department 820,Manual
User Name 5288,USER - 05288,Department 223,Manual
User Name 5289,USER - 05289,Department 2174,Manual
User Name 5290,USER - 05290,Department 58,Manual
User Name 5291,USER - 05291,Department 2144,Manual
User Name 5292,USER - 05292,Department 833,Manual
User Name 5293,USER - 05293,Department 833,Manual
User Name 5294,USER - 05294,Department 854,Manual
User Name 5295,USER - 05295,Department 639,Manual
User Name 5296,USER - 05296,Department 639,Manual
User Name 5297,USER - 05297,Department 678,Manual
User Name 5298,USER - 05298,Department 3209,Manual
User Name 5299,USER - 05299,Department 632,Manual
User Name 5300,USER - 05300,Department 704,Manual
User Name 5301,USER - 05301,Department 1166,Manual
User Name 5302,USER - 05302,Department 575,Manual
User Name 5303,USER - 05303,Department 548,Manual
User Name 5304,USER - 05304,Department 1527,Manual
User Name 5305,USER - 05305,Department 3394,Manual
User Name 5306,USER - 05306,Department 1312,Manual
User Name 5307,USER - 05307,Department 2501,Manual
User Name 5308,USER - 05308,Department 827,Manual
User Name 5309,USER - 05309,Department 610,Manual
User Name 5310,USER - 05310,Department 690,Manual
User Name 5311,USER - 05311,Department 762,Manual
User Name 5312,USER - 05312,Department 949,Manual
User Name 5313,USER - 05313,Department 909,Manual
User Name 5314,USER - 05314,Department 1998,Manual
User Name 5315,USER - 05315,Department 750,Manual
User Name 5316,USER - 05316,Department 2881,Manual
User Name 5317,USER - 05317,Department 671,Manual
User Name 2118,USER - 02118,Department 1473,Manual
User Name 5319,USER - 05319,Department 1283,Manual
User Name 5320,USER - 05320,Department 1445,Manual
User Name 5321,USER - 05321,Department 2153,Manual
User Name 5322,USER - 05322,Department 2153,Manual
User Name 5323,USER - 05323,Department 1366,Manual
User Name 5324,USER - 05324,Department 2825,Manual
User Name 5325,USER - 05325,Department 3577,Manual
User Name 5326,USER - 05326,Department 1203,Manual
User Name 5327,USER - 05327,Department 3210,Manual
User Name 5328,USER - 05328,Department 2677,Manual
User Name 5329,USER - 05329,Department 3436,Manual
User Name 5330,USER - 05330,Department 1748,Manual
User Name 5331,USER - 05331,Department 131,Manual
User Name 5332,USER - 05332,Department 3281,Manual
User Name 5333,USER - 05333,Department 3411,Manual
User Name 5334,USER - 05334,Department 1754,Manual
User Name 5335,USER - 05335,Department 520,Manual
User Name 5336,USER - 05336,Department 2305,Manual
User Name 5337,USER - 05337,Department 2166,Manual
User Name 5338,USER - 05338,Department 446,Manual
User Name 5339,USER - 05339,Department 1889,Manual
User Name 5340,USER - 05340,Department 1889,Manual
User Name 5341,USER - 05341,Department 127,Manual
User Name 5342,USER - 05342,Department 1229,Manual
User Name 5343,USER - 05343,Department 1227,Manual
User Name 5344,USER - 05344,Department 1232,Manual
User Name 5345,USER - 05345,Department 1226,Manual
User Name 5346,USER - 05346,Department 1228,Manual
User Name 5347,USER - 05347,Department 1230,Manual
User Name 5348,USER - 05348,Department 1227,Manual
User Name 5349,USER - 05349,Department 1231,Manual
User Name 5350,USER - 05350,Department 1230,Manual
User Name 5351,USER - 05351,Department 1230,Manual
User Name 5352,USER - 05352,Department 1232,Manual
User Name 5353,USER - 05353,Department 1229,Manual
User Name 5354,USER - 05354,Department 1229,Manual
User Name 5355,USER - 05355,Department 1228,Manual
User Name 5356,USER - 05356,Department 1233,Manual
User Name 5357,USER - 05357,Department 1188,Manual
User Name 5358,USER - 05358,Department 1228,Manual
User Name 5359,USER - 05359,Department 1233,Manual
User Name 5360,USER - 05360,Department 1228,Manual
User Name 5361,USER - 05361,Department 1231,Manual
User Name 5362,USER - 05362,Department 1230,Manual
User Name 5363,USER - 05363,Department 1209,Manual
User Name 5364,USER - 05364,Department 1232,Manual
User Name 5365,USER - 05365,Department 1228,Manual
User Name 5366,USER - 05366,Department 1226,Manual
User Name 5367,USER - 05367,Department 1233,Manual
User Name 5368,USER - 05368,Department 1228,Manual
User Name 5369,USER - 05369,Department 1226,Manual
User Name 5370,USER - 05370,Department 1232,Manual
User Name 5371,USER - 05371,Department 843,Manual
User Name 5372,USER - 05372,Department 1226,Manual
User Name 5373,USER - 05373,Department 2219,Manual
User Name 5374,USER - 05374,Department 1225,Manual
User Name 5375,USER - 05375,Department 1227,Manual
User Name 5376,USER - 05376,Department 1159,Manual
User Name 5377,USER - 05377,Department 1233,Manual
User Name 5378,USER - 05378,Department 1230,Manual
User Name 5379,USER - 05379,Department 2416,Manual
User Name 5380,USER - 05380,Department 1233,Manual
User Name 5381,USER - 05381,Department 1188,Manual
User Name 5382,USER - 05382,Department 1230,Manual
User Name 5383,USER - 05383,Department 1232,Manual
User Name 5384,USER - 05384,Department 1159,Manual
User Name 5385,USER - 05385,Department 1232,Manual
User Name 5386,USER - 05386,Department 1233,Manual
User Name 5387,USER - 05387,Department 1232,Manual
User Name 5388,USER - 05388,Department 1226,Manual
User Name 5389,USER - 05389,Department 1228,Manual
User Name 5390,USER - 05390,Department 1225,Manual
User Name 5391,USER - 05391,Department 1198,Manual
User Name 5392,USER - 05392,Department 1181,Manual
User Name 5393,USER - 05393,Department 1182,Manual
User Name 5394,USER - 05394,Department 1180,Manual
User Name 5395,USER - 05395,Department 1180,Manual
User Name 5396,USER - 05396,Department 1179,Manual
User Name 5397,USER - 05397,Department 1180,Manual
User Name 5398,USER - 05398,Department 1181,Manual
User Name 5399,USER - 05399,Department 1182,Manual
User Name 5400,USER - 05400,Department 1179,Manual
User Name 5401,USER - 05401,Department 1181,Manual
User Name 5402,USER - 05402,Department 1179,Manual
User Name 5403,USER - 05403,Department 1181,Manual
User Name 5404,USER - 05404,Department 2827,Manual
User Name 5405,USER - 05405,Department 2153,Manual
User Name 5406,USER - 05406,Department 2267,Manual
User Name 5407,USER - 05407,Department 2215,Manual
User Name 5408,USER - 05408,Department 2535,Manual
User Name 5409,USER - 05409,Department 2308,Manual
User Name 5410,USER - 05410,Department 1702,Manual
User Name 5411,USER - 05411,Department 3044,Manual
User Name 5412,USER - 05412,Department 2219,Manual
User Name 5413,USER - 05413,Department 2968,Manual
User Name 5414,USER - 05414,Department 1268,Manual
User Name 5415,USER - 05415,Department 2754,Manual
User Name 5416,USER - 05416,Department 3740,Manual
User Name 5417,USER - 05417,Department 578,Manual
User Name 267,USER - 00267,Department 579,Manual
User Name 5419,USER - 05419,Department 2285,Manual
User Name 5420,USER - 05420,Department 2903,Manual
User Name 5421,USER - 05421,Department 1759,Manual
User Name 5422,USER - 05422,Department 1179,Manual
User Name 5423,USER - 05423,Department 3163,Manual
User Name 5424,USER - 05424,Department 3165,Manual
User Name 5425,USER - 05425,Department 1350,Manual
User Name 5426,USER - 05426,Department 2061,Manual
User Name 5427,USER - 05427,Department 419,Manual
User Name 5428,USER - 05428,Department 2859,Manual
User Name 5429,USER - 05429,Department 1386,Manual
User Name 5430,USER - 05430,Department 2376,Manual
User Name 5431,USER - 05431,Department 1465,Manual
User Name 5432,USER - 05432,Department 1928,Manual
User Name 5433,USER - 05433,Department 1508,Manual
User Name 5434,USER - 05434,Department 1481,Manual
User Name 5435,USER - 05435,Department 1491,Manual
User Name 5436,USER - 05436,Department 1490,Manual
User Name 5437,USER - 05437,Department 3047,Manual
User Name 5438,USER - 05438,Department 1483,Manual
User Name 5439,USER - 05439,Department 1494,Manual
User Name 5440,USER - 05440,Department 3129,Manual
User Name 5441,USER - 05441,Department 1487,Manual
User Name 5442,USER - 05442,Department 1479,Manual
User Name 5443,USER - 05443,Department 1486,Manual
User Name 5444,USER - 05444,Department 2969,Manual
User Name 5445,USER - 05445,Department 1489,Manual
User Name 5446,USER - 05446,Department 3111,Manual
User Name 5447,USER - 05447,Department 1482,Manual
User Name 5448,USER - 05448,Department 2868,Manual
User Name 5449,USER - 05449,Department 3004,Manual
User Name 5450,USER - 05450,Department 2924,Manual
User Name 5451,USER - 05451,Department 2868,Manual
User Name 5452,USER - 05452,Department 3086,Manual
User Name 5453,USER - 05453,Department 1493,Manual
User Name 5454,USER - 05454,Department 1480,Manual
User Name 5455,USER - 05455,Department 1485,Manual
User Name 5456,USER - 05456,Department 3419,Manual
User Name 5457,USER - 05457,Department 852,Manual
User Name 5458,USER - 05458,Department 1810,Manual
User Name 5459,USER - 05459,Department 1812,Manual
User Name 5460,USER - 05460,Department 66,Manual
User Name 5461,USER - 05461,Department 846,Manual
User Name 5462,USER - 05462,Department 846,Manual
User Name 5463,USER - 05463,Department 760,Manual
User Name 5464,USER - 05464,Department 2071,Manual
User Name 5465,USER - 05465,Department 911,Manual
User Name 5466,USER - 05466,Department 658,Manual
User Name 5467,USER - 05467,Department 424,Manual
User Name 5468,USER - 05468,Department 2677,Manual
User Name 5469,USER - 05469,Department 1318,Manual
User Name 5470,USER - 05470,Department 76,Manual
User Name 5471,USER - 05471,Department 3013,Manual
User Name 5472,USER - 05472,Department 215,Manual
User Name 5473,USER - 05473,Department 849,Manual
User Name 5474,USER - 05474,Department 811,Manual
User Name 5475,USER - 05475,Department 3244,Manual
User Name 5476,USER - 05476,Department 1821,Manual
User Name 5477,USER - 05477,Department 3435,Manual
User Name 5478,USER - 05478,Department 3338,Manual
User Name 5479,USER - 05479,Department 1176,Manual
User Name 5480,USER - 05480,Department 825,Manual
User Name 5481,USER - 05481,Department 47,Manual
User Name 5482,USER - 05482,Department 3057,Manual
User Name 5483,USER - 05483,Department 825,Manual
User Name 5484,USER - 05484,Department 3435,Manual
User Name 5485,USER - 05485,Department 3245,Manual
User Name 5486,USER - 05486,Department 47,Manual
User Name 5487,USER - 05487,Department 918,Manual
User Name 5488,USER - 05488,Department 220,Manual
User Name 5489,USER - 05489,Department 2383,Manual
User Name 5490,USER - 05490,Department 839,Manual
User Name 5491,USER - 05491,Department 861,Manual
User Name 5492,USER - 05492,Department 851,Manual
User Name 5493,USER - 05493,Department 874,Manual
User Name 5494,USER - 05494,Department 2424,Manual
User Name 5495,USER - 05495,Department 1639,Manual
User Name 5496,USER - 05496,Department 950,Manual
User Name 5497,USER - 05497,Department 2133,Manual
User Name 5498,USER - 05498,Department 2133,Manual
User Name 5499,USER - 05499,Department 1254,Manual
User Name 5500,USER - 05500,Department 2143,Manual
User Name 5501,USER - 05501,Department 3421,Manual
User Name 5502,USER - 05502,Department 3434,Manual
User Name 5503,USER - 05503,Department 1643,Manual
User Name 5504,USER - 05504,Department 1259,Manual
User Name 5505,USER - 05505,Department 852,Manual
User Name 5506,USER - 05506,Department 1346,Manual
User Name 5507,USER - 05507,Department 1118,Manual
User Name 5508,USER - 05508,Department 1118,Manual
User Name 5509,USER - 05509,Department 3228,Manual
User Name 5510,USER - 05510,Department 3218,Manual
User Name 5511,USER - 05511,Department 1118,Manual
User Name 5512,USER - 05512,Department 438,Manual
User Name 5513,USER - 05513,Department 2924,Manual
User Name 5514,USER - 05514,Department 1806,Manual
User Name 5515,USER - 05515,Department 3387,Manual
User Name 5516,USER - 05516,Department 3010,Manual
User Name 5517,USER - 05517,Department 3345,Manual
User Name 5518,USER - 05518,Department 1890,Manual
User Name 5519,USER - 05519,Department 1009,Manual
User Name 5520,USER - 05520,Department 2966,Manual
User Name 5521,USER - 05521,Department 2514,Manual
User Name 5522,USER - 05522,Department 2428,Manual
User Name 5523,USER - 05523,Department 2060,Manual
User Name 5524,USER - 05524,Department 1090,Manual
User Name 5525,USER - 05525,Department 2677,Manual
User Name 5526,USER - 05526,Department 2008,Manual
User Name 5527,USER - 05527,Department 2441,Manual
User Name 5528,USER - 05528,Department 1089,Manual
User Name 5529,USER - 05529,Department 1016,Manual
User Name 5530,USER - 05530,Department 2448,Manual
User Name 5531,USER - 05531,Department 1050,Manual
User Name 5532,USER - 05532,Department 2521,Manual
User Name 5533,USER - 05533,Department 1011,Manual
User Name 5534,USER - 05534,Department 2444,Manual
User Name 5535,USER - 05535,Department 2971,Manual
User Name 5536,USER - 05536,Department 2912,Manual
User Name 5537,USER - 05537,Department 2346,Manual
User Name 5538,USER - 05538,Department 2119,Manual
User Name 5539,USER - 05539,Department 937,Manual
User Name 5540,USER - 05540,Department 1069,Manual
User Name 5541,USER - 05541,Department 901,Manual
User Name 5542,USER - 05542,Department 2374,Manual
User Name 5543,USER - 05543,Department 886,Manual
User Name 5544,USER - 05544,Department 2070,Manual
User Name 5545,USER - 05545,Department 2652,Manual
User Name 5546,USER - 05546,Department 1047,Manual
User Name 5547,USER - 05547,Department 2445,Manual
User Name 5548,USER - 05548,Department 2514,Manual
User Name 5549,USER - 05549,Department 923,Manual
User Name 5550,USER - 05550,Department 1008,Manual
User Name 5551,USER - 05551,Department 934,Manual
User Name 5552,USER - 05552,Department 1096,Manual
User Name 5553,USER - 05553,Department 3083,Manual
User Name 5554,USER - 05554,Department 1950,Manual
User Name 5555,USER - 05555,Department 2434,Manual
User Name 5556,USER - 05556,Department 1624,Manual
User Name 5557,USER - 05557,Department 1849,Manual
User Name 5558,USER - 05558,Department 997,Manual
User Name 5559,USER - 05559,Department 940,Manual
User Name 5560,USER - 05560,Department 2645,Manual
User Name 5561,USER - 05561,Department 3530,Manual
User Name 5562,USER - 05562,Department 1050,Manual
User Name 5563,USER - 05563,Department 1050,Manual
User Name 5564,USER - 05564,Department 1634,Manual
User Name 5565,USER - 05565,Department 3067,Manual
User Name 5566,USER - 05566,Department 2704,Manual
User Name 5567,USER - 05567,Department 2451,Manual
User Name 5568,USER - 05568,Department 1964,Manual
User Name 5569,USER - 05569,Department 2668,Manual
User Name 5570,USER - 05570,Department 2505,Manual
User Name 5571,USER - 05571,Department 1101,Manual
User Name 5572,USER - 05572,Department 956,Manual
User Name 5573,USER - 05573,Department 877,Manual
User Name 5574,USER - 05574,Department 2292,Manual
User Name 5575,USER - 05575,Department 1083,Manual
User Name 5576,USER - 05576,Department 972,Manual
User Name 5577,USER - 05577,Department 1012,Manual
User Name 5578,USER - 05578,Department 976,Manual
User Name 5579,USER - 05579,Department 987,Manual
User Name 5580,USER - 05580,Department 2080,Manual
User Name 5581,USER - 05581,Department 1049,Manual
User Name 5582,USER - 05582,Department 2522,Manual
User Name 5583,USER - 05583,Department 1708,Manual
User Name 5584,USER - 05584,Department 1828,Manual
User Name 5585,USER - 05585,Department 2046,Manual
User Name 5586,USER - 05586,Department 930,Manual
User Name 5587,USER - 05587,Department 2124,Manual
User Name 5588,USER - 05588,Department 984,Manual
User Name 5589,USER - 05589,Department 1090,Manual
User Name 5590,USER - 05590,Department 1080,Manual
User Name 5591,USER - 05591,Department 972,Manual
User Name 5592,USER - 05592,Department 2063,Manual
User Name 5593,USER - 05593,Department 761,Manual
User Name 5594,USER - 05594,Department 763,Manual
User Name 5595,USER - 05595,Department 760,Manual
User Name 5596,USER - 05596,Department 752,Manual
User Name 5597,USER - 05597,Department 1720,Manual
User Name 5598,USER - 05598,Department 761,Manual
User Name 5599,USER - 05599,Department 761,Manual
User Name 5600,USER - 05600,Department 3091,Manual
User Name 5601,USER - 05601,Department 762,Manual
User Name 5602,USER - 05602,Department 761,Manual
User Name 5603,USER - 05603,Department 763,Manual
User Name 5604,USER - 05604,Department 762,Manual
User Name 5605,USER - 05605,Department 761,Manual
User Name 5606,USER - 05606,Department 761,Manual
User Name 5607,USER - 05607,Department 760,Manual
User Name 5608,USER - 05608,Department 761,Manual
User Name 5609,USER - 05609,Department 760,Manual
User Name 5610,USER - 05610,Department 760,Manual
User Name 5611,USER - 05611,Department 763,Manual
User Name 5612,USER - 05612,Department 763,Manual
User Name 5613,USER - 05613,Department 761,Manual
User Name 5614,USER - 05614,Department 2024,Manual
User Name 5615,USER - 05615,Department 760,Manual
User Name 5616,USER - 05616,Department 761,Manual
User Name 5617,USER - 05617,Department 761,Manual
User Name 5618,USER - 05618,Department 760,Manual
User Name 5619,USER - 05619,Department 763,Manual
User Name 5620,USER - 05620,Department 760,Manual
User Name 5621,USER - 05621,Department 760,Manual
User Name 5622,USER - 05622,Department 763,Manual
User Name 5623,USER - 05623,Department 760,Manual
User Name 5624,USER - 05624,Department 760,Manual
User Name 5625,USER - 05625,Department 761,Manual
User Name 5626,USER - 05626,Department 762,Manual
User Name 5627,USER - 05627,Department 760,Manual
User Name 5628,USER - 05628,Department 761,Manual
User Name 5629,USER - 05629,Department 761,Manual
User Name 5630,USER - 05630,Department 763,Manual
User Name 5631,USER - 05631,Department 760,Manual
User Name 5632,USER - 05632,Department 763,Manual
User Name 5633,USER - 05633,Department 193,Manual
User Name 5634,USER - 05634,Department 763,Manual
User Name 5635,USER - 05635,Department 763,Manual
User Name 5636,USER - 05636,Department 760,Manual
User Name 5637,USER - 05637,Department 761,Manual
User Name 5638,USER - 05638,Department 760,Manual
User Name 5639,USER - 05639,Department 760,Manual
User Name 5640,USER - 05640,Department 760,Manual
User Name 5641,USER - 05641,Department 762,Manual
User Name 5642,USER - 05642,Department 760,Manual
User Name 5643,USER - 05643,Department 761,Manual
User Name 5644,USER - 05644,Department 762,Manual
User Name 5645,USER - 05645,Department 760,Manual
User Name 5646,USER - 05646,Department 763,Manual
User Name 5647,USER - 05647,Department 762,Manual
User Name 5648,USER - 05648,Department 761,Manual
User Name 5649,USER - 05649,Department 760,Manual
User Name 5650,USER - 05650,Department 754,Manual
User Name 5651,USER - 05651,Department 760,Manual
User Name 5652,USER - 05652,Department 759,Manual
User Name 5653,USER - 05653,Department 761,Manual
User Name 5654,USER - 05654,Department 1709,Manual
User Name 5655,USER - 05655,Department 1051,Manual
User Name 5656,USER - 05656,Department 974,Manual
User Name 5657,USER - 05657,Department 743,Manual
User Name 5658,USER - 05658,Department 745,Manual
User Name 5659,USER - 05659,Department 752,Manual
User Name 5660,USER - 05660,Department 755,Manual
User Name 5661,USER - 05661,Department 743,Manual
User Name 5662,USER - 05662,Department 754,Manual
User Name 5663,USER - 05663,Department 766,Manual
User Name 5664,USER - 05664,Department 751,Manual
User Name 5665,USER - 05665,Department 749,Manual
User Name 5666,USER - 05666,Department 744,Manual
User Name 5667,USER - 05667,Department 750,Manual
User Name 5668,USER - 05668,Department 762,Manual
User Name 5669,USER - 05669,Department 750,Manual
User Name 5670,USER - 05670,Department 756,Manual
User Name 5671,USER - 05671,Department 750,Manual
User Name 5672,USER - 05672,Department 752,Manual
User Name 5673,USER - 05673,Department 752,Manual
User Name 5674,USER - 05674,Department 757,Manual
User Name 5675,USER - 05675,Department 762,Manual
User Name 5676,USER - 05676,Department 768,Manual
User Name 5677,USER - 05677,Department 752,Manual
User Name 5678,USER - 05678,Department 757,Manual
User Name 5679,USER - 05679,Department 768,Manual
User Name 5680,USER - 05680,Department 768,Manual
User Name 5681,USER - 05681,Department 757,Manual
User Name 5682,USER - 05682,Department 2070,Manual
User Name 5683,USER - 05683,Department 744,Manual
User Name 5684,USER - 05684,Department 754,Manual
User Name 5685,USER - 05685,Department 2369,Manual
User Name 5686,USER - 05686,Department 763,Manual
User Name 5687,USER - 05687,Department 766,Manual
User Name 5688,USER - 05688,Department 752,Manual
User Name 5689,USER - 05689,Department 752,Manual
User Name 5690,USER - 05690,Department 744,Manual
User Name 5691,USER - 05691,Department 752,Manual
User Name 5692,USER - 05692,Department 762,Manual
User Name 5693,USER - 05693,Department 758,Manual
User Name 5694,USER - 05694,Department 761,Manual
User Name 5695,USER - 05695,Department 752,Manual
User Name 5696,USER - 05696,Department 762,Manual
User Name 5697,USER - 05697,Department 752,Manual
User Name 5698,USER - 05698,Department 758,Manual
User Name 5699,USER - 05699,Department 763,Manual
User Name 5700,USER - 05700,Department 749,Manual
User Name 5701,USER - 05701,Department 758,Manual
User Name 5702,USER - 05702,Department 763,Manual
User Name 5703,USER - 05703,Department 769,Manual
User Name 5704,USER - 05704,Department 744,Manual
User Name 5705,USER - 05705,Department 748,Manual
User Name 5706,USER - 05706,Department 768,Manual
User Name 5707,USER - 05707,Department 767,Manual
User Name 5708,USER - 05708,Department 744,Manual
User Name 5709,USER - 05709,Department 744,Manual
User Name 5710,USER - 05710,Department 744,Manual
User Name 5711,USER - 05711,Department 766,Manual
User Name 5712,USER - 05712,Department 765,Manual
User Name 5713,USER - 05713,Department 766,Manual
User Name 5714,USER - 05714,Department 743,Manual
User Name 5715,USER - 05715,Department 751,Manual
User Name 5716,USER - 05716,Department 487,Manual
User Name 5717,USER - 05717,Department 752,Manual
User Name 5718,USER - 05718,Department 295,Manual
User Name 5719,USER - 05719,Department 767,Manual
User Name 5720,USER - 05720,Department 744,Manual
User Name 5721,USER - 05721,Department 761,Manual
User Name 5722,USER - 05722,Department 760,Manual
User Name 5723,USER - 05723,Department 751,Manual
User Name 5724,USER - 05724,Department 748,Manual
User Name 5725,USER - 05725,Department 295,Manual
User Name 5726,USER - 05726,Department 758,Manual
User Name 5727,USER - 05727,Department 744,Manual
User Name 5728,USER - 05728,Department 744,Manual
User Name 5729,USER - 05729,Department 752,Manual
User Name 5730,USER - 05730,Department 743,Manual
User Name 140,USER - 00140,Department 741,Manual
User Name 5732,USER - 05732,Department 751,Manual
User Name 5733,USER - 05733,Department 768,Manual
User Name 5734,USER - 05734,Department 762,Manual
User Name 5735,USER - 05735,Department 762,Manual
User Name 5736,USER - 05736,Department 752,Manual
User Name 5737,USER - 05737,Department 743,Manual
User Name 5738,USER - 05738,Department 757,Manual
User Name 5739,USER - 05739,Department 750,Manual
User Name 5740,USER - 05740,Department 756,Manual
User Name 5741,USER - 05741,Department 752,Manual
User Name 5742,USER - 05742,Department 766,Manual
User Name 5743,USER - 05743,Department 764,Manual
User Name 5744,USER - 05744,Department 750,Manual
User Name 5745,USER - 05745,Department 743,Manual
User Name 5746,USER - 05746,Department 752,Manual
User Name 5747,USER - 05747,Department 757,Manual
User Name 5748,USER - 05748,Department 744,Manual
User Name 5749,USER - 05749,Department 748,Manual
User Name 5750,USER - 05750,Department 767,Manual
User Name 5751,USER - 05751,Department 766,Manual
User Name 5752,USER - 05752,Department 753,Manual
User Name 5753,USER - 05753,Department 766,Manual
User Name 5754,USER - 05754,Department 766,Manual
User Name 5755,USER - 05755,Department 768,Manual
User Name 5756,USER - 05756,Department 762,Manual
User Name 5757,USER - 05757,Department 742,Manual
User Name 5758,USER - 05758,Department 749,Manual
User Name 5759,USER - 05759,Department 763,Manual
User Name 5760,USER - 05760,Department 750,Manual
User Name 5761,USER - 05761,Department 2791,Manual
User Name 5762,USER - 05762,Department 762,Manual
User Name 5763,USER - 05763,Department 752,Manual
User Name 5764,USER - 05764,Department 752,Manual
User Name 5765,USER - 05765,Department 744,Manual
User Name 5766,USER - 05766,Department 752,Manual
User Name 5767,USER - 05767,Department 752,Manual
User Name 5768,USER - 05768,Department 3265,Manual
User Name 5769,USER - 05769,Department 2587,Manual
User Name 5770,USER - 05770,Department 237,Manual
User Name 5771,USER - 05771,Department 259,Manual
User Name 5772,USER - 05772,Department 1858,Manual
User Name 5773,USER - 05773,Department 2195,Manual
User Name 5774,USER - 05774,Department 456,Manual
User Name 5775,USER - 05775,Department 534,Manual
User Name 5776,USER - 05776,Department 1499,Manual
User Name 5777,USER - 05777,Department 497,Manual
User Name 5778,USER - 05778,Department 477,Manual
User Name 5779,USER - 05779,Department 707,Manual
User Name 5780,USER - 05780,Department 799,Manual
User Name 5781,USER - 05781,Department 3107,Manual
User Name 5782,USER - 05782,Department 293,Manual
User Name 5783,USER - 05783,Department 543,Manual
User Name 5784,USER - 05784,Department 799,Manual
User Name 5785,USER - 05785,Department 503,Manual
User Name 5786,USER - 05786,Department 457,Manual
User Name 5787,USER - 05787,Department 529,Manual
User Name 5788,USER - 05788,Department 1585,Manual
User Name 5789,USER - 05789,Department 3259,Manual
User Name 5790,USER - 05790,Department 851,Manual
User Name 5791,USER - 05791,Department 924,Manual
User Name 5792,USER - 05792,Department 3006,Manual
User Name 5793,USER - 05793,Department 627,Manual
User Name 5794,USER - 05794,Department 612,Manual
User Name 5795,USER - 05795,Department 626,Manual
User Name 5796,USER - 05796,Department 608,Manual
User Name 5797,USER - 05797,Department 610,Manual
User Name 5798,USER - 05798,Department 708,Manual
User Name 5799,USER - 05799,Department 1807,Manual
User Name 5800,USER - 05800,Department 921,Manual
User Name 5801,USER - 05801,Department 917,Manual
User Name 5802,USER - 05802,Department 444,Manual
User Name 5803,USER - 05803,Department 79,Manual
User Name 5804,USER - 05804,Department 513,Manual
User Name 5805,USER - 05805,Department 1822,Manual
User Name 5806,USER - 05806,Department 1877,Manual
User Name 5807,USER - 05807,Department 3006,Manual
User Name 5808,USER - 05808,Department 1662,Manual
User Name 5809,USER - 05809,Department 3241,Manual
User Name 5810,USER - 05810,Department 2155,Manual
User Name 5811,USER - 05811,Department 3397,Manual
User Name 5812,USER - 05812,Department 175,Manual
User Name 5813,USER - 05813,Department 2754,Manual
User Name 5814,USER - 05814,Department 2683,Manual
User Name 5815,USER - 05815,Department 3614,Manual
User Name 5816,USER - 05816,Department 2384,Manual
User Name 5817,USER - 05817,Department 3339,Manual
User Name 5818,USER - 05818,Department 1441,Manual
User Name 5819,USER - 05819,Department 3256,Manual
User Name 5820,USER - 05820,Department 144,Manual
User Name 5821,USER - 05821,Department 1847,Manual
User Name 5822,USER - 05822,Department 3718,Manual
User Name 5823,USER - 05823,Department 3720,Manual
User Name 5824,USER - 05824,Department 2428,Manual
User Name 5825,USER - 05825,Department 2586,Manual
User Name 5826,USER - 05826,Department 3178,Manual
User Name 5827,USER - 05827,Department 3158,Manual
User Name 5828,USER - 05828,Department 533,Manual
User Name 5829,USER - 05829,Department 283,Manual
User Name 5830,USER - 05830,Department 1414,Manual
User Name 5831,USER - 05831,Department 2590,Manual
User Name 5832,USER - 05832,Department 25,Manual
User Name 5833,USER - 05833,Department 64,Manual
User Name 5834,USER - 05834,Department 1283,Manual
User Name 5835,USER - 05835,Department 2997,Manual
User Name 5836,USER - 05836,Department 1430,Manual
User Name 5837,USER - 05837,Department 60,Manual
User Name 5838,USER - 05838,Department 2999,Manual
User Name 5839,USER - 05839,Department 2349,Manual
User Name 5840,USER - 05840,Department 2456,Manual
User Name 5841,USER - 05841,Department 2457,Manual
User Name 5842,USER - 05842,Department 2154,Manual
User Name 5843,USER - 05843,Department 3181,Manual
User Name 5844,USER - 05844,Department 2973,Manual
User Name 5845,USER - 05845,Department 3591,Manual
User Name 5846,USER - 05846,Department 2886,Manual
User Name 5847,USER - 05847,Department 2824,Manual
User Name 5848,USER - 05848,Department 104,Manual
User Name 5849,USER - 05849,Department 104,Manual
User Name 5850,USER - 05850,Department 795,Manual
User Name 5851,USER - 05851,Department 652,Manual
User Name 5852,USER - 05852,Department 3709,Manual
User Name 5853,USER - 05853,Department 2277,Manual
User Name 5854,USER - 05854,Department 3713,Manual
User Name 5855,USER - 05855,Department 3706,Manual
User Name 5856,USER - 05856,Department 3715,Manual
User Name 5857,USER - 05857,Department 2328,Manual
User Name 5858,USER - 05858,Department 1807,Manual
User Name 5859,USER - 05859,Department 715,Manual
User Name 5860,USER - 05860,Department 919,Manual
User Name 5861,USER - 05861,Department 1866,Manual
User Name 5862,USER - 05862,Department 3225,Manual
User Name 5863,USER - 05863,Department 2552,Manual
User Name 5864,USER - 05864,Department 3362,Manual
User Name 5865,USER - 05865,Department 3675,Manual
User Name 5866,USER - 05866,Department 3672,Manual
User Name 5867,USER - 05867,Department 3678,Manual
User Name 5868,USER - 05868,Department 3700,Manual
User Name 5869,USER - 05869,Department 2062,Manual
User Name 5870,USER - 05870,Department 3174,Manual
User Name 5871,USER - 05871,Department 3411,Manual
User Name 5872,USER - 05872,Department 3124,Manual
User Name 5873,USER - 05873,Department 955,Manual
User Name 5874,USER - 05874,Department 2207,Manual
User Name 5875,USER - 05875,Department 2335,Manual
User Name 5876,USER - 05876,Department 1815,Manual
User Name 5877,USER - 05877,Department 3215,Manual
User Name 5878,USER - 05878,Department 842,Manual
User Name 5879,USER - 05879,Department 59,Manual
User Name 5880,USER - 05880,Department 1158,Manual
User Name 5881,USER - 05881,Department 935,Manual
User Name 5882,USER - 05882,Department 920,Manual
User Name 5883,USER - 05883,Department 945,Manual
User Name 4917,USER - 04917,Department 3351,Manual
User Name 5885,USER - 05885,Department 2676,Manual
User Name 5886,USER - 05886,Department 2879,Manual
User Name 5887,USER - 05887,Department 1060,Manual
User Name 5888,USER - 05888,Department 1062,Manual
User Name 5889,USER - 05889,Department 1059,Manual
User Name 5890,USER - 05890,Department 2676,Manual
User Name 5891,USER - 05891,Department 3707,Manual
User Name 5892,USER - 05892,Department 3750,Manual
User Name 5893,USER - 05893,Department 2564,Manual
User Name 5894,USER - 05894,Department 2540,Manual
User Name 5895,USER - 05895,Department 263,Manual
User Name 5896,USER - 05896,Department 1253,Manual
User Name 5897,USER - 05897,Department 1168,Manual
User Name 5898,USER - 05898,Department 2502,Manual
User Name 5899,USER - 05899,Department 2742,Manual
User Name 5900,USER - 05900,Department 238,Manual
User Name 5901,USER - 05901,Department 3217,Manual
User Name 5902,USER - 05902,Department 3576,Manual
User Name 5903,USER - 05903,Department 2742,Manual
User Name 5904,USER - 05904,Department 1126,Manual
User Name 5905,USER - 05905,Department 3365,Manual
User Name 5906,USER - 05906,Department 2922,Manual
User Name 5907,USER - 05907,Department 2905,Manual
User Name 5908,USER - 05908,Department 2906,Manual
User Name 5909,USER - 05909,Department 3329,Manual
User Name 5910,USER - 05910,Department 2271,Manual
User Name 5911,USER - 05911,Department 2498,Manual
User Name 5912,USER - 05912,Department 568,Manual
User Name 5913,USER - 05913,Department 2557,Manual
User Name 5914,USER - 05914,Department 2558,Manual
User Name 5915,USER - 05915,Department 2533,Manual
User Name 5916,USER - 05916,Department 2542,Manual
User Name 5917,USER - 05917,Department 2219,Manual
User Name 5918,USER - 05918,Department 2219,Manual
User Name 5919,USER - 05919,Department 1348,Manual
User Name 5920,USER - 05920,Department 2193,Manual
User Name 5921,USER - 05921,Department 852,Manual
User Name 5922,USER - 05922,Department 3512,Manual
User Name 5923,USER - 05923,Department 3057,Manual
User Name 5924,USER - 05924,Department 454,Manual
User Name 5925,USER - 05925,Department 1366,Manual
User Name 5926,USER - 05926,Department 3668,Manual
User Name 5927,USER - 05927,Department 233,Manual
User Name 5928,USER - 05928,Department 2929,Manual
User Name 5929,USER - 05929,Department 2209,Manual
User Name 5930,USER - 05930,Department 2637,Manual
User Name 5931,USER - 05931,Department 3122,Manual
User Name 5932,USER - 05932,Department 3266,Manual
User Name 5933,USER - 05933,Department 1815,Manual
User Name 5934,USER - 05934,Department 1815,Manual
User Name 5935,USER - 05935,Department 217,Manual
User Name 5936,USER - 05936,Department 1815,Manual
User Name 5937,USER - 05937,Department 2266,Manual
User Name 5938,USER - 05938,Department 2848,Manual
User Name 5939,USER - 05939,Department 2336,Manual
User Name 5940,USER - 05940,Department 2981,Manual
User Name 5941,USER - 05941,Department 1497,Manual
User Name 5942,USER - 05942,Department 1518,Manual
User Name 5943,USER - 05943,Department 798,Manual
User Name 5944,USER - 05944,Department 1517,Manual
User Name 5945,USER - 05945,Department 1515,Manual
User Name 5946,USER - 05946,Department 1139,Manual
User Name 5947,USER - 05947,Department 1516,Manual
User Name 5948,USER - 05948,Department 795,Manual
User Name 5949,USER - 05949,Department 1519,Manual
User Name 5950,USER - 05950,Department 3320,Manual
User Name 5951,USER - 05951,Department 2544,Manual
User Name 5952,USER - 05952,Department 3190,Manual
User Name 5953,USER - 05953,Department 1841,Manual
User Name 5954,USER - 05954,Department 3324,Manual
User Name 5955,USER - 05955,Department 3166,Manual
User Name 5956,USER - 05956,Department 1815,Manual
User Name 5957,USER - 05957,Department 1815,Manual
User Name 5958,USER - 05958,Department 3168,Manual
User Name 5959,USER - 05959,Department 3162,Manual
User Name 5960,USER - 05960,Department 3164,Manual
User Name 5961,USER - 05961,Department 61,Manual
User Name 5962,USER - 05962,Department 993,Manual
User Name 5963,USER - 05963,Department 993,Manual
User Name 5964,USER - 05964,Department 1131,Manual
User Name 5965,USER - 05965,Department 3352,Manual
User Name 5966,USER - 05966,Department 1357,Manual
User Name 5967,USER - 05967,Department 1377,Manual
User Name 5968,USER - 05968,Department 1155,Manual
User Name 5969,USER - 05969,Department 1463,Manual
User Name 5970,USER - 05970,Department 1399,Manual
User Name 5971,USER - 05971,Department 1588,Manual
User Name 5972,USER - 05972,Department 1395,Manual
User Name 5973,USER - 05973,Department 1388,Manual
User Name 5974,USER - 05974,Department 1397,Manual
User Name 5975,USER - 05975,Department 1461,Manual
User Name 5976,USER - 05976,Department 1306,Manual
User Name 5977,USER - 05977,Department 1257,Manual
User Name 5978,USER - 05978,Department 1242,Manual
User Name 5979,USER - 05979,Department 2825,Manual
User Name 5980,USER - 05980,Department 1404,Manual
User Name 5981,USER - 05981,Department 1248,Manual
User Name 5982,USER - 05982,Department 1358,Manual
User Name 5983,USER - 05983,Department 1407,Manual
User Name 5984,USER - 05984,Department 2880,Manual
User Name 5985,USER - 05985,Department 1405,Manual
User Name 5986,USER - 05986,Department 1524,Manual
User Name 5987,USER - 05987,Department 1583,Manual
User Name 5988,USER - 05988,Department 1369,Manual
User Name 5989,USER - 05989,Department 1205,Manual
User Name 5990,USER - 05990,Department 1867,Manual
User Name 5991,USER - 05991,Department 1468,Manual
User Name 5992,USER - 05992,Department 1528,Manual
User Name 5993,USER - 05993,Department 1364,Manual
User Name 5994,USER - 05994,Department 1396,Manual
User Name 5995,USER - 05995,Department 1466,Manual
User Name 5996,USER - 05996,Department 1526,Manual
User Name 5997,USER - 05997,Department 1380,Manual
User Name 5998,USER - 05998,Department 1495,Manual
User Name 5999,USER - 05999,Department 1464,Manual
User Name 6000,USER - 06000,Department 1467,Manual
User Name 6001,USER - 06001,Department 1264,Manual
User Name 6002,USER - 06002,Department 1507,Manual
User Name 6003,USER - 06003,Department 1332,Manual
User Name 6004,USER - 06004,Department 1587,Manual
User Name 6005,USER - 06005,Department 1129,Manual
User Name 6006,USER - 06006,Department 1147,Manual
User Name 6007,USER - 06007,Department 1352,Manual
User Name 6008,USER - 06008,Department 1365,Manual
User Name 6009,USER - 06009,Department 1151,Manual
User Name 6010,USER - 06010,Department 1506,Manual
User Name 6011,USER - 06011,Department 179,Manual
User Name 6012,USER - 06012,Department 2432,Manual
User Name 6013,USER - 06013,Department 1368,Manual
User Name 6014,USER - 06014,Department 1266,Manual
User Name 6015,USER - 06015,Department 1270,Manual
User Name 6016,USER - 06016,Department 1503,Manual
User Name 6017,USER - 06017,Department 1207,Manual
User Name 6018,USER - 06018,Department 3572,Manual
User Name 6019,USER - 06019,Department 1639,Manual
User Name 6020,USER - 06020,Department 2411,Manual
User Name 6021,USER - 06021,Department 1202,Manual
User Name 6022,USER - 06022,Department 2050,Manual
User Name 6023,USER - 06023,Department 3251,Manual
User Name 6024,USER - 06024,Department 1791,Manual
User Name 6025,USER - 06025,Department 3247,Manual
User Name 6026,USER - 06026,Department 3293,Manual
User Name 6027,USER - 06027,Department 3284,Manual
User Name 6028,USER - 06028,Department 3422,Manual
User Name 6029,USER - 06029,Department 1810,Manual
User Name 6030,USER - 06030,Department 1787,Manual
User Name 6031,USER - 06031,Department 104,Manual
User Name 6032,USER - 06032,Department 71,Manual
User Name 6033,USER - 06033,Department 1742,Manual
User Name 6034,USER - 06034,Department 3340,Manual
User Name 6035,USER - 06035,Department 1764,Manual
User Name 6036,USER - 06036,Department 3734,Manual
User Name 6037,USER - 06037,Department 2566,Manual
User Name 6038,USER - 06038,Department 672,Manual
User Name 6039,USER - 06039,Department 1170,Manual
User Name 6040,USER - 06040,Department 499,Manual
User Name 6041,USER - 06041,Department 2151,Manual
User Name 6042,USER - 06042,Department 1704,Manual
User Name 6043,USER - 06043,Department 287,Manual
User Name 6044,USER - 06044,Department 2526,Manual
User Name 6045,USER - 06045,Department 1644,Manual
User Name 6046,USER - 06046,Department 3617,Manual
User Name 6047,USER - 06047,Department 1949,Manual
User Name 6048,USER - 06048,Department 1781,Manual
User Name 6049,USER - 06049,Department 1860,Manual
User Name 6050,USER - 06050,Department 1245,Manual
User Name 6051,USER - 06051,Department 3350,Manual
User Name 297,USER - 00297,Department 2551,Manual
User Name 6053,USER - 06053,Department 3178,Manual
User Name 6054,USER - 06054,Department 574,Manual
User Name 6055,USER - 06055,Department 1276,Manual
User Name 6056,USER - 06056,Department 1768,Manual
User Name 6057,USER - 06057,Department 1278,Manual
User Name 6058,USER - 06058,Department 1421,Manual
User Name 6059,USER - 06059,Department 1428,Manual
User Name 6060,USER - 06060,Department 3202,Manual
User Name 6061,USER - 06061,Department 853,Manual
User Name 6062,USER - 06062,Department 2456,Manual
User Name 6063,USER - 06063,Department 992,Manual
User Name 6064,USER - 06064,Department 151,Manual
User Name 6065,USER - 06065,Department 2138,Manual
User Name 6066,USER - 06066,Department 3379,Manual
User Name 6067,USER - 06067,Department 2057,Manual
User Name 6068,USER - 06068,Department 704,Manual
User Name 6069,USER - 06069,Department 1812,Manual
User Name 6070,USER - 06070,Department 1812,Manual
User Name 6071,USER - 06071,Department 3524,Manual
User Name 6072,USER - 06072,Department 3569,Manual
User Name 6073,USER - 06073,Department 183,Manual
User Name 6074,USER - 06074,Department 3660,Manual
User Name 6075,USER - 06075,Department 457,Manual
User Name 6076,USER - 06076,Department 1188,Manual
User Name 6077,USER - 06077,Department 3418,Manual
User Name 6078,USER - 06078,Department 1233,Manual
User Name 6079,USER - 06079,Department 1227,Manual
User Name 6080,USER - 06080,Department 1227,Manual
User Name 6081,USER - 06081,Department 1227,Manual
User Name 6082,USER - 06082,Department 1232,Manual
User Name 6083,USER - 06083,Department 1226,Manual
User Name 6084,USER - 06084,Department 1232,Manual
User Name 6085,USER - 06085,Department 1209,Manual
User Name 6086,USER - 06086,Department 1227,Manual
User Name 6087,USER - 06087,Department 1227,Manual
User Name 6088,USER - 06088,Department 1230,Manual
User Name 6089,USER - 06089,Department 779,Manual
User Name 6090,USER - 06090,Department 1230,Manual
User Name 6091,USER - 06091,Department 1159,Manual
User Name 6092,USER - 06092,Department 1230,Manual
User Name 6093,USER - 06093,Department 1232,Manual
User Name 6094,USER - 06094,Department 1226,Manual
User Name 6095,USER - 06095,Department 1232,Manual
User Name 6096,USER - 06096,Department 1173,Manual
User Name 6097,USER - 06097,Department 1233,Manual
User Name 6098,USER - 06098,Department 1229,Manual
User Name 6099,USER - 06099,Department 1209,Manual
User Name 6100,USER - 06100,Department 1159,Manual
User Name 6101,USER - 06101,Department 1228,Manual
User Name 6102,USER - 06102,Department 1226,Manual
User Name 6103,USER - 06103,Department 3412,Manual
User Name 6104,USER - 06104,Department 1173,Manual
User Name 6105,USER - 06105,Department 1229,Manual
User Name 6106,USER - 06106,Department 1227,Manual
User Name 6107,USER - 06107,Department 1204,Manual
User Name 6108,USER - 06108,Department 1209,Manual
User Name 6109,USER - 06109,Department 1226,Manual
User Name 6110,USER - 06110,Department 1209,Manual
User Name 6111,USER - 06111,Department 1233,Manual
User Name 6112,USER - 06112,Department 1229,Manual
User Name 6113,USER - 06113,Department 1232,Manual
User Name 6114,USER - 06114,Department 1177,Manual
User Name 6115,USER - 06115,Department 1159,Manual
User Name 6116,USER - 06116,Department 1226,Manual
User Name 6117,USER - 06117,Department 3351,Manual
User Name 6118,USER - 06118,Department 1175,Manual
User Name 6119,USER - 06119,Department 1209,Manual
User Name 6120,USER - 06120,Department 1226,Manual
User Name 6121,USER - 06121,Department 1228,Manual
User Name 6122,USER - 06122,Department 1209,Manual
User Name 6123,USER - 06123,Department 1230,Manual
User Name 6124,USER - 06124,Department 1231,Manual
User Name 6125,USER - 06125,Department 1225,Manual
User Name 6126,USER - 06126,Department 1204,Manual
User Name 6127,USER - 06127,Department 1226,Manual
User Name 6128,USER - 06128,Department 1227,Manual
User Name 6129,USER - 06129,Department 1226,Manual
User Name 6130,USER - 06130,Department 1230,Manual
User Name 6131,USER - 06131,Department 1159,Manual
User Name 6132,USER - 06132,Department 1232,Manual
User Name 6133,USER - 06133,Department 1227,Manual
User Name 6134,USER - 06134,Department 1226,Manual
User Name 6135,USER - 06135,Department 1227,Manual
User Name 6136,USER - 06136,Department 3739,Manual
User Name 6137,USER - 06137,Department 2470,Manual
User Name 6138,USER - 06138,Department 2471,Manual
User Name 6139,USER - 06139,Department 1179,Manual
User Name 6140,USER - 06140,Department 1179,Manual
User Name 6141,USER - 06141,Department 1179,Manual
User Name 6142,USER - 06142,Department 1182,Manual
User Name 6143,USER - 06143,Department 1179,Manual
User Name 6144,USER - 06144,Department 1182,Manual
User Name 6145,USER - 06145,Department 1180,Manual
User Name 6146,USER - 06146,Department 1178,Manual
User Name 6147,USER - 06147,Department 1180,Manual
User Name 6148,USER - 06148,Department 1179,Manual
User Name 6149,USER - 06149,Department 1180,Manual
User Name 6150,USER - 06150,Department 1179,Manual
User Name 6151,USER - 06151,Department 1181,Manual
User Name 6152,USER - 06152,Department 1179,Manual
User Name 6153,USER - 06153,Department 1179,Manual
User Name 6154,USER - 06154,Department 1179,Manual
User Name 6155,USER - 06155,Department 2321,Manual
User Name 6156,USER - 06156,Department 3153,Manual
User Name 6157,USER - 06157,Department 43,Manual
User Name 6158,USER - 06158,Department 3028,Manual
User Name 6159,USER - 06159,Department 2629,Manual
User Name 6160,USER - 06160,Department 697,Manual
User Name 6161,USER - 06161,Department 1815,Manual
User Name 6162,USER - 06162,Department 1209,Manual
User Name 6163,USER - 06163,Department 1815,Manual
User Name 6164,USER - 06164,Department 2153,Manual
User Name 6165,USER - 06165,Department 833,Manual
User Name 6166,USER - 06166,Department 3033,Manual
User Name 6167,USER - 06167,Department 3033,Manual
User Name 6168,USER - 06168,Department 3151,Manual
User Name 6169,USER - 06169,Department 3327,Manual
User Name 6170,USER - 06170,Department 504,Manual
User Name 6171,USER - 06171,Department 1815,Manual
User Name 6172,USER - 06172,Department 3167,Manual
User Name 6173,USER - 06173,Department 3327,Manual
User Name 6174,USER - 06174,Department 3057,Manual
User Name 6175,USER - 06175,Department 2007,Manual
User Name 6176,USER - 06176,Department 1233,Manual
User Name 6177,USER - 06177,Department 838,Manual
User Name 6178,USER - 06178,Department 1849,Manual
User Name 6179,USER - 06179,Department 3411,Manual
User Name 6180,USER - 06180,Department 3049,Manual
User Name 6181,USER - 06181,Department 2902,Manual
User Name 6182,USER - 06182,Department 1657,Manual
User Name 6183,USER - 06183,Department 3436,Manual
User Name 6184,USER - 06184,Department 3214,Manual
User Name 6185,USER - 06185,Department 2108,Manual
User Name 6186,USER - 06186,Department 165,Manual
User Name 6187,USER - 06187,Department 1886,Manual
User Name 6188,USER - 06188,Department 1955,Manual
User Name 6189,USER - 06189,Department 2111,Manual
User Name 6190,USER - 06190,Department 847,Manual
User Name 6191,USER - 06191,Department 1674,Manual
User Name 6192,USER - 06192,Department 1669,Manual
User Name 6193,USER - 06193,Department 2470,Manual
User Name 6194,USER - 06194,Department 1810,Manual
User Name 6195,USER - 06195,Department 3238,Manual
User Name 6196,USER - 06196,Department 1382,Manual
User Name 6197,USER - 06197,Department 2078,Manual
User Name 6198,USER - 06198,Department 1296,Manual
User Name 6199,USER - 06199,Department 3378,Manual
User Name 6200,USER - 06200,Department 1754,Manual
User Name 6201,USER - 06201,Department 1317,Manual
User Name 6202,USER - 06202,Department 2509,Manual
User Name 6203,USER - 06203,Department 836,Manual
User Name 6204,USER - 06204,Department 860,Manual
User Name 6205,USER - 06205,Department 860,Manual
User Name 6206,USER - 06206,Department 859,Manual
User Name 6207,USER - 06207,Department 3660,Manual
User Name 6208,USER - 06208,Department 762,Manual
User Name 6209,USER - 06209,Department 1850,Manual
User Name 6210,USER - 06210,Department 743,Manual
User Name 6211,USER - 06211,Department 2898,Manual
User Name 6212,USER - 06212,Department 1810,Manual
User Name 6213,USER - 06213,Department 1022,Manual
User Name 6214,USER - 06214,Department 2214,Manual
User Name 6215,USER - 06215,Department 1829,Manual
User Name 6216,USER - 06216,Department 149,Manual
User Name 6217,USER - 06217,Department 2995,Manual
User Name 6218,USER - 06218,Department 1592,Manual
User Name 6219,USER - 06219,Department 3730,Manual
User Name 6220,USER - 06220,Department 2705,Manual
User Name 6221,USER - 06221,Department 2398,Manual
User Name 6222,USER - 06222,Department 1383,Manual
User Name 6223,USER - 06223,Department 3536,Manual
User Name 6224,USER - 06224,Department 3536,Manual
User Name 6225,USER - 06225,Department 2277,Manual
User Name 6226,USER - 06226,Department 2415,Manual
User Name 6227,USER - 06227,Department 54,Manual
User Name 6228,USER - 06228,Department 1643,Manual
User Name 6229,USER - 06229,Department 682,Manual
User Name 6230,USER - 06230,Department 1821,Manual
User Name 6231,USER - 06231,Department 1318,Manual
User Name 6232,USER - 06232,Department 2673,Manual
User Name 6233,USER - 06233,Department 1975,Manual
User Name 6234,USER - 06234,Department 14,Manual
User Name 6235,USER - 06235,Department 955,Manual
User Name 6236,USER - 06236,Department 3238,Manual
User Name 6237,USER - 06237,Department 672,Manual
User Name 6238,USER - 06238,Department 666,Manual
User Name 6239,USER - 06239,Department 679,Manual
User Name 6240,USER - 06240,Department 683,Manual
User Name 6241,USER - 06241,Department 671,Manual
User Name 6242,USER - 06242,Department 634,Manual
User Name 6243,USER - 06243,Department 3643,Manual
User Name 6244,USER - 06244,Department 672,Manual
User Name 6245,USER - 06245,Department 671,Manual
User Name 6246,USER - 06246,Department 671,Manual
User Name 6247,USER - 06247,Department 684,Manual
User Name 6248,USER - 06248,Department 664,Manual
User Name 6249,USER - 06249,Department 671,Manual
User Name 6250,USER - 06250,Department 671,Manual
User Name 6251,USER - 06251,Department 675,Manual
User Name 6252,USER - 06252,Department 682,Manual
User Name 6253,USER - 06253,Department 673,Manual
User Name 6254,USER - 06254,Department 682,Manual
User Name 6255,USER - 06255,Department 671,Manual
User Name 6256,USER - 06256,Department 682,Manual
User Name 6257,USER - 06257,Department 678,Manual
User Name 6258,USER - 06258,Department 682,Manual
User Name 6259,USER - 06259,Department 664,Manual
User Name 6260,USER - 06260,Department 678,Manual
User Name 6261,USER - 06261,Department 675,Manual
User Name 6262,USER - 06262,Department 666,Manual
User Name 6263,USER - 06263,Department 678,Manual
User Name 6264,USER - 06264,Department 682,Manual
User Name 6265,USER - 06265,Department 3378,Manual
User Name 6266,USER - 06266,Department 671,Manual
User Name 6267,USER - 06267,Department 1962,Manual
User Name 6268,USER - 06268,Department 1951,Manual
User Name 6269,USER - 06269,Department 2200,Manual
User Name 6270,USER - 06270,Department 1027,Manual
User Name 6271,USER - 06271,Department 2070,Manual
User Name 6272,USER - 06272,Department 2521,Manual
User Name 6273,USER - 06273,Department 938,Manual
User Name 6274,USER - 06274,Department 965,Manual
User Name 6275,USER - 06275,Department 1873,Manual
User Name 6276,USER - 06276,Department 1024,Manual
User Name 6277,USER - 06277,Department 2120,Manual
User Name 6278,USER - 06278,Department 2203,Manual
User Name 6279,USER - 06279,Department 2200,Manual
User Name 6280,USER - 06280,Department 1812,Manual
User Name 6281,USER - 06281,Department 1875,Manual
User Name 6282,USER - 06282,Department 1999,Manual
User Name 6283,USER - 06283,Department 2141,Manual
User Name 6284,USER - 06284,Department 1808,Manual
User Name 6285,USER - 06285,Department 2164,Manual
User Name 6286,USER - 06286,Department 1746,Manual
User Name 5730,USER - 05730,Department 2110,Manual
User Name 6288,USER - 06288,Department 3054,Manual
User Name 6289,USER - 06289,Department 1870,Manual
User Name 6290,USER - 06290,Department 2024,Manual
User Name 6291,USER - 06291,Department 2032,Manual
User Name 6292,USER - 06292,Department 2019,Manual
User Name 6293,USER - 06293,Department 2286,Manual
User Name 6294,USER - 06294,Department 1988,Manual
User Name 6295,USER - 06295,Department 1940,Manual
User Name 6296,USER - 06296,Department 1708,Manual
User Name 6297,USER - 06297,Department 1752,Manual
User Name 6298,USER - 06298,Department 2198,Manual
User Name 6299,USER - 06299,Department 2730,Manual
User Name 6300,USER - 06300,Department 2087,Manual
User Name 6301,USER - 06301,Department 2226,Manual
User Name 6302,USER - 06302,Department 1823,Manual
User Name 6303,USER - 06303,Department 2103,Manual
User Name 6304,USER - 06304,Department 2220,Manual
User Name 6305,USER - 06305,Department 3494,Manual
User Name 6306,USER - 06306,Department 2002,Manual
User Name 6307,USER - 06307,Department 2353,Manual
User Name 6308,USER - 06308,Department 1055,Manual
User Name 1385,USER - 01385,Department 884,Manual
User Name 6310,USER - 06310,Department 2163,Manual
User Name 6311,USER - 06311,Department 1027,Manual
User Name 6312,USER - 06312,Department 3465,Manual
User Name 6313,USER - 06313,Department 516,Manual
User Name 6314,USER - 06314,Department 1720,Manual
User Name 6315,USER - 06315,Department 2007,Manual
User Name 6316,USER - 06316,Department 2545,Manual
User Name 6317,USER - 06317,Department 2419,Manual
User Name 6318,USER - 06318,Department 2853,Manual
User Name 6319,USER - 06319,Department 2007,Manual
User Name 6320,USER - 06320,Department 2705,Manual
User Name 6321,USER - 06321,Department 2307,Manual
User Name 6322,USER - 06322,Department 2795,Manual
User Name 6323,USER - 06323,Department 1811,Manual
User Name 6324,USER - 06324,Department 1033,Manual
User Name 6325,USER - 06325,Department 2065,Manual
User Name 6326,USER - 06326,Department 2851,Manual
User Name 6327,USER - 06327,Department 1932,Manual
User Name 6328,USER - 06328,Department 2222,Manual
User Name 6329,USER - 06329,Department 1968,Manual
User Name 6330,USER - 06330,Department 2070,Manual
User Name 6331,USER - 06331,Department 2070,Manual
User Name 6332,USER - 06332,Department 1832,Manual
User Name 6333,USER - 06333,Department 1829,Manual
User Name 6334,USER - 06334,Department 2961,Manual
User Name 6335,USER - 06335,Department 2128,Manual
User Name 6336,USER - 06336,Department 3532,Manual
User Name 6337,USER - 06337,Department 2961,Manual
User Name 6338,USER - 06338,Department 2258,Manual
User Name 6339,USER - 06339,Department 2705,Manual
User Name 6340,USER - 06340,Department 2160,Manual
User Name 6341,USER - 06341,Department 1758,Manual
User Name 6342,USER - 06342,Department 2275,Manual
User Name 6343,USER - 06343,Department 2346,Manual
User Name 6344,USER - 06344,Department 1958,Manual
User Name 6345,USER - 06345,Department 1846,Manual
User Name 6346,USER - 06346,Department 2204,Manual
User Name 6347,USER - 06347,Department 2454,Manual
User Name 6348,USER - 06348,Department 1832,Manual
User Name 6349,USER - 06349,Department 2233,Manual
User Name 6350,USER - 06350,Department 2958,Manual
User Name 6351,USER - 06351,Department 2233,Manual
User Name 6352,USER - 06352,Department 2101,Manual
User Name 6353,USER - 06353,Department 2127,Manual
User Name 6354,USER - 06354,Department 1795,Manual
User Name 6355,USER - 06355,Department 1780,Manual
User Name 6356,USER - 06356,Department 2233,Manual
User Name 6357,USER - 06357,Department 1784,Manual
User Name 6358,USER - 06358,Department 2074,Manual
User Name 6359,USER - 06359,Department 2233,Manual
User Name 6360,USER - 06360,Department 1687,Manual
User Name 6361,USER - 06361,Department 2233,Manual
User Name 6362,USER - 06362,Department 1953,Manual
User Name 6363,USER - 06363,Department 1840,Manual
User Name 6364,USER - 06364,Department 1675,Manual
User Name 6365,USER - 06365,Department 1794,Manual
User Name 6366,USER - 06366,Department 1844,Manual
User Name 6367,USER - 06367,Department 1933,Manual
User Name 6368,USER - 06368,Department 1953,Manual
User Name 6369,USER - 06369,Department 2233,Manual
User Name 6370,USER - 06370,Department 1875,Manual
User Name 6371,USER - 06371,Department 3635,Manual
User Name 6372,USER - 06372,Department 2059,Manual
User Name 6373,USER - 06373,Department 2233,Manual
User Name 6374,USER - 06374,Department 2052,Manual
User Name 6375,USER - 06375,Department 1828,Manual
User Name 6376,USER - 06376,Department 1794,Manual
User Name 6377,USER - 06377,Department 1991,Manual
User Name 6378,USER - 06378,Department 3519,Manual
User Name 6379,USER - 06379,Department 1844,Manual
User Name 6380,USER - 06380,Department 912,Manual
User Name 6381,USER - 06381,Department 3532,Manual
User Name 6382,USER - 06382,Department 799,Manual
User Name 6383,USER - 06383,Department 2940,Manual
User Name 6384,USER - 06384,Department 2875,Manual
User Name 6385,USER - 06385,Department 2070,Manual
User Name 6386,USER - 06386,Department 1543,Manual
User Name 6387,USER - 06387,Department 1554,Manual
User Name 6388,USER - 06388,Department 1541,Manual
User Name 6389,USER - 06389,Department 1065,Manual
User Name 6390,USER - 06390,Department 304,Manual
User Name 6391,USER - 06391,Department 3599,Manual
User Name 6392,USER - 06392,Department 1559,Manual
User Name 6393,USER - 06393,Department 350,Manual
User Name 6394,USER - 06394,Department 371,Manual
User Name 6395,USER - 06395,Department 1960,Manual
User Name 6396,USER - 06396,Department 2220,Manual
User Name 6397,USER - 06397,Department 2222,Manual
User Name 6398,USER - 06398,Department 2226,Manual
User Name 6399,USER - 06399,Department 329,Manual
User Name 6400,USER - 06400,Department 2291,Manual
User Name 6401,USER - 06401,Department 1758,Manual
User Name 6402,USER - 06402,Department 2451,Manual
User Name 6403,USER - 06403,Department 1735,Manual
User Name 6404,USER - 06404,Department 3067,Manual
User Name 6405,USER - 06405,Department 2447,Manual
User Name 6406,USER - 06406,Department 196,Manual
User Name 6407,USER - 06407,Department 2163,Manual
User Name 6408,USER - 06408,Department 2228,Manual
User Name 6409,USER - 06409,Department 2228,Manual
User Name 6410,USER - 06410,Department 2228,Manual
User Name 6411,USER - 06411,Department 514,Manual
User Name 6412,USER - 06412,Department 2195,Manual
User Name 6413,USER - 06413,Department 2246,Manual
User Name 6414,USER - 06414,Department 2201,Manual
User Name 6415,USER - 06415,Department 2193,Manual
User Name 6416,USER - 06416,Department 2810,Manual
User Name 6417,USER - 06417,Department 2901,Manual
User Name 6418,USER - 06418,Department 2194,Manual
User Name 6419,USER - 06419,Department 2719,Manual
User Name 6420,USER - 06420,Department 1750,Manual
User Name 6421,USER - 06421,Department 1011,Manual
User Name 6422,USER - 06422,Department 1640,Manual
User Name 6423,USER - 06423,Department 556,Manual
User Name 6424,USER - 06424,Department 883,Manual
User Name 6425,USER - 06425,Department 2070,Manual
User Name 6426,USER - 06426,Department 2726,Manual
User Name 6427,USER - 06427,Department 2513,Manual
User Name 6428,USER - 06428,Department 309,Manual
User Name 6429,USER - 06429,Department 1635,Manual
User Name 6430,USER - 06430,Department 3473,Manual
User Name 6431,USER - 06431,Department 769,Manual
User Name 6432,USER - 06432,Department 762,Manual
User Name 6433,USER - 06433,Department 769,Manual
User Name 6434,USER - 06434,Department 3685,Manual
User Name 6435,USER - 06435,Department 757,Manual
User Name 6436,USER - 06436,Department 3480,Manual
User Name 6437,USER - 06437,Department 765,Manual
User Name 6438,USER - 06438,Department 752,Manual
User Name 6439,USER - 06439,Department 750,Manual
User Name 6440,USER - 06440,Department 2512,Manual
User Name 6441,USER - 06441,Department 1942,Manual
User Name 6442,USER - 06442,Department 2209,Manual
User Name 6443,USER - 06443,Department 2241,Manual
User Name 6444,USER - 06444,Department 2161,Manual
User Name 6445,USER - 06445,Department 2241,Manual
User Name 6446,USER - 06446,Department 2237,Manual
User Name 6447,USER - 06447,Department 2178,Manual
User Name 6448,USER - 06448,Department 2241,Manual
User Name 6449,USER - 06449,Department 2070,Manual
User Name 6450,USER - 06450,Department 2190,Manual
User Name 6451,USER - 06451,Department 2193,Manual
User Name 6452,USER - 06452,Department 2173,Manual
User Name 6453,USER - 06453,Department 2179,Manual
User Name 6454,USER - 06454,Department 2240,Manual
User Name 6455,USER - 06455,Department 2212,Manual
User Name 6456,USER - 06456,Department 2175,Manual
User Name 6457,USER - 06457,Department 2226,Manual
User Name 6458,USER - 06458,Department 2070,Manual
User Name 6459,USER - 06459,Department 1620,Manual
User Name 6460,USER - 06460,Department 249,Manual
User Name 6461,USER - 06461,Department 1099,Manual
User Name 6462,USER - 06462,Department 1100,Manual
User Name 6463,USER - 06463,Department 1099,Manual
User Name 6464,USER - 06464,Department 1100,Manual
User Name 6465,USER - 06465,Department 1100,Manual
User Name 6466,USER - 06466,Department 1100,Manual
User Name 6467,USER - 06467,Department 1099,Manual
User Name 6468,USER - 06468,Department 1099,Manual
User Name 6469,USER - 06469,Department 1100,Manual
User Name 6470,USER - 06470,Department 2770,Manual
User Name 6471,USER - 06471,Department 2185,Manual
User Name 6472,USER - 06472,Department 2206,Manual
User Name 6473,USER - 06473,Department 961,Manual
User Name 6474,USER - 06474,Department 2140,Manual
User Name 6475,USER - 06475,Department 1714,Manual
User Name 6476,USER - 06476,Department 2920,Manual
User Name 6477,USER - 06477,Department 559,Manual
User Name 6478,USER - 06478,Department 2070,Manual
User Name 6479,USER - 06479,Department 519,Manual
User Name 6480,USER - 06480,Department 774,Manual
User Name 6481,USER - 06481,Department 722,Manual
User Name 6482,USER - 06482,Department 2070,Manual
User Name 6483,USER - 06483,Department 2070,Manual
User Name 6484,USER - 06484,Department 3025,Manual
User Name 6485,USER - 06485,Department 379,Manual
User Name 6486,USER - 06486,Department 368,Manual
User Name 6487,USER - 06487,Department 357,Manual
User Name 6488,USER - 06488,Department 300,Manual
User Name 6489,USER - 06489,Department 328,Manual
User Name 6490,USER - 06490,Department 313,Manual
User Name 6491,USER - 06491,Department 3481,Manual
User Name 6492,USER - 06492,Department 325,Manual
User Name 6493,USER - 06493,Department 326,Manual
User Name 6494,USER - 06494,Department 350,Manual
User Name 6495,USER - 06495,Department 374,Manual
User Name 6496,USER - 06496,Department 357,Manual
User Name 6497,USER - 06497,Department 312,Manual
User Name 6498,USER - 06498,Department 337,Manual
User Name 990,USER - 00990,Department 2778,Manual
User Name 6500,USER - 06500,Department 2980,Manual
User Name 6501,USER - 06501,Department 2199,Manual
User Name 6502,USER - 06502,Department 1995,Manual
User Name 6503,USER - 06503,Department 2187,Manual
User Name 6504,USER - 06504,Department 2209,Manual
User Name 6505,USER - 06505,Department 740,Manual
User Name 6506,USER - 06506,Department 2179,Manual
User Name 6507,USER - 06507,Department 2963,Manual
User Name 6508,USER - 06508,Department 2373,Manual
User Name 6509,USER - 06509,Department 2959,Manual
User Name 6510,USER - 06510,Department 2070,Manual
User Name 6511,USER - 06511,Department 1656,Manual
User Name 6512,USER - 06512,Department 2861,Manual
User Name 6513,USER - 06513,Department 2912,Manual
User Name 6514,USER - 06514,Department 2194,Manual
User Name 6515,USER - 06515,Department 893,Manual
User Name 6516,USER - 06516,Department 3016,Manual
User Name 6517,USER - 06517,Department 1710,Manual
User Name 6518,USER - 06518,Department 2070,Manual
User Name 6519,USER - 06519,Department 2675,Manual
User Name 6520,USER - 06520,Department 1629,Manual
User Name 6521,USER - 06521,Department 2046,Manual
User Name 861,USER - 00861,Department 2102,Manual
User Name 6523,USER - 06523,Department 2940,Manual
User Name 6524,USER - 06524,Department 3648,Manual
User Name 6525,USER - 06525,Department 2885,Manual
User Name 6526,USER - 06526,Department 1864,Manual
User Name 6527,USER - 06527,Department 3635,Manual
User Name 6528,USER - 06528,Department 1934,Manual
User Name 4683,USER - 04683,Department 884,Manual
User Name 6530,USER - 06530,Department 2210,Manual
User Name 6531,USER - 06531,Department 2209,Manual
User Name 6532,USER - 06532,Department 1792,Manual
User Name 6533,USER - 06533,Department 565,Manual
User Name 6534,USER - 06534,Department 2850,Manual
User Name 6535,USER - 06535,Department 2840,Manual
User Name 6536,USER - 06536,Department 2856,Manual
User Name 6537,USER - 06537,Department 3091,Manual
User Name 6538,USER - 06538,Department 2992,Manual
User Name 6539,USER - 06539,Department 1065,Manual
User Name 6540,USER - 06540,Department 3036,Manual
User Name 6541,USER - 06541,Department 1065,Manual
User Name 6542,USER - 06542,Department 1065,Manual
User Name 6543,USER - 06543,Department 2110,Manual
User Name 6544,USER - 06544,Department 1934,Manual
User Name 6545,USER - 06545,Department 2915,Manual
User Name 6546,USER - 06546,Department 2843,Manual
User Name 6547,USER - 06547,Department 2515,Manual
User Name 6548,USER - 06548,Department 2837,Manual
User Name 6549,USER - 06549,Department 2070,Manual
User Name 6550,USER - 06550,Department 2070,Manual
User Name 6551,USER - 06551,Department 1964,Manual
User Name 6552,USER - 06552,Department 3087,Manual
User Name 6553,USER - 06553,Department 1993,Manual
User Name 6554,USER - 06554,Department 120,Manual
User Name 6555,USER - 06555,Department 2070,Manual
User Name 6556,USER - 06556,Department 2070,Manual
User Name 6557,USER - 06557,Department 2087,Manual
User Name 6558,USER - 06558,Department 2393,Manual
User Name 6559,USER - 06559,Department 3087,Manual
User Name 6560,USER - 06560,Department 795,Manual
User Name 6561,USER - 06561,Department 2159,Manual
User Name 6562,USER - 06562,Department 2325,Manual
User Name 6563,USER - 06563,Department 2677,Manual
User Name 6564,USER - 06564,Department 2830,Manual
User Name 6565,USER - 06565,Department 2070,Manual
User Name 6566,USER - 06566,Department 2809,Manual
User Name 6567,USER - 06567,Department 2809,Manual
User Name 6568,USER - 06568,Department 2026,Manual
User Name 6569,USER - 06569,Department 2194,Manual
User Name 6570,USER - 06570,Department 2240,Manual
User Name 6571,USER - 06571,Department 2202,Manual
User Name 6572,USER - 06572,Department 1864,Manual
User Name 6573,USER - 06573,Department 756,Manual
User Name 6574,USER - 06574,Department 757,Manual
User Name 6575,USER - 06575,Department 762,Manual
User Name 6576,USER - 06576,Department 758,Manual
User Name 6577,USER - 06577,Department 2245,Manual
User Name 6578,USER - 06578,Department 2192,Manual
User Name 6579,USER - 06579,Department 2240,Manual
User Name 6580,USER - 06580,Department 1781,Manual
User Name 6581,USER - 06581,Department 2168,Manual
User Name 6582,USER - 06582,Department 2178,Manual
User Name 6583,USER - 06583,Department 2070,Manual
User Name 6584,USER - 06584,Department 2061,Manual
User Name 6585,USER - 06585,Department 2237,Manual
User Name 6586,USER - 06586,Department 2070,Manual
User Name 6587,USER - 06587,Department 654,Manual
User Name 6588,USER - 06588,Department 2070,Manual
User Name 6589,USER - 06589,Department 2070,Manual
User Name 6590,USER - 06590,Department 533,Manual
User Name 6591,USER - 06591,Department 2070,Manual
User Name 6592,USER - 06592,Department 2070,Manual
User Name 6593,USER - 06593,Department 2070,Manual
User Name 6594,USER - 06594,Department 2070,Manual
User Name 6595,USER - 06595,Department 2070,Manual
User Name 6596,USER - 06596,Department 2070,Manual
User Name 6597,USER - 06597,Department 2070,Manual
User Name 6598,USER - 06598,Department 2093,Manual
User Name 6599,USER - 06599,Department 2070,Manual
User Name 6600,USER - 06600,Department 2716,Manual
User Name 6601,USER - 06601,Department 2963,Manual
User Name 6602,USER - 06602,Department 2226,Manual
User Name 6603,USER - 06603,Department 2070,Manual
User Name 6604,USER - 06604,Department 2222,Manual
User Name 6605,USER - 06605,Department 2219,Manual
User Name 6606,USER - 06606,Department 2178,Manual
User Name 6607,USER - 06607,Department 1735,Manual
User Name 6608,USER - 06608,Department 2817,Manual
User Name 6609,USER - 06609,Department 2070,Manual
User Name 6610,USER - 06610,Department 2773,Manual
User Name 6611,USER - 06611,Department 2774,Manual
User Name 6612,USER - 06612,Department 2417,Manual
User Name 6613,USER - 06613,Department 3111,Manual
User Name 6614,USER - 06614,Department 3003,Manual
User Name 6615,USER - 06615,Department 2960,Manual
User Name 6616,USER - 06616,Department 804,Manual
User Name 6617,USER - 06617,Department 2713,Manual
User Name 6618,USER - 06618,Department 2769,Manual
User Name 6619,USER - 06619,Department 2204,Manual
User Name 6620,USER - 06620,Department 487,Manual
User Name 6621,USER - 06621,Department 3535,Manual
User Name 6622,USER - 06622,Department 2898,Manual
User Name 6623,USER - 06623,Department 981,Manual
User Name 6624,USER - 06624,Department 947,Manual
User Name 6625,USER - 06625,Department 947,Manual
User Name 6626,USER - 06626,Department 1856,Manual
User Name 6627,USER - 06627,Department 2963,Manual
User Name 6628,USER - 06628,Department 1639,Manual
User Name 6629,USER - 06629,Department 1938,Manual
User Name 6630,USER - 06630,Department 2178,Manual
User Name 6631,USER - 06631,Department 2070,Manual
User Name 6632,USER - 06632,Department 1029,Manual
User Name 6633,USER - 06633,Department 2693,Manual
User Name 6634,USER - 06634,Department 1100,Manual
User Name 6635,USER - 06635,Department 1099,Manual
User Name 6636,USER - 06636,Department 517,Manual
User Name 6637,USER - 06637,Department 2378,Manual
User Name 6638,USER - 06638,Department 441,Manual
User Name 6639,USER - 06639,Department 2070,Manual
User Name 6640,USER - 06640,Department 2288,Manual
User Name 6641,USER - 06641,Department 2676,Manual
User Name 6642,USER - 06642,Department 2255,Manual
User Name 6643,USER - 06643,Department 1954,Manual
User Name 6644,USER - 06644,Department 1978,Manual
User Name 6645,USER - 06645,Department 3520,Manual
User Name 6646,USER - 06646,Department 3732,Manual
User Name 6647,USER - 06647,Department 953,Manual
User Name 6648,USER - 06648,Department 1746,Manual
User Name 6649,USER - 06649,Department 2147,Manual
User Name 6650,USER - 06650,Department 960,Manual
User Name 6651,USER - 06651,Department 1028,Manual
User Name 6652,USER - 06652,Department 1386,Manual
User Name 6653,USER - 06653,Department 1940,Manual
User Name 6654,USER - 06654,Department 1550,Manual
User Name 6655,USER - 06655,Department 2164,Manual
User Name 6656,USER - 06656,Department 767,Manual
User Name 6657,USER - 06657,Department 3109,Manual
User Name 6658,USER - 06658,Department 2186,Manual
User Name 6659,USER - 06659,Department 395,Manual
User Name 6660,USER - 06660,Department 2225,Manual
User Name 6661,USER - 06661,Department 74,Manual
User Name 6662,USER - 06662,Department 3008,Manual
User Name 6663,USER - 06663,Department 2980,Manual
User Name 6664,USER - 06664,Department 1630,Manual
User Name 6665,USER - 06665,Department 2936,Manual
User Name 6666,USER - 06666,Department 654,Manual
User Name 6667,USER - 06667,Department 654,Manual
User Name 6668,USER - 06668,Department 955,Manual
User Name 6669,USER - 06669,Department 402,Manual
User Name 6670,USER - 06670,Department 3467,Manual
User Name 6671,USER - 06671,Department 1843,Manual
User Name 6672,USER - 06672,Department 885,Manual
User Name 6673,USER - 06673,Department 941,Manual
User Name 6674,USER - 06674,Department 2814,Manual
User Name 6675,USER - 06675,Department 2200,Manual
User Name 6676,USER - 06676,Department 2042,Manual
User Name 6677,USER - 06677,Department 2800,Manual
User Name 6678,USER - 06678,Department 941,Manual
User Name 6679,USER - 06679,Department 2810,Manual
User Name 6680,USER - 06680,Department 1793,Manual
User Name 6681,USER - 06681,Department 941,Manual
User Name 6682,USER - 06682,Department 1692,Manual
User Name 6683,USER - 06683,Department 1793,Manual
User Name 6684,USER - 06684,Department 1793,Manual
User Name 6685,USER - 06685,Department 1793,Manual
User Name 6686,USER - 06686,Department 1795,Manual
User Name 6687,USER - 06687,Department 2798,Manual
User Name 6688,USER - 06688,Department 2200,Manual
User Name 6689,USER - 06689,Department 2150,Manual
User Name 6690,USER - 06690,Department 2164,Manual
User Name 6691,USER - 06691,Department 643,Manual
User Name 6692,USER - 06692,Department 1562,Manual
User Name 6693,USER - 06693,Department 883,Manual
User Name 6694,USER - 06694,Department 1665,Manual
User Name 6695,USER - 06695,Department 1864,Manual
User Name 6696,USER - 06696,Department 2840,Manual
User Name 6697,USER - 06697,Department 1927,Manual
User Name 6698,USER - 06698,Department 249,Manual
User Name 6699,USER - 06699,Department 671,Manual
User Name 6700,USER - 06700,Department 2174,Manual
User Name 6701,USER - 06701,Department 2174,Manual
User Name 6702,USER - 06702,Department 1591,Manual
User Name 6703,USER - 06703,Department 1591,Manual
User Name 6704,USER - 06704,Department 1672,Manual
User Name 6705,USER - 06705,Department 1630,Manual
User Name 6706,USER - 06706,Department 2186,Manual
User Name 6707,USER - 06707,Department 2215,Manual
User Name 6708,USER - 06708,Department 1767,Manual
User Name 6709,USER - 06709,Department 1656,Manual
User Name 6710,USER - 06710,Department 3534,Manual
User Name 6711,USER - 06711,Department 682,Manual
User Name 6712,USER - 06712,Department 664,Manual
User Name 6713,USER - 06713,Department 670,Manual
User Name 6714,USER - 06714,Department 665,Manual
User Name 6715,USER - 06715,Department 2144,Manual
User Name 6716,USER - 06716,Department 666,Manual
User Name 6717,USER - 06717,Department 664,Manual
User Name 6718,USER - 06718,Department 3354,Manual
User Name 6719,USER - 06719,Department 634,Manual
User Name 6720,USER - 06720,Department 399,Manual
User Name 6721,USER - 06721,Department 663,Manual
User Name 6722,USER - 06722,Department 3450,Manual
User Name 6723,USER - 06723,Department 3443,Manual
User Name 6724,USER - 06724,Department 2231,Manual
User Name 6725,USER - 06725,Department 2974,Manual
User Name 6726,USER - 06726,Department 2215,Manual
User Name 6727,USER - 06727,Department 671,Manual
User Name 6728,USER - 06728,Department 663,Manual
User Name 6729,USER - 06729,Department 634,Manual
User Name 6730,USER - 06730,Department 668,Manual
User Name 6731,USER - 06731,Department 687,Manual
User Name 6732,USER - 06732,Department 683,Manual
User Name 6733,USER - 06733,Department 665,Manual
User Name 6734,USER - 06734,Department 451,Manual
User Name 6735,USER - 06735,Department 684,Manual
User Name 6736,USER - 06736,Department 634,Manual
User Name 6737,USER - 06737,Department 679,Manual
User Name 6738,USER - 06738,Department 634,Manual
User Name 6739,USER - 06739,Department 664,Manual
User Name 6740,USER - 06740,Department 665,Manual
User Name 6741,USER - 06741,Department 682,Manual
User Name 6742,USER - 06742,Department 671,Manual
User Name 6743,USER - 06743,Department 634,Manual
User Name 6744,USER - 06744,Department 666,Manual
User Name 6745,USER - 06745,Department 666,Manual
User Name 6746,USER - 06746,Department 393,Manual
User Name 6747,USER - 06747,Department 678,Manual
User Name 6748,USER - 06748,Department 672,Manual
User Name 6749,USER - 06749,Department 3528,Manual
User Name 6750,USER - 06750,Department 2312,Automatic
User Name 6751,USER - 06751,Department 3455,Manual
User Name 6752,USER - 06752,Department 679,Manual
User Name 6753,USER - 06753,Department 682,Manual
User Name 6754,USER - 06754,Department 751,Manual
User Name 6755,USER - 06755,Department 3449,Manual
User Name 6756,USER - 06756,Department 1102,Manual
User Name 6757,USER - 06757,Department 678,Manual
User Name 6758,USER - 06758,Department 2802,Manual
User Name 6759,USER - 06759,Department 2802,Manual
User Name 6760,USER - 06760,Department 2274,Manual
User Name 6761,USER - 06761,Department 684,Manual
User Name 6762,USER - 06762,Department 2033,Manual
User Name 6763,USER - 06763,Department 669,Manual
User Name 6764,USER - 06764,Department 666,Manual
User Name 6765,USER - 06765,Department 2085,Automatic
User Name 6766,USER - 06766,Department 669,Manual
User Name 6767,USER - 06767,Department 2146,Manual
User Name 6768,USER - 06768,,Manual
User Name 6769,USER - 06769,Department 1910,Manual
User Name 6770,USER - 06770,Department 2071,Manual
User Name 6771,USER - 06771,Department 1676,Manual
User Name 6772,USER - 06772,Department 171,Manual
User Name 6773,USER - 06773,Department 2017,Manual
User Name 6774,USER - 06774,Department 2017,Manual
User Name 6775,USER - 06775,Department 2664,Manual
User Name 209,USER - 00209,Department 710,Manual
User Name 4391,USER - 04391,Department 1945,Manual
User Name 241,USER - 00241,Department 659,Manual
User Name 4457,USER - 04457,Department 1945,Manual
User Name 6780,USER - 06780,Department 1945,Manual
User Name 6781,USER - 06781,Department 1945,Manual
User Name 6782,USER - 06782,Department 1945,Manual
User Name 6783,USER - 06783,Department 1945,Manual
User Name 203,USER - 00203,Department 140,Manual
User Name 6785,USER - 06785,Department 1945,Manual
User Name 6786,USER - 06786,Department 1945,Manual
User Name 1099,USER - 01099,Department 1945,Manual
User Name 6788,USER - 06788,Department 1945,Manual
User Name 6789,USER - 06789,Department 2810,Manual
User Name 6790,USER - 06790,Department 1909,Automatic
User Name 6791,USER - 06791,Department 2068,Manual
User Name 6792,USER - 06792,Department 1887,Manual
User Name 6793,USER - 06793,Department 2125,Automatic
User Name 6794,USER - 06794,Department 2106,Manual
User Name 6795,USER - 06795,Department 2445,Manual
User Name 6796,USER - 06796,Department 2214,Manual
User Name 6797,USER - 06797,Department 977,Manual
User Name 6798,USER - 06798,Department 1765,Manual
User Name 6799,USER - 06799,Department 1627,Manual
User Name 6800,USER - 06800,Department 2400,Manual
User Name 6801,USER - 06801,Department 1608,Manual
User Name 6802,USER - 06802,Department 2613,Manual
User Name 6803,USER - 06803,Department 2416,Manual
User Name 6804,USER - 06804,Department 3118,Manual
User Name 6805,USER - 06805,Department 1892,Manual
User Name 6806,USER - 06806,Department 1891,Manual
User Name 6807,USER - 06807,Department 930,Manual
User Name 6808,USER - 06808,Department 239,Manual
User Name 6809,USER - 06809,Department 957,Manual
User Name 6810,USER - 06810,Department 1616,Manual
User Name 6811,USER - 06811,Department 2451,Manual
User Name 6812,USER - 06812,Department 1047,Manual
User Name 6813,USER - 06813,Department 934,Manual
User Name 6814,USER - 06814,Department 2347,Manual
User Name 6815,USER - 06815,Department 1735,Manual
User Name 6816,USER - 06816,Department 1085,Manual
User Name 6817,USER - 06817,Department 940,Manual
User Name 6818,USER - 06818,Department 930,Manual
User Name 6819,USER - 06819,Department 979,Manual
User Name 6820,USER - 06820,Department 3550,Manual
User Name 6821,USER - 06821,Department 2517,Manual
User Name 6822,USER - 06822,Department 2326,Manual
User Name 6823,USER - 06823,Department 2414,Manual
User Name 6824,USER - 06824,Department 937,Manual
User Name 6825,USER - 06825,Department 3106,Manual
User Name 6826,USER - 06826,Department 2703,Manual
User Name 6827,USER - 06827,Department 1771,Manual
User Name 6828,USER - 06828,Department 979,Manual
User Name 6829,USER - 06829,Department 1056,Manual
User Name 6830,USER - 06830,Department 1109,Manual
User Name 6831,USER - 06831,Department 927,Manual
User Name 6832,USER - 06832,Department 3015,Manual
User Name 6833,USER - 06833,Department 2030,Manual
User Name 6834,USER - 06834,Department 1012,Manual
User Name 6835,USER - 06835,Department 2038,Manual
User Name 6836,USER - 06836,Department 2128,Manual
User Name 6837,USER - 06837,Department 2048,Manual
User Name 6838,USER - 06838,Department 902,Manual
User Name 6839,USER - 06839,Department 923,Manual
User Name 6840,USER - 06840,Department 1690,Manual
User Name 6841,USER - 06841,Department 1056,Manual
User Name 6842,USER - 06842,Department 1027,Manual
User Name 6843,USER - 06843,Department 2292,Manual
User Name 6844,USER - 06844,Department 1878,Manual
User Name 6845,USER - 06845,Department 2453,Manual
User Name 6846,USER - 06846,Department 1072,Manual
User Name 6847,USER - 06847,Department 2053,Manual
User Name 6848,USER - 06848,Department 2101,Manual
User Name 6849,USER - 06849,Department 2513,Manual
User Name 6850,USER - 06850,Department 2284,Manual
User Name 6851,USER - 06851,Department 2010,Manual
User Name 6852,USER - 06852,Department 1096,Manual
User Name 6853,USER - 06853,Department 909,Manual
User Name 6854,USER - 06854,Department 2513,Manual
User Name 6855,USER - 06855,Department 1090,Manual
User Name 6856,USER - 06856,Department 2440,Manual
User Name 6857,USER - 06857,Department 986,Manual
User Name 6858,USER - 06858,Department 1056,Manual
User Name 6859,USER - 06859,Department 1031,Manual
User Name 6860,USER - 06860,Department 1829,Manual
User Name 6861,USER - 06861,Department 1690,Manual
User Name 6862,USER - 06862,Department 1123,Manual
User Name 6863,USER - 06863,Department 2379,Manual
User Name 6864,USER - 06864,Department 2517,Manual
User Name 6865,USER - 06865,Department 2890,Manual
User Name 6866,USER - 06866,Department 1720,Manual
User Name 6867,USER - 06867,Department 1069,Manual
User Name 6868,USER - 06868,Department 2255,Manual
User Name 6869,USER - 06869,Department 2987,Manual
User Name 6870,USER - 06870,Department 1057,Manual
User Name 6871,USER - 06871,Department 3543,Manual
User Name 6872,USER - 06872,Department 1082,Manual
User Name 6873,USER - 06873,Department 1988,Manual
User Name 6874,USER - 06874,Department 894,Manual
User Name 6875,USER - 06875,Department 2300,Manual
User Name 6876,USER - 06876,Department 2513,Manual
User Name 6877,USER - 06877,Department 1095,Manual
User Name 6878,USER - 06878,Department 2322,Manual
User Name 6879,USER - 06879,Department 902,Manual
User Name 6880,USER - 06880,Department 1095,Manual
User Name 6881,USER - 06881,Department 2513,Manual
User Name 6882,USER - 06882,Department 2445,Manual
User Name 6883,USER - 06883,Department 1089,Manual
User Name 6884,USER - 06884,Department 956,Manual
User Name 6885,USER - 06885,Department 951,Manual
User Name 6886,USER - 06886,Department 2061,Manual
User Name 6887,USER - 06887,Department 2506,Manual
User Name 6888,USER - 06888,Department 1627,Manual
User Name 6889,USER - 06889,Department 1668,Manual
User Name 6890,USER - 06890,Department 2046,Manual
User Name 6891,USER - 06891,Department 2101,Manual
User Name 6892,USER - 06892,Department 977,Manual
User Name 6893,USER - 06893,Department 1678,Manual
User Name 6894,USER - 06894,Department 1708,Manual
User Name 6895,USER - 06895,Department 2128,Manual
User Name 6896,USER - 06896,Department 1109,Manual
User Name 6897,USER - 06897,Department 1631,Manual
User Name 6898,USER - 06898,Department 2077,Manual
User Name 6899,USER - 06899,Department 2704,Manual
User Name 6900,USER - 06900,Department 2516,Manual
User Name 6901,USER - 06901,Department 1988,Manual
User Name 6902,USER - 06902,Department 977,Manual
User Name 6903,USER - 06903,Department 1049,Manual
User Name 6904,USER - 06904,Department 1049,Manual
User Name 6905,USER - 06905,Department 1049,Manual
User Name 6906,USER - 06906,Department 2606,Manual
User Name 6907,USER - 06907,Department 1071,Manual
User Name 6908,USER - 06908,Department 1083,Manual
User Name 6909,USER - 06909,Department 1826,Manual
User Name 6910,USER - 06910,Department 1074,Manual
User Name 6911,USER - 06911,Department 975,Manual
User Name 6912,USER - 06912,Department 2955,Manual
User Name 6913,USER - 06913,Department 939,Manual
User Name 6914,USER - 06914,Department 1736,Manual
User Name 6915,USER - 06915,Department 3143,Manual
User Name 6916,USER - 06916,Department 1105,Manual
User Name 6917,USER - 06917,Department 3560,Manual
User Name 6918,USER - 06918,Department 2654,Manual
User Name 6919,USER - 06919,Department 1741,Manual
User Name 6920,USER - 06920,Department 927,Manual
User Name 6921,USER - 06921,Department 2099,Manual
User Name 6922,USER - 06922,Department 1669,Manual
User Name 6923,USER - 06923,Department 2986,Manual
User Name 6924,USER - 06924,Department 937,Manual
User Name 6925,USER - 06925,Department 1891,Manual
User Name 6926,USER - 06926,Department 894,Manual
User Name 6927,USER - 06927,Department 2061,Manual
User Name 6928,USER - 06928,Department 997,Manual
User Name 6929,USER - 06929,Department 1832,Manual
User Name 6930,USER - 06930,Department 3550,Manual
User Name 6931,USER - 06931,Department 2508,Manual
User Name 6932,USER - 06932,Department 2057,Manual
User Name 6933,USER - 06933,Department 1027,Manual
User Name 6934,USER - 06934,Department 1072,Manual
User Name 6935,USER - 06935,Department 1738,Manual
User Name 6936,USER - 06936,Department 986,Manual
User Name 6937,USER - 06937,Department 2517,Manual
User Name 6938,USER - 06938,Department 1610,Manual
User Name 6939,USER - 06939,Department 1636,Manual
User Name 6940,USER - 06940,Department 2389,Manual
User Name 6941,USER - 06941,Department 1984,Manual
User Name 6942,USER - 06942,Department 3057,Manual
User Name 5850,USER - 05850,Department 1031,Manual
User Name 6944,USER - 06944,Department 1094,Manual
User Name 6945,USER - 06945,Department 2505,Manual
User Name 6946,USER - 06946,Department 1789,Manual
User Name 6947,USER - 06947,Department 1072,Manual
User Name 6948,USER - 06948,Department 925,Manual
User Name 5972,USER - 05972,Department 2513,Manual
User Name 6950,USER - 06950,Department 2970,Manual
User Name 6951,USER - 06951,Department 2077,Manual
User Name 6952,USER - 06952,Department 987,Manual
User Name 6953,USER - 06953,Department 1870,Manual
User Name 6954,USER - 06954,Department 1785,Manual
User Name 6955,USER - 06955,Department 1785,Manual
User Name 6956,USER - 06956,Department 1783,Manual
User Name 6957,USER - 06957,Department 1643,Manual
User Name 6958,USER - 06958,Department 1785,Manual
User Name 6959,USER - 06959,Department 1852,Manual
User Name 6960,USER - 06960,Department 1785,Manual
User Name 6961,USER - 06961,Department 2069,Manual
User Name 6962,USER - 06962,Department 1785,Manual
User Name 6963,USER - 06963,Department 1789,Manual
User Name 6964,USER - 06964,Department 1785,Manual
User Name 6965,USER - 06965,Department 1785,Manual
User Name 6966,USER - 06966,Department 1892,Manual
User Name 6967,USER - 06967,Department 886,Manual
User Name 6968,USER - 06968,Department 1643,Manual
User Name 6969,USER - 06969,Department 1785,Manual
User Name 6970,USER - 06970,Department 1785,Manual
User Name 6971,USER - 06971,Department 2792,Manual
User Name 6972,USER - 06972,Department 1785,Manual
User Name 6973,USER - 06973,Department 1785,Manual
User Name 6974,USER - 06974,Department 1783,Manual
User Name 6975,USER - 06975,Department 2215,Manual
User Name 6976,USER - 06976,Department 1825,Manual
User Name 6977,USER - 06977,Department 1643,Manual
User Name 6978,USER - 06978,Department 1785,Manual
User Name 6979,USER - 06979,Department 1891,Manual
User Name 6980,USER - 06980,Department 1643,Manual
User Name 6981,USER - 06981,Department 1643,Manual
User Name 6982,USER - 06982,Department 1655,Manual
User Name 6983,USER - 06983,Department 1934,Manual
User Name 6984,USER - 06984,Department 1785,Manual
User Name 6985,USER - 06985,Department 1785,Manual
User Name 6986,USER - 06986,Department 1783,Manual
User Name 6987,USER - 06987,Department 943,Manual
User Name 6988,USER - 06988,Department 1785,Manual
User Name 6989,USER - 06989,Department 1785,Manual
User Name 6990,USER - 06990,Department 3043,Manual
User Name 6991,USER - 06991,Department 3549,Manual
User Name 6992,USER - 06992,Department 1643,Manual
User Name 6993,USER - 06993,Department 1785,Manual
User Name 6994,USER - 06994,Department 1789,Manual
User Name 6995,USER - 06995,Department 1643,Manual
User Name 6996,USER - 06996,Department 1785,Manual
User Name 6997,USER - 06997,Department 2273,Manual
User Name 6998,USER - 06998,Department 1789,Manual
User Name 6999,USER - 06999,Department 1825,Manual
User Name 7000,USER - 07000,Department 1852,Manual
User Name 7001,USER - 07001,Department 1892,Manual
User Name 7002,USER - 07002,Department 1785,Manual
User Name 7003,USER - 07003,Department 1785,Manual
User Name 7004,USER - 07004,Department 1785,Manual
User Name 7005,USER - 07005,Department 1785,Manual
User Name 7006,USER - 07006,Department 1785,Manual
User Name 7007,USER - 07007,Department 1785,Manual
User Name 7008,USER - 07008,Department 1785,Manual
User Name 7009,USER - 07009,Department 1785,Manual
User Name 7010,USER - 07010,Department 1785,Manual
User Name 7011,USER - 07011,Department 1785,Manual
User Name 7012,USER - 07012,Department 1785,Manual
User Name 7013,USER - 07013,Department 1785,Manual
User Name 7014,USER - 07014,Department 1325,Manual
User Name 7015,USER - 07015,Department 416,Manual
User Name 7016,USER - 07016,Department 1283,Manual
User Name 7017,USER - 07017,Department 1220,Manual
User Name 7018,USER - 07018,Department 1325,Manual
User Name 7019,USER - 07019,Department 1310,Manual
User Name 7020,USER - 07020,Department 1341,Manual
User Name 7021,USER - 07021,Department 1343,Manual
User Name 7022,USER - 07022,Department 1282,Manual
User Name 7023,USER - 07023,Department 1282,Manual
User Name 7024,USER - 07024,Department 1152,Manual
User Name 7025,USER - 07025,Department 1322,Manual
User Name 7026,USER - 07026,Department 1283,Manual
User Name 7027,USER - 07027,Department 1340,Manual
User Name 7028,USER - 07028,Department 1219,Manual
User Name 7029,USER - 07029,Department 1275,Manual
User Name 7030,USER - 07030,Department 1169,Manual
User Name 7031,USER - 07031,Department 1274,Manual
User Name 7032,USER - 07032,Department 1277,Manual
User Name 7033,USER - 07033,Department 1185,Manual
User Name 7034,USER - 07034,Department 1220,Manual
User Name 7035,USER - 07035,Department 633,Manual
User Name 7036,USER - 07036,Department 1382,Manual
User Name 7037,USER - 07037,Department 1320,Manual
User Name 7038,USER - 07038,Department 1382,Manual
User Name 7039,USER - 07039,Department 1320,Manual
User Name 7040,USER - 07040,Department 979,Manual
User Name 7041,USER - 07041,Department 2992,Manual
User Name 7042,USER - 07042,Department 1456,Manual
User Name 7043,USER - 07043,Department 2991,Manual
User Name 7044,USER - 07044,Department 1327,Manual
User Name 7045,USER - 07045,Department 2928,Manual
User Name 7046,USER - 07046,Department 1460,Manual
User Name 7047,USER - 07047,Department 3091,Manual
User Name 7048,USER - 07048,Department 2994,Manual
User Name 7049,USER - 07049,Department 3058,Manual
User Name 7050,USER - 07050,Department 1470,Manual
User Name 7051,USER - 07051,Department 2978,Manual
User Name 7052,USER - 07052,Department 2826,Manual
User Name 7053,USER - 07053,Department 3097,Manual
User Name 7054,USER - 07054,Department 3029,Manual
User Name 7055,USER - 07055,Department 3035,Manual
User Name 7056,USER - 07056,Department 650,Manual
User Name 7057,USER - 07057,Department 3098,Manual
User Name 7058,USER - 07058,Department 2999,Manual
User Name 7059,USER - 07059,Department 2991,Manual
User Name 7060,USER - 07060,Department 481,Manual
User Name 7061,USER - 07061,Department 2556,Manual
User Name 7062,USER - 07062,Department 3367,Manual
User Name 7063,USER - 07063,Department 1755,Manual
User Name 7064,USER - 07064,Department 2862,Manual
User Name 7065,USER - 07065,Department 3313,Manual
User Name 7066,USER - 07066,Department 2518,Manual
User Name 7067,USER - 07067,Department 3735,Manual
User Name 7068,USER - 07068,Department 3145,Manual
User Name 7069,USER - 07069,Department 463,Manual
User Name 7070,USER - 07070,Department 946,Manual
User Name 7071,USER - 07071,Department 3732,Manual
User Name 7072,USER - 07072,Department 158,Manual
User Name 7073,USER - 07073,Department 846,Manual
User Name 7074,USER - 07074,Department 1669,Manual
User Name 7075,USER - 07075,Department 1538,Manual
User Name 7076,USER - 07076,Department 1545,Manual
User Name 7077,USER - 07077,Department 1564,Manual
User Name 7078,USER - 07078,Department 1564,Manual
User Name 7079,USER - 07079,Department 1569,Manual
User Name 7080,USER - 07080,Department 1564,Manual
User Name 7081,USER - 07081,Department 1569,Manual
User Name 7082,USER - 07082,Department 1538,Manual
User Name 7083,USER - 07083,Department 1569,Manual
User Name 7084,USER - 07084,Department 1538,Manual
User Name 7085,USER - 07085,Department 2208,Manual
User Name 7086,USER - 07086,Department 3425,Manual
User Name 7087,USER - 07087,Department 211,Manual
User Name 7088,USER - 07088,Department 2152,Manual
User Name 7089,USER - 07089,Department 2554,Manual
User Name 7090,USER - 07090,Department 2531,Manual
User Name 7091,USER - 07091,Department 1037,Manual
User Name 7092,USER - 07092,Department 3105,Manual
User Name 7093,USER - 07093,Department 654,Manual
User Name 7094,USER - 07094,Department 2409,Manual
User Name 7095,USER - 07095,Department 2409,Manual
User Name 7096,USER - 07096,Department 2409,Manual
User Name 7097,USER - 07097,Department 2409,Manual
User Name 7098,USER - 07098,Department 2215,Manual
User Name 7099,USER - 07099,Department 121,Manual
User Name 7100,USER - 07100,Department 121,Manual
User Name 7101,USER - 07101,Department 214,Manual
User Name 7102,USER - 07102,Department 1063,Manual
User Name 7103,USER - 07103,Department 33,Manual
User Name 7104,USER - 07104,Department 1022,Manual
User Name 7105,USER - 07105,Department 1816,Manual
User Name 4440,USER - 04440,Department 1061,Manual
User Name 7107,USER - 07107,Department 1991,Manual
User Name 7108,USER - 07108,Department 214,Manual
User Name 7109,USER - 07109,Department 3237,Manual
User Name 7110,USER - 07110,Department 872,Manual
User Name 7111,USER - 07111,Department 846,Manual
User Name 7112,USER - 07112,Department 1807,Manual
User Name 7113,USER - 07113,Department 2184,Manual
User Name 7114,USER - 07114,Department 480,Manual
User Name 7115,USER - 07115,Department 468,Manual
User Name 7116,USER - 07116,Department 876,Manual
User Name 7117,USER - 07117,Department 876,Manual
User Name 7118,USER - 07118,Department 874,Manual
User Name 7119,USER - 07119,Department 874,Manual
User Name 7120,USER - 07120,Department 873,Manual
User Name 7121,USER - 07121,Department 873,Manual
User Name 7122,USER - 07122,Department 2361,Manual
User Name 7123,USER - 07123,Department 2361,Manual
User Name 7124,USER - 07124,Department 2510,Manual
User Name 7125,USER - 07125,Department 2361,Manual
User Name 7126,USER - 07126,Department 1075,Manual
User Name 7127,USER - 07127,Department 3430,Manual
User Name 7128,USER - 07128,Department 2518,Manual
User Name 7129,USER - 07129,Department 1076,Manual
User Name 7130,USER - 07130,Department 1015,Manual
User Name 7131,USER - 07131,Department 1077,Manual
User Name 7132,USER - 07132,Department 1037,Manual
User Name 7133,USER - 07133,Department 1076,Manual
User Name 7134,USER - 07134,Department 881,Manual
User Name 7135,USER - 07135,Department 2406,Manual
User Name 7136,USER - 07136,Department 1037,Manual
User Name 7137,USER - 07137,Department 879,Manual
User Name 7138,USER - 07138,Department 876,Manual
User Name 7139,USER - 07139,Department 876,Manual
User Name 7140,USER - 07140,Department 876,Manual
User Name 7141,USER - 07141,Department 876,Manual
User Name 7142,USER - 07142,Department 876,Manual
User Name 7143,USER - 07143,Department 876,Manual
User Name 7144,USER - 07144,Department 3319,Manual
User Name 7145,USER - 07145,Department 481,Manual
User Name 7146,USER - 07146,Department 3322,Manual
User Name 7147,USER - 07147,Department 49,Manual
User Name 7148,USER - 07148,Department 2160,Manual
User Name 7149,USER - 07149,Department 870,Manual
User Name 7150,USER - 07150,Department 869,Manual
User Name 7151,USER - 07151,Department 3460,Manual
User Name 7152,USER - 07152,Department 979,Manual
User Name 7153,USER - 07153,Department 3484,Manual
User Name 7154,USER - 07154,Department 2862,Manual
User Name 7155,USER - 07155,Department 3460,Manual
User Name 7156,USER - 07156,Department 525,Manual
User Name 7157,USER - 07157,Department 524,Manual
User Name 7158,USER - 07158,Department 3456,Manual
User Name 7159,USER - 07159,Department 525,Manual
User Name 7160,USER - 07160,Department 67,Manual
User Name 7161,USER - 07161,Department 823,Manual
User Name 7162,USER - 07162,Department 2563,Manual
User Name 7163,USER - 07163,Department 870,Manual
User Name 7164,USER - 07164,Department 872,Manual
User Name 7165,USER - 07165,Department 876,Manual
User Name 7166,USER - 07166,Department 2805,Manual
User Name 7167,USER - 07167,Department 3326,Manual
User Name 7168,USER - 07168,Department 828,Manual
User Name 7169,USER - 07169,Department 2924,Manual
User Name 7170,USER - 07170,Department 472,Manual
User Name 7171,USER - 07171,Department 3327,Manual
User Name 7172,USER - 07172,Department 1346,Manual
User Name 7173,USER - 07173,Department 1346,Manual
User Name 7174,USER - 07174,Department 3197,Manual
User Name 7175,USER - 07175,Department 2235,Manual
User Name 7176,USER - 07176,Department 1854,Manual
User Name 7177,USER - 07177,Department 1628,Manual
User Name 7178,USER - 07178,Department 2133,Manual
User Name 7179,USER - 07179,Department 1628,Manual
User Name 7180,USER - 07180,Department 1628,Manual
User Name 7181,USER - 07181,Department 1104,Manual
User Name 7182,USER - 07182,Department 1310,Manual
User Name 7183,USER - 07183,Department 2979,Manual
User Name 7184,USER - 07184,Department 1822,Manual
User Name 7185,USER - 07185,Department 3458,Manual
User Name 7186,USER - 07186,Department 947,Manual
User Name 7187,USER - 07187,Department 945,Manual
User Name 7188,USER - 07188,Department 2035,Manual
User Name 7189,USER - 07189,Department 1601,Manual
User Name 7190,USER - 07190,Department 1043,Manual
User Name 7191,USER - 07191,Department 453,Manual
User Name 7192,USER - 07192,Department 1750,Manual
User Name 7193,USER - 07193,Department 3733,Manual
User Name 7194,USER - 07194,Department 2480,Manual
User Name 7195,USER - 07195,Department 1804,Manual
User Name 7196,USER - 07196,Department 2481,Manual
User Name 7197,USER - 07197,Department 2399,Manual
User Name 7198,USER - 07198,Department 118,Manual
User Name 7199,USER - 07199,Department 634,Manual
User Name 7200,USER - 07200,Department 909,Manual
User Name 7201,USER - 07201,Department 3538,Manual
User Name 7202,USER - 07202,Department 2469,Manual
User Name 7203,USER - 07203,Department 118,Manual
User Name 7204,USER - 07204,Department 2481,Manual
User Name 7205,USER - 07205,Department 2481,Manual
User Name 7206,USER - 07206,Department 262,Manual
User Name 7207,USER - 07207,Department 2152,Manual
User Name 7208,USER - 07208,Department 2152,Manual
User Name 7209,USER - 07209,Department 49,Manual
User Name 7210,USER - 07210,Department 3733,Manual
User Name 7211,USER - 07211,Department 1859,Manual
User Name 7212,USER - 07212,Department 1926,Manual
User Name 7213,USER - 07213,Department 1906,Manual
User Name 7214,USER - 07214,Department 2492,Manual
User Name 7215,USER - 07215,Department 1785,Manual
User Name 7216,USER - 07216,Department 1395,Manual
User Name 7217,USER - 07217,Department 573,Manual
User Name 3785,USER - 03785,Department 1389,Manual
User Name 7219,USER - 07219,Department 1749,Manual
User Name 7220,USER - 07220,Department 457,Manual
User Name 7221,USER - 07221,Department 1574,Manual
User Name 7222,USER - 07222,Department 1896,Manual
User Name 7223,USER - 07223,Department 1885,Manual
User Name 7224,USER - 07224,Department 2602,Manual
User Name 7225,USER - 07225,Department 20,Manual
User Name 7226,USER - 07226,Department 850,Manual
User Name 7227,USER - 07227,Department 3650,Manual
User Name 7228,USER - 07228,Department 1820,Manual
User Name 7229,USER - 07229,Department 3270,Manual
User Name 7230,USER - 07230,Department 3600,Manual
User Name 7231,USER - 07231,Department 3169,Manual
User Name 7232,USER - 07232,Department 3334,Manual
User Name 7233,USER - 07233,Department 3333,Manual
User Name 7234,USER - 07234,Department 3187,Manual
User Name 7235,USER - 07235,Department 3271,Manual
User Name 7236,USER - 07236,Department 246,Manual
User Name 7237,USER - 07237,Department 3307,Manual
User Name 7238,USER - 07238,Department 1678,Manual
User Name 7239,USER - 07239,Department 849,Manual
User Name 7240,USER - 07240,Department 3171,Manual
User Name 7241,USER - 07241,Department 3264,Manual
User Name 7242,USER - 07242,Department 3339,Manual
User Name 7243,USER - 07243,Department 1920,Manual
User Name 7244,USER - 07244,Department 3187,Manual
User Name 7245,USER - 07245,Department 945,Manual
User Name 7246,USER - 07246,Department 2591,Manual
User Name 7247,USER - 07247,Department 1817,Manual
User Name 7248,USER - 07248,Department 2634,Manual
User Name 7249,USER - 07249,Department 1817,Manual
User Name 7250,USER - 07250,Department 1844,Manual
User Name 7251,USER - 07251,Department 1820,Manual
User Name 7252,USER - 07252,Department 1817,Manual
User Name 7253,USER - 07253,Department 3272,Manual
User Name 7254,USER - 07254,Department 3272,Manual
User Name 7255,USER - 07255,Department 3176,Manual
User Name 7256,USER - 07256,Department 3389,Manual
User Name 7257,USER - 07257,Department 3159,Manual
User Name 7258,USER - 07258,Department 2553,Manual
User Name 7259,USER - 07259,Department 3330,Manual
User Name 7260,USER - 07260,Department 3263,Manual
User Name 7261,USER - 07261,Department 3339,Manual
User Name 7262,USER - 07262,Department 3175,Manual
User Name 7263,USER - 07263,Department 1059,Manual
User Name 7264,USER - 07264,Department 3582,Manual
User Name 7265,USER - 07265,Department 288,Manual
User Name 7266,USER - 07266,Department 321,Manual
User Name 7267,USER - 07267,Department 322,Manual
User Name 7268,USER - 07268,Department 2251,Manual
User Name 7269,USER - 07269,Department 310,Manual
User Name 7270,USER - 07270,Department 2431,Manual
User Name 7271,USER - 07271,Department 373,Manual
User Name 7272,USER - 07272,Department 320,Manual
User Name 7273,USER - 07273,Department 962,Manual
User Name 7274,USER - 07274,Department 1110,Manual
User Name 7275,USER - 07275,Department 1110,Manual
User Name 7276,USER - 07276,Department 346,Manual
User Name 7277,USER - 07277,Department 962,Manual
User Name 7278,USER - 07278,Department 960,Manual
User Name 7279,USER - 07279,Department 962,Manual
User Name 7280,USER - 07280,Department 1059,Manual
User Name 7281,USER - 07281,Department 962,Manual
User Name 7282,USER - 07282,Department 381,Manual
User Name 7283,USER - 07283,Department 1110,Manual
User Name 7284,USER - 07284,Department 1061,Manual
User Name 7285,USER - 07285,Department 1033,Manual
User Name 7286,USER - 07286,Department 339,Manual
User Name 7287,USER - 07287,Department 960,Manual
User Name 7288,USER - 07288,Department 962,Manual
User Name 7289,USER - 07289,Department 1063,Manual
User Name 7290,USER - 07290,Department 381,Manual
User Name 7291,USER - 07291,Department 962,Manual
User Name 7292,USER - 07292,Department 960,Manual
User Name 7293,USER - 07293,Department 961,Manual
User Name 7294,USER - 07294,Department 962,Manual
User Name 7295,USER - 07295,Department 339,Manual
User Name 7296,USER - 07296,Department 1110,Manual
User Name 7297,USER - 07297,Department 1062,Manual
User Name 7298,USER - 07298,Department 1549,Manual
User Name 7299,USER - 07299,Department 960,Manual
User Name 7300,USER - 07300,Department 1110,Manual
User Name 2413,USER - 02413,Department 3031,Manual
User Name 7302,USER - 07302,Department 1063,Manual
User Name 7303,USER - 07303,Department 338,Manual
User Name 7304,USER - 07304,Department 960,Manual
User Name 7305,USER - 07305,Department 1061,Manual
User Name 7306,USER - 07306,Department 342,Manual
User Name 7307,USER - 07307,Department 333,Manual
User Name 7308,USER - 07308,Department 318,Manual
User Name 7309,USER - 07309,Department 960,Manual
User Name 7310,USER - 07310,Department 3582,Manual
User Name 7311,USER - 07311,Department 960,Manual
User Name 7312,USER - 07312,Department 962,Manual
User Name 7313,USER - 07313,Department 348,Manual
User Name 7314,USER - 07314,Department 373,Manual
User Name 7315,USER - 07315,Department 3612,Manual
User Name 7316,USER - 07316,Department 374,Manual
User Name 2823,USER - 02823,Department 310,Manual
User Name 7318,USER - 07318,Department 381,Manual
User Name 7319,USER - 07319,Department 427,Manual
User Name 7320,USER - 07320,Department 346,Manual
User Name 7321,USER - 07321,Department 339,Manual
User Name 7322,USER - 07322,Department 2421,Manual
User Name 7323,USER - 07323,Department 391,Manual
User Name 7324,USER - 07324,Department 339,Manual
User Name 7325,USER - 07325,Department 321,Manual
User Name 7326,USER - 07326,Department 960,Manual
User Name 7327,USER - 07327,Department 1110,Manual
User Name 7328,USER - 07328,Department 961,Manual
User Name 7329,USER - 07329,Department 1061,Manual
User Name 7330,USER - 07330,Department 322,Manual
User Name 7331,USER - 07331,Department 428,Manual
User Name 7332,USER - 07332,Department 1060,Manual
User Name 7333,USER - 07333,Department 3583,Manual
User Name 7334,USER - 07334,Department 1063,Manual
User Name 7335,USER - 07335,Department 428,Manual
User Name 7336,USER - 07336,Department 1061,Manual
User Name 7337,USER - 07337,Department 1061,Manual
User Name 7338,USER - 07338,Department 1062,Manual
User Name 7339,USER - 07339,Department 363,Manual
User Name 7340,USER - 07340,Department 1059,Manual
User Name 7341,USER - 07341,Department 320,Manual
User Name 7342,USER - 07342,Department 381,Manual
User Name 7343,USER - 07343,Department 381,Manual
User Name 7344,USER - 07344,Department 334,Manual
User Name 7345,USER - 07345,Department 334,Manual
User Name 7346,USER - 07346,Department 3581,Manual
User Name 7347,USER - 07347,Department 320,Manual
User Name 7348,USER - 07348,Department 346,Manual
User Name 7349,USER - 07349,Department 385,Manual
User Name 7350,USER - 07350,Department 346,Manual
User Name 7351,USER - 07351,Department 3584,Manual
User Name 7352,USER - 07352,Department 2397,Manual
User Name 7353,USER - 07353,Department 280,Manual
User Name 7354,USER - 07354,Department 341,Manual
User Name 7355,USER - 07355,Department 2537,Manual
User Name 7356,USER - 07356,Department 1059,Manual
User Name 7357,USER - 07357,Department 961,Manual
User Name 7358,USER - 07358,Department 342,Manual
User Name 7359,USER - 07359,Department 3613,Manual
User Name 7360,USER - 07360,Department 338,Manual
User Name 7361,USER - 07361,Department 322,Manual
User Name 7362,USER - 07362,Department 1110,Manual
User Name 7363,USER - 07363,Department 321,Manual
User Name 7364,USER - 07364,Department 2264,Manual
User Name 7365,USER - 07365,Department 339,Manual
User Name 7366,USER - 07366,Department 2253,Manual
User Name 7367,USER - 07367,Department 381,Manual
User Name 7368,USER - 07368,Department 2938,Manual
User Name 7369,USER - 07369,Department 1529,Manual
User Name 7370,USER - 07370,Department 1059,Manual
User Name 7371,USER - 07371,Department 3033,Manual
User Name 7372,USER - 07372,Department 576,Manual
User Name 7373,USER - 07373,Department 1061,Manual
User Name 7374,USER - 07374,Department 1581,Manual
User Name 7375,USER - 07375,Department 2324,Manual
User Name 7376,USER - 07376,Department 1062,Manual
User Name 7377,USER - 07377,Department 1060,Manual
User Name 7378,USER - 07378,Department 345,Manual
User Name 7379,USER - 07379,Department 1064,Manual
User Name 7380,USER - 07380,Department 339,Manual
User Name 7381,USER - 07381,Department 339,Manual
User Name 7382,USER - 07382,Department 381,Manual
User Name 7383,USER - 07383,Department 320,Manual
User Name 7384,USER - 07384,Department 1063,Manual
User Name 7385,USER - 07385,Department 3095,Manual
User Name 7386,USER - 07386,Department 2832,Manual
User Name 7387,USER - 07387,Department 2461,Manual
User Name 7388,USER - 07388,Department 1062,Manual
User Name 7389,USER - 07389,Department 1059,Manual
User Name 7390,USER - 07390,Department 1063,Manual
User Name 7391,USER - 07391,Department 960,Manual
User Name 7392,USER - 07392,Department 588,Manual
User Name 7393,USER - 07393,Department 1063,Manual
User Name 7394,USER - 07394,Department 959,Manual
User Name 7395,USER - 07395,Department 310,Manual
User Name 7396,USER - 07396,Department 1571,Manual
User Name 7397,USER - 07397,Department 1061,Manual
User Name 7398,USER - 07398,Department 1062,Manual
User Name 7399,USER - 07399,Department 337,Manual
User Name 7400,USER - 07400,Department 1059,Manual
User Name 7401,USER - 07401,Department 3498,Manual
User Name 7402,USER - 07402,Department 2381,Manual
User Name 7403,USER - 07403,Department 2319,Manual
User Name 7404,USER - 07404,Department 3117,Manual
User Name 7405,USER - 07405,Department 342,Manual
User Name 7406,USER - 07406,Department 333,Manual
User Name 7407,USER - 07407,Department 3740,Manual
User Name 7408,USER - 07408,Department 3582,Manual
User Name 7409,USER - 07409,Department 1060,Manual
User Name 7410,USER - 07410,Department 1063,Manual
User Name 7411,USER - 07411,Department 338,Manual
User Name 7412,USER - 07412,Department 374,Manual
User Name 7413,USER - 07413,Department 3582,Manual
User Name 7414,USER - 07414,Department 3588,Manual
User Name 7415,USER - 07415,Department 1570,Manual
User Name 7416,USER - 07416,Department 3535,Manual
User Name 7417,USER - 07417,Department 760,Manual
User Name 7418,USER - 07418,Department 3634,Manual
User Name 7419,USER - 07419,Department 2015,Manual
User Name 7420,USER - 07420,Department 2156,Manual
User Name 7421,USER - 07421,Department 2156,Manual
User Name 7422,USER - 07422,Department 2156,Manual
User Name 7423,USER - 07423,Department 2156,Manual
User Name 7424,USER - 07424,Department 2156,Manual
User Name 7425,USER - 07425,Department 1832,Manual
User Name 7426,USER - 07426,Department 335,Manual
User Name 4099,USER - 04099,Department 961,Manual
User Name 7428,USER - 07428,Department 381,Manual
User Name 7429,USER - 07429,Department 1110,Manual
User Name 7430,USER - 07430,Department 344,Manual
User Name 7431,USER - 07431,Department 342,Manual
User Name 7432,USER - 07432,Department 339,Manual
User Name 7433,USER - 07433,Department 1033,Manual
User Name 7434,USER - 07434,Department 339,Manual
User Name 7435,USER - 07435,Department 381,Manual
User Name 7436,USER - 07436,Department 334,Manual
User Name 7437,USER - 07437,Department 3546,Manual
User Name 7438,USER - 07438,Department 3358,Manual
User Name 7439,USER - 07439,Department 2241,Manual
User Name 7440,USER - 07440,Department 2963,Manual
User Name 7441,USER - 07441,Department 3685,Manual
User Name 7442,USER - 07442,Department 3685,Manual
User Name 7443,USER - 07443,Department 3694,Manual
User Name 7444,USER - 07444,Department 3686,Manual
User Name 7445,USER - 07445,Department 3702,Manual
User Name 7446,USER - 07446,Department 3752,Manual
User Name 7447,USER - 07447,Department 3687,Manual
User Name 7448,USER - 07448,Department 2942,Manual
User Name 7449,USER - 07449,Department 2942,Manual
User Name 7450,USER - 07450,Department 2942,Manual
User Name 7451,USER - 07451,Department 3743,Manual
User Name 7452,USER - 07452,Department 3663,Manual
User Name 7453,USER - 07453,Department 2618,Manual
User Name 7454,USER - 07454,Department 3701,Manual
User Name 7455,USER - 07455,Department 3690,Manual
User Name 7456,USER - 07456,Department 3703,Manual
User Name 7457,USER - 07457,Department 3749,Manual
User Name 7458,USER - 07458,Department 2618,Manual
User Name 7459,USER - 07459,Department 3692,Manual
User Name 7460,USER - 07460,Department 3692,Manual
User Name 7461,USER - 07461,Department 3703,Manual
User Name 7462,USER - 07462,Department 3665,Manual
User Name 7463,USER - 07463,Department 3737,Manual
User Name 7464,USER - 07464,Department 2150,Manual
User Name 7465,USER - 07465,Department 265,Manual
User Name 7466,USER - 07466,Department 2152,Manual
User Name 7467,USER - 07467,Department 3703,Manual
User Name 7468,USER - 07468,Department 2152,Manual
User Name 7469,USER - 07469,Department 3671,Manual
User Name 7470,USER - 07470,Department 3687,Manual
User Name 7471,USER - 07471,Department 2277,Manual
User Name 7472,USER - 07472,Department 3725,Manual
User Name 7473,USER - 07473,Department 3690,Manual
User Name 7474,USER - 07474,Department 3692,Manual
User Name 7475,USER - 07475,Department 3693,Manual
User Name 7476,USER - 07476,Department 3663,Manual
User Name 7477,USER - 07477,Department 3680,Manual
User Name 7478,USER - 07478,Department 3703,Manual
User Name 7479,USER - 07479,Department 3703,Manual
User Name 7480,USER - 07480,Department 3703,Manual
User Name 7481,USER - 07481,Department 3703,Manual
User Name 7482,USER - 07482,Department 3703,Manual
User Name 7483,USER - 07483,Department 3703,Manual
User Name 7484,USER - 07484,Department 3703,Manual
User Name 7485,USER - 07485,Department 2150,Manual
User Name 7486,USER - 07486,Department 2152,Manual
User Name 7487,USER - 07487,Department 3701,Manual
User Name 7488,USER - 07488,Department 2155,Manual
User Name 7489,USER - 07489,Department 3703,Manual
User Name 7490,USER - 07490,Department 3703,Manual
User Name 7491,USER - 07491,Department 2155,Manual
User Name 7492,USER - 07492,Department 2155,Manual
User Name 7493,USER - 07493,Department 2155,Manual
User Name 7494,USER - 07494,Department 2155,Manual
User Name 7495,USER - 07495,Department 2155,Manual
User Name 7496,USER - 07496,Department 3722,Manual
User Name 7497,USER - 07497,Department 3665,Manual
User Name 7498,USER - 07498,Department 3662,Manual
User Name 7499,USER - 07499,Department 3661,Manual
User Name 7500,USER - 07500,Department 3665,Manual
User Name 7501,USER - 07501,Department 3726,Manual
User Name 7502,USER - 07502,Department 3665,Manual
User Name 7503,USER - 07503,Department 3661,Manual
User Name 7504,USER - 07504,Department 3665,Manual
User Name 7505,USER - 07505,Department 2314,Manual
User Name 7506,USER - 07506,Department 2869,Manual
User Name 7507,USER - 07507,Department 2943,Manual
User Name 7508,USER - 07508,Department 3660,Manual
User Name 7509,USER - 07509,Department 3664,Manual
User Name 7510,USER - 07510,Department 3661,Manual
User Name 7511,USER - 07511,Department 2944,Manual
User Name 7512,USER - 07512,Department 1710,Manual
User Name 7513,USER - 07513,Department 1967,Manual
User Name 7514,USER - 07514,Department 1764,Manual
User Name 7515,USER - 07515,Department 1635,Manual
User Name 7516,USER - 07516,Department 704,Manual
User Name 7517,USER - 07517,Department 746,Manual
User Name 7518,USER - 07518,Department 2506,Manual
User Name 7519,USER - 07519,Department 758,Manual
User Name 7520,USER - 07520,Department 755,Manual
User Name 7521,USER - 07521,Department 743,Manual
User Name 7522,USER - 07522,Department 761,Manual
User Name 7523,USER - 07523,Department 752,Manual
User Name 7524,USER - 07524,Department 763,Manual
User Name 7525,USER - 07525,Department 2695,Manual
User Name 7526,USER - 07526,Department 1735,Manual
User Name 7527,USER - 07527,Department 1089,Manual
User Name 7528,USER - 07528,Department 2445,Manual
User Name 7529,USER - 07529,Department 1055,Manual
User Name 7530,USER - 07530,Department 2811,Manual
User Name 7531,USER - 07531,Department 2910,Manual
User Name 7532,USER - 07532,Department 752,Manual
User Name 7533,USER - 07533,Department 762,Manual
User Name 7534,USER - 07534,Department 763,Manual
User Name 7535,USER - 07535,Department 750,Manual
User Name 7536,USER - 07536,Department 764,Manual
User Name 7537,USER - 07537,Department 752,Manual
User Name 7538,USER - 07538,Department 748,Manual
User Name 7539,USER - 07539,Department 750,Manual
User Name 7540,USER - 07540,Department 754,Manual
User Name 7541,USER - 07541,Department 765,Manual
User Name 7542,USER - 07542,Department 749,Manual
User Name 7543,USER - 07543,Department 752,Manual
User Name 7544,USER - 07544,Department 762,Manual
User Name 7545,USER - 07545,Department 769,Manual
User Name 7546,USER - 07546,Department 750,Manual
User Name 7547,USER - 07547,Department 752,Manual
User Name 7548,USER - 07548,Department 743,Manual
User Name 7549,USER - 07549,Department 750,Manual
User Name 7550,USER - 07550,Department 762,Manual
User Name 7551,USER - 07551,Department 765,Manual
User Name 7552,USER - 07552,Department 762,Manual
User Name 7553,USER - 07553,Department 750,Manual
User Name 7554,USER - 07554,Department 762,Manual
User Name 7555,USER - 07555,Department 756,Manual
User Name 7556,USER - 07556,Department 295,Manual
User Name 7557,USER - 07557,Department 763,Manual
User Name 7558,USER - 07558,Department 757,Manual
User Name 7559,USER - 07559,Department 769,Manual
User Name 7560,USER - 07560,Department 295,Manual
User Name 7561,USER - 07561,Department 3010,Manual
User Name 7562,USER - 07562,Department 635,Manual
User Name 7563,USER - 07563,Department 740,Manual
User Name 7564,USER - 07564,Department 742,Manual
User Name 7565,USER - 07565,Department 744,Manual
User Name 7566,USER - 07566,Department 3010,Manual
User Name 7567,USER - 07567,Department 745,Manual
User Name 7568,USER - 07568,Department 2076,Manual
User Name 7569,USER - 07569,Department 745,Manual
User Name 7570,USER - 07570,Department 1069,Manual
User Name 7571,USER - 07571,Department 558,Manual
User Name 7572,USER - 07572,Department 3112,Manual
User Name 7573,USER - 07573,Department 2209,Manual
User Name 7574,USER - 07574,Department 2049,Manual
User Name 7575,USER - 07575,Department 745,Manual
User Name 7576,USER - 07576,Department 745,Manual
User Name 7577,USER - 07577,Department 1622,Manual
User Name 7578,USER - 07578,Department 951,Manual
User Name 7579,USER - 07579,Department 790,Manual
User Name 7580,USER - 07580,Department 2214,Manual
User Name 7581,USER - 07581,Department 524,Manual
User Name 7582,USER - 07582,Department 761,Manual
User Name 7583,USER - 07583,Department 2246,Manual
User Name 7584,USER - 07584,Department 2820,Manual
User Name 7585,USER - 07585,Department 2070,Manual
User Name 7586,USER - 07586,Department 761,Manual
User Name 7587,USER - 07587,Department 761,Manual
User Name 7588,USER - 07588,Department 760,Manual
User Name 7589,USER - 07589,Department 762,Manual
User Name 7590,USER - 07590,Department 761,Manual
User Name 7591,USER - 07591,Department 761,Manual
User Name 7592,USER - 07592,Department 2379,Manual
User Name 7593,USER - 07593,Department 1971,Manual
User Name 7594,USER - 07594,Department 2517,Manual
User Name 7595,USER - 07595,Department 2741,Manual
User Name 7596,USER - 07596,Department 2173,Manual
User Name 7597,USER - 07597,Department 2110,Manual
User Name 7598,USER - 07598,Department 2451,Manual
User Name 7599,USER - 07599,Department 2058,Manual
User Name 7600,USER - 07600,Department 938,Manual
User Name 7601,USER - 07601,Department 1606,Manual
User Name 7602,USER - 07602,Department 2051,Manual
User Name 7603,USER - 07603,Department 2075,Manual
User Name 7604,USER - 07604,Department 2517,Manual
User Name 7605,USER - 07605,Department 3130,Manual
User Name 7606,USER - 07606,Department 2900,Manual
User Name 7607,USER - 07607,Department 2517,Manual
User Name 7608,USER - 07608,Department 976,Manual
User Name 7609,USER - 07609,Department 979,Manual
User Name 7610,USER - 07610,Department 2085,Manual
User Name 7611,USER - 07611,Department 1968,Manual
User Name 7612,USER - 07612,Department 1983,Manual
User Name 7613,USER - 07613,Department 2034,Manual
User Name 7614,USER - 07614,Department 2050,Manual
User Name 7615,USER - 07615,Department 1776,Manual
User Name 7616,USER - 07616,Department 1986,Manual
User Name 7617,USER - 07617,Department 2086,Manual
User Name 7618,USER - 07618,Department 2126,Manual
User Name 7619,USER - 07619,Department 2068,Manual
User Name 7620,USER - 07620,Department 2085,Manual
User Name 7621,USER - 07621,Department 3519,Manual
User Name 7622,USER - 07622,Department 2705,Manual
User Name 7623,USER - 07623,Department 3486,Manual
User Name 7624,USER - 07624,Department 2194,Manual
User Name 7625,USER - 07625,Department 2923,Manual
User Name 7626,USER - 07626,Department 2901,Manual
User Name 7627,USER - 07627,Department 489,Manual
User Name 7628,USER - 07628,Department 3100,Manual
User Name 7629,USER - 07629,Department 3087,Manual
User Name 7630,USER - 07630,Department 939,Manual
User Name 7631,USER - 07631,Department 2345,Manual
User Name 7632,USER - 07632,Department 1734,Manual
User Name 7633,USER - 07633,Department 2344,Manual
User Name 7634,USER - 07634,Department 2831,Manual
User Name 7635,USER - 07635,Department 2066,Manual
User Name 7636,USER - 07636,Department 2227,Manual
User Name 7637,USER - 07637,Department 1628,Manual
User Name 7638,USER - 07638,Department 2923,Manual
User Name 7639,USER - 07639,Department 2961,Manual
User Name 7640,USER - 07640,Department 1954,Manual
User Name 7641,USER - 07641,Department 3619,Manual
User Name 7642,USER - 07642,Department 1970,Manual
User Name 7643,USER - 07643,Department 3636,Manual
User Name 7644,USER - 07644,Department 2261,Manual
User Name 7645,USER - 07645,Department 3141,Manual
User Name 7646,USER - 07646,Department 769,Manual
User Name 7647,USER - 07647,Department 3092,Manual
User Name 7648,USER - 07648,Department 3534,Manual
User Name 7649,USER - 07649,Department 3534,Manual
User Name 7650,USER - 07650,Department 1053,Manual
User Name 7651,USER - 07651,Department 2953,Manual
User Name 7652,USER - 07652,Department 1853,Manual
User Name 7653,USER - 07653,Department 2147,Manual
User Name 7654,USER - 07654,Department 2148,Manual
User Name 7655,USER - 07655,Department 2783,Manual
User Name 7656,USER - 07656,Department 3489,Manual
User Name 7657,USER - 07657,Department 3565,Manual
User Name 7658,USER - 07658,Department 3564,Manual
User Name 7659,USER - 07659,Department 928,Manual
User Name 7660,USER - 07660,Department 755,Manual
User Name 7661,USER - 07661,Department 2750,Manual
User Name 7662,USER - 07662,Department 3137,Manual
User Name 7663,USER - 07663,Department 2025,Manual
User Name 7664,USER - 07664,Department 1677,Manual
User Name 7665,USER - 07665,Department 1678,Manual
User Name 7666,USER - 07666,Department 1748,Manual
User Name 7667,USER - 07667,Department 3518,Manual
User Name 7668,USER - 07668,Department 559,Manual
User Name 7669,USER - 07669,Department 2381,Manual
User Name 7670,USER - 07670,Department 2720,Manual
User Name 7671,USER - 07671,Department 899,Manual
User Name 7672,USER - 07672,Department 2101,Manual
User Name 7673,USER - 07673,Department 488,Manual
User Name 7674,USER - 07674,Department 2070,Manual
User Name 7675,USER - 07675,Department 510,Manual
User Name 7676,USER - 07676,Department 448,Manual
User Name 7677,USER - 07677,Department 2227,Manual
User Name 7678,USER - 07678,Department 2226,Manual
User Name 7679,USER - 07679,Department 2227,Manual
User Name 7680,USER - 07680,Department 1852,Manual
User Name 7681,USER - 07681,Department 2222,Manual
User Name 7682,USER - 07682,Department 2070,Manual
User Name 7683,USER - 07683,Department 2017,Manual
User Name 7684,USER - 07684,Department 1970,Manual
User Name 7685,USER - 07685,Department 2226,Manual
User Name 7686,USER - 07686,Department 2070,Manual
User Name 7687,USER - 07687,Department 2070,Manual
User Name 7688,USER - 07688,Department 2750,Manual
User Name 7689,USER - 07689,Department 2031,Manual
User Name 7690,USER - 07690,Department 2908,Manual
User Name 7691,USER - 07691,Department 2070,Manual
User Name 7692,USER - 07692,Department 3055,Manual
User Name 7693,USER - 07693,Department 2070,Manual
User Name 7694,USER - 07694,Department 2070,Manual
User Name 7695,USER - 07695,Department 2435,Manual
User Name 7696,USER - 07696,Department 2070,Manual
User Name 7697,USER - 07697,Department 1029,Manual
User Name 7698,USER - 07698,Department 2806,Manual
User Name 7699,USER - 07699,Department 2328,Manual
User Name 7700,USER - 07700,Department 3645,Manual
User Name 7701,USER - 07701,Department 1843,Manual
User Name 7702,USER - 07702,Department 2615,Manual
User Name 7703,USER - 07703,Department 665,Manual
User Name 7704,USER - 07704,Department 3522,Manual
User Name 7705,USER - 07705,Department 3404,Manual
User Name 7706,USER - 07706,Department 878,Manual
User Name 7707,USER - 07707,Department 3075,Manual
User Name 7708,USER - 07708,Department 3142,Manual
User Name 7709,USER - 07709,Department 1611,Manual
User Name 7710,USER - 07710,Department 2317,Manual
User Name 7711,USER - 07711,Department 717,Manual
User Name 7712,USER - 07712,Department 941,Manual
User Name 7713,USER - 07713,Department 2941,Manual
User Name 7714,USER - 07714,Department 2765,Manual
User Name 7715,USER - 07715,Department 2869,Manual
User Name 7716,USER - 07716,Department 2907,Manual
User Name 7717,USER - 07717,Department 1953,Manual
User Name 7718,USER - 07718,Department 2612,Manual
User Name 7719,USER - 07719,Department 1605,Manual
User Name 7720,USER - 07720,Department 3636,Manual
User Name 7721,USER - 07721,Department 2081,Manual
User Name 7722,USER - 07722,Department 2712,Manual
User Name 7723,USER - 07723,Department 2435,Manual
User Name 7724,USER - 07724,Department 3492,Manual
User Name 7725,USER - 07725,Department 2286,Manual
User Name 7726,USER - 07726,Department 3487,Manual
User Name 7727,USER - 07727,Department 2635,Manual
User Name 7728,USER - 07728,Department 2328,Manual
User Name 7729,USER - 07729,Department 1878,Manual
User Name 7730,USER - 07730,Department 2113,Manual
User Name 7731,USER - 07731,Department 1845,Manual
User Name 7732,USER - 07732,Department 2705,Manual
User Name 7733,USER - 07733,Department 2083,Manual
User Name 7734,USER - 07734,Department 244,Manual
User Name 7735,USER - 07735,Department 2031,Manual
User Name 7736,USER - 07736,Department 1868,Manual
User Name 7737,USER - 07737,Department 1829,Manual
User Name 7738,USER - 07738,Department 1720,Manual
User Name 7739,USER - 07739,Department 3516,Manual
User Name 7740,USER - 07740,Department 1018,Manual
User Name 7741,USER - 07741,Department 2702,Manual
User Name 7742,USER - 07742,Department 2420,Manual
User Name 7743,USER - 07743,Department 3526,Manual
User Name 7744,USER - 07744,Department 1805,Manual
User Name 7745,USER - 07745,Department 745,Manual
User Name 7746,USER - 07746,Department 2986,Manual
User Name 7747,USER - 07747,Department 758,Manual
User Name 7748,USER - 07748,Department 2775,Manual
User Name 7749,USER - 07749,Department 242,Manual
User Name 7750,USER - 07750,Department 242,Manual
User Name 7751,USER - 07751,Department 3111,Manual
User Name 7752,USER - 07752,Department 3024,Manual
User Name 7753,USER - 07753,Department 2193,Manual
User Name 7754,USER - 07754,Department 2975,Manual
User Name 7755,USER - 07755,Department 1630,Manual
User Name 7756,USER - 07756,Department 2156,Manual
User Name 7757,USER - 07757,Department 2195,Manual
User Name 7758,USER - 07758,Department 2070,Manual
User Name 7759,USER - 07759,Department 2070,Manual
User Name 7760,USER - 07760,Department 713,Manual
User Name 7761,USER - 07761,Department 2814,Manual
User Name 7762,USER - 07762,Department 1858,Manual
User Name 7763,USER - 07763,Department 1939,Manual
User Name 7764,USER - 07764,Department 2110,Manual
User Name 7765,USER - 07765,Department 2061,Manual
User Name 7766,USER - 07766,Department 2159,Manual
User Name 7767,USER - 07767,Department 2193,Manual
User Name 7768,USER - 07768,Department 2710,Manual
User Name 7769,USER - 07769,Department 2193,Manual
User Name 7770,USER - 07770,Department 2168,Manual
User Name 7771,USER - 07771,Department 3113,Manual
User Name 7772,USER - 07772,Department 3114,Manual
User Name 7773,USER - 07773,Department 2241,Manual
User Name 7774,USER - 07774,Department 2246,Manual
User Name 7775,USER - 07775,Department 2245,Manual
User Name 7776,USER - 07776,Department 2520,Manual
User Name 7777,USER - 07777,Department 1821,Manual
User Name 7778,USER - 07778,Department 2217,Manual
User Name 7779,USER - 07779,Department 2087,Manual
User Name 7780,USER - 07780,Department 2087,Manual
User Name 7781,USER - 07781,Department 2746,Manual
User Name 7782,USER - 07782,Department 2070,Manual
User Name 7783,USER - 07783,Department 3052,Manual
User Name 7784,USER - 07784,Department 3548,Manual
User Name 7785,USER - 07785,Department 2173,Manual
User Name 7786,USER - 07786,Department 2156,Manual
User Name 7787,USER - 07787,Department 3020,Manual
User Name 7788,USER - 07788,Department 2157,Manual
User Name 7789,USER - 07789,Department 2176,Manual
User Name 7790,USER - 07790,Department 3065,Manual
User Name 7791,USER - 07791,Department 3058,Manual
User Name 7792,USER - 07792,Department 2184,Manual
User Name 7793,USER - 07793,Department 2168,Manual
User Name 7794,USER - 07794,Department 2173,Manual
User Name 7795,USER - 07795,Department 1630,Manual
User Name 7796,USER - 07796,Department 3136,Manual
User Name 7797,USER - 07797,Department 3517,Manual
User Name 7798,USER - 07798,Department 988,Manual
User Name 7799,USER - 07799,Department 2987,Manual
User Name 7800,USER - 07800,Department 3003,Manual
User Name 7801,USER - 07801,Department 758,Manual
User Name 7802,USER - 07802,Department 757,Manual
User Name 5723,USER - 05723,Department 750,Manual
User Name 7804,USER - 07804,Department 756,Manual
User Name 7805,USER - 07805,Department 762,Manual
User Name 7806,USER - 07806,Department 762,Manual
User Name 7807,USER - 07807,Department 756,Manual
User Name 7808,USER - 07808,Department 756,Manual
User Name 7809,USER - 07809,Department 740,Manual
User Name 7810,USER - 07810,Department 758,Manual
User Name 7811,USER - 07811,Department 752,Manual
User Name 7812,USER - 07812,Department 750,Manual
User Name 7813,USER - 07813,Department 976,Manual
User Name 7814,USER - 07814,Department 791,Manual
User Name 7815,USER - 07815,Department 2514,Manual
User Name 7816,USER - 07816,Department 2070,Manual
User Name 7817,USER - 07817,Department 2240,Manual
User Name 7818,USER - 07818,Department 2171,Manual
User Name 7819,USER - 07819,Department 2240,Manual
User Name 7820,USER - 07820,Department 2198,Manual
User Name 7821,USER - 07821,Department 2188,Manual
User Name 7822,USER - 07822,Department 2203,Manual
User Name 7823,USER - 07823,Department 2209,Manual
User Name 7824,USER - 07824,Department 2758,Manual
User Name 7825,USER - 07825,Department 2191,Manual
User Name 7826,USER - 07826,Department 2193,Manual
User Name 7827,USER - 07827,Department 1666,Manual
User Name 7828,USER - 07828,Department 2246,Manual
User Name 7829,USER - 07829,Department 2168,Manual
User Name 7830,USER - 07830,Department 2210,Manual
User Name 19,USER - 00019,Department 2244,Manual
User Name 7832,USER - 07832,Department 2241,Manual
User Name 7833,USER - 07833,Department 2164,Manual
User Name 7834,USER - 07834,Department 2198,Manual
User Name 7835,USER - 07835,Department 2193,Manual
User Name 7836,USER - 07836,Department 3557,Manual
User Name 7837,USER - 07837,Department 1098,Manual
User Name 7838,USER - 07838,Department 2302,Manual
User Name 7839,USER - 07839,Department 2511,Manual
User Name 7840,USER - 07840,Department 2695,Manual
User Name 7841,USER - 07841,Department 2890,Manual
User Name 7842,USER - 07842,Department 2000,Manual
User Name 7843,USER - 07843,Department 2110,Manual
User Name 7844,USER - 07844,Department 1995,Manual
User Name 7845,USER - 07845,Department 1922,Manual
User Name 7846,USER - 07846,Department 2684,Manual
User Name 1832,USER - 01832,Department 2730,Manual
User Name 7848,USER - 07848,Department 519,Manual
User Name 7849,USER - 07849,Department 777,Manual
User Name 7850,USER - 07850,Department 414,Manual
User Name 7851,USER - 07851,Department 2659,Manual
User Name 7852,USER - 07852,Department 2070,Manual
User Name 7853,USER - 07853,Department 510,Manual
User Name 7854,USER - 07854,Department 2985,Manual
User Name 7855,USER - 07855,Department 390,Manual
User Name 7856,USER - 07856,Department 2070,Manual
User Name 7857,USER - 07857,Department 886,Manual
User Name 7858,USER - 07858,Department 2984,Manual
User Name 7859,USER - 07859,Department 2964,Manual
User Name 7860,USER - 07860,Department 2027,Manual
User Name 7861,USER - 07861,Department 3494,Manual
User Name 7862,USER - 07862,Department 3494,Manual
User Name 7863,USER - 07863,Department 2249,Manual
User Name 7864,USER - 07864,Department 2833,Manual
User Name 7865,USER - 07865,Department 3019,Manual
User Name 7866,USER - 07866,Department 3111,Manual
User Name 7867,USER - 07867,Department 297,Manual
User Name 7868,USER - 07868,Department 2837,Manual
User Name 7869,USER - 07869,Department 763,Manual
User Name 7870,USER - 07870,Department 2129,Manual
User Name 7871,USER - 07871,Department 1785,Manual
User Name 7872,USER - 07872,Department 979,Manual
User Name 7873,USER - 07873,Department 948,Manual
User Name 7874,USER - 07874,Department 979,Manual
User Name 7875,USER - 07875,Department 2033,Manual
User Name 7876,USER - 07876,Department 979,Manual
User Name 7877,USER - 07877,Department 2241,Manual
User Name 7878,USER - 07878,Department 927,Manual
User Name 7879,USER - 07879,Department 2070,Manual
User Name 7880,USER - 07880,Department 1735,Manual
User Name 7881,USER - 07881,Department 2070,Manual
User Name 7882,USER - 07882,Department 2070,Manual
User Name 7883,USER - 07883,Department 2070,Manual
User Name 6649,USER - 06649,Department 2070,Manual
User Name 7885,USER - 07885,Department 934,Manual
User Name 7886,USER - 07886,Department 2757,Manual
User Name 7887,USER - 07887,Department 763,Manual
User Name 7888,USER - 07888,,Automatic
User Name 7889,USER - 07889,Department 2332,Automatic
User Name 7890,USER - 07890,,Automatic
User Name 7891,USER - 07891,,Automatic
User Name 7892,USER - 07892,,Automatic
User Name 7893,USER - 07893,,Automatic
User Name 7894,USER - 07894,,Automatic
User Name 7895,USER - 07895,,Automatic
User Name 7896,USER - 07896,,Automatic
User Name 7897,USER - 07897,,Automatic
User Name 7898,USER - 07898,,Automatic
User Name 7899,USER - 07899,,Automatic
User Name 7900,USER - 07900,Department 2667,Automatic
User Name 7901,USER - 07901,Department 1776,Manual
User Name 7902,USER - 07902,,Automatic
User Name 7901,USER - 07901,Department 2822,Manual
User Name 7901,USER - 07901,Department 2822,Manual
User Name 7901,USER - 07901,Department 2822,Manual
User Name 7906,USER - 07906,,Manual
User Name 7907,USER - 07907,,Manual
User Name 7908,USER - 07908,,Manual
User Name 7909,USER - 07909,,Manual
User Name 7910,USER - 07910,,Manual
User Name 7911,USER - 07911,,Manual
User Name 7912,USER - 07912,,Manual
User Name 7913,USER - 07913,,Automatic
User Name 7914,USER - 07914,Department 1883,Automatic
User Name 7915,USER - 07915,,Manual
User Name 7916,USER - 07916,Department 1883,Automatic
User Name 7917,USER - 07917,Department 1667,Manual
User Name 7918,USER - 07918,Department 1903,Automatic
User Name 7919,USER - 07919,Department 2665,Automatic
User Name 7919,USER - 07919,Department 2665,Automatic
User Name 7921,USER - 07921,,Automatic
User Name 7922,USER - 07922,,Manual
User Name 7923,USER - 07923,,Automatic
User Name 7924,USER - 07924,,Automatic
User Name 7925,USER - 07925,Department 2595,Automatic
User Name 7926,USER - 07926,,Automatic
User Name 7927,USER - 07927,,Automatic
User Name 7928,USER - 07928,Department 1887,Manual
User Name 7929,USER - 07929,Department 1727,Automatic
User Name 7930,USER - 07930,Department 1727,Automatic
User Name 7931,USER - 07931,Department 1727,Automatic
User Name 7932,USER - 07932,Department 1727,Automatic
User Name 7933,USER - 07933,Department 2333,Automatic
User Name 7934,USER - 07934,,Automatic
User Name 7935,USER - 07935,,Automatic
User Name 7936,USER - 07936,Department 1909,Automatic
User Name 7919,USER - 07919,Department 2665,Automatic
User Name 7938,USER - 07938,,Automatic
User Name 7939,USER - 07939,,Automatic
User Name 7940,USER - 07940,Department 1727,Automatic
User Name 7941,USER - 07941,Department 2146,Manual
User Name 7942,USER - 07942,Department 1775,Automatic
User Name 7943,USER - 07943,Department 1726,Automatic
User Name 7944,USER - 07944,Department 1974,Automatic
User Name 7944,USER - 07944,Department 1974,Automatic
User Name 7946,USER - 07946,Department 1727,Automatic
User Name 7947,USER - 07947,Department 2296,Manual
User Name 7948,USER - 07948,Department 2,Manual
User Name 7919,USER - 07919,Department 2665,Automatic
User Name 7950,USER - 07950,,Manual
User Name 7951,USER - 07951,,Manual
User Name 7952,USER - 07952,,Automatic
User Name 7953,USER - 07953,Department 1731,Automatic
User Name 7954,USER - 07954,Department 1728,Automatic
User Name 7955,USER - 07955,Department 1728,Automatic
User Name 7956,USER - 07956,Department 1728,Automatic
User Name 7957,USER - 07957,Department 1927,Automatic
User Name 7958,USER - 07958,Department 2087,Automatic
User Name 7959,USER - 07959,Department 1729,Automatic
User Name 7960,USER - 07960,Department 1893,Automatic
User Name 7961,USER - 07961,Department 2707,Manual
User Name 7962,USER - 07962,,Manual
User Name 7963,USER - 07963,Department 1730,Automatic
User Name 7964,USER - 07964,Department 1730,Automatic
User Name 7965,USER - 07965,Department 2191,Manual
User Name 7966,USER - 07966,Department 1839,Automatic
User Name 7967,USER - 07967,,Manual
User Name 7968,USER - 07968,,Manual
User Name 7969,USER - 07969,Department 4,Automatic
User Name 7970,USER - 07970,Department 1775,Automatic
User Name 7971,USER - 07971,Department 723,Manual
User Name 7972,USER - 07972,Department 1995,Manual
User Name 7973,USER - 07973,,Automatic
User Name 7974,USER - 07974,Department 2090,Automatic
User Name 7975,USER - 07975,,Manual
User Name 7976,USER - 07976,Department 1,Manual
User Name 7977,USER - 07977,Department 2198,Manual
User Name 7978,USER - 07978,Department 2106,Manual
User Name 7979,USER - 07979,Department 2076,Manual
User Name 7980,USER - 07980,Department 2106,Manual
User Name 7981,USER - 07981,Department 2118,Manual
User Name 7982,USER - 07982,Department 2120,Manual
User Name 7983,USER - 07983,Department 2086,Manual
User Name 7984,USER - 07984,Department 2087,Manual
User Name 7985,USER - 07985,Department 2071,Manual
User Name 7986,USER - 07986,Department 2106,Manual
User Name 7987,USER - 07987,Department 2083,Manual
User Name 7988,USER - 07988,Department 2078,Manual
User Name 7989,USER - 07989,Department 2119,Manual
User Name 7990,USER - 07990,Department 2071,Manual
User Name 7991,USER - 07991,Department 2120,Manual
User Name 7992,USER - 07992,Department 2208,Manual
User Name 7993,USER - 07993,Department 1766,Automatic
User Name 7994,USER - 07994,Department 3301,Manual
User Name 7995,USER - 07995,Department 1775,Automatic
User Name 7996,USER - 07996,Department 823,Manual
User Name 7997,USER - 07997,Department 1730,Automatic
User Name 7998,USER - 07998,Department 3184,Manual
User Name 7999,USER - 07999,Department 850,Manual
User Name 8000,USER - 08000,Department 1792,Manual
User Name 8001,USER - 08001,Department 1977,Manual
User Name 8002,USER - 08002,Department 1896,Manual
User Name 8003,USER - 08003,Department 3160,Manual
User Name 8004,USER - 08004,Department 3330,Manual
User Name 8005,USER - 08005,Department 3339,Manual
User Name 8006,USER - 08006,Department 3339,Manual
User Name 8007,USER - 08007,Department 1791,Manual
User Name 8008,USER - 08008,Department 1976,Manual
User Name 8009,USER - 08009,Department 3378,Manual
User Name 8010,USER - 08010,Department 1976,Manual
User Name 8011,USER - 08011,Department 3328,Manual
User Name 8012,USER - 08012,Department 1902,Manual
User Name 8013,USER - 08013,Department 3331,Manual
User Name 8014,USER - 08014,Department 831,Manual
User Name 8015,USER - 08015,Department 3120,Manual
User Name 8016,USER - 08016,Department 2384,Manual
User Name 8017,USER - 08017,Department 2576,Manual
User Name 8018,USER - 08018,Department 831,Manual
User Name 8019,USER - 08019,Department 1815,Manual
User Name 8020,USER - 08020,Department 822,Manual
User Name 8021,USER - 08021,Department 822,Manual
User Name 8022,USER - 08022,Department 1416,Manual
User Name 8023,USER - 08023,Department 504,Manual
User Name 8024,USER - 08024,Department 3348,Manual
User Name 8025,USER - 08025,Department 3334,Manual
User Name 8026,USER - 08026,Department 3410,Manual
User Name 8027,USER - 08027,Department 2576,Manual
User Name 8028,USER - 08028,Department 2550,Manual
User Name 8029,USER - 08029,Department 2590,Manual
User Name 8030,USER - 08030,Department 3177,Manual
User Name 8031,USER - 08031,Department 3154,Manual
User Name 8032,USER - 08032,Department 3171,Manual
User Name 8033,USER - 08033,Department 3342,Manual
User Name 8034,USER - 08034,Department 3381,Manual
User Name 8035,USER - 08035,Department 503,Manual
User Name 8036,USER - 08036,Department 3183,Manual
User Name 8037,USER - 08037,Department 3274,Manual
User Name 8038,USER - 08038,Department 3148,Manual
User Name 8039,USER - 08039,Department 3149,Manual
User Name 8040,USER - 08040,Department 3302,Manual
User Name 8041,USER - 08041,Department 3149,Manual
User Name 8042,USER - 08042,Department 1021,Manual
User Name 8043,USER - 08043,Department 1295,Manual
User Name 8044,USER - 08044,Department 1968,Manual
User Name 8045,USER - 08045,Department 284,Manual
User Name 8046,USER - 08046,Department 447,Manual
User Name 8047,USER - 08047,Department 2458,Manual
User Name 8048,USER - 08048,Department 2580,Manual
User Name 8049,USER - 08049,Department 1572,Manual
User Name 8050,USER - 08050,Department 806,Manual
User Name 8051,USER - 08051,Department 3586,Manual
User Name 8052,USER - 08052,Department 15,Manual
User Name 8053,USER - 08053,Department 3152,Manual
User Name 8054,USER - 08054,Department 3276,Manual
User Name 8055,USER - 08055,Department 3260,Manual
User Name 8056,USER - 08056,Department 3583,Manual
User Name 8057,USER - 08057,Department 3412,Manual
User Name 8058,USER - 08058,Department 3411,Manual
User Name 8059,USER - 08059,Department 3134,Manual
User Name 8060,USER - 08060,Department 1715,Manual
User Name 8061,USER - 08061,Department 1884,Manual
User Name 8062,USER - 08062,Department 2835,Manual
User Name 8063,USER - 08063,Department 2053,Manual
User Name 8064,USER - 08064,Department 3206,Manual
User Name 8065,USER - 08065,Department 3380,Manual
User Name 8066,USER - 08066,Department 3010,Manual
User Name 8067,USER - 08067,Department 2064,Manual
User Name 8068,USER - 08068,Department 2248,Manual
User Name 8069,USER - 08069,Department 3147,Manual
User Name 8070,USER - 08070,Department 3374,Manual
User Name 8071,USER - 08071,Department 3147,Manual
User Name 8072,USER - 08072,Department 3408,Manual
User Name 8073,USER - 08073,Department 3376,Manual
User Name 8074,USER - 08074,Department 824,Manual
User Name 8075,USER - 08075,Department 2576,Manual
User Name 8076,USER - 08076,Department 494,Manual
User Name 7246,USER - 07246,Department 26,Manual
User Name 8078,USER - 08078,Department 3689,Manual
User Name 8079,USER - 08079,Department 2335,Manual
User Name 8080,USER - 08080,Department 504,Manual
User Name 8081,USER - 08081,Department 3541,Manual
User Name 8082,USER - 08082,Department 2473,Manual
User Name 8083,USER - 08083,Department 1804,Manual
User Name 8084,USER - 08084,Department 2169,Manual
User Name 8085,USER - 08085,Department 1812,Manual
User Name 8086,USER - 08086,Department 3597,Manual
User Name 8087,USER - 08087,Department 2367,Manual
User Name 4901,USER - 04901,Department 3579,Manual
User Name 8089,USER - 08089,Department 2363,Manual
User Name 8090,USER - 08090,Department 1348,Manual
User Name 8091,USER - 08091,Department 2359,Manual
User Name 8092,USER - 08092,Department 21,Manual
User Name 8093,USER - 08093,Department 265,Manual
User Name 8094,USER - 08094,Department 1265,Manual
User Name 8095,USER - 08095,Department 622,Manual
User Name 8096,USER - 08096,Department 1830,Manual
User Name 8097,USER - 08097,Department 262,Manual
User Name 8098,USER - 08098,Department 1790,Manual
User Name 8099,USER - 08099,Department 1790,Manual
User Name 8100,USER - 08100,Department 2982,Manual
User Name 8101,USER - 08101,Department 2050,Manual
User Name 8102,USER - 08102,Department 2042,Manual
User Name 8103,USER - 08103,Department 1068,Manual
User Name 8104,USER - 08104,Department 1068,Manual
User Name 8105,USER - 08105,Department 1780,Manual
User Name 8106,USER - 08106,Department 3238,Manual
User Name 8107,USER - 08107,Department 138,Manual
User Name 8108,USER - 08108,Department 1749,Manual
User Name 8109,USER - 08109,Department 1785,Manual
User Name 8110,USER - 08110,Department 1849,Manual
User Name 8111,USER - 08111,Department 2250,Manual
User Name 8112,USER - 08112,Department 1931,Manual
User Name 8113,USER - 08113,Department 3146,Manual
User Name 8114,USER - 08114,Department 3596,Manual
User Name 8115,USER - 08115,Department 266,Manual
User Name 8116,USER - 08116,Department 495,Manual
User Name 8117,USER - 08117,Department 1426,Manual
User Name 8118,USER - 08118,Department 1411,Manual
User Name 8119,USER - 08119,Department 1439,Manual
User Name 8120,USER - 08120,Department 583,Manual
User Name 8121,USER - 08121,Department 640,Manual
User Name 8122,USER - 08122,Department 1348,Manual
User Name 8123,USER - 08123,Department 585,Manual
User Name 8124,USER - 08124,Department 3524,Manual
User Name 8125,USER - 08125,Department 3525,Manual
User Name 8126,USER - 08126,Department 1434,Manual
User Name 8127,USER - 08127,Department 3409,Manual
User Name 8128,USER - 08128,Department 1336,Manual
User Name 8129,USER - 08129,Department 531,Manual
User Name 8130,USER - 08130,Department 1805,Manual
User Name 8131,USER - 08131,Department 2858,Manual
User Name 8132,USER - 08132,Department 102,Manual
User Name 8133,USER - 08133,Department 34,Manual
User Name 8134,USER - 08134,Department 22,Manual
User Name 8135,USER - 08135,Department 1294,Manual
User Name 8136,USER - 08136,Department 2492,Manual
User Name 8137,USER - 08137,Department 1509,Manual
User Name 8138,USER - 08138,Department 544,Manual
User Name 8139,USER - 08139,Department 1929,Manual
User Name 8140,USER - 08140,Department 3042,Manual
User Name 8141,USER - 08141,Department 1234,Manual
User Name 8142,USER - 08142,Department 1819,Manual
User Name 8143,USER - 08143,Department 1806,Manual
User Name 8144,USER - 08144,Department 2673,Manual
User Name 8145,USER - 08145,Department 2548,Manual
User Name 8146,USER - 08146,Department 467,Manual
User Name 8147,USER - 08147,Department 458,Manual
User Name 8148,USER - 08148,Department 456,Manual
User Name 8149,USER - 08149,Department 90,Manual
User Name 8150,USER - 08150,Department 320,Manual
User Name 8151,USER - 08151,Department 1121,Manual
User Name 8152,USER - 08152,Department 1127,Manual
User Name 8153,USER - 08153,Department 89,Manual
User Name 8154,USER - 08154,Department 34,Manual
User Name 8155,USER - 08155,Department 1806,Manual
User Name 8156,USER - 08156,Department 2094,Manual
User Name 8157,USER - 08157,Department 2366,Manual
User Name 8158,USER - 08158,Department 1854,Manual
User Name 8159,USER - 08159,Department 3601,Manual
User Name 8160,USER - 08160,Department 2362,Manual
User Name 8161,USER - 08161,Department 1913,Manual
User Name 8162,USER - 08162,Department 3589,Manual
User Name 8163,USER - 08163,Department 1433,Manual
User Name 8164,USER - 08164,Department 3005,Manual
User Name 8165,USER - 08165,Department 156,Manual
User Name 8166,USER - 08166,Department 205,Manual
User Name 8167,USER - 08167,Department 1272,Manual
User Name 8168,USER - 08168,Department 2271,Manual
User Name 8169,USER - 08169,Department 1698,Manual
User Name 8170,USER - 08170,Department 1423,Manual
User Name 8171,USER - 08171,Department 2375,Manual
User Name 8172,USER - 08172,Department 780,Manual
User Name 8173,USER - 08173,Department 1425,Manual
User Name 8174,USER - 08174,Department 2070,Manual
User Name 8175,USER - 08175,Department 1875,Manual
User Name 8176,USER - 08176,Department 1874,Manual
User Name 8177,USER - 08177,Department 1893,Manual
User Name 8178,USER - 08178,Department 1429,Manual
User Name 8179,USER - 08179,Department 1427,Manual
User Name 8180,USER - 08180,Department 138,Manual
User Name 8181,USER - 08181,Department 2002,Manual
User Name 8182,USER - 08182,Department 641,Manual
User Name 8183,USER - 08183,Department 837,Manual
User Name 8184,USER - 08184,Department 614,Manual
User Name 8185,USER - 08185,Department 2723,Manual
User Name 8186,USER - 08186,Department 459,Manual
User Name 8187,USER - 08187,Department 580,Manual
User Name 8188,USER - 08188,Department 1780,Manual
User Name 8189,USER - 08189,Department 620,Manual
User Name 8190,USER - 08190,Department 2723,Manual
User Name 8191,USER - 08191,Department 1305,Manual
User Name 8192,USER - 08192,Department 1990,Manual
User Name 8193,USER - 08193,Department 1815,Manual
User Name 8194,USER - 08194,Department 3007,Manual
User Name 8195,USER - 08195,Department 2048,Manual
User Name 8196,USER - 08196,Department 918,Manual
User Name 8197,USER - 08197,Department 855,Manual
User Name 8198,USER - 08198,Department 385,Manual
User Name 8199,USER - 08199,Department 165,Manual
User Name 8200,USER - 08200,Department 462,Manual
User Name 8201,USER - 08201,Department 3644,Manual
User Name 8202,USER - 08202,Department 1314,Manual
User Name 8203,USER - 08203,Department 2630,Manual
User Name 8204,USER - 08204,Department 851,Manual
User Name 8205,USER - 08205,Department 2479,Manual
User Name 8206,USER - 08206,Department 618,Manual
User Name 8207,USER - 08207,Department 459,Manual
User Name 8208,USER - 08208,Department 647,Manual
User Name 8209,USER - 08209,Department 2207,Manual
User Name 8210,USER - 08210,Department 3329,Manual
User Name 8211,USER - 08211,Department 2548,Manual
User Name 8212,USER - 08212,Department 3385,Manual
User Name 8213,USER - 08213,Department 638,Manual
User Name 8214,USER - 08214,Department 2623,Manual
User Name 8215,USER - 08215,Department 679,Manual
User Name 8216,USER - 08216,Department 2362,Manual
User Name 8217,USER - 08217,Department 1422,Manual
User Name 8218,USER - 08218,Department 232,Manual
User Name 8219,USER - 08219,Department 1973,Manual
User Name 8220,USER - 08220,Department 863,Manual
User Name 8221,USER - 08221,Department 73,Manual
User Name 8222,USER - 08222,Department 3004,Manual
User Name 8223,USER - 08223,Department 32,Manual
User Name 8224,USER - 08224,Department 1148,Manual
User Name 8225,USER - 08225,Department 3625,Manual
User Name 8226,USER - 08226,Department 647,Manual
User Name 8227,USER - 08227,Department 571,Manual
User Name 8228,USER - 08228,Department 478,Manual
User Name 8229,USER - 08229,Department 195,Manual
User Name 8230,USER - 08230,Department 1140,Manual
User Name 8231,USER - 08231,Department 1418,Manual
User Name 8232,USER - 08232,Department 531,Manual
User Name 8233,USER - 08233,Department 824,Manual
User Name 8234,USER - 08234,Department 2555,Manual
User Name 8235,USER - 08235,Department 532,Manual
User Name 8236,USER - 08236,Department 69,Manual
User Name 8237,USER - 08237,Department 1711,Manual
User Name 8238,USER - 08238,Department 624,Manual
User Name 8239,USER - 08239,Department 2889,Manual
User Name 8240,USER - 08240,Department 1962,Manual
User Name 8241,USER - 08241,Department 1330,Manual
User Name 8242,USER - 08242,Department 684,Manual
User Name 8243,USER - 08243,Department 1699,Manual
User Name 8244,USER - 08244,Department 1329,Manual
User Name 8245,USER - 08245,Department 3291,Manual
User Name 8246,USER - 08246,Department 531,Manual
User Name 8247,USER - 08247,Department 1284,Manual
User Name 8248,USER - 08248,Department 2070,Manual
User Name 8249,USER - 08249,Department 2070,Manual
User Name 8250,USER - 08250,Department 2070,Manual
User Name 8251,USER - 08251,Department 1795,Manual
User Name 8252,USER - 08252,Department 2070,Manual
User Name 8253,USER - 08253,Department 1913,Manual
User Name 8254,USER - 08254,Department 2856,Manual
User Name 8255,USER - 08255,Department 3011,Manual
User Name 8256,USER - 08256,Department 1011,Manual
User Name 8257,USER - 08257,Department 2209,Manual
User Name 8258,USER - 08258,Department 2968,Manual
User Name 8259,USER - 08259,Department 3563,Manual
User Name 8260,USER - 08260,Department 421,Manual
User Name 8261,USER - 08261,Department 679,Manual
User Name 8262,USER - 08262,Department 674,Manual
User Name 8263,USER - 08263,Department 2237,Manual
User Name 8264,USER - 08264,Department 423,Manual
User Name 8265,USER - 08265,Department 423,Manual
User Name 8266,USER - 08266,Department 3494,Manual
User Name 8267,USER - 08267,Department 990,Manual
User Name 8268,USER - 08268,Department 2985,Manual
User Name 8269,USER - 08269,Department 1652,Manual
User Name 8270,USER - 08270,Department 2691,Manual
User Name 8271,USER - 08271,Department 3115,Manual
User Name 8272,USER - 08272,Department 2840,Manual
User Name 8273,USER - 08273,Department 2061,Manual
User Name 8274,USER - 08274,Department 671,Manual
User Name 8275,USER - 08275,Department 2185,Manual
User Name 8276,USER - 08276,Department 1063,Manual
User Name 8277,USER - 08277,Department 665,Manual
User Name 8278,USER - 08278,Department 2697,Manual
User Name 8279,USER - 08279,Department 683,Manual
User Name 8280,USER - 08280,Department 682,Manual
User Name 8281,USER - 08281,Department 681,Manual
User Name 8282,USER - 08282,Department 664,Manual
User Name 8283,USER - 08283,Department 664,Manual
User Name 8284,USER - 08284,Department 664,Manual
User Name 8285,USER - 08285,Department 664,Manual
User Name 8286,USER - 08286,Department 2112,Manual
User Name 8287,USER - 08287,Department 1890,Manual
User Name 8288,USER - 08288,Department 671,Manual
User Name 8289,USER - 08289,Department 685,Manual
User Name 8290,USER - 08290,Department 679,Manual
User Name 8291,USER - 08291,Department 671,Manual
User Name 8292,USER - 08292,Department 679,Manual
User Name 8293,USER - 08293,Department 671,Manual
User Name 8294,USER - 08294,Department 669,Manual
User Name 8295,USER - 08295,Department 671,Manual
User Name 8296,USER - 08296,Department 3022,Manual
User Name 8297,USER - 08297,Department 679,Manual
User Name 8298,USER - 08298,Department 2221,Manual
User Name 8299,USER - 08299,Department 665,Manual
User Name 8300,USER - 08300,Department 1873,Manual
User Name 8301,USER - 08301,Department 2150,Manual
User Name 8302,USER - 08302,Department 1835,Manual
User Name 8303,USER - 08303,Department 1835,Manual
User Name 8304,USER - 08304,Department 1808,Manual
User Name 8305,USER - 08305,Department 2201,Manual
User Name 8306,USER - 08306,Department 1837,Manual
User Name 8307,USER - 08307,Department 988,Manual
User Name 8308,USER - 08308,Department 2056,Manual
User Name 8309,USER - 08309,Department 528,Manual
User Name 8310,USER - 08310,Department 1811,Manual
User Name 8311,USER - 08311,Department 3507,Manual
User Name 8312,USER - 08312,Department 988,Manual
User Name 8313,USER - 08313,Department 2079,Manual
User Name 8314,USER - 08314,Department 1597,Manual
User Name 8315,USER - 08315,Department 2076,Manual
User Name 8316,USER - 08316,Department 2212,Manual
User Name 8317,USER - 08317,Department 2104,Manual
User Name 8318,USER - 08318,Department 1709,Manual
User Name 8319,USER - 08319,Department 2292,Manual
User Name 8320,USER - 08320,Department 2070,Manual
User Name 8321,USER - 08321,Department 2745,Manual
User Name 8322,USER - 08322,Department 2202,Manual
User Name 8323,USER - 08323,Department 1811,Manual
User Name 8324,USER - 08324,Department 2039,Manual
User Name 8325,USER - 08325,Department 1909,Manual
User Name 8326,USER - 08326,Department 2047,Manual
User Name 8327,USER - 08327,Department 2201,Manual
User Name 8328,USER - 08328,Department 1856,Manual
User Name 8329,USER - 08329,Department 2049,Manual
User Name 8330,USER - 08330,Department 1837,Manual
User Name 8331,USER - 08331,Department 2749,Manual
User Name 8332,USER - 08332,Department 2743,Manual
User Name 8333,USER - 08333,Department 2156,Manual
User Name 8334,USER - 08334,Department 2026,Manual
User Name 8335,USER - 08335,Department 2749,Manual
User Name 8336,USER - 08336,Department 2070,Manual
User Name 8337,USER - 08337,Department 2043,Manual
User Name 8338,USER - 08338,Department 1850,Manual
User Name 8339,USER - 08339,Department 2030,Manual
User Name 8340,USER - 08340,Department 2744,Manual
User Name 8341,USER - 08341,Department 2027,Manual
User Name 8342,USER - 08342,Department 2070,Manual
User Name 8343,USER - 08343,Department 2216,Manual
User Name 8344,USER - 08344,Department 1678,Manual
User Name 8345,USER - 08345,Department 1821,Manual
User Name 8346,USER - 08346,Department 2236,Manual
User Name 8347,USER - 08347,Department 1850,Manual
User Name 8348,USER - 08348,Department 2208,Manual
User Name 8349,USER - 08349,Department 3453,Manual
User Name 8350,USER - 08350,Department 1995,Manual
User Name 8351,USER - 08351,Department 1778,Manual
User Name 8352,USER - 08352,Department 2002,Manual
User Name 8353,USER - 08353,Department 2070,Manual
User Name 8354,USER - 08354,Department 1769,Manual
User Name 8355,USER - 08355,Department 1875,Manual
User Name 8356,USER - 08356,Department 2164,Manual
User Name 8357,USER - 08357,Department 2070,Manual
User Name 8358,USER - 08358,Department 2736,Manual
User Name 8359,USER - 08359,Department 1993,Manual
User Name 8360,USER - 08360,Department 2002,Manual
User Name 8361,USER - 08361,Department 2039,Manual
User Name 8362,USER - 08362,Department 1779,Manual
User Name 8363,USER - 08363,Department 1843,Manual
User Name 8364,USER - 08364,Department 2240,Manual
User Name 8365,USER - 08365,Department 2165,Manual
User Name 8366,USER - 08366,Department 2030,Manual
User Name 8367,USER - 08367,Department 1983,Manual
User Name 8368,USER - 08368,Department 2732,Manual
User Name 8369,USER - 08369,Department 2070,Manual
User Name 8370,USER - 08370,Department 1939,Manual
User Name 8371,USER - 08371,Department 1714,Manual
User Name 8372,USER - 08372,Department 2741,Manual
User Name 8373,USER - 08373,Department 1855,Manual
User Name 8374,USER - 08374,Department 2210,Manual
User Name 8375,USER - 08375,Department 1993,Manual
User Name 8376,USER - 08376,Department 2201,Manual
User Name 8377,USER - 08377,Department 1978,Manual
User Name 8378,USER - 08378,Department 2026,Manual
User Name 8379,USER - 08379,Department 2084,Manual
User Name 8380,USER - 08380,Department 1975,Manual
User Name 8381,USER - 08381,Department 2042,Manual
User Name 8382,USER - 08382,Department 1808,Manual
User Name 8383,USER - 08383,Department 2165,Manual
User Name 6788,USER - 06788,Department 2070,Manual
User Name 8385,USER - 08385,Department 1981,Manual
User Name 5140,USER - 05140,Department 2138,Manual
User Name 8387,USER - 08387,Department 2074,Manual
User Name 8388,USER - 08388,Department 2046,Manual
User Name 8389,USER - 08389,Department 1954,Manual
User Name 8390,USER - 08390,Department 1800,Manual
User Name 8391,USER - 08391,Department 2209,Manual
User Name 8392,USER - 08392,Department 1800,Manual
User Name 8393,USER - 08393,Department 2249,Manual
User Name 8394,USER - 08394,Department 2741,Manual
User Name 8395,USER - 08395,Department 2070,Manual
User Name 8396,USER - 08396,Department 1848,Manual
User Name 8397,USER - 08397,Department 1811,Manual
User Name 8398,USER - 08398,Department 2070,Manual
User Name 8399,USER - 08399,Department 2241,Manual
User Name 8400,USER - 08400,Department 1958,Manual
User Name 8401,USER - 08401,Department 1704,Manual
User Name 8402,USER - 08402,Department 2731,Manual
User Name 8403,USER - 08403,Department 2205,Manual
User Name 8404,USER - 08404,Department 1975,Manual
User Name 8405,USER - 08405,Department 1870,Manual
User Name 8406,USER - 08406,Department 2031,Manual
User Name 8407,USER - 08407,Department 2212,Manual
User Name 8408,USER - 08408,Department 1821,Manual
User Name 8409,USER - 08409,Department 1717,Manual
User Name 8410,USER - 08410,Department 3537,Manual
User Name 8411,USER - 08411,Department 1993,Manual
User Name 8412,USER - 08412,Department 1993,Manual
User Name 8413,USER - 08413,Department 1837,Manual
User Name 8414,USER - 08414,Department 1811,Manual
User Name 8415,USER - 08415,Department 1904,Manual
User Name 8416,USER - 08416,Department 1826,Manual
User Name 8417,USER - 08417,Department 2028,Manual
User Name 8418,USER - 08418,Department 1813,Manual
User Name 8419,USER - 08419,Department 2124,Manual
User Name 8420,USER - 08420,Department 2040,Manual
User Name 8421,USER - 08421,Department 1999,Manual
User Name 8422,USER - 08422,Department 1811,Manual
User Name 8423,USER - 08423,Department 1837,Manual
User Name 8424,USER - 08424,Department 1837,Manual
User Name 8425,USER - 08425,Department 1962,Manual
User Name 8426,USER - 08426,Department 2741,Manual
User Name 8427,USER - 08427,Department 1630,Manual
User Name 8428,USER - 08428,Department 1808,Manual
User Name 8429,USER - 08429,Department 1964,Manual
User Name 8430,USER - 08430,Department 1999,Manual
User Name 8431,USER - 08431,Department 2199,Manual
User Name 8432,USER - 08432,Department 1993,Manual
User Name 8433,USER - 08433,Department 1808,Manual
User Name 8434,USER - 08434,Department 2070,Manual
User Name 8435,USER - 08435,Department 1810,Manual
User Name 8436,USER - 08436,Department 1960,Manual
User Name 8437,USER - 08437,Department 1810,Manual
User Name 8438,USER - 08438,Department 2207,Manual
User Name 8439,USER - 08439,Department 1834,Manual
User Name 8440,USER - 08440,Department 2070,Manual
User Name 8441,USER - 08441,Department 2163,Manual
User Name 8442,USER - 08442,Department 525,Manual
User Name 8443,USER - 08443,Department 2070,Manual
User Name 8444,USER - 08444,Department 2030,Manual
User Name 8445,USER - 08445,Department 2760,Manual
User Name 8446,USER - 08446,Department 2009,Manual
User Name 8447,USER - 08447,Department 3509,Manual
User Name 8448,USER - 08448,Department 3360,Manual
User Name 8449,USER - 08449,Department 2070,Manual
User Name 8450,USER - 08450,Department 2070,Manual
User Name 8451,USER - 08451,Department 2070,Manual
User Name 8452,USER - 08452,Department 3475,Manual
User Name 8453,USER - 08453,Department 2717,Manual
User Name 8454,USER - 08454,Department 1740,Manual
User Name 8455,USER - 08455,Department 1740,Manual
User Name 8456,USER - 08456,Department 3506,Manual
User Name 8457,USER - 08457,Department 1657,Manual
User Name 8458,USER - 08458,Department 1909,Manual
User Name 8459,USER - 08459,Department 1997,Manual
User Name 8460,USER - 08460,Department 3452,Manual
User Name 8461,USER - 08461,Department 2244,Manual
User Name 8462,USER - 08462,Department 2245,Manual
User Name 8463,USER - 08463,Department 1998,Manual
User Name 8464,USER - 08464,Department 1871,Manual
User Name 8465,USER - 08465,Department 2070,Manual
User Name 8466,USER - 08466,Department 2070,Manual
User Name 8467,USER - 08467,Department 2243,Manual
User Name 8468,USER - 08468,Department 2854,Manual
User Name 8469,USER - 08469,Department 2163,Manual
User Name 8470,USER - 08470,Department 2842,Manual
User Name 8471,USER - 08471,Department 2246,Manual
User Name 8472,USER - 08472,Department 2245,Manual
User Name 8473,USER - 08473,Department 2159,Manual
User Name 8474,USER - 08474,Department 2200,Manual
User Name 8475,USER - 08475,Department 1999,Manual
User Name 8476,USER - 08476,Department 2245,Manual
User Name 8477,USER - 08477,Department 2926,Manual
User Name 8478,USER - 08478,Department 1709,Manual
User Name 8348,USER - 08348,Department 2179,Manual
User Name 8480,USER - 08480,Department 3494,Manual
User Name 8481,USER - 08481,Department 2240,Manual
User Name 8482,USER - 08482,Department 2104,Manual
User Name 8483,USER - 08483,Department 2167,Manual
User Name 8484,USER - 08484,Department 2854,Manual
User Name 8485,USER - 08485,Department 2161,Manual
User Name 8486,USER - 08486,Department 2165,Manual
User Name 8487,USER - 08487,Department 2070,Manual
User Name 8488,USER - 08488,Department 2002,Manual
User Name 8489,USER - 08489,Department 1993,Manual
User Name 8490,USER - 08490,Department 2034,Manual
User Name 8491,USER - 08491,Department 2755,Manual
User Name 8492,USER - 08492,Department 1799,Manual
User Name 8493,USER - 08493,Department 1993,Manual
User Name 8494,USER - 08494,Department 988,Manual
User Name 8495,USER - 08495,Department 516,Manual
User Name 8496,USER - 08496,Department 3052,Manual
User Name 8497,USER - 08497,Department 928,Manual
User Name 8498,USER - 08498,Department 1024,Manual
User Name 8499,USER - 08499,Department 1052,Manual
User Name 8500,USER - 08500,Department 2517,Manual
User Name 8501,USER - 08501,Department 2051,Manual
User Name 8502,USER - 08502,Department 1027,Manual
User Name 8503,USER - 08503,Department 986,Manual
User Name 8504,USER - 08504,Department 1105,Manual
User Name 8505,USER - 08505,Department 2454,Manual
User Name 8506,USER - 08506,Department 899,Manual
User Name 8507,USER - 08507,Department 1085,Manual
User Name 8508,USER - 08508,Department 898,Manual
User Name 8509,USER - 08509,Department 1050,Manual
User Name 8510,USER - 08510,Department 1676,Manual
User Name 8511,USER - 08511,Department 927,Manual
User Name 8512,USER - 08512,Department 981,Manual
User Name 8513,USER - 08513,Department 928,Manual
User Name 8514,USER - 08514,Department 985,Manual
User Name 8515,USER - 08515,Department 2870,Manual
User Name 8516,USER - 08516,Department 1735,Manual
User Name 8517,USER - 08517,Department 1046,Manual
User Name 8518,USER - 08518,Department 1025,Manual
User Name 8519,USER - 08519,Department 981,Manual
User Name 8520,USER - 08520,Department 1615,Manual
User Name 8521,USER - 08521,Department 2379,Manual
User Name 8522,USER - 08522,Department 1056,Manual
User Name 8523,USER - 08523,Department 1069,Manual
User Name 8524,USER - 08524,Department 2681,Manual
User Name 8525,USER - 08525,Department 1052,Manual
User Name 8526,USER - 08526,Department 1600,Manual
User Name 8527,USER - 08527,Department 1105,Manual
User Name 8528,USER - 08528,Department 1612,Manual
User Name 8529,USER - 08529,Department 2130,Manual
User Name 8530,USER - 08530,Department 1621,Manual
User Name 8531,USER - 08531,Department 1864,Manual
User Name 8532,USER - 08532,Department 1027,Manual
User Name 8533,USER - 08533,Department 2346,Manual
User Name 8534,USER - 08534,Department 1074,Manual
User Name 8535,USER - 08535,Department 1069,Manual
User Name 8536,USER - 08536,Department 239,Manual
User Name 8537,USER - 08537,Department 2673,Manual
User Name 8538,USER - 08538,Department 2514,Manual
User Name 8539,USER - 08539,Department 1095,Manual
User Name 8540,USER - 08540,Department 2514,Manual
User Name 8541,USER - 08541,Department 1935,Manual
User Name 8542,USER - 08542,Department 925,Manual
User Name 8543,USER - 08543,Department 1078,Manual
User Name 8544,USER - 08544,Department 1090,Manual
User Name 8545,USER - 08545,Department 2516,Manual
User Name 8546,USER - 08546,Department 1050,Manual
User Name 8547,USER - 08547,Department 978,Manual
User Name 8548,USER - 08548,Department 2340,Manual
User Name 8549,USER - 08549,Department 986,Manual
User Name 8550,USER - 08550,Department 966,Manual
User Name 8551,USER - 08551,Department 2514,Manual
User Name 8552,USER - 08552,Department 1095,Manual
User Name 8553,USER - 08553,Department 1050,Manual
User Name 6466,USER - 06466,Department 1014,Manual
User Name 8555,USER - 08555,Department 1056,Manual
User Name 8556,USER - 08556,Department 1012,Manual
User Name 8557,USER - 08557,Department 1007,Manual
User Name 8558,USER - 08558,Department 1072,Manual
User Name 8559,USER - 08559,Department 1825,Manual
User Name 8560,USER - 08560,Department 1047,Manual
User Name 8561,USER - 08561,Department 2453,Manual
User Name 8562,USER - 08562,Department 1771,Manual
User Name 8563,USER - 08563,Department 2345,Manual
User Name 8564,USER - 08564,Department 664,Manual
User Name 8565,USER - 08565,Department 1072,Manual
User Name 8566,USER - 08566,Department 2454,Manual
User Name 8567,USER - 08567,Department 1013,Manual
User Name 8568,USER - 08568,Department 1088,Manual
User Name 8569,USER - 08569,Department 2445,Manual
User Name 8570,USER - 08570,Department 1049,Manual
User Name 8571,USER - 08571,Department 886,Manual
User Name 8572,USER - 08572,Department 970,Manual
User Name 8573,USER - 08573,Department 1074,Manual
User Name 8574,USER - 08574,Department 1929,Manual
User Name 8575,USER - 08575,Department 2449,Manual
User Name 8576,USER - 08576,Department 1089,Manual
User Name 8577,USER - 08577,Department 1073,Manual
User Name 8578,USER - 08578,Department 2514,Manual
User Name 8579,USER - 08579,Department 1741,Manual
User Name 8580,USER - 08580,Department 2300,Manual
User Name 8581,USER - 08581,Department 2703,Manual
User Name 8582,USER - 08582,Department 1052,Manual
User Name 8583,USER - 08583,Department 1082,Manual
User Name 8584,USER - 08584,Department 2128,Manual
User Name 8585,USER - 08585,Department 978,Manual
User Name 8586,USER - 08586,Department 1735,Manual
User Name 8587,USER - 08587,Department 1057,Manual
User Name 8588,USER - 08588,Department 1052,Manual
User Name 8589,USER - 08589,Department 1011,Manual
User Name 8590,USER - 08590,Department 1609,Manual
User Name 8591,USER - 08591,Department 2668,Manual
User Name 8592,USER - 08592,Department 2419,Manual
User Name 8593,USER - 08593,Department 1635,Manual
User Name 8594,USER - 08594,Department 981,Manual
User Name 8595,USER - 08595,Department 2876,Manual
User Name 8596,USER - 08596,Department 1625,Manual
User Name 8597,USER - 08597,Department 900,Manual
User Name 8598,USER - 08598,Department 2448,Manual
User Name 8599,USER - 08599,Department 1073,Manual
User Name 8600,USER - 08600,Department 979,Manual
User Name 8601,USER - 08601,Department 1894,Manual
User Name 8602,USER - 08602,Department 980,Manual
User Name 8603,USER - 08603,Department 1855,Manual
User Name 8604,USER - 08604,Department 1067,Manual
User Name 8605,USER - 08605,Department 1014,Manual
User Name 8606,USER - 08606,Department 1047,Manual
User Name 8607,USER - 08607,Department 1108,Manual
User Name 8608,USER - 08608,Department 2452,Manual
User Name 8609,USER - 08609,Department 1049,Manual
User Name 8610,USER - 08610,Department 2043,Manual
User Name 8611,USER - 08611,Department 2418,Manual
User Name 8612,USER - 08612,Department 2685,Manual
User Name 8613,USER - 08613,Department 2394,Manual
User Name 8614,USER - 08614,Department 1084,Manual
User Name 8615,USER - 08615,Department 3530,Manual
User Name 8616,USER - 08616,Department 2311,Manual
User Name 8617,USER - 08617,Department 2520,Manual
User Name 8618,USER - 08618,Department 1011,Manual
User Name 8619,USER - 08619,Department 1049,Manual
User Name 8620,USER - 08620,Department 2522,Manual
User Name 8621,USER - 08621,Department 2090,Manual
User Name 8622,USER - 08622,Department 2046,Manual
User Name 8623,USER - 08623,Department 1054,Manual
User Name 8624,USER - 08624,Department 2008,Manual
User Name 8625,USER - 08625,Department 675,Manual
User Name 8626,USER - 08626,Department 1995,Manual
User Name 8627,USER - 08627,Department 1634,Manual
User Name 8628,USER - 08628,Department 1031,Manual
User Name 8629,USER - 08629,Department 1631,Manual
User Name 8630,USER - 08630,Department 1008,Manual
User Name 8631,USER - 08631,Department 886,Manual
User Name 8632,USER - 08632,Department 1095,Manual
User Name 8633,USER - 08633,Department 974,Manual
User Name 8634,USER - 08634,Department 239,Manual
User Name 8635,USER - 08635,Department 939,Manual
User Name 8636,USER - 08636,Department 1052,Manual
User Name 8637,USER - 08637,Department 1006,Manual
User Name 8638,USER - 08638,Department 937,Manual
User Name 8639,USER - 08639,Department 1737,Manual
User Name 8640,USER - 08640,Department 1599,Manual
User Name 8641,USER - 08641,Department 1031,Manual
User Name 8642,USER - 08642,Department 939,Manual
User Name 8643,USER - 08643,Department 1670,Manual
User Name 8644,USER - 08644,Department 1084,Manual
User Name 8645,USER - 08645,Department 1073,Manual
User Name 8646,USER - 08646,Department 2065,Manual
User Name 8647,USER - 08647,Department 2255,Manual
User Name 8648,USER - 08648,Department 3540,Manual
User Name 8649,USER - 08649,Department 2913,Manual
User Name 8650,USER - 08650,Department 1027,Manual
User Name 8651,USER - 08651,Department 2428,Manual
User Name 8652,USER - 08652,Department 1591,Manual
User Name 8653,USER - 08653,Department 1024,Manual
User Name 8654,USER - 08654,Department 1014,Manual
User Name 8655,USER - 08655,Department 2419,Manual
User Name 8656,USER - 08656,Department 3547,Manual
User Name 8657,USER - 08657,Department 1010,Manual
User Name 8658,USER - 08658,Department 1778,Manual
User Name 8659,USER - 08659,Department 937,Manual
User Name 8660,USER - 08660,Department 928,Manual
User Name 8661,USER - 08661,Department 1095,Manual
User Name 8662,USER - 08662,Department 1027,Manual
User Name 8663,USER - 08663,Department 934,Manual
User Name 8664,USER - 08664,Department 997,Manual
User Name 8665,USER - 08665,Department 2442,Manual
User Name 8666,USER - 08666,Department 1078,Manual
User Name 8667,USER - 08667,Department 894,Manual
User Name 8668,USER - 08668,Department 1049,Manual
User Name 8669,USER - 08669,Department 1653,Manual
User Name 8670,USER - 08670,Department 901,Manual
User Name 8671,USER - 08671,Department 966,Manual
User Name 8672,USER - 08672,Department 1056,Manual
User Name 8673,USER - 08673,Department 2511,Manual
User Name 8674,USER - 08674,Department 966,Manual
User Name 8675,USER - 08675,Department 987,Manual
User Name 8676,USER - 08676,Department 1047,Manual
User Name 8677,USER - 08677,Department 993,Manual
User Name 8678,USER - 08678,Department 1054,Manual
User Name 8679,USER - 08679,Department 900,Manual
User Name 8680,USER - 08680,Department 1080,Manual
User Name 8681,USER - 08681,Department 940,Manual
User Name 8682,USER - 08682,Department 978,Manual
User Name 8683,USER - 08683,Department 2451,Manual
User Name 8684,USER - 08684,Department 937,Manual
User Name 8685,USER - 08685,Department 1053,Manual
User Name 8686,USER - 08686,Department 1780,Manual
User Name 8687,USER - 08687,Department 2453,Manual
User Name 8688,USER - 08688,Department 1084,Manual
User Name 8689,USER - 08689,Department 2638,Manual
User Name 8690,USER - 08690,Department 2678,Manual
User Name 8691,USER - 08691,Department 974,Manual
User Name 8692,USER - 08692,Department 1081,Manual
User Name 8693,USER - 08693,Department 2331,Manual
User Name 8694,USER - 08694,Department 1081,Manual
User Name 8695,USER - 08695,Department 1047,Manual
User Name 8696,USER - 08696,Department 1840,Manual
User Name 8697,USER - 08697,Department 923,Manual
User Name 8698,USER - 08698,Department 909,Manual
User Name 8699,USER - 08699,Department 2440,Manual
User Name 8700,USER - 08700,Department 1679,Manual
User Name 8701,USER - 08701,Department 2983,Manual
User Name 8702,USER - 08702,Department 3549,Manual
User Name 8703,USER - 08703,Department 1092,Manual
User Name 8704,USER - 08704,Department 1052,Manual
User Name 8705,USER - 08705,Department 1052,Manual
User Name 8706,USER - 08706,Department 939,Manual
User Name 8707,USER - 08707,Department 1005,Manual
User Name 8708,USER - 08708,Department 927,Manual
User Name 8709,USER - 08709,Department 905,Manual
User Name 8710,USER - 08710,Department 1085,Manual
User Name 8711,USER - 08711,Department 606,Manual
User Name 8712,USER - 08712,Department 2434,Manual
User Name 8713,USER - 08713,Department 2347,Manual
User Name 8714,USER - 08714,Department 1005,Manual
User Name 8715,USER - 08715,Department 1704,Manual
User Name 8716,USER - 08716,Department 925,Manual
User Name 8717,USER - 08717,Department 1734,Manual
User Name 8718,USER - 08718,Department 937,Manual
User Name 8719,USER - 08719,Department 1769,Manual
User Name 8720,USER - 08720,Department 1056,Manual
User Name 8721,USER - 08721,Department 929,Manual
User Name 8722,USER - 08722,Department 2304,Manual
User Name 8723,USER - 08723,Department 2099,Manual
User Name 8724,USER - 08724,Department 1898,Manual
User Name 8725,USER - 08725,Department 2124,Manual
User Name 8726,USER - 08726,Department 239,Manual
User Name 8727,USER - 08727,Department 976,Manual
User Name 8728,USER - 08728,Department 1014,Manual
User Name 8729,USER - 08729,Department 957,Manual
User Name 8730,USER - 08730,Department 2965,Manual
User Name 8731,USER - 08731,Department 1620,Manual
User Name 8732,USER - 08732,Department 2515,Manual
User Name 8733,USER - 08733,Department 934,Manual
User Name 8734,USER - 08734,Department 1056,Manual
User Name 8735,USER - 08735,Department 934,Manual
User Name 8736,USER - 08736,Department 972,Manual
User Name 8737,USER - 08737,Department 963,Manual
User Name 8738,USER - 08738,Department 1096,Manual
User Name 8739,USER - 08739,Department 2062,Manual
User Name 8740,USER - 08740,Department 2659,Manual
User Name 8741,USER - 08741,Department 900,Manual
User Name 8742,USER - 08742,Department 1049,Manual
User Name 8743,USER - 08743,Department 2658,Manual
User Name 8744,USER - 08744,Department 1096,Manual
User Name 8745,USER - 08745,Department 2682,Manual
User Name 8746,USER - 08746,Department 1635,Manual
User Name 8747,USER - 08747,Department 1634,Manual
User Name 8748,USER - 08748,Department 2077,Manual
User Name 8749,USER - 08749,Department 1785,Manual
User Name 8750,USER - 08750,Department 1012,Manual
User Name 8751,USER - 08751,Department 320,Manual
User Name 8752,USER - 08752,Department 1841,Manual
User Name 8753,USER - 08753,Department 2041,Manual
User Name 8754,USER - 08754,Department 539,Manual
User Name 8755,USER - 08755,Department 962,Manual
User Name 8756,USER - 08756,Department 1005,Manual
User Name 8757,USER - 08757,Department 1643,Manual
User Name 8758,USER - 08758,Department 3630,Manual
User Name 8759,USER - 08759,Department 1643,Manual
User Name 8760,USER - 08760,Department 321,Manual
User Name 8761,USER - 08761,Department 469,Manual
User Name 8762,USER - 08762,Department 1785,Manual
User Name 8763,USER - 08763,Department 1785,Manual
User Name 8764,USER - 08764,Department 744,Manual
User Name 8765,USER - 08765,Department 1837,Manual
User Name 8766,USER - 08766,Department 1708,Manual
User Name 8767,USER - 08767,Department 2098,Manual
User Name 8768,USER - 08768,Department 2146,Manual
User Name 8769,USER - 08769,Department 1643,Manual
User Name 8770,USER - 08770,Department 1591,Manual
User Name 8771,USER - 08771,Department 1785,Manual
User Name 8772,USER - 08772,Department 776,Manual
User Name 8773,USER - 08773,Department 1834,Manual
User Name 8774,USER - 08774,Department 3384,Manual
User Name 8775,USER - 08775,Department 1643,Manual
User Name 8776,USER - 08776,Department 2113,Manual
User Name 8777,USER - 08777,Department 1655,Manual
User Name 8778,USER - 08778,Department 954,Manual
User Name 8779,USER - 08779,Department 2166,Manual
User Name 8780,USER - 08780,Department 1964,Manual
User Name 8781,USER - 08781,Department 2000,Manual
User Name 8782,USER - 08782,Department 1785,Manual
User Name 8783,USER - 08783,Department 1785,Manual
User Name 8784,USER - 08784,Department 2146,Manual
User Name 8785,USER - 08785,Department 1785,Manual
User Name 8786,USER - 08786,Department 1601,Manual
User Name 8787,USER - 08787,Department 2097,Manual
User Name 8788,USER - 08788,Department 1643,Manual
User Name 8789,USER - 08789,Department 715,Manual
User Name 8790,USER - 08790,Department 2771,Manual
User Name 8791,USER - 08791,Department 845,Manual
User Name 8792,USER - 08792,Department 3013,Manual
User Name 8793,USER - 08793,Department 744,Manual
User Name 8794,USER - 08794,Department 1886,Automatic
User Name 8795,USER - 08795,Department 1785,Manual
User Name 8796,USER - 08796,Department 1785,Manual
User Name 8797,USER - 08797,Department 1785,Manual
User Name 8798,USER - 08798,Department 2087,Manual
User Name 8799,USER - 08799,Department 1643,Manual
User Name 8800,USER - 08800,Department 1643,Manual
User Name 8801,USER - 08801,Department 1643,Manual
User Name 8802,USER - 08802,Department 1643,Manual
User Name 8803,USER - 08803,Department 1785,Manual
User Name 8804,USER - 08804,Department 1643,Manual
User Name 8805,USER - 08805,Department 1643,Manual
User Name 8806,USER - 08806,Department 1765,Manual
User Name 8807,USER - 08807,Department 2120,Manual
User Name 8808,USER - 08808,Department 671,Manual
User Name 8809,USER - 08809,Department 682,Manual
User Name 8810,USER - 08810,Department 682,Manual
User Name 8811,USER - 08811,Department 681,Manual
User Name 8812,USER - 08812,Department 1864,Manual
User Name 8813,USER - 08813,Department 524,Manual
User Name 8814,USER - 08814,Department 525,Manual
User Name 8815,USER - 08815,Department 1643,Manual
User Name 8816,USER - 08816,Department 1915,Manual
User Name 8817,USER - 08817,Department 1912,Manual
User Name 8818,USER - 08818,Department 1813,Manual
User Name 8819,USER - 08819,Department 132,Manual
User Name 8820,USER - 08820,Department 1943,Manual
User Name 8821,USER - 08821,Department 2182,Manual
User Name 8822,USER - 08822,Department 2186,Manual
User Name 8823,USER - 08823,Department 1642,Manual
User Name 8824,USER - 08824,Department 1642,Manual
User Name 8825,USER - 08825,Department 1642,Manual
User Name 8826,USER - 08826,Department 1642,Manual
User Name 8827,USER - 08827,Department 1642,Manual
User Name 8828,USER - 08828,Department 1642,Manual
User Name 8829,USER - 08829,Department 1642,Manual
User Name 8830,USER - 08830,Department 1642,Manual
User Name 8831,USER - 08831,Department 1642,Manual
User Name 8832,USER - 08832,Department 1642,Manual
User Name 8833,USER - 08833,Department 1642,Manual
User Name 8834,USER - 08834,Department 1642,Manual
User Name 8835,USER - 08835,Department 1642,Manual
User Name 8836,USER - 08836,Department 1642,Manual
User Name 8837,USER - 08837,Department 1642,Manual
User Name 8838,USER - 08838,Department 1642,Manual
User Name 8839,USER - 08839,Department 1642,Manual
User Name 8840,USER - 08840,Department 682,Manual
User Name 8841,USER - 08841,Department 1749,Manual
User Name 8842,USER - 08842,Department 1938,Manual
User Name 8843,USER - 08843,Department 2029,Manual
User Name 8844,USER - 08844,Department 2072,Manual
User Name 8845,USER - 08845,Department 2110,Manual
User Name 8846,USER - 08846,Department 1659,Manual
User Name 8847,USER - 08847,Department 2209,Manual
User Name 8848,USER - 08848,Department 2245,Manual
User Name 8849,USER - 08849,Department 1639,Manual
User Name 8850,USER - 08850,Department 1943,Manual
User Name 8851,USER - 08851,Department 2209,Manual
User Name 8852,USER - 08852,Department 2070,Manual
User Name 8853,USER - 08853,Department 2070,Manual
User Name 8854,USER - 08854,Department 3503,Manual
User Name 8855,USER - 08855,Department 671,Manual
User Name 8856,USER - 08856,Department 2237,Manual
User Name 8857,USER - 08857,Department 1909,Automatic
User Name 8858,USER - 08858,Department 1909,Automatic
User Name 8859,USER - 08859,Department 2070,Manual
User Name 8860,USER - 08860,Department 2300,Manual
User Name 8861,USER - 08861,Department 682,Manual
User Name 8862,USER - 08862,Department 1834,Manual
User Name 8863,USER - 08863,Department 3643,Manual
User Name 8864,USER - 08864,Department 1920,Manual
User Name 8865,USER - 08865,Department 1635,Manual
User Name 8866,USER - 08866,Department 1772,Manual
User Name 8867,USER - 08867,Department 1805,Manual
User Name 8868,USER - 08868,Department 2210,Manual
User Name 8869,USER - 08869,Department 1764,Manual
User Name 8870,USER - 08870,Department 1096,Manual
User Name 8871,USER - 08871,Department 553,Manual
User Name 8872,USER - 08872,Department 1117,Manual
User Name 8873,USER - 08873,Department 377,Manual
User Name 8874,USER - 08874,Department 486,Manual
User Name 8875,USER - 08875,Department 1617,Manual
User Name 8876,USER - 08876,Department 1591,Manual
User Name 8877,USER - 08877,Department 1639,Manual
User Name 8878,USER - 08878,Department 1808,Manual
User Name 8879,USER - 08879,Department 1772,Manual
User Name 8880,USER - 08880,Department 851,Manual
User Name 8881,USER - 08881,Department 1874,Manual
User Name 8882,USER - 08882,Department 1119,Manual
User Name 8883,USER - 08883,Department 1926,Manual
User Name 8884,USER - 08884,Department 490,Manual
User Name 8885,USER - 08885,Department 1918,Manual
User Name 8886,USER - 08886,Department 1920,Manual
User Name 8887,USER - 08887,Department 1937,Manual
User Name 8888,USER - 08888,Department 1839,Manual
User Name 8889,USER - 08889,Department 1886,Manual
User Name 8890,USER - 08890,Department 1926,Manual
User Name 8891,USER - 08891,Department 1926,Manual
User Name 8892,USER - 08892,Department 1916,Manual
User Name 8893,USER - 08893,Department 1754,Manual
User Name 8894,USER - 08894,Department 1761,Manual
User Name 8895,USER - 08895,Department 1785,Manual
User Name 8896,USER - 08896,Department 1898,Manual
User Name 8897,USER - 08897,Department 1926,Manual
User Name 8898,USER - 08898,Department 1761,Manual
User Name 8899,USER - 08899,Department 2012,Manual
User Name 8900,USER - 08900,Department 1761,Manual
User Name 8901,USER - 08901,Department 1918,Manual
User Name 8902,USER - 08902,Department 2012,Manual
User Name 8903,USER - 08903,Department 2001,Manual
User Name 8904,USER - 08904,Department 2045,Manual
User Name 8905,USER - 08905,Department 1934,Manual
User Name 8906,USER - 08906,Department 1918,Manual
User Name 8907,USER - 08907,Department 1761,Manual
User Name 8908,USER - 08908,Department 1760,Manual
User Name 8909,USER - 08909,Department 2012,Manual
User Name 8910,USER - 08910,Department 2001,Manual
User Name 8911,USER - 08911,Department 1195,Manual
User Name 8912,USER - 08912,Department 1867,Manual
User Name 8913,USER - 08913,Department 437,Manual
User Name 8914,USER - 08914,Department 2013,Manual
User Name 8915,USER - 08915,Department 3570,Manual
User Name 8916,USER - 08916,Department 1929,Manual
User Name 8917,USER - 08917,Department 2094,Manual
User Name 8918,USER - 08918,Department 2051,Manual
User Name 8919,USER - 08919,Department 347,Manual
User Name 8920,USER - 08920,Department 347,Manual
User Name 8921,USER - 08921,Department 1104,Manual
User Name 8922,USER - 08922,Department 3337,Manual
User Name 8923,USER - 08923,Department 3341,Manual
User Name 8924,USER - 08924,Department 1738,Manual
User Name 8925,USER - 08925,Department 1746,Manual
User Name 8926,USER - 08926,Department 2095,Manual
User Name 8927,USER - 08927,Department 3339,Manual
User Name 8928,USER - 08928,Department 3338,Manual
User Name 8929,USER - 08929,Department 3341,Manual
User Name 8930,USER - 08930,Department 1023,Manual
User Name 8931,USER - 08931,Department 1023,Manual
User Name 8932,USER - 08932,Department 3354,Manual
User Name 8933,USER - 08933,Department 3353,Manual
User Name 8934,USER - 08934,Department 2061,Manual
User Name 8935,USER - 08935,Department 1764,Manual
User Name 8936,USER - 08936,Department 1735,Manual
User Name 8937,USER - 08937,Department 2071,Manual
User Name 8938,USER - 08938,Department 1771,Manual
User Name 8939,USER - 08939,Department 347,Manual
User Name 8940,USER - 08940,Department 1764,Manual
User Name 8941,USER - 08941,Department 1968,Manual
User Name 8942,USER - 08942,Department 1810,Manual
User Name 8943,USER - 08943,Department 1748,Manual
User Name 8944,USER - 08944,Department 2095,Manual
User Name 8945,USER - 08945,Department 3338,Manual
User Name 8946,USER - 08946,Department 1920,Manual
User Name 8947,USER - 08947,Department 1897,Manual
User Name 8948,USER - 08948,Department 1895,Manual
User Name 8949,USER - 08949,Department 1897,Manual
User Name 8950,USER - 08950,Department 1855,Manual
User Name 8951,USER - 08951,Department 2051,Manual
User Name 8952,USER - 08952,Department 1928,Manual
User Name 8953,USER - 08953,Department 2061,Manual
User Name 8954,USER - 08954,Department 2001,Manual
User Name 8955,USER - 08955,Department 1749,Manual
User Name 8956,USER - 08956,Department 1894,Manual
User Name 8957,USER - 08957,Department 2126,Manual
User Name 8958,USER - 08958,Department 1810,Manual
User Name 8959,USER - 08959,Department 1897,Manual
User Name 8960,USER - 08960,Department 3341,Manual
User Name 8961,USER - 08961,Department 1752,Manual
User Name 8962,USER - 08962,Department 3359,Manual
User Name 8963,USER - 08963,Department 2052,Manual
User Name 8964,USER - 08964,Department 3341,Manual
User Name 8965,USER - 08965,Department 1934,Manual
User Name 8966,USER - 08966,Department 2002,Manual
User Name 8967,USER - 08967,Department 1042,Manual
User Name 8968,USER - 08968,Department 1934,Manual
User Name 8969,USER - 08969,Department 3338,Manual
User Name 8970,USER - 08970,Department 2097,Manual
User Name 8971,USER - 08971,Department 1967,Manual
User Name 8972,USER - 08972,Department 1923,Manual
User Name 8973,USER - 08973,Department 2092,Manual
User Name 8974,USER - 08974,Department 2097,Manual
User Name 8975,USER - 08975,Department 1805,Manual
User Name 8976,USER - 08976,Department 1805,Manual
User Name 8977,USER - 08977,Department 1964,Manual
User Name 8978,USER - 08978,Department 1920,Manual
User Name 8979,USER - 08979,Department 1832,Manual
User Name 8980,USER - 08980,Department 2051,Manual
User Name 8981,USER - 08981,Department 2097,Manual
User Name 8982,USER - 08982,Department 3335,Manual
User Name 8983,USER - 08983,Department 2043,Manual
User Name 8984,USER - 08984,Department 1920,Manual
User Name 8985,USER - 08985,Department 3461,Manual
User Name 8986,USER - 08986,Department 2982,Manual
User Name 8987,USER - 08987,Department 3350,Manual
User Name 8988,USER - 08988,Department 1536,Manual
User Name 8989,USER - 08989,Department 713,Manual
User Name 8990,USER - 08990,Department 276,Manual
User Name 8991,USER - 08991,Department 2242,Manual
User Name 8992,USER - 08992,Department 1349,Manual
User Name 8993,USER - 08993,Department 1022,Manual
User Name 8994,USER - 08994,Department 1258,Manual
User Name 8995,USER - 08995,Department 3603,Manual
User Name 8996,USER - 08996,Department 2866,Manual
User Name 8997,USER - 08997,Department 2409,Manual
User Name 8998,USER - 08998,Department 496,Manual
User Name 8999,USER - 08999,Department 797,Manual
User Name 9000,USER - 09000,Department 797,Manual
User Name 9001,USER - 09001,Department 3237,Manual
User Name 9002,USER - 09002,Department 3355,Manual
User Name 9003,USER - 09003,Department 226,Manual
User Name 9004,USER - 09004,Department 2582,Manual
User Name 9005,USER - 09005,Department 3229,Manual
User Name 9006,USER - 09006,Department 3229,Manual
User Name 9007,USER - 09007,Department 3322,Manual
User Name 9008,USER - 09008,Department 3320,Manual
User Name 9009,USER - 09009,Department 1112,Manual
User Name 9010,USER - 09010,Department 3627,Manual
User Name 9011,USER - 09011,Department 1117,Manual
User Name 9012,USER - 09012,Department 86,Manual
User Name 9013,USER - 09013,Department 121,Manual
User Name 9014,USER - 09014,Department 210,Manual
User Name 9015,USER - 09015,Department 206,Manual
User Name 9016,USER - 09016,Department 183,Manual
User Name 9017,USER - 09017,Department 212,Manual
User Name 9018,USER - 09018,Department 183,Manual
User Name 9019,USER - 09019,Department 259,Manual
User Name 9020,USER - 09020,Department 235,Manual
User Name 9021,USER - 09021,Department 1674,Manual
User Name 9022,USER - 09022,Department 121,Manual
User Name 9023,USER - 09023,Department 1691,Manual
User Name 9024,USER - 09024,Department 207,Manual
User Name 9025,USER - 09025,Department 2559,Manual
User Name 9026,USER - 09026,Department 915,Manual
User Name 9027,USER - 09027,Department 3052,Manual
User Name 9028,USER - 09028,Department 852,Manual
User Name 9029,USER - 09029,Department 2583,Manual
User Name 9030,USER - 09030,Department 1665,Manual
User Name 9031,USER - 09031,Department 2826,Manual
User Name 9032,USER - 09032,Department 2584,Manual
User Name 9033,USER - 09033,Department 823,Manual
User Name 9034,USER - 09034,Department 838,Manual
User Name 9035,USER - 09035,Department 2265,Manual
User Name 9036,USER - 09036,Department 2894,Manual
User Name 9037,USER - 09037,Department 2456,Manual
User Name 9038,USER - 09038,Department 2826,Manual
User Name 9039,USER - 09039,Department 546,Manual
User Name 9040,USER - 09040,Department 3290,Manual
User Name 9041,USER - 09041,Department 2152,Manual
User Name 9042,USER - 09042,Department 2597,Manual
User Name 9043,USER - 09043,Department 2597,Manual
User Name 9044,USER - 09044,Department 2597,Manual
User Name 9045,USER - 09045,Department 2316,Manual
User Name 9046,USER - 09046,Department 834,Manual
User Name 9047,USER - 09047,Department 2364,Manual
User Name 9048,USER - 09048,Department 546,Manual
User Name 9049,USER - 09049,Department 474,Manual
User Name 9050,USER - 09050,Department 846,Manual
User Name 9051,USER - 09051,Department 1667,Manual
User Name 9052,USER - 09052,Department 709,Manual
User Name 9053,USER - 09053,Department 2469,Manual
User Name 9054,USER - 09054,Department 2469,Manual
User Name 9055,USER - 09055,Department 1667,Manual
User Name 9056,USER - 09056,Department 953,Manual
User Name 9057,USER - 09057,Department 943,Manual
User Name 9058,USER - 09058,Department 3038,Manual
User Name 9059,USER - 09059,Department 420,Manual
User Name 9060,USER - 09060,Department 858,Manual
User Name 9061,USER - 09061,Department 1321,Manual
User Name 9062,USER - 09062,Department 1274,Manual
User Name 9063,USER - 09063,Department 214,Manual
User Name 9064,USER - 09064,Department 942,Manual
User Name 9065,USER - 09065,Department 1868,Manual
User Name 9066,USER - 09066,Department 520,Manual
User Name 9067,USER - 09067,Department 3040,Manual
User Name 9068,USER - 09068,Department 3037,Manual
User Name 9069,USER - 09069,Department 3339,Manual
User Name 9070,USER - 09070,Department 3091,Manual
User Name 9071,USER - 09071,Department 1735,Manual
User Name 9072,USER - 09072,Department 3000,Manual
User Name 9073,USER - 09073,Department 1949,Manual
User Name 9074,USER - 09074,Department 3000,Manual
User Name 9075,USER - 09075,Department 838,Manual
User Name 9076,USER - 09076,Department 1328,Manual
User Name 9077,USER - 09077,Department 714,Manual
User Name 9078,USER - 09078,Department 2992,Manual
User Name 9079,USER - 09079,Department 2988,Manual
User Name 9080,USER - 09080,Department 2173,Manual
User Name 9081,USER - 09081,Department 1286,Manual
User Name 9082,USER - 09082,Department 1286,Manual
User Name 9083,USER - 09083,Department 1286,Manual
User Name 9084,USER - 09084,Department 1336,Manual
User Name 9085,USER - 09085,Department 1289,Manual
User Name 9086,USER - 09086,Department 1810,Manual
User Name 9087,USER - 09087,Department 1289,Manual
User Name 9088,USER - 09088,Department 3658,Manual
User Name 9089,USER - 09089,Department 190,Manual
User Name 9090,USER - 09090,Department 247,Manual
User Name 9091,USER - 09091,Department 3685,Manual
User Name 9092,USER - 09092,Department 199,Manual
User Name 9093,USER - 09093,Department 2207,Manual
User Name 9094,USER - 09094,Department 2183,Manual
User Name 9095,USER - 09095,Department 2528,Manual
User Name 9096,USER - 09096,Department 2049,Manual
User Name 9097,USER - 09097,Department 3312,Manual
User Name 9098,USER - 09098,Department 2187,Manual
User Name 9099,USER - 09099,Department 1393,Manual
User Name 9100,USER - 09100,Department 409,Manual
User Name 9101,USER - 09101,Department 2526,Manual
User Name 9102,USER - 09102,Department 2215,Manual
User Name 9103,USER - 09103,Department 1081,Manual
User Name 9104,USER - 09104,Department 672,Manual
User Name 9105,USER - 09105,Department 3642,Manual
User Name 9106,USER - 09106,Department 2526,Manual
User Name 9107,USER - 09107,Department 859,Manual
User Name 9108,USER - 09108,Department 2361,Manual
User Name 9109,USER - 09109,Department 2210,Manual
User Name 9110,USER - 09110,Department 2265,Manual
User Name 9111,USER - 09111,Department 3011,Manual
User Name 9112,USER - 09112,Department 3028,Manual
User Name 9113,USER - 09113,Department 3074,Manual
User Name 9114,USER - 09114,Department 505,Manual
User Name 9115,USER - 09115,Department 359,Manual
User Name 9116,USER - 09116,Department 2604,Manual
User Name 9117,USER - 09117,Department 1392,Manual
User Name 9118,USER - 09118,Department 1949,Manual
User Name 9119,USER - 09119,Department 946,Manual
User Name 9120,USER - 09120,Department 1786,Manual
User Name 9121,USER - 09121,Department 530,Manual
User Name 9122,USER - 09122,Department 79,Manual
User Name 9123,USER - 09123,Department 270,Manual
User Name 9124,USER - 09124,Department 270,Manual
User Name 9125,USER - 09125,Department 3731,Manual
User Name 9126,USER - 09126,Department 270,Manual
User Name 9127,USER - 09127,Department 270,Manual
User Name 9128,USER - 09128,Department 270,Manual
User Name 9129,USER - 09129,Department 270,Manual
User Name 9130,USER - 09130,Department 3309,Manual
User Name 9131,USER - 09131,Department 3732,Manual
User Name 9132,USER - 09132,Department 3732,Manual
User Name 9133,USER - 09133,Department 3734,Manual
User Name 9134,USER - 09134,Department 3733,Manual
User Name 9135,USER - 09135,Department 3735,Manual
User Name 9136,USER - 09136,Department 1805,Manual
User Name 9137,USER - 09137,Department 3734,Manual
User Name 9138,USER - 09138,Department 3735,Manual
User Name 9139,USER - 09139,Department 3733,Manual
User Name 9140,USER - 09140,Department 3734,Manual
User Name 9141,USER - 09141,Department 3733,Manual
User Name 9142,USER - 09142,Department 3732,Manual
User Name 9143,USER - 09143,Department 3733,Manual
User Name 9144,USER - 09144,Department 1209,Manual
User Name 9145,USER - 09145,Department 1188,Manual
User Name 9146,USER - 09146,Department 1209,Manual
User Name 9147,USER - 09147,Department 1735,Manual
User Name 9148,USER - 09148,Department 1233,Manual
User Name 9149,USER - 09149,Department 3026,Manual
User Name 9150,USER - 09150,Department 144,Manual
User Name 9151,USER - 09151,Department 1189,Manual
User Name 9152,USER - 09152,Department 1231,Manual
User Name 9153,USER - 09153,Department 1188,Manual
User Name 9154,USER - 09154,Department 2816,Manual
User Name 9155,USER - 09155,Department 1233,Manual
User Name 9156,USER - 09156,Department 721,Manual
User Name 9157,USER - 09157,Department 2005,Manual
User Name 9158,USER - 09158,Department 1233,Manual
User Name 9159,USER - 09159,Department 1233,Manual
User Name 9160,USER - 09160,Department 1231,Manual
User Name 9161,USER - 09161,Department 1209,Manual
User Name 9162,USER - 09162,Department 2254,Manual
User Name 9163,USER - 09163,Department 3310,Manual
User Name 9164,USER - 09164,Department 3309,Manual
User Name 9165,USER - 09165,Department 1877,Manual
User Name 9166,USER - 09166,Department 1712,Manual
User Name 9167,USER - 09167,Department 1712,Manual
User Name 9168,USER - 09168,Department 1712,Manual
User Name 9169,USER - 09169,Department 1367,Manual
User Name 9170,USER - 09170,Department 2554,Manual
User Name 9171,USER - 09171,Department 2530,Manual
User Name 9172,USER - 09172,Department 2215,Manual
User Name 9173,USER - 09173,Department 3207,Manual
User Name 9174,USER - 09174,Department 1294,Manual
User Name 9175,USER - 09175,Department 946,Manual
User Name 9176,USER - 09176,Department 453,Manual
User Name 9177,USER - 09177,Department 2597,Manual
User Name 9178,USER - 09178,Department 1061,Manual
User Name 9179,USER - 09179,Department 394,Manual
User Name 9180,USER - 09180,Department 3082,Manual
User Name 9181,USER - 09181,Department 1436,Manual
User Name 9182,USER - 09182,Department 2914,Manual
User Name 9183,USER - 09183,Department 3082,Manual
User Name 9184,USER - 09184,Department 3082,Manual
User Name 9185,USER - 09185,Department 2056,Manual
User Name 9186,USER - 09186,Department 135,Manual
User Name 9187,USER - 09187,Department 2070,Manual
User Name 9188,USER - 09188,Department 3584,Manual
User Name 9189,USER - 09189,Department 1770,Manual
User Name 9190,USER - 09190,Department 2968,Manual
User Name 9191,USER - 09191,Department 460,Manual
User Name 9192,USER - 09192,Department 1504,Manual
User Name 9193,USER - 09193,Department 3325,Manual
User Name 9194,USER - 09194,Department 3325,Manual
User Name 9195,USER - 09195,Department 3326,Manual
User Name 9196,USER - 09196,Department 1842,Manual
User Name 9197,USER - 09197,Department 838,Manual
User Name 9198,USER - 09198,Department 401,Manual
User Name 9199,USER - 09199,Department 1183,Manual
User Name 9200,USER - 09200,Department 1356,Manual
User Name 9201,USER - 09201,Department 1341,Manual
User Name 9202,USER - 09202,Department 1407,Manual
User Name 9203,USER - 09203,Department 1271,Manual
User Name 9204,USER - 09204,Department 1218,Manual
User Name 9205,USER - 09205,Department 1452,Manual
User Name 9206,USER - 09206,Department 2381,Manual
User Name 9207,USER - 09207,Department 1130,Manual
User Name 9208,USER - 09208,Department 3066,Manual
User Name 9209,USER - 09209,Department 1407,Manual
User Name 9210,USER - 09210,Department 1345,Manual
User Name 2837,USER - 02837,Department 1567,Manual
User Name 9212,USER - 09212,Department 3155,Manual
User Name 9213,USER - 09213,Department 851,Manual
User Name 9214,USER - 09214,Department 1447,Manual
User Name 9215,USER - 09215,Department 3538,Manual
User Name 9216,USER - 09216,Department 2927,Manual
User Name 9217,USER - 09217,Department 1504,Manual
User Name 9218,USER - 09218,Department 1218,Manual
User Name 9219,USER - 09219,Department 433,Manual
User Name 9220,USER - 09220,Department 1383,Manual
User Name 9221,USER - 09221,Department 1325,Manual
User Name 9222,USER - 09222,Department 1406,Manual
User Name 9223,USER - 09223,Department 1247,Manual
User Name 9224,USER - 09224,Department 1504,Manual
User Name 9225,USER - 09225,Department 1184,Manual
User Name 9226,USER - 09226,Department 1406,Manual
User Name 9227,USER - 09227,Department 3609,Manual
User Name 9228,USER - 09228,Department 1381,Manual
User Name 9229,USER - 09229,Department 524,Manual
User Name 9230,USER - 09230,Department 3734,Manual
User Name 9231,USER - 09231,Department 3583,Manual
User Name 9232,USER - 09232,Department 1835,Manual
User Name 9233,USER - 09233,Department 1811,Manual
User Name 9234,USER - 09234,Department 3256,Manual
User Name 9235,USER - 09235,Department 1873,Manual
User Name 9236,USER - 09236,Department 789,Manual
User Name 9237,USER - 09237,Department 2986,Manual
User Name 9238,USER - 09238,Department 1924,Manual
User Name 9239,USER - 09239,Department 2568,Manual
User Name 9240,USER - 09240,Department 2067,Manual
User Name 9241,USER - 09241,Department 498,Manual
User Name 9242,USER - 09242,Department 471,Manual
User Name 3232,USER - 03232,Department 457,Manual
User Name 9244,USER - 09244,Department 456,Manual
User Name 9245,USER - 09245,Department 2016,Manual
User Name 9246,USER - 09246,Department 1831,Manual
User Name 9247,USER - 09247,Department 1035,Manual
User Name 9248,USER - 09248,Department 3149,Manual
User Name 9249,USER - 09249,Department 1277,Manual
User Name 9250,USER - 09250,Department 3269,Manual
User Name 9251,USER - 09251,Department 2399,Manual
User Name 9252,USER - 09252,Department 2399,Manual
User Name 9253,USER - 09253,Department 3331,Manual
User Name 9254,USER - 09254,Department 2171,Manual
User Name 9255,USER - 09255,Department 2171,Manual
User Name 9256,USER - 09256,Department 3196,Manual
User Name 9257,USER - 09257,Department 3270,Manual
User Name 9258,USER - 09258,Department 2170,Manual
User Name 9259,USER - 09259,Department 3172,Manual
User Name 9260,USER - 09260,Department 3382,Manual
User Name 9261,USER - 09261,Department 1950,Manual
User Name 9262,USER - 09262,Department 1695,Manual
User Name 9263,USER - 09263,Department 1966,Manual
User Name 9264,USER - 09264,Department 750,Manual
User Name 9265,USER - 09265,Department 1742,Manual
User Name 9266,USER - 09266,Department 2473,Manual
User Name 9267,USER - 09267,,Manual
User Name 9268,USER - 09268,Department 1645,Manual
User Name 9269,USER - 09269,Department 661,Manual
User Name 9270,USER - 09270,Department 632,Manual
User Name 9271,USER - 09271,Department 2376,Manual
User Name 9272,USER - 09272,Department 3105,Manual
User Name 9273,USER - 09273,Department 457,Manual
User Name 9274,USER - 09274,Department 2592,Manual
User Name 9275,USER - 09275,Department 2592,Manual
User Name 9276,USER - 09276,Department 3258,Manual
User Name 9277,USER - 09277,Department 2391,Manual
User Name 9278,USER - 09278,Department 3329,Manual
User Name 9279,USER - 09279,Department 2489,Manual
User Name 9280,USER - 09280,Department 3609,Manual
User Name 9281,USER - 09281,Department 3012,Manual
User Name 9282,USER - 09282,,Manual
User Name 9283,USER - 09283,Department 1643,Manual
User Name 9284,USER - 09284,Department 3249,Manual
User Name 9285,USER - 09285,Department 1235,Manual
User Name 9286,USER - 09286,Department 1812,Manual
User Name 9287,USER - 09287,Department 1854,Manual
User Name 9288,USER - 09288,Department 89,Manual
User Name 9289,USER - 09289,Department 2004,Manual
User Name 9290,USER - 09290,Department 2477,Manual
User Name 9291,USER - 09291,Department 623,Manual
User Name 9292,USER - 09292,Department 1362,Manual
User Name 9293,USER - 09293,Department 1420,Manual
User Name 9294,USER - 09294,Department 2097,Manual
User Name 9295,USER - 09295,Department 163,Manual
User Name 9296,USER - 09296,Department 266,Manual
User Name 9297,USER - 09297,Department 3428,Manual
User Name 9298,USER - 09298,Department 1296,Manual
User Name 9299,USER - 09299,Department 1974,Manual
User Name 9300,USER - 09300,Department 3115,Manual
User Name 9301,USER - 09301,Department 646,Manual
User Name 9302,USER - 09302,Department 1286,Manual
User Name 9303,USER - 09303,Department 1950,Manual
User Name 9304,USER - 09304,Department 1928,Manual
User Name 9305,USER - 09305,Department 856,Manual
User Name 9306,USER - 09306,Department 3330,Manual
User Name 9307,USER - 09307,Department 1864,Manual
User Name 9308,USER - 09308,Department 1068,Manual
User Name 9309,USER - 09309,Department 2995,Manual
User Name 9310,USER - 09310,Department 2999,Manual
User Name 9311,USER - 09311,Department 1384,Manual
User Name 9312,USER - 09312,Department 2968,Manual
User Name 9313,USER - 09313,Department 1898,Manual
User Name 9314,USER - 09314,Department 1068,Manual
User Name 9315,USER - 09315,Department 1918,Manual
User Name 9316,USER - 09316,Department 899,Manual
User Name 9317,USER - 09317,Department 918,Manual
User Name 9318,USER - 09318,Department 918,Manual
User Name 9319,USER - 09319,Department 1791,Manual
User Name 9320,USER - 09320,Department 1223,Manual
User Name 4614,USER - 04614,Department 913,Manual
User Name 9322,USER - 09322,Department 1068,Manual
User Name 9323,USER - 09323,Department 1235,Manual
User Name 9324,USER - 09324,Department 1165,Manual
User Name 9325,USER - 09325,Department 1224,Manual
User Name 9326,USER - 09326,Department 2509,Manual
User Name 9327,USER - 09327,Department 918,Manual
User Name 9328,USER - 09328,Department 1796,Manual
User Name 9329,USER - 09329,Department 530,Manual
User Name 9330,USER - 09330,Department 1791,Manual
User Name 9331,USER - 09331,Department 16,Manual
User Name 9332,USER - 09332,Department 3402,Manual
User Name 9333,USER - 09333,Department 549,Manual
User Name 9334,USER - 09334,Department 1878,Manual
User Name 9335,USER - 09335,Department 2703,Manual
User Name 9336,USER - 09336,Department 2003,Manual
User Name 9337,USER - 09337,Department 3590,Manual
User Name 9338,USER - 09338,Department 891,Manual
User Name 9339,USER - 09339,Department 2291,Manual
User Name 9340,USER - 09340,Department 2348,Manual
User Name 9341,USER - 09341,Department 1864,Manual
User Name 9342,USER - 09342,Department 1243,Manual
User Name 9343,USER - 09343,Department 1243,Manual
User Name 9344,USER - 09344,Department 2350,Manual
User Name 9345,USER - 09345,Department 1157,Manual
User Name 9346,USER - 09346,Department 1739,Manual
User Name 9347,USER - 09347,Department 1243,Manual
User Name 9348,USER - 09348,Department 1646,Manual
User Name 9349,USER - 09349,Department 1758,Manual
User Name 9350,USER - 09350,Department 1919,Manual
User Name 9351,USER - 09351,Department 1246,Manual
User Name 9352,USER - 09352,Department 1172,Manual
User Name 9353,USER - 09353,Department 1191,Manual
User Name 9354,USER - 09354,Department 1189,Manual
User Name 9355,USER - 09355,Department 1249,Manual
User Name 9356,USER - 09356,Department 1249,Manual
User Name 9357,USER - 09357,Department 1250,Manual
User Name 9358,USER - 09358,Department 1244,Manual
User Name 9359,USER - 09359,Department 1249,Manual
User Name 9360,USER - 09360,Department 1162,Manual
User Name 9361,USER - 09361,Department 3441,Manual
User Name 9362,USER - 09362,Department 1201,Manual
User Name 9363,USER - 09363,Department 1068,Manual
User Name 9364,USER - 09364,Department 1068,Manual
User Name 9365,USER - 09365,Department 1068,Manual
User Name 9366,USER - 09366,Department 1068,Manual
User Name 9367,USER - 09367,Department 1068,Manual
User Name 9368,USER - 09368,Department 1068,Manual
User Name 9369,USER - 09369,Department 1068,Manual
User Name 9370,USER - 09370,Department 1746,Manual
User Name 9371,USER - 09371,Department 1068,Manual
User Name 9372,USER - 09372,Department 1068,Manual
User Name 9373,USER - 09373,Department 1400,Manual
User Name 9374,USER - 09374,Department 1453,Manual
User Name 9375,USER - 09375,Department 1373,Manual
User Name 9376,USER - 09376,Department 1796,Manual
User Name 9377,USER - 09377,Department 947,Manual
User Name 9378,USER - 09378,Department 918,Manual
User Name 9379,USER - 09379,Department 98,Manual
User Name 9380,USER - 09380,Department 98,Manual
User Name 9381,USER - 09381,Department 2106,Manual
User Name 9382,USER - 09382,Department 1692,Manual
User Name 9383,USER - 09383,Department 529,Manual
User Name 9384,USER - 09384,Department 1927,Manual
User Name 9385,USER - 09385,Department 2072,Manual
User Name 9386,USER - 09386,Department 2095,Manual
User Name 9387,USER - 09387,Department 2114,Manual
User Name 9388,USER - 09388,Department 2115,Manual
User Name 9389,USER - 09389,Department 1864,Manual
User Name 9390,USER - 09390,Department 2424,Manual
User Name 9391,USER - 09391,Department 1810,Manual
User Name 9392,USER - 09392,Department 1810,Manual
User Name 9393,USER - 09393,Department 1810,Manual
User Name 9394,USER - 09394,Department 1810,Manual
User Name 9395,USER - 09395,Department 1174,Manual
User Name 9396,USER - 09396,Department 1582,Manual
User Name 9397,USER - 09397,Department 1993,Manual
User Name 9398,USER - 09398,Department 3001,Manual
User Name 9399,USER - 09399,Department 1133,Manual
User Name 9400,USER - 09400,Department 2124,Manual
User Name 9401,USER - 09401,Department 2995,Manual
User Name 9402,USER - 09402,Department 1709,Manual
User Name 9403,USER - 09403,Department 2976,Manual
User Name 9404,USER - 09404,Department 2999,Manual
User Name 9405,USER - 09405,Department 2986,Manual
User Name 9406,USER - 09406,Department 1291,Manual
User Name 9407,USER - 09407,Department 3246,Manual
User Name 9408,USER - 09408,Department 1440,Manual
User Name 9409,USER - 09409,Department 1737,Manual
User Name 9410,USER - 09410,Department 3345,Manual
User Name 9411,USER - 09411,Department 1498,Manual
User Name 9412,USER - 09412,Department 1991,Manual
User Name 9413,USER - 09413,Department 2039,Manual
User Name 9414,USER - 09414,Department 2058,Manual
User Name 9415,USER - 09415,Department 1589,Manual
User Name 9416,USER - 09416,Department 3104,Manual
User Name 9417,USER - 09417,Department 1409,Manual
User Name 9418,USER - 09418,Department 1294,Manual
User Name 9419,USER - 09419,Department 541,Manual
User Name 9420,USER - 09420,Department 2917,Manual
User Name 9421,USER - 09421,Department 2922,Manual
User Name 9422,USER - 09422,Department 1275,Manual
User Name 9423,USER - 09423,Department 2993,Manual
User Name 9424,USER - 09424,Department 2490,Manual
User Name 9425,USER - 09425,Department 3351,Manual
User Name 9426,USER - 09426,Department 3299,Manual
User Name 9427,USER - 09427,Department 3227,Manual
User Name 9428,USER - 09428,Department 1796,Manual
User Name 9429,USER - 09429,Department 2629,Manual
User Name 9430,USER - 09430,Department 3224,Manual
User Name 9431,USER - 09431,Department 3227,Manual
User Name 9432,USER - 09432,Department 1342,Manual
User Name 9433,USER - 09433,Department 1236,Manual
User Name 9434,USER - 09434,Department 2110,Manual
User Name 9435,USER - 09435,Department 3238,Manual
User Name 9436,USER - 09436,Department 3237,Manual
User Name 9437,USER - 09437,Department 1673,Manual
User Name 9438,USER - 09438,Department 1670,Manual
User Name 9439,USER - 09439,Department 425,Manual
User Name 9440,USER - 09440,Department 3219,Manual
User Name 9441,USER - 09441,Department 128,Manual
User Name 9442,USER - 09442,Department 3238,Manual
User Name 9443,USER - 09443,Department 124,Manual
User Name 9444,USER - 09444,Department 1674,Manual
User Name 9445,USER - 09445,Department 732,Manual
User Name 9446,USER - 09446,Department 615,Manual
User Name 9447,USER - 09447,Department 1895,Manual
User Name 9448,USER - 09448,Department 1875,Manual
User Name 9449,USER - 09449,Department 1895,Manual
User Name 9450,USER - 09450,Department 137,Manual
User Name 9451,USER - 09451,Department 2005,Manual
User Name 9452,USER - 09452,Department 2017,Manual
User Name 9453,USER - 09453,Department 2075,Manual
User Name 9454,USER - 09454,Department 1996,Manual
User Name 9455,USER - 09455,Department 1134,Manual
User Name 9456,USER - 09456,Department 1444,Manual
User Name 9457,USER - 09457,Department 2047,Manual
User Name 9458,USER - 09458,Department 1929,Manual
User Name 9459,USER - 09459,Department 2013,Manual
User Name 9460,USER - 09460,Department 1753,Manual
User Name 9461,USER - 09461,Department 2539,Manual
User Name 9462,USER - 09462,Department 2528,Manual
User Name 9463,USER - 09463,Department 2219,Manual
User Name 9464,USER - 09464,Department 2530,Manual
User Name 9465,USER - 09465,Department 1871,Manual
User Name 9466,USER - 09466,Department 1923,Manual
User Name 9467,USER - 09467,Department 1998,Manual
User Name 9468,USER - 09468,Department 1864,Manual
User Name 9469,USER - 09469,Department 1287,Manual
User Name 9470,USER - 09470,Department 1875,Manual
User Name 9471,USER - 09471,Department 1695,Manual
User Name 9472,USER - 09472,Department 1706,Manual
User Name 9473,USER - 09473,Department 1893,Manual
User Name 9474,USER - 09474,Department 1907,Manual
User Name 9475,USER - 09475,Department 1780,Manual
User Name 9476,USER - 09476,Department 1781,Manual
User Name 9477,USER - 09477,Department 1919,Manual
User Name 9478,USER - 09478,Department 796,Manual
User Name 9479,USER - 09479,Department 664,Manual
User Name 9480,USER - 09480,Department 2155,Manual
User Name 9481,USER - 09481,Department 665,Manual
User Name 9482,USER - 09482,Department 490,Manual
User Name 9483,USER - 09483,Department 677,Manual
User Name 9484,USER - 09484,Department 2379,Manual
User Name 9485,USER - 09485,Department 2155,Manual
User Name 9486,USER - 09486,Department 664,Manual
User Name 9487,USER - 09487,Department 671,Manual
User Name 9488,USER - 09488,Department 664,Manual
User Name 9489,USER - 09489,Department 671,Manual
User Name 9490,USER - 09490,Department 679,Manual
User Name 9491,USER - 09491,Department 672,Manual
User Name 9492,USER - 09492,Department 664,Manual
User Name 9493,USER - 09493,Department 2680,Manual
User Name 9494,USER - 09494,Department 664,Manual
User Name 9495,USER - 09495,Department 678,Manual
User Name 9496,USER - 09496,Department 664,Manual
User Name 9497,USER - 09497,Department 3115,Manual
User Name 9498,USER - 09498,Department 2148,Manual
User Name 9499,USER - 09499,Department 3005,Manual
User Name 9500,USER - 09500,Department 536,Manual
User Name 9501,USER - 09501,Department 1645,Manual
User Name 9502,USER - 09502,Department 1887,Automatic
User Name 9503,USER - 09503,Department 684,Manual
User Name 9504,USER - 09504,Department 664,Manual
User Name 9505,USER - 09505,Department 2085,Manual
User Name 9506,USER - 09506,Department 2070,Manual
User Name 9507,USER - 09507,Department 2070,Manual
User Name 9508,USER - 09508,Department 2070,Manual
User Name 9509,USER - 09509,Department 2851,Manual
User Name 9510,USER - 09510,Department 671,Manual
User Name 9511,USER - 09511,Department 2226,Manual
User Name 9512,USER - 09512,Department 2230,Manual
User Name 9513,USER - 09513,Department 1014,Manual
User Name 9514,USER - 09514,Department 1092,Manual
User Name 9515,USER - 09515,Department 671,Manual
User Name 9516,USER - 09516,Department 405,Manual
User Name 9517,USER - 09517,Department 664,Manual
User Name 9518,USER - 09518,Department 1862,Manual
User Name 9519,USER - 09519,Department 2214,Manual
User Name 9520,USER - 09520,Department 2072,Manual
User Name 9521,USER - 09521,Department 680,Manual
User Name 9522,USER - 09522,Department 1628,Manual
User Name 9523,USER - 09523,Department 2980,Manual
User Name 9524,USER - 09524,Department 2224,Manual
User Name 9525,USER - 09525,Department 2224,Manual
User Name 9526,USER - 09526,Department 2224,Manual
User Name 9527,USER - 09527,Department 2225,Manual
User Name 9528,USER - 09528,Department 2224,Manual
User Name 9529,USER - 09529,Department 2224,Manual
User Name 9530,USER - 09530,Department 2903,Manual
User Name 9531,USER - 09531,Department 2232,Manual
User Name 9532,USER - 09532,Department 2228,Manual
User Name 9533,USER - 09533,Department 2225,Manual
User Name 9534,USER - 09534,Department 2980,Manual
User Name 9535,USER - 09535,Department 2225,Manual
User Name 9536,USER - 09536,Department 2225,Manual
User Name 9537,USER - 09537,Department 490,Manual
User Name 9538,USER - 09538,Department 2068,Manual
User Name 9539,USER - 09539,Department 2214,Manual
User Name 9540,USER - 09540,Department 2628,Manual
User Name 9541,USER - 09541,Department 662,Manual
User Name 9542,USER - 09542,Department 1100,Manual
User Name 9543,USER - 09543,Department 3532,Manual
User Name 9544,USER - 09544,Department 2226,Manual
User Name 9545,USER - 09545,Department 2856,Manual
User Name 9546,USER - 09546,Department 552,Manual
User Name 9547,USER - 09547,Department 1740,Manual
User Name 9548,USER - 09548,Department 490,Manual
User Name 9549,USER - 09549,Department 671,Manual
User Name 9550,USER - 09550,Department 676,Manual
User Name 9551,USER - 09551,Department 669,Manual
User Name 9552,USER - 09552,Department 1007,Manual
User Name 9553,USER - 09553,Department 2831,Manual
User Name 9554,USER - 09554,Department 2219,Manual
User Name 9555,USER - 09555,Department 2654,Manual
User Name 9556,USER - 09556,Department 2206,Manual
User Name 9557,USER - 09557,Department 2238,Manual
User Name 9558,USER - 09558,Department 2175,Manual
User Name 9559,USER - 09559,Department 149,Manual
User Name 9560,USER - 09560,Department 2203,Manual
User Name 9561,USER - 09561,Department 2040,Manual
User Name 9562,USER - 09562,Department 1854,Manual
User Name 9563,USER - 09563,Department 1811,Manual
User Name 9564,USER - 09564,Department 2070,Manual
User Name 9565,USER - 09565,Department 1839,Manual
User Name 9566,USER - 09566,Department 2070,Manual
User Name 9567,USER - 09567,Department 1781,Manual
User Name 9568,USER - 09568,Department 2746,Manual
User Name 9569,USER - 09569,Department 2183,Manual
User Name 9570,USER - 09570,Department 1768,Manual
User Name 9571,USER - 09571,Department 1835,Manual
User Name 9572,USER - 09572,Department 2009,Manual
User Name 9573,USER - 09573,Department 2030,Manual
User Name 9574,USER - 09574,Department 2024,Manual
User Name 9575,USER - 09575,Department 1626,Manual
User Name 9576,USER - 09576,Department 2208,Manual
User Name 9577,USER - 09577,Department 148,Manual
User Name 9578,USER - 09578,Department 2029,Manual
User Name 9579,USER - 09579,Department 2016,Manual
User Name 9580,USER - 09580,Department 2013,Manual
User Name 9581,USER - 09581,Department 2741,Manual
User Name 9582,USER - 09582,Department 1859,Manual
User Name 9583,USER - 09583,Department 1789,Manual
User Name 9584,USER - 09584,Department 2070,Manual
User Name 9585,USER - 09585,Department 2012,Manual
User Name 9586,USER - 09586,Department 2046,Manual
User Name 9587,USER - 09587,Department 2731,Manual
User Name 9588,USER - 09588,Department 1968,Manual
User Name 9589,USER - 09589,Department 2027,Manual
User Name 9590,USER - 09590,Department 1634,Manual
User Name 9591,USER - 09591,Department 1996,Manual
User Name 9592,USER - 09592,Department 1811,Manual
User Name 9593,USER - 09593,Department 2000,Manual
User Name 9594,USER - 09594,Department 3115,Manual
User Name 9595,USER - 09595,Department 2070,Manual
User Name 9596,USER - 09596,Department 2173,Manual
User Name 9597,USER - 09597,Department 2173,Manual
User Name 9598,USER - 09598,Department 1735,Manual
User Name 9599,USER - 09599,Department 978,Manual
User Name 9600,USER - 09600,Department 940,Manual
User Name 9601,USER - 09601,Department 1006,Manual
User Name 9602,USER - 09602,Department 929,Manual
User Name 9603,USER - 09603,Department 992,Manual
User Name 9604,USER - 09604,Department 1599,Manual
User Name 9605,USER - 09605,Department 2508,Manual
User Name 9606,USER - 09606,Department 934,Manual
User Name 9607,USER - 09607,Department 2520,Manual
User Name 9608,USER - 09608,Department 2043,Manual
User Name 9609,USER - 09609,Department 1082,Manual
User Name 9610,USER - 09610,Department 1014,Manual
User Name 9611,USER - 09611,Department 975,Manual
User Name 9612,USER - 09612,Department 1074,Manual
User Name 9613,USER - 09613,Department 1026,Manual
User Name 9614,USER - 09614,Department 1055,Manual
User Name 9615,USER - 09615,Department 984,Manual
User Name 9616,USER - 09616,Department 933,Manual
User Name 9617,USER - 09617,Department 976,Manual
User Name 9618,USER - 09618,Department 1031,Manual
User Name 9619,USER - 09619,Department 1101,Manual
User Name 9620,USER - 09620,Department 1680,Manual
User Name 9621,USER - 09621,Department 940,Manual
User Name 9622,USER - 09622,Department 2954,Manual
User Name 9623,USER - 09623,Department 1027,Manual
User Name 9624,USER - 09624,Department 1834,Manual
User Name 9625,USER - 09625,Department 2452,Manual
User Name 9626,USER - 09626,Department 3530,Manual
User Name 9627,USER - 09627,Department 1080,Manual
User Name 9628,USER - 09628,Department 1071,Manual
User Name 9629,USER - 09629,Department 2074,Manual
User Name 9630,USER - 09630,Department 3553,Manual
User Name 9631,USER - 09631,Department 3537,Manual
User Name 9632,USER - 09632,Department 1014,Manual
User Name 9633,USER - 09633,Department 926,Manual
User Name 9634,USER - 09634,Department 2351,Manual
User Name 9635,USER - 09635,Department 1590,Manual
User Name 9636,USER - 09636,Department 975,Manual
User Name 9637,USER - 09637,Department 1789,Manual
User Name 9638,USER - 09638,Department 900,Manual
User Name 9639,USER - 09639,Department 902,Manual
User Name 9640,USER - 09640,Department 1109,Manual
User Name 9641,USER - 09641,Department 1085,Manual
User Name 9642,USER - 09642,Department 2655,Manual
User Name 9643,USER - 09643,Department 938,Manual
User Name 9644,USER - 09644,Department 923,Manual
User Name 9645,USER - 09645,Department 2028,Manual
User Name 9646,USER - 09646,Department 1053,Manual
User Name 9647,USER - 09647,Department 1057,Manual
User Name 9648,USER - 09648,Department 1741,Manual
User Name 9649,USER - 09649,Department 2037,Manual
User Name 9650,USER - 09650,Department 1676,Manual
User Name 9651,USER - 09651,Department 983,Manual
User Name 9652,USER - 09652,Department 3144,Manual
User Name 9653,USER - 09653,Department 1841,Manual
User Name 9654,USER - 09654,Department 966,Manual
User Name 9655,USER - 09655,Department 933,Manual
User Name 9656,USER - 09656,Department 1676,Manual
User Name 9657,USER - 09657,Department 1027,Manual
User Name 9658,USER - 09658,Department 1619,Manual
User Name 9659,USER - 09659,Department 2892,Manual
User Name 9660,USER - 09660,Department 2987,Manual
User Name 9661,USER - 09661,Department 2890,Manual
User Name 9662,USER - 09662,Department 2427,Manual
User Name 9663,USER - 09663,Department 2329,Manual
User Name 9664,USER - 09664,Department 2078,Manual
User Name 9665,USER - 09665,Department 3079,Manual
User Name 9666,USER - 09666,Department 1620,Manual
User Name 9667,USER - 09667,Department 2888,Manual
User Name 9668,USER - 09668,Department 3080,Manual
User Name 9669,USER - 09669,Department 2130,Manual
User Name 9670,USER - 09670,Department 2640,Manual
User Name 9671,USER - 09671,Department 2309,Manual
User Name 9672,USER - 09672,Department 2824,Manual
User Name 9673,USER - 09673,Department 2393,Manual
User Name 9674,USER - 09674,Department 1622,Manual
User Name 9675,USER - 09675,Department 1050,Manual
User Name 9676,USER - 09676,Department 2888,Manual
User Name 9677,USER - 09677,Department 1108,Manual
User Name 9678,USER - 09678,Department 2070,Manual
User Name 9679,USER - 09679,Department 1670,Manual
User Name 9680,USER - 09680,Department 1049,Manual
User Name 9681,USER - 09681,Department 2090,Manual
User Name 9682,USER - 09682,Department 3014,Manual
User Name 9683,USER - 09683,Department 2681,Manual
User Name 9684,USER - 09684,Department 1855,Manual
User Name 9685,USER - 09685,Department 1079,Manual
User Name 9686,USER - 09686,Department 2987,Manual
User Name 9687,USER - 09687,Department 1095,Manual
User Name 9688,USER - 09688,Department 1659,Manual
User Name 9689,USER - 09689,Department 2076,Manual
User Name 9690,USER - 09690,Department 2054,Manual
User Name 9691,USER - 09691,Department 1089,Manual
User Name 9692,USER - 09692,Department 2516,Manual
User Name 9693,USER - 09693,Department 1101,Manual
User Name 9694,USER - 09694,Department 2671,Manual
User Name 9695,USER - 09695,Department 3071,Manual
User Name 9696,USER - 09696,Department 1094,Manual
User Name 9697,USER - 09697,Department 894,Manual
User Name 9698,USER - 09698,Department 926,Manual
User Name 9699,USER - 09699,Department 1094,Manual
User Name 9700,USER - 09700,Department 1612,Manual
User Name 9701,USER - 09701,Department 2015,Manual
User Name 9702,USER - 09702,Department 1095,Manual
User Name 9703,USER - 09703,Department 2347,Manual
User Name 9704,USER - 09704,Department 1109,Manual
User Name 9705,USER - 09705,Department 2448,Manual
User Name 9706,USER - 09706,Department 966,Manual
User Name 9707,USER - 09707,Department 2513,Manual
User Name 9708,USER - 09708,Department 2672,Manual
User Name 9709,USER - 09709,Department 2439,Manual
User Name 9710,USER - 09710,Department 1623,Manual
User Name 9711,USER - 09711,Department 1096,Manual
User Name 9712,USER - 09712,Department 1107,Manual
User Name 9713,USER - 09713,Department 902,Manual
User Name 9714,USER - 09714,Department 1935,Manual
User Name 9715,USER - 09715,Department 2451,Manual
User Name 9716,USER - 09716,Department 986,Manual
User Name 9717,USER - 09717,Department 978,Manual
User Name 9718,USER - 09718,Department 1083,Manual
User Name 9719,USER - 09719,Department 1720,Manual
User Name 9720,USER - 09720,Department 2676,Manual
User Name 9721,USER - 09721,Department 928,Manual
User Name 9722,USER - 09722,Department 934,Manual
User Name 9723,USER - 09723,Department 2977,Manual
User Name 9724,USER - 09724,Department 2091,Manual
User Name 9725,USER - 09725,Department 3543,Manual
User Name 9726,USER - 09726,Department 1101,Manual
User Name 9727,USER - 09727,Department 744,Manual
User Name 9728,USER - 09728,Department 1643,Manual
User Name 9729,USER - 09729,Department 1852,Manual
User Name 9730,USER - 09730,Department 1852,Manual
User Name 9731,USER - 09731,Department 719,Manual
User Name 9732,USER - 09732,Department 323,Manual
User Name 9733,USER - 09733,Department 669,Manual
User Name 9734,USER - 09734,Department 2040,Manual
User Name 9735,USER - 09735,Department 679,Manual
User Name 9736,USER - 09736,Department 2289,Manual
User Name 9737,USER - 09737,Department 669,Manual
User Name 9738,USER - 09738,Department 1724,Automatic
User Name 9739,USER - 09739,Department 681,Manual
User Name 9740,USER - 09740,Department 2862,Manual
User Name 9741,USER - 09741,Department 745,Manual
User Name 9742,USER - 09742,Department 1785,Manual
User Name 9743,USER - 09743,Department 3519,Manual
User Name 9744,USER - 09744,Department 1882,Manual
User Name 4923,USER - 04923,Department 1758,Manual
User Name 9746,USER - 09746,Department 1599,Manual
User Name 9747,USER - 09747,Department 531,Manual
User Name 9748,USER - 09748,Department 745,Manual
User Name 9749,USER - 09749,Department 2070,Manual
User Name 9750,USER - 09750,Department 1643,Manual
User Name 9751,USER - 09751,Department 1643,Manual
User Name 9752,USER - 09752,Department 1643,Manual
User Name 9753,USER - 09753,Department 1785,Manual
User Name 9754,USER - 09754,Department 1785,Manual
User Name 9755,USER - 09755,Department 1785,Manual
User Name 9756,USER - 09756,Department 1643,Manual
User Name 9757,USER - 09757,Department 1643,Manual
User Name 9758,USER - 09758,Department 1643,Manual
User Name 9759,USER - 09759,Department 2975,Manual
User Name 9760,USER - 09760,Department 1643,Manual
User Name 9761,USER - 09761,Department 1900,Automatic
User Name 9762,USER - 09762,Department 1643,Manual
User Name 2415,USER - 02415,Department 2146,Manual
User Name 9764,USER - 09764,Department 1643,Manual
User Name 9765,USER - 09765,Department 1643,Manual
User Name 9766,USER - 09766,Department 1643,Manual
User Name 9767,USER - 09767,Department 1785,Manual
User Name 9768,USER - 09768,Department 741,Manual
User Name 9769,USER - 09769,Department 1854,Manual
User Name 9770,USER - 09770,Department 1852,Manual
User Name 9771,USER - 09771,Department 671,Manual
User Name 9772,USER - 09772,Department 303,Manual
User Name 9773,USER - 09773,Department 2344,Manual
User Name 9774,USER - 09774,Department 707,Manual
User Name 9775,USER - 09775,Department 1643,Manual
User Name 9776,USER - 09776,Department 2041,Manual
User Name 9777,USER - 09777,Department 1812,Manual
User Name 9778,USER - 09778,Department 1950,Manual
User Name 9779,USER - 09779,Department 1393,Manual
User Name 9780,USER - 09780,Department 1643,Manual
User Name 9781,USER - 09781,Department 1643,Manual
User Name 9782,USER - 09782,Department 1643,Manual
User Name 9783,USER - 09783,Department 1643,Manual
User Name 9784,USER - 09784,Department 1785,Manual
User Name 9785,USER - 09785,Department 2070,Manual
User Name 9786,USER - 09786,Department 1785,Manual
User Name 9787,USER - 09787,Department 1643,Manual
User Name 9788,USER - 09788,Department 664,Manual
User Name 9789,USER - 09789,Department 679,Manual
User Name 9790,USER - 09790,Department 2146,Manual
User Name 9791,USER - 09791,Department 2620,Manual
User Name 9792,USER - 09792,Department 1643,Manual
User Name 9793,USER - 09793,Department 2014,Automatic
User Name 9794,USER - 09794,Department 2014,Automatic
User Name 9795,USER - 09795,Department 1940,Manual
User Name 9796,USER - 09796,Department 1642,Manual
User Name 9797,USER - 09797,Department 1642,Manual
User Name 9798,USER - 09798,Department 1642,Manual
User Name 9799,USER - 09799,Department 1642,Manual
User Name 9800,USER - 09800,Department 1642,Manual
User Name 9801,USER - 09801,Department 1642,Manual
User Name 9802,USER - 09802,Department 1642,Manual
User Name 9803,USER - 09803,Department 1642,Manual
User Name 9804,USER - 09804,Department 1642,Manual
User Name 9805,USER - 09805,Department 1642,Manual
User Name 9806,USER - 09806,Department 1642,Manual
User Name 9807,USER - 09807,Department 1642,Manual
User Name 9808,USER - 09808,Department 1642,Manual
User Name 9809,USER - 09809,Department 1642,Manual
User Name 9810,USER - 09810,Department 1642,Manual
User Name 9811,USER - 09811,Department 1642,Manual
User Name 9812,USER - 09812,Department 1642,Manual
User Name 9813,USER - 09813,Department 1642,Manual
User Name 9814,USER - 09814,Department 1642,Manual
User Name 9815,USER - 09815,Department 1642,Manual
User Name 9816,USER - 09816,Department 1642,Manual
User Name 9817,USER - 09817,Department 1642,Manual
User Name 9818,USER - 09818,Department 1642,Manual
User Name 9819,USER - 09819,Department 3609,Manual
User Name 9820,USER - 09820,Department 1643,Manual
User Name 9821,USER - 09821,Department 1822,Manual
User Name 9822,USER - 09822,Department 1643,Manual
User Name 9823,USER - 09823,Department 1643,Manual
User Name 9824,USER - 09824,Department 1867,Manual
User Name 9825,USER - 09825,Department 1643,Manual
User Name 9826,USER - 09826,Department 2090,Automatic
User Name 9827,USER - 09827,Department 1643,Manual
User Name 9828,USER - 09828,Department 1776,Automatic
User Name 9829,USER - 09829,Department 671,Manual
User Name 9830,USER - 09830,Department 2086,Manual
User Name 9831,USER - 09831,Department 2292,Manual
User Name 9832,USER - 09832,Department 3296,Manual
User Name 9833,USER - 09833,Department 2146,Manual
User Name 9834,USER - 09834,,Automatic
User Name 9835,USER - 09835,Department 1751,Manual
User Name 9836,USER - 09836,Department 1642,Manual
User Name 9836,USER - 09836,Department 1642,Manual
User Name 9836,USER - 09836,Department 1642,Manual
User Name 9836,USER - 09836,Department 1642,Manual
User Name 9836,USER - 09836,Department 1642,Manual
User Name 9836,USER - 09836,Department 1642,Manual
User Name 9836,USER - 09836,Department 1642,Manual
User Name 9836,USER - 09836,Department 1642,Manual
User Name 9836,USER - 09836,Department 1642,Manual
User Name 9836,USER - 09836,Department 1642,Manual
User Name 9846,USER - 09846,Department 3296,Manual
User Name 9847,USER - 09847,Department 2061,Manual
User Name 9848,USER - 09848,Department 1785,Manual
User Name 9849,USER - 09849,Department 683,Manual
User Name 9850,USER - 09850,Department 1892,Manual
User Name 9851,USER - 09851,Department 1759,Manual
User Name 9852,USER - 09852,Department 1892,Manual
User Name 9853,USER - 09853,Department 1591,Manual
User Name 9854,USER - 09854,Department 1591,Manual
User Name 9855,USER - 09855,Department 1643,Manual
User Name 9856,USER - 09856,Department 1764,Manual
User Name 9857,USER - 09857,Department 1944,Automatic
User Name 9858,USER - 09858,Department 3251,Manual
User Name 9859,USER - 09859,Department 1591,Manual
User Name 9860,USER - 09860,Department 1950,Manual
User Name 9861,USER - 09861,Department 3006,Manual
User Name 9862,USER - 09862,Department 669,Manual
User Name 9863,USER - 09863,Department 2649,Manual
User Name 9864,USER - 09864,Department 671,Manual
User Name 9865,USER - 09865,Department 1785,Manual
User Name 9866,USER - 09866,Department 2226,Manual
User Name 9867,USER - 09867,Department 3694,Manual
User Name 9868,USER - 09868,Department 1591,Manual
User Name 9869,USER - 09869,Department 1882,Manual
User Name 9870,USER - 09870,Department 1643,Manual
User Name 9871,USER - 09871,Department 1854,Manual
User Name 9872,USER - 09872,Department 1102,Manual
User Name 9873,USER - 09873,Department 2070,Manual
User Name 9874,USER - 09874,Department 683,Manual
User Name 9875,USER - 09875,,Automatic
User Name 9876,USER - 09876,Department 1749,Manual
User Name 9877,USER - 09877,Department 1785,Manual
User Name 9878,USER - 09878,Department 671,Manual
User Name 9879,USER - 09879,Department 2146,Manual
User Name 9880,USER - 09880,Department 2084,Manual
User Name 9881,USER - 09881,Department 1643,Manual
User Name 9882,USER - 09882,Department 1537,Manual
User Name 9883,USER - 09883,Department 2014,Automatic
User Name 9884,USER - 09884,Department 2237,Automatic
User Name 9885,USER - 09885,Department 1897,Manual
User Name 9886,USER - 09886,Department 669,Manual
User Name 9887,USER - 09887,Department 1643,Manual
User Name 9888,USER - 09888,Department 2403,Manual
User Name 9889,USER - 09889,Department 1927,Manual
User Name 9890,USER - 09890,Department 2951,Manual
User Name 9891,USER - 09891,Department 2951,Manual
User Name 9892,USER - 09892,Department 1777,Automatic
User Name 9893,USER - 09893,Department 1643,Manual
User Name 9894,USER - 09894,Department 1785,Manual
User Name 9895,USER - 09895,Department 750,Manual
User Name 9896,USER - 09896,Department 2093,Manual
User Name 9897,USER - 09897,Department 745,Manual
User Name 9898,USER - 09898,Department 1643,Manual
User Name 9899,USER - 09899,Department 1964,Manual
User Name 9900,USER - 09900,Department 2081,Manual
User Name 9901,USER - 09901,Department 745,Manual
User Name 9902,USER - 09902,Department 1837,Manual
User Name 9903,USER - 09903,Department 1643,Manual
User Name 9904,USER - 09904,Department 2226,Manual
User Name 9905,USER - 09905,Department 1643,Manual
User Name 9906,USER - 09906,Department 2070,Manual
User Name 9907,USER - 09907,Department 2104,Manual
User Name 9908,USER - 09908,Department 1068,Manual
User Name 9909,USER - 09909,Department 2790,Manual
User Name 9910,USER - 09910,Department 2766,Manual
User Name 9911,USER - 09911,Department 2173,Manual
User Name 9912,USER - 09912,Department 1749,Manual
User Name 9913,USER - 09913,Department 1591,Manual
User Name 9914,USER - 09914,Department 1591,Manual
User Name 9915,USER - 09915,Department 1940,Automatic
User Name 9916,USER - 09916,Department 1708,Manual
User Name 9917,USER - 09917,Department 1733,Automatic
User Name 9918,USER - 09918,Department 1643,Manual
User Name 9919,USER - 09919,Department 1964,Manual
User Name 9920,USER - 09920,Department 1872,Manual
User Name 9921,USER - 09921,Department 1872,Manual
User Name 9922,USER - 09922,Department 1872,Manual
User Name 9923,USER - 09923,Department 1872,Manual
User Name 9924,USER - 09924,Department 1886,Automatic
User Name 9925,USER - 09925,Department 2146,Manual
User Name 9926,USER - 09926,Department 3013,Manual
User Name 9927,USER - 09927,Department 1785,Manual
User Name 9928,USER - 09928,Department 1882,Manual
User Name 9929,USER - 09929,Department 1591,Manual
User Name 9930,USER - 09930,Department 2014,Automatic
User Name 9931,USER - 09931,Department 2108,Manual
User Name 9932,USER - 09932,Department 3054,Manual
User Name 9933,USER - 09933,Department 1888,Manual
User Name 9934,USER - 09934,Department 1943,Manual
User Name 9935,USER - 09935,Department 2120,Manual
User Name 9936,USER - 09936,Department 1842,Manual
User Name 9937,USER - 09937,Department 2097,Manual
User Name 9938,USER - 09938,Department 1943,Manual
User Name 9939,USER - 09939,Department 2072,Manual
User Name 9940,USER - 09940,Department 2115,Manual
User Name 9941,USER - 09941,Department 142,Manual
User Name 9942,USER - 09942,Department 2069,Manual
User Name 9943,USER - 09943,Department 1678,Manual
User Name 9944,USER - 09944,Department 916,Manual
User Name 9945,USER - 09945,Department 116,Manual
User Name 9946,USER - 09946,Department 913,Manual
User Name 9947,USER - 09947,Department 1849,Manual
User Name 9948,USER - 09948,Department 1855,Manual
User Name 9949,USER - 09949,Department 142,Manual
User Name 9950,USER - 09950,Department 2114,Manual
User Name 9951,USER - 09951,Department 2113,Manual
User Name 9952,USER - 09952,Department 1927,Manual
User Name 9953,USER - 09953,Department 1796,Manual
User Name 9954,USER - 09954,Department 2104,Manual
User Name 9955,USER - 09955,Department 913,Manual
User Name 9956,USER - 09956,Department 2116,Manual
User Name 9957,USER - 09957,Department 120,Manual
User Name 9958,USER - 09958,Department 149,Manual
User Name 9959,USER - 09959,Department 1783,Manual
User Name 9960,USER - 09960,Department 1842,Manual
User Name 9961,USER - 09961,Department 2082,Manual
User Name 9962,USER - 09962,Department 2115,Manual
User Name 9963,USER - 09963,Department 2106,Manual
User Name 9964,USER - 09964,Department 1943,Manual
User Name 9965,USER - 09965,Department 109,Manual
User Name 9966,USER - 09966,Department 115,Manual
User Name 9967,USER - 09967,Department 445,Manual
User Name 9968,USER - 09968,Department 142,Manual
User Name 9969,USER - 09969,Department 142,Manual
User Name 9970,USER - 09970,Department 11,Manual
User Name 9971,USER - 09971,Department 1753,Manual
User Name 9972,USER - 09972,Department 136,Manual
User Name 9973,USER - 09973,Department 1265,Manual
User Name 9974,USER - 09974,Department 1858,Manual
User Name 9975,USER - 09975,Department 1796,Manual
User Name 9976,USER - 09976,Department 2082,Manual
User Name 9977,USER - 09977,Department 1746,Manual
User Name 9978,USER - 09978,Department 114,Manual
User Name 9979,USER - 09979,Department 1898,Manual
User Name 9980,USER - 09980,Department 1783,Manual
User Name 9981,USER - 09981,Department 2082,Manual
User Name 9982,USER - 09982,Department 1510,Manual
User Name 9983,USER - 09983,Department 139,Manual
User Name 9984,USER - 09984,Department 138,Manual
User Name 9985,USER - 09985,Department 123,Manual
User Name 9986,USER - 09986,Department 1974,Manual
User Name 9987,USER - 09987,Department 2068,Manual
User Name 9988,USER - 09988,Department 2039,Manual
User Name 9989,USER - 09989,Department 1796,Manual
User Name 9990,USER - 09990,Department 1796,Manual
User Name 9991,USER - 09991,Department 1796,Manual
User Name 9992,USER - 09992,Department 132,Manual
User Name 9993,USER - 09993,Department 1848,Manual
User Name 9994,USER - 09994,Department 248,Manual
User Name 9995,USER - 09995,Department 146,Manual
User Name 9996,USER - 09996,Department 2069,Manual
User Name 9997,USER - 09997,Department 2039,Manual
User Name 9998,USER - 09998,Department 3311,Manual
User Name 9999,USER - 09999,Department 2115,Manual
User Name 10000,USER - 10000,Department 1821,Manual
User Name 10001,USER - 10001,Department 2116,Manual
User Name 10002,USER - 10002,Department 1796,Manual
User Name 10003,USER - 10003,Department 1856,Manual
User Name 10004,USER - 10004,Department 1900,Manual
User Name 10005,USER - 10005,Department 114,Manual
User Name 10006,USER - 10006,Department 100,Manual
User Name 10007,USER - 10007,Department 134,Manual
User Name 10008,USER - 10008,Department 122,Manual
User Name 10009,USER - 10009,Department 3054,Manual
User Name 10010,USER - 10010,Department 116,Manual
User Name 10011,USER - 10011,Department 170,Manual
User Name 10012,USER - 10012,Department 1796,Manual
User Name 10013,USER - 10013,Department 1674,Manual
User Name 10014,USER - 10014,Department 124,Manual
User Name 10015,USER - 10015,Department 2068,Manual
User Name 10016,USER - 10016,Department 110,Manual
User Name 10017,USER - 10017,Department 1796,Manual
User Name 10018,USER - 10018,Department 157,Manual
User Name 10019,USER - 10019,Department 138,Manual
User Name 10020,USER - 10020,Department 1827,Manual
User Name 10021,USER - 10021,Department 149,Manual
User Name 10022,USER - 10022,Department 1510,Manual
User Name 10023,USER - 10023,Department 2068,Manual
User Name 10024,USER - 10024,Department 1265,Manual
User Name 10025,USER - 10025,Department 1796,Manual
User Name 10026,USER - 10026,Department 1852,Manual
User Name 10027,USER - 10027,Department 2043,Manual
User Name 10028,USER - 10028,Department 132,Manual
User Name 10029,USER - 10029,Department 1858,Manual
User Name 10030,USER - 10030,Department 130,Manual
User Name 10031,USER - 10031,Department 124,Manual
User Name 10032,USER - 10032,Department 1753,Manual
User Name 10033,USER - 10033,Department 29,Manual
User Name 10034,USER - 10034,Department 149,Manual
User Name 10035,USER - 10035,Department 1841,Manual
User Name 10036,USER - 10036,Department 1900,Manual
User Name 10037,USER - 10037,Department 3667,Manual
User Name 10038,USER - 10038,Department 157,Manual
User Name 10039,USER - 10039,Department 1676,Manual
User Name 10040,USER - 10040,Department 120,Manual
User Name 10041,USER - 10041,Department 116,Manual
User Name 10042,USER - 10042,Department 1675,Manual
User Name 10043,USER - 10043,Department 115,Manual
User Name 10044,USER - 10044,Department 1900,Manual
User Name 10045,USER - 10045,Department 1858,Manual
User Name 10046,USER - 10046,Department 3055,Manual
User Name 10047,USER - 10047,Department 1885,Manual
User Name 10048,USER - 10048,Department 1900,Manual
User Name 10049,USER - 10049,Department 112,Manual
User Name 10050,USER - 10050,Department 1628,Manual
User Name 10051,USER - 10051,Department 248,Manual
User Name 10052,USER - 10052,Department 1842,Manual
User Name 10053,USER - 10053,Department 1922,Manual
User Name 10054,USER - 10054,Department 2153,Manual
User Name 10055,USER - 10055,Department 1978,Manual
User Name 10056,USER - 10056,Department 2039,Manual
User Name 10057,USER - 10057,Department 2047,Manual
User Name 10058,USER - 10058,Department 2054,Manual
User Name 10059,USER - 10059,Department 2039,Manual
User Name 10060,USER - 10060,Department 2052,Manual
User Name 10061,USER - 10061,Department 2039,Manual
User Name 10062,USER - 10062,Department 2054,Manual
User Name 10063,USER - 10063,Department 2047,Manual
User Name 10064,USER - 10064,Department 2057,Manual
User Name 10065,USER - 10065,Department 2043,Manual
User Name 10066,USER - 10066,Department 2050,Manual
User Name 10067,USER - 10067,Department 1042,Manual
User Name 10068,USER - 10068,Department 2525,Manual
User Name 10069,USER - 10069,Department 1826,Manual
User Name 10070,USER - 10070,Department 1791,Manual
User Name 10071,USER - 10071,Department 1979,Manual
User Name 10072,USER - 10072,Department 2149,Manual
User Name 10073,USER - 10073,Department 3370,Manual
User Name 10074,USER - 10074,Department 1681,Manual
User Name 10075,USER - 10075,Department 1676,Manual
User Name 10076,USER - 10076,Department 1968,Manual
User Name 10077,USER - 10077,Department 2142,Manual
User Name 10078,USER - 10078,Department 2134,Manual
User Name 10079,USER - 10079,Department 2527,Manual
User Name 10080,USER - 10080,Department 2143,Manual
User Name 10081,USER - 10081,Department 2135,Manual
User Name 10082,USER - 10082,Department 1987,Manual
User Name 10083,USER - 10083,Department 134,Manual
User Name 10084,USER - 10084,Department 1619,Manual
User Name 10085,USER - 10085,Department 2013,Manual
User Name 10086,USER - 10086,Department 2151,Manual
User Name 10087,USER - 10087,Department 250,Manual
User Name 10088,USER - 10088,Department 160,Manual
User Name 10089,USER - 10089,Department 160,Manual
User Name 10090,USER - 10090,Department 3012,Manual
User Name 10091,USER - 10091,Department 113,Manual
User Name 10092,USER - 10092,Department 8,Manual
User Name 10093,USER - 10093,Department 1810,Manual
User Name 10094,USER - 10094,Department 1174,Manual
User Name 10095,USER - 10095,Department 28,Manual
User Name 10096,USER - 10096,Department 513,Manual
User Name 10097,USER - 10097,Department 117,Manual
User Name 10098,USER - 10098,Department 1958,Manual
User Name 10099,USER - 10099,Department 1781,Manual
User Name 10100,USER - 10100,Department 1880,Manual
User Name 10101,USER - 10101,Department 2065,Manual
User Name 10102,USER - 10102,Department 2017,Manual
User Name 10103,USER - 10103,Department 1843,Manual
User Name 10104,USER - 10104,Department 1817,Manual
User Name 10105,USER - 10105,Department 1845,Manual
User Name 10106,USER - 10106,Department 2062,Manual
User Name 10107,USER - 10107,Department 2124,Manual
User Name 10108,USER - 10108,Department 1823,Manual
User Name 10109,USER - 10109,Department 2094,Manual
User Name 10110,USER - 10110,Department 1847,Manual
User Name 10111,USER - 10111,Department 1957,Manual
User Name 10112,USER - 10112,Department 1815,Manual
User Name 10113,USER - 10113,Department 1858,Manual
User Name 10114,USER - 10114,Department 1816,Manual
User Name 10115,USER - 10115,Department 2040,Manual
User Name 10116,USER - 10116,Department 1827,Manual
User Name 10117,USER - 10117,Department 1852,Manual
User Name 10118,USER - 10118,Department 2043,Manual
User Name 10119,USER - 10119,Department 1815,Manual
User Name 10120,USER - 10120,Department 1827,Manual
User Name 10121,USER - 10121,Department 1956,Manual
User Name 10122,USER - 10122,Department 1958,Manual
User Name 10123,USER - 10123,Department 2050,Manual
User Name 10124,USER - 10124,Department 1841,Manual
User Name 10125,USER - 10125,Department 1931,Manual
User Name 10126,USER - 10126,Department 2059,Manual
User Name 10127,USER - 10127,Department 1958,Manual
User Name 2378,USER - 02378,Department 1815,Manual
User Name 10129,USER - 10129,Department 1815,Manual
User Name 6428,USER - 06428,Department 1957,Manual
User Name 10131,USER - 10131,Department 1957,Manual
User Name 10132,USER - 10132,Department 1849,Manual
User Name 10133,USER - 10133,Department 1858,Manual
User Name 10134,USER - 10134,Department 1951,Manual
User Name 10135,USER - 10135,Department 1958,Manual
User Name 10136,USER - 10136,Department 1965,Manual
User Name 10137,USER - 10137,Department 1815,Manual
User Name 10138,USER - 10138,Department 1856,Manual
User Name 10139,USER - 10139,Department 1964,Manual
User Name 10140,USER - 10140,Department 1808,Manual
User Name 10141,USER - 10141,Department 1931,Manual
User Name 10142,USER - 10142,Department 2037,Manual
User Name 10143,USER - 10143,Department 2048,Manual
User Name 10144,USER - 10144,Department 2043,Manual
User Name 10145,USER - 10145,Department 1814,Manual
User Name 10146,USER - 10146,Department 1957,Manual
User Name 10147,USER - 10147,Department 2124,Manual
User Name 10148,USER - 10148,Department 2047,Manual
User Name 10149,USER - 10149,Department 1861,Manual
User Name 10150,USER - 10150,Department 2065,Manual
User Name 7335,USER - 07335,Department 1931,Manual
User Name 10152,USER - 10152,Department 2471,Manual
User Name 10153,USER - 10153,Department 2081,Manual
User Name 10154,USER - 10154,Department 3738,Manual
User Name 10155,USER - 10155,Department 1684,Manual
User Name 10156,USER - 10156,Department 143,Manual
User Name 10157,USER - 10157,Department 1681,Manual
User Name 10158,USER - 10158,Department 945,Manual
User Name 10159,USER - 10159,Department 2208,Manual
User Name 10160,USER - 10160,Department 1628,Manual
User Name 10161,USER - 10161,Department 1815,Manual
User Name 10162,USER - 10162,Department 2013,Manual
User Name 10163,USER - 10163,Department 2016,Manual
User Name 10164,USER - 10164,Department 2995,Manual
User Name 10165,USER - 10165,Department 1980,Manual
User Name 10166,USER - 10166,Department 159,Manual
User Name 10167,USER - 10167,Department 3001,Manual
User Name 10168,USER - 10168,Department 162,Manual
User Name 10169,USER - 10169,Department 161,Manual
User Name 10170,USER - 10170,Department 1827,Manual
User Name 10171,USER - 10171,Department 1796,Manual
User Name 10172,USER - 10172,Department 2115,Manual
User Name 10173,USER - 10173,Department 1919,Manual
User Name 10174,USER - 10174,Department 3012,Manual
User Name 10175,USER - 10175,Department 134,Manual
User Name 10176,USER - 10176,Department 1963,Manual
User Name 10177,USER - 10177,Department 1973,Manual
User Name 10178,USER - 10178,Department 1845,Manual
User Name 10179,USER - 10179,Department 786,Manual
User Name 10180,USER - 10180,Department 598,Manual
User Name 10181,USER - 10181,Department 1885,Manual
User Name 10182,USER - 10182,Department 1690,Manual
User Name 10183,USER - 10183,Department 2015,Manual
User Name 10184,USER - 10184,Department 1695,Manual
User Name 10185,USER - 10185,Department 1849,Manual
User Name 10186,USER - 10186,Department 1859,Manual
User Name 10187,USER - 10187,Department 99,Manual
User Name 10188,USER - 10188,Department 3313,Manual
User Name 10189,USER - 10189,Department 3433,Manual
User Name 10190,USER - 10190,Department 3113,Manual
User Name 10191,USER - 10191,Department 1929,Manual
User Name 10192,USER - 10192,Department 2988,Manual
User Name 10193,USER - 10193,Department 266,Manual
User Name 10194,USER - 10194,Department 266,Manual
User Name 10195,USER - 10195,Department 272,Manual
User Name 10196,USER - 10196,Department 1372,Manual
User Name 10197,USER - 10197,Department 1672,Manual
User Name 10198,USER - 10198,Department 18,Manual
User Name 10199,USER - 10199,Department 2000,Manual
User Name 10200,USER - 10200,Department 1900,Manual
User Name 10201,USER - 10201,Department 2172,Manual
User Name 10202,USER - 10202,Department 2101,Manual
User Name 10203,USER - 10203,Department 1886,Manual
User Name 10204,USER - 10204,Department 1691,Manual
User Name 10205,USER - 10205,Department 2947,Manual
User Name 10206,USER - 10206,Department 1385,Manual
User Name 10207,USER - 10207,Department 1779,Manual
User Name 10208,USER - 10208,Department 1784,Manual
User Name 10209,USER - 10209,Department 530,Manual
User Name 10210,USER - 10210,Department 1893,Manual
User Name 10211,USER - 10211,Department 2494,Manual
User Name 10212,USER - 10212,Department 2528,Manual
User Name 10213,USER - 10213,Department 2528,Manual
User Name 10214,USER - 10214,Department 3352,Manual
User Name 10215,USER - 10215,Department 1237,Manual
User Name 10216,USER - 10216,Department 549,Manual
User Name 10217,USER - 10217,Department 1895,Manual
User Name 10218,USER - 10218,Department 2015,Manual
User Name 10219,USER - 10219,Department 1250,Manual
User Name 10220,USER - 10220,Department 1160,Manual
User Name 10221,USER - 10221,Department 1634,Manual
User Name 10222,USER - 10222,Department 1251,Manual
User Name 10223,USER - 10223,Department 1241,Manual
User Name 10224,USER - 10224,Department 1199,Manual
User Name 10225,USER - 10225,Department 1160,Manual
User Name 10226,USER - 10226,Department 1249,Manual
User Name 10227,USER - 10227,Department 1238,Manual
User Name 10228,USER - 10228,Department 1190,Manual
User Name 10229,USER - 10229,Department 1068,Manual
User Name 10230,USER - 10230,Department 1371,Manual
User Name 10231,USER - 10231,Department 502,Manual
User Name 10232,USER - 10232,Department 1252,Manual
User Name 10233,USER - 10233,Department 531,Manual
User Name 10234,USER - 10234,Department 2097,Manual
User Name 10235,USER - 10235,Department 1692,Manual
User Name 10236,USER - 10236,Department 499,Manual
User Name 10237,USER - 10237,Department 88,Manual
User Name 10238,USER - 10238,Department 1348,Manual
User Name 10239,USER - 10239,Department 1807,Manual
User Name 10240,USER - 10240,Department 2532,Manual
User Name 10241,USER - 10241,Department 1864,Manual
User Name 10242,USER - 10242,Department 1791,Manual
User Name 10243,USER - 10243,Department 1689,Manual
User Name 10244,USER - 10244,Department 1810,Manual
User Name 10245,USER - 10245,Department 1841,Manual
User Name 10246,USER - 10246,Department 3523,Manual
User Name 10247,USER - 10247,Department 688,Manual
User Name 10248,USER - 10248,Department 3233,Manual
User Name 10249,USER - 10249,Department 2995,Manual
User Name 10250,USER - 10250,Department 1163,Manual
User Name 10251,USER - 10251,Department 3579,Manual
User Name 10252,USER - 10252,Department 2004,Manual
User Name 10253,USER - 10253,Department 2994,Manual
User Name 10254,USER - 10254,Department 2995,Manual
User Name 10255,USER - 10255,Department 1877,Manual
User Name 10256,USER - 10256,Department 1113,Manual
User Name 10257,USER - 10257,Department 2049,Manual
User Name 10258,USER - 10258,Department 2049,Manual
User Name 10259,USER - 10259,Department 2062,Manual
User Name 10260,USER - 10260,Department 3685,Manual
User Name 10261,USER - 10261,Department 3405,Manual
User Name 10262,USER - 10262,Department 3406,Manual
User Name 10263,USER - 10263,Department 3391,Manual
User Name 10264,USER - 10264,Department 613,Manual
User Name 10265,USER - 10265,Department 1446,Manual
User Name 10266,USER - 10266,Department 1305,Manual
User Name 10267,USER - 10267,Department 493,Manual
User Name 10268,USER - 10268,Department 3429,Manual
User Name 10269,USER - 10269,Department 3237,Manual
User Name 10270,USER - 10270,Department 3211,Manual
User Name 10271,USER - 10271,Department 3237,Manual
User Name 10272,USER - 10272,Department 1684,Manual
User Name 10273,USER - 10273,Department 3220,Manual
User Name 10274,USER - 10274,Department 240,Manual
User Name 10275,USER - 10275,Department 1291,Manual
User Name 10276,USER - 10276,Department 3423,Manual
User Name 10277,USER - 10277,Department 1586,Manual
User Name 10278,USER - 10278,Department 3231,Manual
User Name 10279,USER - 10279,Department 139,Manual
User Name 10280,USER - 10280,Department 3228,Manual
User Name 10281,USER - 10281,Department 1531,Manual
User Name 10282,USER - 10282,Department 1854,Manual
User Name 10283,USER - 10283,Department 2992,Manual
User Name 10284,USER - 10284,Department 279,Manual
User Name 10285,USER - 10285,Department 739,Manual
User Name 10286,USER - 10286,Department 1973,Manual
User Name 10287,USER - 10287,Department 3237,Manual
User Name 10288,USER - 10288,Department 1879,Manual
User Name 10289,USER - 10289,Department 543,Manual
User Name 10290,USER - 10290,Department 1790,Manual
User Name 10291,USER - 10291,Department 3231,Manual
User Name 10292,USER - 10292,Department 3372,Manual
User Name 10293,USER - 10293,Department 1672,Manual
User Name 10294,USER - 10294,Department 1975,Manual
User Name 10295,USER - 10295,Department 733,Manual
User Name 10296,USER - 10296,Department 730,Manual
User Name 10297,USER - 10297,Department 1680,Manual
User Name 10298,USER - 10298,Department 2995,Manual
User Name 10299,USER - 10299,Department 1431,Manual
User Name 10300,USER - 10300,Department 2509,Manual
User Name 10301,USER - 10301,Department 1928,Manual
User Name 10302,USER - 10302,Department 2047,Manual
User Name 10303,USER - 10303,Department 1949,Manual
User Name 10304,USER - 10304,Department 2046,Manual
User Name 10305,USER - 10305,Department 1893,Manual
User Name 10306,USER - 10306,Department 1949,Manual
User Name 10307,USER - 10307,Department 1949,Manual
User Name 10308,USER - 10308,Department 569,Manual
User Name 10309,USER - 10309,Department 656,Manual
User Name 10310,USER - 10310,Department 3002,Manual
User Name 10311,USER - 10311,Department 1895,Manual
User Name 10312,USER - 10312,Department 3071,Manual
User Name 10313,USER - 10313,Department 1825,Manual
User Name 10314,USER - 10314,Department 2004,Manual
User Name 10315,USER - 10315,Department 1928,Manual
User Name 10316,USER - 10316,Department 1893,Manual
User Name 10317,USER - 10317,Department 1874,Manual
User Name 10318,USER - 10318,Department 2035,Manual
User Name 10319,USER - 10319,Department 3356,Manual
User Name 10320,USER - 10320,Department 540,Manual
User Name 10321,USER - 10321,Department 655,Manual
User Name 10322,USER - 10322,Department 648,Manual
User Name 10323,USER - 10323,Department 1893,Manual
User Name 10324,USER - 10324,Department 2042,Manual
User Name 10325,USER - 10325,Department 1287,Manual
User Name 10326,USER - 10326,Department 527,Manual
User Name 10327,USER - 10327,Department 502,Manual
User Name 10328,USER - 10328,Department 803,Manual
User Name 10329,USER - 10329,Department 529,Manual
User Name 10330,USER - 10330,Department 3295,Manual
User Name 10331,USER - 10331,Department 782,Manual
User Name 10332,USER - 10332,Department 596,Manual
User Name 10333,USER - 10333,Department 3280,Manual
User Name 10334,USER - 10334,Department 3357,Manual
User Name 10335,USER - 10335,Department 3252,Manual
User Name 10336,USER - 10336,Department 2621,Manual
User Name 10337,USER - 10337,Department 913,Manual
User Name 10338,USER - 10338,Department 1310,Manual
User Name 10339,USER - 10339,Department 1692,Manual
User Name 10340,USER - 10340,Department 1943,Manual
User Name 10341,USER - 10341,Department 1791,Manual
User Name 10342,USER - 10342,Department 1852,Manual
User Name 10343,USER - 10343,Department 1815,Manual
User Name 10344,USER - 10344,Department 186,Manual
User Name 10345,USER - 10345,Department 2116,Manual
User Name 10346,USER - 10346,Department 1854,Manual
User Name 10347,USER - 10347,Department 1854,Manual
User Name 10348,USER - 10348,Department 2526,Manual
User Name 10349,USER - 10349,Department 1621,Manual
User Name 10350,USER - 10350,Department 2104,Manual
User Name 10351,USER - 10351,Department 2115,Manual
User Name 10352,USER - 10352,Department 2219,Manual
User Name 10353,USER - 10353,Department 1437,Manual
User Name 10354,USER - 10354,Department 2115,Manual
User Name 10355,USER - 10355,Department 3351,Manual
User Name 10356,USER - 10356,Department 2004,Manual
User Name 10357,USER - 10357,Department 857,Manual
User Name 10358,USER - 10358,Department 2562,Manual
User Name 10359,USER - 10359,Department 1815,Manual
User Name 10360,USER - 10360,Department 779,Manual
User Name 10361,USER - 10361,Department 2118,Manual
User Name 10362,USER - 10362,Department 2072,Manual
User Name 10363,USER - 10363,Department 1975,Manual
User Name 10364,USER - 10364,Department 3287,Manual
User Name 10365,USER - 10365,Department 1898,Manual
User Name 10366,USER - 10366,Department 128,Manual
User Name 10367,USER - 10367,Department 155,Manual
User Name 10368,USER - 10368,Department 1679,Manual
User Name 10369,USER - 10369,Department 1815,Manual
User Name 10370,USER - 10370,Department 1691,Manual
User Name 10371,USER - 10371,Department 1790,Manual
User Name 10372,USER - 10372,Department 3440,Manual
User Name 10373,USER - 10373,Department 2023,Manual
User Name 10374,USER - 10374,Department 1739,Manual
User Name 4623,USER - 04623,Department 1986,Manual
User Name 10376,USER - 10376,Department 65,Manual
User Name 10377,USER - 10377,Department 1673,Manual
User Name 10378,USER - 10378,Department 1776,Manual
User Name 10379,USER - 10379,Department 3432,Manual
User Name 10380,USER - 10380,Department 1675,Manual
User Name 10381,USER - 10381,Department 1791,Manual
User Name 10382,USER - 10382,Department 3248,Manual
User Name 10383,USER - 10383,Department 2055,Manual
User Name 10384,USER - 10384,Department 1882,Manual
User Name 10385,USER - 10385,Department 3180,Manual
User Name 10386,USER - 10386,Department 3233,Manual
User Name 10387,USER - 10387,Department 2114,Manual
User Name 10388,USER - 10388,Department 2116,Manual
User Name 10389,USER - 10389,Department 2115,Manual
User Name 10390,USER - 10390,Department 46,Manual
User Name 10391,USER - 10391,Department 1996,Manual
User Name 10392,USER - 10392,Department 528,Manual
User Name 10393,USER - 10393,Department 65,Manual
User Name 10394,USER - 10394,Department 637,Manual
User Name 10395,USER - 10395,Department 1790,Manual
User Name 10396,USER - 10396,Department 231,Manual
User Name 10397,USER - 10397,Department 3242,Manual
User Name 10398,USER - 10398,Department 3434,Manual
User Name 10399,USER - 10399,Department 46,Manual
User Name 10400,USER - 10400,Department 3306,Manual
User Name 10401,USER - 10401,Department 1907,Manual
User Name 10402,USER - 10402,Department 1815,Manual
User Name 10403,USER - 10403,Department 1274,Manual
User Name 10404,USER - 10404,Department 2016,Manual
User Name 10405,USER - 10405,Department 1680,Manual
User Name 10406,USER - 10406,Department 2076,Manual
User Name 10407,USER - 10407,Department 2041,Manual
User Name 10408,USER - 10408,Department 1949,Manual
User Name 10409,USER - 10409,Department 1975,Manual
User Name 10410,USER - 10410,Department 3203,Manual
User Name 10411,USER - 10411,Department 1792,Manual
User Name 10412,USER - 10412,Department 1695,Manual
User Name 10413,USER - 10413,Department 2012,Manual
User Name 10414,USER - 10414,Department 3379,Manual
User Name 10415,USER - 10415,Department 3237,Manual
User Name 10416,USER - 10416,Department 3238,Manual
User Name 10417,USER - 10417,Department 3251,Manual
User Name 10418,USER - 10418,Department 1284,Manual
User Name 10419,USER - 10419,Department 1987,Manual
User Name 9332,USER - 09332,Department 1893,Manual
User Name 10421,USER - 10421,Department 1918,Manual
User Name 10422,USER - 10422,Department 252,Manual
User Name 10423,USER - 10423,Department 269,Manual
User Name 10424,USER - 10424,Department 124,Manual
User Name 10425,USER - 10425,Department 2017,Manual
User Name 10426,USER - 10426,Department 1674,Manual
User Name 10427,USER - 10427,Department 1987,Manual
User Name 10428,USER - 10428,Department 3056,Manual
User Name 10429,USER - 10429,Department 2219,Manual
User Name 10430,USER - 10430,Department 2943,Manual
User Name 10431,USER - 10431,Department 2943,Manual
User Name 10432,USER - 10432,Department 2943,Manual
User Name 10433,USER - 10433,Department 2942,Manual
User Name 10434,USER - 10434,Department 2943,Manual
User Name 10435,USER - 10435,Department 2944,Manual
User Name 10436,USER - 10436,Department 2278,Manual
User Name 10437,USER - 10437,Department 2278,Manual
User Name 10438,USER - 10438,Department 2277,Manual
User Name 10439,USER - 10439,Department 2278,Manual
User Name 10440,USER - 10440,Department 2278,Manual
User Name 10441,USER - 10441,Department 2278,Manual
User Name 10442,USER - 10442,Department 2278,Manual
User Name 10443,USER - 10443,Department 2277,Manual
User Name 10444,USER - 10444,Department 2277,Manual
User Name 10445,USER - 10445,Department 2277,Manual
User Name 10446,USER - 10446,Department 2277,Manual
User Name 10447,USER - 10447,Department 2277,Manual
User Name 10448,USER - 10448,Department 2276,Manual
User Name 10449,USER - 10449,Department 2278,Manual
User Name 10450,USER - 10450,Department 3751,Manual
User Name 10451,USER - 10451,Department 3701,Manual
User Name 10452,USER - 10452,Department 3701,Manual
User Name 10453,USER - 10453,Department 2980,Manual
User Name 10454,USER - 10454,Department 2980,Manual
User Name 10455,USER - 10455,Department 3701,Manual
User Name 10456,USER - 10456,Department 3701,Manual
User Name 10457,USER - 10457,Department 3701,Manual
User Name 10458,USER - 10458,Department 3702,Manual
User Name 10459,USER - 10459,Department 3701,Manual
User Name 10460,USER - 10460,Department 3702,Manual
User Name 10461,USER - 10461,Department 3703,Manual
User Name 10462,USER - 10462,Department 3701,Manual
User Name 10463,USER - 10463,Department 3701,Manual
User Name 10464,USER - 10464,Department 3693,Manual
User Name 10465,USER - 10465,Department 2871,Manual
User Name 10466,USER - 10466,Department 3701,Manual
User Name 10467,USER - 10467,Department 3701,Manual
User Name 10468,USER - 10468,Department 3663,Manual
User Name 10469,USER - 10469,Department 3690,Manual
User Name 10470,USER - 10470,Department 3663,Manual
User Name 10471,USER - 10471,Department 3663,Manual
User Name 10472,USER - 10472,Department 3689,Manual
User Name 10473,USER - 10473,Department 3693,Manual
User Name 10474,USER - 10474,Department 439,Manual
User Name 10475,USER - 10475,Department 3691,Manual
User Name 10476,USER - 10476,Department 3695,Manual
User Name 10477,USER - 10477,Department 3663,Manual
User Name 10478,USER - 10478,Department 3695,Manual
User Name 10479,USER - 10479,Department 3663,Manual
User Name 10480,USER - 10480,Department 3691,Manual
User Name 10481,USER - 10481,Department 412,Manual
User Name 10482,USER - 10482,Department 3663,Manual
User Name 10483,USER - 10483,Department 3663,Manual
User Name 10484,USER - 10484,Department 3692,Manual
User Name 10485,USER - 10485,Department 403,Manual
User Name 10486,USER - 10486,Department 3663,Manual
User Name 10487,USER - 10487,Department 2942,Manual
User Name 10488,USER - 10488,Department 2942,Manual
User Name 10489,USER - 10489,Department 2776,Manual
User Name 10490,USER - 10490,Department 2942,Manual
User Name 10491,USER - 10491,Department 2942,Manual
User Name 10492,USER - 10492,Department 2942,Manual
User Name 10493,USER - 10493,Department 2942,Manual
User Name 10494,USER - 10494,Department 2942,Manual
User Name 10495,USER - 10495,Department 2942,Manual
User Name 10496,USER - 10496,Department 2942,Manual
User Name 10497,USER - 10497,Department 3692,Manual
User Name 10498,USER - 10498,Department 3690,Manual
User Name 10499,USER - 10499,Department 3693,Manual
User Name 10500,USER - 10500,Department 3692,Manual
User Name 10501,USER - 10501,Department 915,Manual
User Name 10502,USER - 10502,Department 3692,Manual
User Name 10503,USER - 10503,Department 3692,Manual
User Name 10504,USER - 10504,Department 3694,Manual
User Name 10505,USER - 10505,Department 3693,Manual
User Name 10506,USER - 10506,Department 3693,Manual
User Name 10507,USER - 10507,Department 3693,Manual
User Name 10508,USER - 10508,Department 3692,Manual
User Name 10509,USER - 10509,Department 3693,Manual
User Name 10510,USER - 10510,Department 3693,Manual
User Name 10511,USER - 10511,Department 3692,Manual
User Name 10512,USER - 10512,Department 3752,Manual
User Name 10513,USER - 10513,Department 3690,Manual
User Name 10514,USER - 10514,Department 3693,Manual
User Name 10515,USER - 10515,Department 3693,Manual
User Name 10516,USER - 10516,Department 3693,Manual
User Name 10517,USER - 10517,Department 3694,Manual
User Name 10518,USER - 10518,Department 3693,Manual
User Name 10519,USER - 10519,Department 3692,Manual
User Name 10520,USER - 10520,Department 3692,Manual
User Name 10521,USER - 10521,Department 3694,Manual
User Name 10522,USER - 10522,Department 3751,Manual
User Name 10523,USER - 10523,Department 3690,Manual
User Name 10524,USER - 10524,Department 3690,Manual
User Name 10525,USER - 10525,Department 3690,Manual
User Name 10526,USER - 10526,Department 3693,Manual
User Name 10527,USER - 10527,Department 3690,Manual
User Name 10528,USER - 10528,Department 3745,Manual
User Name 10529,USER - 10529,Department 3692,Manual
User Name 10530,USER - 10530,Department 3694,Manual
User Name 10531,USER - 10531,Department 3690,Manual
User Name 10532,USER - 10532,Department 3694,Manual
User Name 10533,USER - 10533,Department 3693,Manual
User Name 10534,USER - 10534,Department 3735,Manual
User Name 10535,USER - 10535,Department 3699,Manual
User Name 10536,USER - 10536,Department 3691,Manual
User Name 10537,USER - 10537,Department 3691,Manual
User Name 10538,USER - 10538,Department 3691,Manual
User Name 10539,USER - 10539,Department 3695,Manual
User Name 10540,USER - 10540,Department 3695,Manual
User Name 10541,USER - 10541,Department 3739,Manual
User Name 10542,USER - 10542,Department 3692,Manual
User Name 10543,USER - 10543,Department 3693,Manual
User Name 10544,USER - 10544,Department 3691,Manual
User Name 10545,USER - 10545,Department 3691,Manual
User Name 10546,USER - 10546,Department 3686,Manual
User Name 10547,USER - 10547,Department 3695,Manual
User Name 10548,USER - 10548,Department 3693,Manual
User Name 10549,USER - 10549,Department 3695,Manual
User Name 10550,USER - 10550,Department 3699,Manual
User Name 10551,USER - 10551,Department 3693,Manual
User Name 10552,USER - 10552,Department 3626,Manual
User Name 10553,USER - 10553,Department 3751,Manual
User Name 10554,USER - 10554,Department 3749,Manual
User Name 10555,USER - 10555,Department 3736,Manual
User Name 10556,USER - 10556,Department 3734,Manual
User Name 10557,USER - 10557,Department 3656,Manual
User Name 10558,USER - 10558,Department 3739,Manual
User Name 10559,USER - 10559,Department 3747,Manual
User Name 10560,USER - 10560,Department 2154,Manual
User Name 10561,USER - 10561,Department 3749,Manual
User Name 10562,USER - 10562,Department 2154,Manual
User Name 10563,USER - 10563,Department 3747,Manual
User Name 10564,USER - 10564,Department 3695,Manual
User Name 10565,USER - 10565,Department 2871,Manual
User Name 10566,USER - 10566,Department 3687,Manual
User Name 10567,USER - 10567,Department 3735,Manual
User Name 10568,USER - 10568,Department 3685,Manual
User Name 10569,USER - 10569,Department 3749,Manual
User Name 10570,USER - 10570,Department 3675,Manual
User Name 10571,USER - 10571,Department 3681,Manual
User Name 10572,USER - 10572,Department 3671,Manual
User Name 4296,USER - 04296,Department 3623,Manual
User Name 10574,USER - 10574,Department 3751,Manual
User Name 10575,USER - 10575,Department 3677,Manual
User Name 10576,USER - 10576,Department 3685,Manual
User Name 10577,USER - 10577,Department 3671,Manual
User Name 10578,USER - 10578,Department 3749,Manual
User Name 10579,USER - 10579,Department 3671,Manual
User Name 10580,USER - 10580,Department 3670,Manual
User Name 10581,USER - 10581,Department 3534,Manual
User Name 10582,USER - 10582,Department 2219,Manual
User Name 10583,USER - 10583,Department 3673,Manual
User Name 10584,USER - 10584,Department 3749,Manual
User Name 10585,USER - 10585,Department 3673,Manual
User Name 10586,USER - 10586,Department 3749,Manual
User Name 10587,USER - 10587,Department 3675,Manual
User Name 10588,USER - 10588,Department 415,Manual
User Name 10589,USER - 10589,Department 3680,Manual
User Name 10590,USER - 10590,Department 3671,Manual
User Name 10591,USER - 10591,Department 3675,Manual
User Name 10592,USER - 10592,Department 3673,Manual
User Name 10593,USER - 10593,Department 3378,Manual
User Name 10594,USER - 10594,Department 1953,Manual
User Name 10595,USER - 10595,Department 3674,Manual
User Name 10596,USER - 10596,Department 3685,Manual
User Name 10597,USER - 10597,Department 3675,Manual
User Name 10598,USER - 10598,Department 3685,Manual
User Name 10599,USER - 10599,Department 3736,Manual
User Name 10600,USER - 10600,Department 2874,Manual
User Name 10601,USER - 10601,Department 3624,Manual
User Name 10602,USER - 10602,Department 2489,Manual
User Name 10603,USER - 10603,Department 3687,Manual
User Name 10604,USER - 10604,Department 3671,Manual
User Name 10605,USER - 10605,Department 3730,Manual
User Name 10606,USER - 10606,Department 3676,Manual
User Name 10607,USER - 10607,Department 3749,Manual
User Name 10608,USER - 10608,Department 3669,Manual
User Name 10609,USER - 10609,Department 3697,Manual
User Name 10610,USER - 10610,Department 3671,Manual
User Name 10611,USER - 10611,Department 2869,Manual
User Name 10612,USER - 10612,Department 2943,Manual
User Name 10613,USER - 10613,Department 3671,Manual
User Name 10614,USER - 10614,Department 3725,Manual
User Name 10615,USER - 10615,Department 3727,Manual
User Name 10616,USER - 10616,Department 3685,Manual
User Name 10617,USER - 10617,Department 3687,Manual
User Name 10618,USER - 10618,Department 3685,Manual
User Name 10619,USER - 10619,Department 3685,Manual
User Name 10620,USER - 10620,Department 3685,Manual
User Name 10621,USER - 10621,Department 3687,Manual
User Name 10622,USER - 10622,Department 2923,Manual
User Name 10623,USER - 10623,Department 3685,Manual
User Name 10624,USER - 10624,Department 3685,Manual
User Name 10625,USER - 10625,Department 3685,Manual
User Name 10626,USER - 10626,Department 3687,Manual
User Name 10627,USER - 10627,Department 3685,Manual
User Name 10628,USER - 10628,Department 3685,Manual
User Name 10629,USER - 10629,Department 3687,Manual
User Name 10630,USER - 10630,Department 2614,Manual
User Name 10631,USER - 10631,Department 3685,Manual
User Name 10632,USER - 10632,Department 2219,Manual
User Name 10633,USER - 10633,Department 3685,Manual
User Name 10634,USER - 10634,Department 2792,Manual
User Name 10635,USER - 10635,Department 2792,Manual
User Name 10636,USER - 10636,Department 1785,Manual
User Name 10637,USER - 10637,Department 3685,Manual
User Name 10638,USER - 10638,Department 3687,Manual
User Name 10639,USER - 10639,Department 3694,Manual
User Name 10640,USER - 10640,Department 3687,Manual
User Name 10641,USER - 10641,Department 3685,Manual
User Name 10642,USER - 10642,Department 3726,Manual
User Name 10643,USER - 10643,Department 3685,Manual
User Name 10644,USER - 10644,Department 3685,Manual
User Name 10645,USER - 10645,Department 3726,Manual
User Name 10646,USER - 10646,Department 3685,Manual
User Name 10647,USER - 10647,Department 3687,Manual
User Name 10648,USER - 10648,Department 3685,Manual
User Name 10649,USER - 10649,Department 3694,Manual
User Name 10650,USER - 10650,Department 3687,Manual
User Name 10651,USER - 10651,Department 2792,Manual
User Name 10652,USER - 10652,Department 3695,Manual
User Name 10653,USER - 10653,Department 3727,Manual
User Name 10654,USER - 10654,Department 3725,Manual
User Name 10655,USER - 10655,Department 3725,Manual
User Name 10656,USER - 10656,Department 3685,Manual
User Name 10657,USER - 10657,Department 3725,Manual
User Name 10658,USER - 10658,Department 3685,Manual
User Name 10659,USER - 10659,Department 3724,Manual
User Name 10660,USER - 10660,Department 3725,Manual
User Name 10661,USER - 10661,Department 3685,Manual
User Name 10662,USER - 10662,Department 3695,Manual
User Name 10663,USER - 10663,Department 3725,Manual
User Name 10664,USER - 10664,Department 3694,Manual
User Name 10665,USER - 10665,Department 3685,Manual
User Name 10666,USER - 10666,Department 3686,Manual
User Name 10667,USER - 10667,Department 3687,Manual
User Name 10668,USER - 10668,Department 2643,Manual
User Name 10669,USER - 10669,Department 2618,Manual
User Name 10670,USER - 10670,Department 2636,Manual
User Name 10671,USER - 10671,Department 3685,Manual
User Name 10672,USER - 10672,Department 1630,Manual
User Name 10673,USER - 10673,Department 2633,Manual
User Name 10674,USER - 10674,Department 2633,Manual
User Name 10675,USER - 10675,Department 2633,Manual
User Name 10676,USER - 10676,Department 3681,Manual
User Name 10677,USER - 10677,Department 2636,Manual
User Name 10678,USER - 10678,Department 3725,Manual
User Name 10679,USER - 10679,Department 752,Manual
User Name 10680,USER - 10680,Department 2369,Manual
User Name 10681,USER - 10681,Department 743,Manual
User Name 10682,USER - 10682,Department 762,Manual
User Name 10683,USER - 10683,Department 741,Manual
User Name 10684,USER - 10684,Department 757,Manual
User Name 10685,USER - 10685,Department 742,Manual
User Name 10686,USER - 10686,Department 743,Manual
User Name 10687,USER - 10687,Department 744,Manual
User Name 10688,USER - 10688,Department 744,Manual
User Name 10689,USER - 10689,Department 743,Manual
User Name 10690,USER - 10690,Department 766,Manual
User Name 10691,USER - 10691,Department 759,Manual
User Name 10692,USER - 10692,Department 756,Manual
User Name 10693,USER - 10693,Department 801,Manual
User Name 10694,USER - 10694,Department 745,Manual
User Name 10695,USER - 10695,Department 750,Manual
User Name 10696,USER - 10696,Department 749,Manual
User Name 10697,USER - 10697,Department 743,Manual
User Name 10698,USER - 10698,Department 767,Manual
User Name 10699,USER - 10699,Department 752,Manual
User Name 10700,USER - 10700,Department 760,Manual
User Name 10701,USER - 10701,Department 746,Manual
User Name 10702,USER - 10702,Department 768,Manual
User Name 10703,USER - 10703,Department 764,Manual
User Name 10704,USER - 10704,Department 744,Manual
User Name 10705,USER - 10705,Department 752,Manual
User Name 10706,USER - 10706,Department 750,Manual
User Name 10707,USER - 10707,Department 759,Manual
User Name 10708,USER - 10708,Department 749,Manual
User Name 10709,USER - 10709,Department 752,Manual
User Name 4154,USER - 04154,Department 744,Manual
User Name 10711,USER - 10711,Department 762,Manual
User Name 10712,USER - 10712,Department 752,Manual
User Name 10713,USER - 10713,Department 765,Manual
User Name 10714,USER - 10714,Department 752,Manual
User Name 10715,USER - 10715,Department 763,Manual
User Name 10716,USER - 10716,Department 3488,Manual
User Name 10717,USER - 10717,Department 3010,Manual
User Name 10718,USER - 10718,Department 635,Manual
User Name 10719,USER - 10719,Department 748,Manual
User Name 10720,USER - 10720,Department 750,Manual
User Name 10721,USER - 10721,Department 295,Manual
User Name 10722,USER - 10722,Department 746,Manual
User Name 10723,USER - 10723,Department 764,Manual
User Name 10724,USER - 10724,Department 743,Manual
User Name 10725,USER - 10725,Department 762,Manual
User Name 10726,USER - 10726,Department 3010,Manual
User Name 10727,USER - 10727,Department 751,Manual
User Name 10728,USER - 10728,Department 743,Manual
User Name 10729,USER - 10729,Department 747,Manual
User Name 10730,USER - 10730,Department 765,Manual
User Name 10731,USER - 10731,Department 750,Manual
User Name 10732,USER - 10732,Department 744,Manual
User Name 10733,USER - 10733,Department 750,Manual
User Name 10734,USER - 10734,Department 765,Manual
User Name 10735,USER - 10735,Department 745,Manual
User Name 10736,USER - 10736,Department 744,Manual
User Name 10737,USER - 10737,Department 766,Manual
User Name 10738,USER - 10738,Department 2925,Manual
User Name 10739,USER - 10739,Department 295,Manual
User Name 10740,USER - 10740,Department 2369,Manual
User Name 10741,USER - 10741,Department 878,Manual
User Name 10742,USER - 10742,Department 746,Manual
User Name 10743,USER - 10743,Department 295,Manual
User Name 10744,USER - 10744,Department 763,Manual
User Name 10745,USER - 10745,Department 991,Manual
User Name 10746,USER - 10746,Department 2609,Manual
User Name 10747,USER - 10747,Department 760,Manual
User Name 10748,USER - 10748,Department 2070,Manual
User Name 10749,USER - 10749,Department 2000,Manual
User Name 10750,USER - 10750,Department 2000,Manual
User Name 10751,USER - 10751,Department 760,Manual
User Name 10752,USER - 10752,Department 763,Manual
User Name 10753,USER - 10753,Department 2070,Manual
User Name 10754,USER - 10754,Department 1835,Manual
User Name 10755,USER - 10755,Department 2125,Manual
User Name 10756,USER - 10756,Department 2034,Manual
User Name 10757,USER - 10757,Department 2017,Manual
User Name 10758,USER - 10758,Department 2125,Manual
User Name 10759,USER - 10759,Department 759,Manual
User Name 10760,USER - 10760,Department 533,Manual
User Name 10761,USER - 10761,Department 3636,Manual
User Name 10762,USER - 10762,Department 3066,Manual
User Name 10763,USER - 10763,Department 997,Manual
User Name 10764,USER - 10764,Department 1089,Manual
User Name 10765,USER - 10765,Department 2342,Manual
User Name 10766,USER - 10766,Department 1055,Manual
User Name 10767,USER - 10767,Department 884,Manual
User Name 10768,USER - 10768,Department 1014,Manual
User Name 10769,USER - 10769,Department 2506,Manual
User Name 10770,USER - 10770,Department 2398,Manual
User Name 10771,USER - 10771,Department 3091,Manual
User Name 10772,USER - 10772,Department 2675,Manual
User Name 10773,USER - 10773,Department 940,Manual
User Name 10774,USER - 10774,Department 3066,Manual
User Name 10775,USER - 10775,Department 1080,Manual
User Name 10776,USER - 10776,Department 2345,Manual
User Name 10777,USER - 10777,Department 2953,Manual
User Name 10778,USER - 10778,Department 3567,Manual
User Name 10779,USER - 10779,Department 3555,Manual
User Name 10780,USER - 10780,Department 1598,Manual
User Name 10781,USER - 10781,Department 2656,Manual
User Name 10782,USER - 10782,Department 2304,Manual
User Name 10783,USER - 10783,Department 2829,Manual
User Name 10784,USER - 10784,Department 1600,Manual
User Name 10785,USER - 10785,Department 2291,Manual
User Name 10786,USER - 10786,Department 2607,Manual
User Name 10787,USER - 10787,Department 3551,Manual
User Name 10788,USER - 10788,Department 2657,Manual
User Name 10789,USER - 10789,Department 2086,Manual
User Name 10790,USER - 10790,Department 2027,Manual
User Name 10791,USER - 10791,Department 2122,Manual
User Name 10792,USER - 10792,Department 2070,Manual
User Name 10793,USER - 10793,Department 1821,Manual
User Name 10794,USER - 10794,Department 2086,Manual
User Name 10795,USER - 10795,Department 2075,Manual
User Name 10796,USER - 10796,Department 2045,Manual
User Name 10797,USER - 10797,Department 2705,Manual
User Name 10798,USER - 10798,Department 731,Manual
User Name 10799,USER - 10799,Department 2199,Manual
User Name 10800,USER - 10800,Department 2161,Manual
User Name 10801,USER - 10801,Department 684,Manual
User Name 10802,USER - 10802,Department 3115,Manual
User Name 10803,USER - 10803,Department 2976,Manual
User Name 10804,USER - 10804,Department 2066,Manual
User Name 10805,USER - 10805,Department 719,Manual
User Name 10806,USER - 10806,Department 2903,Manual
User Name 10807,USER - 10807,Department 1960,Manual
User Name 10808,USER - 10808,Department 1794,Manual
User Name 10809,USER - 10809,Department 2677,Manual
User Name 10810,USER - 10810,Department 1954,Manual
User Name 10811,USER - 10811,Department 2334,Manual
User Name 10812,USER - 10812,Department 936,Manual
User Name 10813,USER - 10813,Department 616,Manual
User Name 10814,USER - 10814,Department 3094,Manual
User Name 10815,USER - 10815,Department 2070,Manual
User Name 10816,USER - 10816,Department 2258,Manual
User Name 10817,USER - 10817,Department 510,Manual
User Name 10818,USER - 10818,Department 2070,Manual
User Name 10819,USER - 10819,Department 2148,Manual
User Name 10820,USER - 10820,Department 2148,Manual
User Name 10821,USER - 10821,Department 2148,Manual
User Name 10822,USER - 10822,Department 2147,Manual
User Name 10823,USER - 10823,Department 2070,Manual
User Name 10824,USER - 10824,Department 741,Manual
User Name 10825,USER - 10825,Department 3070,Manual
User Name 10826,USER - 10826,Department 2070,Manual
User Name 10827,USER - 10827,Department 2070,Manual
User Name 10828,USER - 10828,Department 771,Manual
User Name 10829,USER - 10829,Department 3011,Manual
User Name 10830,USER - 10830,Department 1694,Manual
User Name 10831,USER - 10831,Department 2269,Manual
User Name 10832,USER - 10832,Department 111,Manual
User Name 10833,USER - 10833,Department 3497,Manual
User Name 10834,USER - 10834,Department 2953,Manual
User Name 10835,USER - 10835,Department 2070,Manual
User Name 10836,USER - 10836,Department 2070,Manual
User Name 10837,USER - 10837,Department 2852,Manual
User Name 10838,USER - 10838,Department 1964,Manual
User Name 10839,USER - 10839,Department 2225,Manual
User Name 10840,USER - 10840,Department 2222,Manual
User Name 10841,USER - 10841,Department 2070,Manual
User Name 10842,USER - 10842,Department 2232,Manual
User Name 10843,USER - 10843,Department 1778,Manual
User Name 10844,USER - 10844,Department 2070,Manual
User Name 10845,USER - 10845,Department 2070,Manual
User Name 10846,USER - 10846,Department 2226,Manual
User Name 10847,USER - 10847,Department 2222,Manual
User Name 10848,USER - 10848,Department 1750,Manual
User Name 10849,USER - 10849,Department 2222,Manual
User Name 10850,USER - 10850,Department 1862,Manual
User Name 10851,USER - 10851,Department 2227,Manual
User Name 10852,USER - 10852,Department 2226,Manual
User Name 10853,USER - 10853,Department 1961,Manual
User Name 10854,USER - 10854,Department 3067,Manual
User Name 10855,USER - 10855,Department 521,Manual
User Name 10856,USER - 10856,Department 3067,Manual
User Name 10857,USER - 10857,Department 2022,Manual
User Name 10858,USER - 10858,Department 2030,Manual
User Name 10859,USER - 10859,Department 775,Manual
User Name 10860,USER - 10860,Department 2070,Manual
User Name 8090,USER - 08090,Department 3554,Manual
User Name 10862,USER - 10862,Department 2310,Manual
User Name 10863,USER - 10863,Department 2619,Manual
User Name 10864,USER - 10864,Department 2786,Manual
User Name 10865,USER - 10865,Department 805,Manual
User Name 10866,USER - 10866,Department 2940,Manual
User Name 10867,USER - 10867,Department 1794,Manual
User Name 10868,USER - 10868,Department 896,Manual
User Name 10869,USER - 10869,Department 2701,Manual
User Name 10870,USER - 10870,Department 2752,Manual
User Name 10871,USER - 10871,Department 3649,Manual
User Name 10872,USER - 10872,Department 3636,Manual
User Name 10873,USER - 10873,Department 509,Manual
User Name 10874,USER - 10874,Department 3542,Manual
User Name 10875,USER - 10875,Department 2070,Manual
User Name 10876,USER - 10876,Department 2107,Manual
User Name 10877,USER - 10877,Department 2070,Manual
User Name 10878,USER - 10878,Department 3104,Manual
User Name 10879,USER - 10879,Department 2818,Manual
User Name 10880,USER - 10880,Department 2705,Manual
User Name 10881,USER - 10881,Department 394,Manual
User Name 10882,USER - 10882,Department 2705,Manual
User Name 10883,USER - 10883,Department 2711,Manual
User Name 10884,USER - 10884,Department 3090,Manual
User Name 10885,USER - 10885,Department 2031,Manual
User Name 10886,USER - 10886,Department 2263,Manual
User Name 10887,USER - 10887,Department 2820,Manual
User Name 10888,USER - 10888,Department 3471,Manual
User Name 10889,USER - 10889,Department 2649,Manual
User Name 10890,USER - 10890,Department 85,Manual
User Name 10891,USER - 10891,Department 1807,Manual
User Name 10892,USER - 10892,Department 2043,Manual
User Name 10893,USER - 10893,Department 766,Manual
User Name 10894,USER - 10894,Department 2700,Manual
User Name 10895,USER - 10895,Department 1639,Manual
User Name 10896,USER - 10896,Department 2159,Manual
User Name 10897,USER - 10897,Department 2178,Manual
User Name 10898,USER - 10898,Department 2195,Manual
User Name 10899,USER - 10899,Department 2303,Manual
User Name 10900,USER - 10900,Department 1811,Manual
User Name 10901,USER - 10901,Department 2831,Manual
User Name 10902,USER - 10902,Department 2743,Manual
User Name 10903,USER - 10903,Department 2743,Manual
User Name 10904,USER - 10904,Department 2070,Manual
User Name 10905,USER - 10905,Department 718,Manual
User Name 10906,USER - 10906,Department 2193,Manual
User Name 10907,USER - 10907,Department 2070,Manual
User Name 5618,USER - 05618,Department 3495,Manual
User Name 10909,USER - 10909,Department 1899,Manual
User Name 10910,USER - 10910,Department 2061,Manual
User Name 10911,USER - 10911,Department 1864,Manual
User Name 10912,USER - 10912,Department 1794,Manual
User Name 10913,USER - 10913,Department 2854,Manual
User Name 10914,USER - 10914,Department 2852,Manual
User Name 10915,USER - 10915,Department 2852,Manual
User Name 10916,USER - 10916,Department 1957,Manual
User Name 10917,USER - 10917,Department 3104,Manual
User Name 10918,USER - 10918,Department 3483,Manual
User Name 10919,USER - 10919,Department 1647,Manual
User Name 10920,USER - 10920,Department 3092,Manual
User Name 10921,USER - 10921,Department 1873,Manual
User Name 10922,USER - 10922,Department 2004,Manual
User Name 10923,USER - 10923,Department 2724,Manual
User Name 10924,USER - 10924,Department 2686,Manual
User Name 10925,USER - 10925,Department 392,Manual
User Name 10926,USER - 10926,Department 1996,Manual
User Name 10927,USER - 10927,Department 1808,Manual
User Name 10928,USER - 10928,Department 3336,Manual
User Name 10929,USER - 10929,Department 1180,Manual
User Name 10930,USER - 10930,Department 1216,Manual
User Name 10931,USER - 10931,Department 1038,Manual
User Name 10932,USER - 10932,Department 1164,Manual
User Name 10933,USER - 10933,Department 1038,Manual
User Name 10934,USER - 10934,Department 2006,Manual
User Name 10935,USER - 10935,Department 1894,Manual
User Name 10936,USER - 10936,Department 1197,Manual
User Name 10937,USER - 10937,Department 1317,Manual
User Name 10938,USER - 10938,Department 3024,Manual
User Name 10939,USER - 10939,Department 1196,Manual
User Name 10940,USER - 10940,Department 1194,Manual
User Name 10941,USER - 10941,Department 1195,Manual
User Name 10942,USER - 10942,Department 1211,Manual
User Name 10943,USER - 10943,Department 162,Manual
User Name 10944,USER - 10944,Department 1210,Manual
User Name 10945,USER - 10945,Department 1217,Manual
User Name 10946,USER - 10946,Department 1214,Manual
User Name 10947,USER - 10947,Department 1196,Manual
User Name 10948,USER - 10948,Department 1187,Manual
User Name 10949,USER - 10949,Department 1281,Manual
User Name 10950,USER - 10950,Department 1281,Manual
User Name 10951,USER - 10951,Department 1281,Manual
User Name 10952,USER - 10952,Department 1212,Manual
User Name 10953,USER - 10953,Department 1215,Manual
User Name 10954,USER - 10954,Department 1279,Manual
User Name 10955,USER - 10955,Department 1281,Manual
User Name 10956,USER - 10956,Department 1281,Manual
User Name 10957,USER - 10957,Department 1281,Manual
User Name 10958,USER - 10958,Department 1213,Manual
User Name 10959,USER - 10959,Department 1316,Manual
User Name 10960,USER - 10960,Department 1317,Manual
User Name 10961,USER - 10961,Department 1192,Manual
User Name 10962,USER - 10962,Department 1164,Manual
User Name 10963,USER - 10963,Department 1318,Manual
User Name 10964,USER - 10964,Department 3023,Manual
User Name 10965,USER - 10965,Department 3011,Manual
User Name 10966,USER - 10966,Department 3011,Manual
User Name 10967,USER - 10967,Department 3066,Manual
User Name 10968,USER - 10968,Department 3749,Manual
User Name 10969,USER - 10969,Department 2987,Manual
User Name 10970,USER - 10970,Department 2987,Manual
User Name 10971,USER - 10971,Department 2985,Manual
User Name 10972,USER - 10972,Department 3001,Manual
User Name 10973,USER - 10973,Department 3139,Manual
User Name 10974,USER - 10974,Department 3057,Manual
User Name 10975,USER - 10975,Department 2962,Manual
User Name 10976,USER - 10976,Department 3059,Manual
User Name 10977,USER - 10977,Department 3063,Manual
User Name 10978,USER - 10978,Department 3001,Manual
User Name 10979,USER - 10979,Department 3007,Manual
User Name 10980,USER - 10980,Department 2040,Manual
User Name 10981,USER - 10981,Department 2069,Manual
User Name 10982,USER - 10982,Department 1621,Manual
User Name 10983,USER - 10983,Department 3369,Manual
User Name 10984,USER - 10984,Department 1785,Manual
User Name 10985,USER - 10985,Department 2215,Manual
User Name 10986,USER - 10986,Department 2985,Manual
User Name 10987,USER - 10987,Department 2986,Manual
User Name 10988,USER - 10988,Department 3667,Manual
User Name 10989,USER - 10989,Department 3667,Manual
User Name 10990,USER - 10990,Department 3667,Manual
User Name 10991,USER - 10991,Department 3741,Manual
User Name 10992,USER - 10992,Department 3533,Manual
User Name 10993,USER - 10993,Department 2135,Manual
User Name 10994,USER - 10994,Department 2016,Manual
User Name 10995,USER - 10995,Department 2135,Manual
User Name 10996,USER - 10996,Department 2144,Manual
User Name 10997,USER - 10997,Department 3533,Manual
User Name 10998,USER - 10998,Department 2135,Manual
User Name 10999,USER - 10999,Department 2135,Manual
User Name 11000,USER - 11000,Department 37,Manual
User Name 11001,USER - 11001,Department 122,Manual
User Name 11002,USER - 11002,Department 2135,Manual
User Name 11003,USER - 11003,Department 122,Manual
User Name 11004,USER - 11004,Department 1962,Manual
User Name 11005,USER - 11005,Department 1796,Manual
User Name 11006,USER - 11006,Department 2214,Manual
User Name 11007,USER - 11007,Department 2214,Manual
User Name 11008,USER - 11008,Department 2215,Manual
User Name 11009,USER - 11009,Department 2215,Manual
User Name 11010,USER - 11010,Department 1815,Manual
User Name 11011,USER - 11011,Department 875,Manual
User Name 11012,USER - 11012,Department 875,Manual
User Name 11013,USER - 11013,Department 875,Manual
User Name 11014,USER - 11014,Department 875,Manual
User Name 11015,USER - 11015,Department 3001,Manual
User Name 11016,USER - 11016,Department 868,Manual
User Name 11017,USER - 11017,Department 874,Manual
User Name 11018,USER - 11018,Department 874,Manual
User Name 11019,USER - 11019,Department 874,Manual
User Name 11020,USER - 11020,Department 874,Manual
User Name 11021,USER - 11021,Department 868,Manual
User Name 11022,USER - 11022,Department 874,Manual
User Name 11023,USER - 11023,Department 872,Manual
User Name 11024,USER - 11024,Department 875,Manual
User Name 11025,USER - 11025,Department 875,Manual
User Name 11026,USER - 11026,Department 875,Manual
User Name 11027,USER - 11027,Department 1036,Manual
User Name 11028,USER - 11028,Department 967,Manual
User Name 11029,USER - 11029,Department 1039,Manual
User Name 11030,USER - 11030,Department 1044,Manual
User Name 11031,USER - 11031,Department 1039,Manual
User Name 11032,USER - 11032,Department 3426,Manual
User Name 11033,USER - 11033,Department 1038,Manual
User Name 11034,USER - 11034,Department 999,Manual
User Name 11035,USER - 11035,Department 1039,Manual
User Name 11036,USER - 11036,Department 1037,Manual
User Name 11037,USER - 11037,Department 1044,Manual
User Name 11038,USER - 11038,Department 968,Manual
User Name 11039,USER - 11039,Department 1000,Manual
User Name 11040,USER - 11040,Department 996,Manual
User Name 11041,USER - 11041,Department 1044,Manual
User Name 11042,USER - 11042,Department 1035,Manual
User Name 11043,USER - 11043,Department 1038,Manual
User Name 11044,USER - 11044,Department 999,Manual
User Name 11045,USER - 11045,Department 1035,Manual
User Name 11046,USER - 11046,Department 998,Manual
User Name 11047,USER - 11047,Department 999,Manual
User Name 11048,USER - 11048,Department 1039,Manual
User Name 11049,USER - 11049,Department 2519,Manual
User Name 11050,USER - 11050,Department 1044,Manual
User Name 11051,USER - 11051,Department 1036,Manual
User Name 7091,USER - 07091,Department 1106,Manual
User Name 11053,USER - 11053,Department 1036,Manual
User Name 11054,USER - 11054,Department 1039,Manual
User Name 11055,USER - 11055,Department 1001,Manual
User Name 11056,USER - 11056,Department 1002,Manual
User Name 11057,USER - 11057,Department 1017,Manual
User Name 11058,USER - 11058,Department 999,Manual
User Name 11059,USER - 11059,Department 1041,Manual
User Name 11060,USER - 11060,Department 1045,Manual
User Name 11061,USER - 11061,Department 2499,Manual
User Name 11062,USER - 11062,Department 1810,Manual
User Name 11063,USER - 11063,Department 307,Manual
User Name 11064,USER - 11064,Department 1684,Manual
User Name 11065,USER - 11065,Department 228,Manual
User Name 11066,USER - 11066,Department 1756,Manual
User Name 11067,USER - 11067,Department 1681,Manual
User Name 11068,USER - 11068,Department 1684,Manual
User Name 11069,USER - 11069,Department 3661,Manual
User Name 11070,USER - 11070,Department 3695,Manual
User Name 11071,USER - 11071,Department 2143,Manual
User Name 11072,USER - 11072,Department 2143,Manual
User Name 11073,USER - 11073,Department 1682,Manual
User Name 11074,USER - 11074,Department 1680,Manual
User Name 11075,USER - 11075,Department 1683,Manual
User Name 11076,USER - 11076,Department 1683,Manual
User Name 11077,USER - 11077,Department 1682,Manual
User Name 11078,USER - 11078,Department 1683,Manual
User Name 11079,USER - 11079,Department 1683,Manual
User Name 11080,USER - 11080,Department 1682,Manual
User Name 11081,USER - 11081,Department 2142,Manual
User Name 11082,USER - 11082,Department 1041,Manual
User Name 11083,USER - 11083,Department 3660,Manual
User Name 11084,USER - 11084,Department 1974,Manual
User Name 11085,USER - 11085,Department 3742,Manual
User Name 11086,USER - 11086,Department 1810,Manual
User Name 11087,USER - 11087,Department 1978,Manual
User Name 11088,USER - 11088,Department 1967,Manual
User Name 11089,USER - 11089,Department 2096,Manual
User Name 11090,USER - 11090,Department 1821,Manual
User Name 11091,USER - 11091,Department 1749,Manual
User Name 11092,USER - 11092,Department 875,Manual
User Name 11093,USER - 11093,Department 871,Manual
User Name 11094,USER - 11094,Department 875,Manual
User Name 11095,USER - 11095,Department 875,Manual
User Name 11096,USER - 11096,Department 875,Manual
User Name 11097,USER - 11097,Department 875,Manual
User Name 11098,USER - 11098,Department 875,Manual
User Name 11099,USER - 11099,Department 2150,Manual
User Name 11100,USER - 11100,Department 1601,Manual
User Name 11101,USER - 11101,Department 1739,Manual
User Name 11102,USER - 11102,Department 1757,Manual
User Name 11103,USER - 11103,Department 1760,Manual
User Name 11104,USER - 11104,Department 2015,Manual
User Name 11105,USER - 11105,Department 2641,Manual
User Name 11106,USER - 11106,Department 1395,Manual
User Name 11107,USER - 11107,Department 2990,Manual
User Name 11108,USER - 11108,Department 1394,Manual
User Name 11109,USER - 11109,Department 1395,Manual
User Name 11110,USER - 11110,Department 2641,Manual
User Name 11111,USER - 11111,Department 1267,Manual
User Name 11112,USER - 11112,Department 1267,Manual
User Name 11113,USER - 11113,Department 1754,Manual
User Name 11114,USER - 11114,Department 1259,Manual
User Name 11115,USER - 11115,Department 1752,Manual
User Name 11116,USER - 11116,Department 3609,Manual
User Name 11117,USER - 11117,Department 3335,Manual
User Name 11118,USER - 11118,Department 3347,Manual
User Name 11119,USER - 11119,Department 135,Manual
User Name 11120,USER - 11120,Department 2090,Manual
User Name 11121,USER - 11121,Department 850,Manual
User Name 11122,USER - 11122,Department 850,Manual
User Name 11123,USER - 11123,Department 3335,Manual
User Name 11124,USER - 11124,Department 1815,Manual
User Name 11125,USER - 11125,Department 3175,Manual
User Name 11126,USER - 11126,Department 3321,Manual
User Name 11127,USER - 11127,Department 3321,Manual
User Name 11128,USER - 11128,Department 3323,Manual
User Name 11129,USER - 11129,Department 3155,Manual
User Name 11130,USER - 11130,Department 1831,Manual
User Name 11131,USER - 11131,Department 3175,Manual
User Name 11132,USER - 11132,Department 3355,Manual
User Name 3401,USER - 03401,Department 3175,Manual
User Name 11134,USER - 11134,Department 1823,Manual
User Name 11135,USER - 11135,Department 1302,Manual
User Name 11136,USER - 11136,Department 3328,Manual
User Name 11137,USER - 11137,Department 2494,Manual
User Name 11138,USER - 11138,Department 1764,Manual
User Name 11139,USER - 11139,Department 1820,Manual
User Name 11140,USER - 11140,Department 1704,Manual
User Name 11141,USER - 11141,Department 2052,Manual
User Name 11142,USER - 11142,Department 1823,Manual
User Name 11143,USER - 11143,Department 1823,Manual
User Name 11144,USER - 11144,Department 1823,Manual
User Name 11145,USER - 11145,Department 3339,Manual
User Name 11146,USER - 11146,Department 3157,Manual
User Name 11147,USER - 11147,Department 3321,Manual
User Name 297,USER - 00297,Department 3332,Manual
User Name 11149,USER - 11149,Department 2062,Manual
User Name 11150,USER - 11150,Department 460,Manual
User Name 11151,USER - 11151,Department 2034,Manual
User Name 11152,USER - 11152,Department 1810,Manual
User Name 11153,USER - 11153,Department 1823,Manual
User Name 9331,USER - 09331,Department 3328,Manual
User Name 11155,USER - 11155,Department 3339,Manual
User Name 11156,USER - 11156,Department 2491,Manual
User Name 11157,USER - 11157,Department 1823,Manual
User Name 11158,USER - 11158,Department 1831,Manual
User Name 11159,USER - 11159,Department 3355,Manual
User Name 11160,USER - 11160,Department 1815,Manual
User Name 11161,USER - 11161,Department 3322,Manual
User Name 11162,USER - 11162,Department 3321,Manual
User Name 11163,USER - 11163,Department 3322,Manual
User Name 11164,USER - 11164,Department 3346,Manual
User Name 11165,USER - 11165,Department 2592,Manual
User Name 11166,USER - 11166,Department 1951,Manual
User Name 11167,USER - 11167,Department 2589,Manual
User Name 11168,USER - 11168,Department 2052,Manual
User Name 11169,USER - 11169,Department 1349,Manual
User Name 11170,USER - 11170,Department 1022,Manual
User Name 11171,USER - 11171,Department 1739,Manual
User Name 11172,USER - 11172,Department 1739,Manual
User Name 11173,USER - 11173,Department 1349,Manual
User Name 11174,USER - 11174,Department 1022,Manual
User Name 11175,USER - 11175,Department 1860,Manual
User Name 11176,USER - 11176,Department 2052,Manual
User Name 11177,USER - 11177,Department 3347,Manual
User Name 11178,USER - 11178,Department 1815,Manual
User Name 11179,USER - 11179,Department 1999,Manual
User Name 11180,USER - 11180,Department 1349,Manual
User Name 11181,USER - 11181,Department 2642,Manual
User Name 11182,USER - 11182,Department 1856,Manual
User Name 11183,USER - 11183,Department 1990,Manual
User Name 11184,USER - 11184,Department 1749,Manual
User Name 11185,USER - 11185,Department 3086,Manual
User Name 300,USER - 00300,Department 462,Manual
User Name 11187,USER - 11187,Department 3398,Manual
User Name 11188,USER - 11188,Department 1137,Manual
User Name 11189,USER - 11189,Department 1673,Manual
User Name 11190,USER - 11190,Department 2385,Manual
User Name 11191,USER - 11191,Department 3282,Manual
User Name 11192,USER - 11192,Department 3055,Manual
User Name 11193,USER - 11193,Department 1987,Manual
User Name 11194,USER - 11194,Department 947,Manual
User Name 11195,USER - 11195,Department 438,Manual
User Name 11196,USER - 11196,Department 1288,Manual
User Name 11197,USER - 11197,Department 1674,Manual
User Name 11198,USER - 11198,Department 1455,Manual
User Name 11199,USER - 11199,Department 1970,Manual
User Name 11200,USER - 11200,Department 3361,Manual
User Name 11201,USER - 11201,Department 1907,Manual
User Name 11202,USER - 11202,Department 1285,Manual
User Name 11203,USER - 11203,Department 2301,Manual
User Name 11204,USER - 11204,Department 508,Manual
User Name 11205,USER - 11205,Department 1694,Manual
User Name 11206,USER - 11206,Department 3073,Manual
User Name 11207,USER - 11207,Department 895,Manual
User Name 11208,USER - 11208,Department 261,Manual
User Name 11209,USER - 11209,Department 1132,Manual
User Name 11210,USER - 11210,Department 149,Manual
User Name 11211,USER - 11211,Department 2385,Manual
User Name 11212,USER - 11212,Department 2167,Manual
User Name 11213,USER - 11213,Department 2375,Manual
User Name 11214,USER - 11214,Department 1991,Manual
User Name 11215,USER - 11215,Department 1858,Manual
User Name 11216,USER - 11216,Department 1963,Manual
User Name 11217,USER - 11217,Department 2081,Manual
User Name 11218,USER - 11218,Department 1991,Manual
User Name 4024,USER - 04024,Department 1776,Manual
User Name 2441,USER - 02441,Department 1958,Manual
User Name 11221,USER - 11221,Department 2498,Manual
User Name 11222,USER - 11222,Department 1931,Manual
User Name 11223,USER - 11223,Department 2473,Manual
User Name 11224,USER - 11224,Department 1379,Manual
User Name 11225,USER - 11225,Department 1850,Manual
User Name 11226,USER - 11226,Department 3582,Manual
User Name 4099,USER - 04099,Department 1822,Manual
User Name 11228,USER - 11228,Department 2993,Manual
User Name 11229,USER - 11229,Department 246,Manual
User Name 11230,USER - 11230,Department 2036,Manual
User Name 11231,USER - 11231,Department 693,Manual
User Name 11232,USER - 11232,Department 2495,Manual
User Name 11233,USER - 11233,Department 862,Manual
User Name 11234,USER - 11234,Department 864,Manual
User Name 11235,USER - 11235,Department 204,Manual
User Name 11236,USER - 11236,Department 203,Manual
User Name 11237,USER - 11237,Department 535,Manual
User Name 11238,USER - 11238,Department 1303,Manual
User Name 11239,USER - 11239,Department 503,Manual
User Name 11240,USER - 11240,Department 863,Manual
User Name 11241,USER - 11241,Department 511,Manual
User Name 11242,USER - 11242,Department 529,Manual
User Name 11243,USER - 11243,Department 1639,Manual
User Name 11244,USER - 11244,Department 1898,Manual
User Name 11245,USER - 11245,Department 864,Manual
User Name 11246,USER - 11246,Department 1442,Manual
User Name 11247,USER - 11247,Department 834,Manual
User Name 11248,USER - 11248,Department 1319,Manual
User Name 11249,USER - 11249,Department 12,Manual
User Name 11250,USER - 11250,Department 3339,Manual
User Name 11251,USER - 11251,Department 617,Manual
User Name 11252,USER - 11252,Department 2524,Manual
User Name 11253,USER - 11253,Department 2438,Manual
User Name 11254,USER - 11254,Department 2594,Manual
User Name 11255,USER - 11255,Department 546,Manual
User Name 11256,USER - 11256,Department 2823,Manual
User Name 11257,USER - 11257,Department 2462,Manual
User Name 11258,USER - 11258,Department 1124,Manual
User Name 11259,USER - 11259,Department 2211,Manual
User Name 11260,USER - 11260,Department 1496,Manual
User Name 11261,USER - 11261,Department 657,Manual
User Name 11262,USER - 11262,Department 48,Manual
User Name 11263,USER - 11263,Department 166,Manual
User Name 11264,USER - 11264,Department 36,Manual
User Name 11265,USER - 11265,Department 2207,Manual
User Name 11266,USER - 11266,Department 2368,Manual
User Name 11267,USER - 11267,Department 45,Manual
User Name 11268,USER - 11268,Department 1678,Manual
User Name 11269,USER - 11269,Department 1742,Manual
User Name 11270,USER - 11270,Department 1327,Manual
User Name 11271,USER - 11271,Department 3313,Manual
User Name 11272,USER - 11272,Department 1692,Manual
User Name 11273,USER - 11273,Department 202,Manual
User Name 11274,USER - 11274,Department 1770,Manual
User Name 11275,USER - 11275,Department 2236,Manual
User Name 11276,USER - 11276,Department 2172,Manual
User Name 11277,USER - 11277,Department 3342,Manual
User Name 11278,USER - 11278,Department 2468,Manual
User Name 11279,USER - 11279,Department 3306,Manual
User Name 11280,USER - 11280,Department 2486,Manual
User Name 11281,USER - 11281,Department 2485,Manual
User Name 8057,USER - 08057,Department 3170,Manual
User Name 11283,USER - 11283,Department 1962,Manual
User Name 11284,USER - 11284,Department 1512,Manual
User Name 11285,USER - 11285,Department 2080,Manual
User Name 11286,USER - 11286,Department 1900,Manual
User Name 11287,USER - 11287,Department 120,Manual
User Name 11288,USER - 11288,Department 2935,Manual
User Name 11289,USER - 11289,Department 769,Manual
User Name 11290,USER - 11290,Department 780,Manual
User Name 11291,USER - 11291,Department 1924,Manual
User Name 11292,USER - 11292,Department 1692,Manual
User Name 11293,USER - 11293,Department 1849,Manual
User Name 11294,USER - 11294,Department 2133,Manual
User Name 11295,USER - 11295,Department 3007,Manual
User Name 11296,USER - 11296,Department 1807,Manual
User Name 11297,USER - 11297,Department 2426,Manual
User Name 11298,USER - 11298,Department 1871,Manual
User Name 8057,USER - 08057,Department 1964,Manual
User Name 11300,USER - 11300,Department 2113,Manual
User Name 11301,USER - 11301,Department 2873,Manual
User Name 11302,USER - 11302,Department 3439,Manual
User Name 11303,USER - 11303,Department 2873,Manual
User Name 11304,USER - 11304,Department 865,Manual
User Name 11305,USER - 11305,Department 2922,Manual
User Name 11306,USER - 11306,Department 1246,Manual
User Name 11307,USER - 11307,Department 1035,Manual
User Name 11308,USER - 11308,Department 2301,Manual
User Name 11309,USER - 11309,Department 200,Manual
User Name 11310,USER - 11310,Department 1806,Manual
User Name 11311,USER - 11311,Department 2172,Manual
User Name 11312,USER - 11312,Department 743,Manual
User Name 11313,USER - 11313,Department 1167,Manual
User Name 11314,USER - 11314,Department 3117,Manual
User Name 11315,USER - 11315,Department 39,Manual
User Name 11316,USER - 11316,Department 1864,Manual
User Name 11317,USER - 11317,Department 251,Manual
User Name 11318,USER - 11318,Department 258,Manual
User Name 11319,USER - 11319,Department 1475,Manual
User Name 11320,USER - 11320,Department 622,Manual
User Name 11321,USER - 11321,Department 3028,Manual
User Name 11322,USER - 11322,Department 750,Manual
User Name 11323,USER - 11323,Department 1785,Manual
User Name 11324,USER - 11324,Department 2956,Manual
User Name 11325,USER - 11325,Department 2967,Manual
User Name 11326,USER - 11326,Department 3043,Manual
User Name 11327,USER - 11327,Department 2974,Manual
User Name 11328,USER - 11328,Department 2974,Manual
User Name 11329,USER - 11329,Department 3117,Manual
User Name 11330,USER - 11330,Department 2467,Manual
User Name 11331,USER - 11331,Department 3695,Manual
User Name 11332,USER - 11332,Department 2534,Manual
User Name 11333,USER - 11333,Department 2534,Manual
User Name 11334,USER - 11334,Department 1398,Manual
User Name 11335,USER - 11335,Department 838,Manual
User Name 11336,USER - 11336,Department 1852,Manual
User Name 11337,USER - 11337,Department 1787,Manual
User Name 11338,USER - 11338,Department 2017,Manual
User Name 11339,USER - 11339,Department 1812,Manual
User Name 11340,USER - 11340,Department 2676,Manual
User Name 11341,USER - 11341,Department 2484,Manual
User Name 11342,USER - 11342,Department 2476,Manual
User Name 11343,USER - 11343,Department 2500,Manual
User Name 11344,USER - 11344,Department 1118,Manual
User Name 11345,USER - 11345,Department 3312,Manual
User Name 11346,USER - 11346,Department 1580,Manual
User Name 11347,USER - 11347,Department 1938,Manual
User Name 11348,USER - 11348,Department 161,Manual
User Name 11349,USER - 11349,Department 71,Manual
User Name 11350,USER - 11350,Department 165,Manual
User Name 11351,USER - 11351,Department 2704,Manual
User Name 11352,USER - 11352,Department 870,Manual
User Name 11353,USER - 11353,Department 1787,Manual
User Name 11354,USER - 11354,Department 1805,Manual
User Name 11355,USER - 11355,Department 3200,Manual
User Name 11356,USER - 11356,Department 554,Manual
User Name 11357,USER - 11357,Department 2985,Manual
User Name 11358,USER - 11358,Department 1918,Manual
User Name 11359,USER - 11359,Department 3251,Manual
User Name 11360,USER - 11360,Department 2981,Manual
User Name 11361,USER - 11361,Department 1785,Manual
User Name 11362,USER - 11362,Department 167,Manual
User Name 11363,USER - 11363,Department 3607,Manual
User Name 11364,USER - 11364,Department 1130,Manual
User Name 11365,USER - 11365,Department 3048,Manual
User Name 11366,USER - 11366,Department 125,Manual
User Name 11367,USER - 11367,Department 1677,Manual
User Name 11368,USER - 11368,Department 162,Manual
User Name 11369,USER - 11369,Department 2399,Manual
User Name 11370,USER - 11370,Department 3254,Manual
User Name 11371,USER - 11371,Department 2079,Manual
User Name 11372,USER - 11372,Department 3051,Manual
User Name 11373,USER - 11373,Department 1521,Manual
User Name 11374,USER - 11374,Department 1501,Manual
User Name 11375,USER - 11375,Department 1520,Manual
User Name 11376,USER - 11376,Department 1283,Manual
User Name 11377,USER - 11377,Department 1500,Manual
User Name 11378,USER - 11378,Department 256,Manual
User Name 11379,USER - 11379,Department 1762,Manual
User Name 11380,USER - 11380,Department 2973,Manual
User Name 11381,USER - 11381,Department 89,Manual
User Name 11382,USER - 11382,Department 3096,Manual
User Name 11383,USER - 11383,Department 2918,Manual
User Name 11384,USER - 11384,Department 3208,Manual
User Name 11385,USER - 11385,Department 814,Manual
User Name 11386,USER - 11386,Department 2956,Manual
User Name 11387,USER - 11387,Department 2994,Manual
User Name 11388,USER - 11388,Department 2236,Manual
User Name 11389,USER - 11389,Department 3658,Manual
User Name 11390,USER - 11390,Department 259,Manual
User Name 11391,USER - 11391,Department 1596,Manual
User Name 11392,USER - 11392,Department 1848,Manual
User Name 11393,USER - 11393,Department 471,Manual
User Name 11394,USER - 11394,Department 820,Manual
User Name 11395,USER - 11395,Department 3395,Manual
User Name 11396,USER - 11396,Department 1955,Manual
User Name 11397,USER - 11397,Department 2348,Manual
User Name 11398,USER - 11398,Department 3658,Manual
User Name 11399,USER - 11399,Department 3117,Manual
User Name 11400,USER - 11400,Department 3243,Manual
User Name 11401,USER - 11401,Department 1852,Manual
User Name 11402,USER - 11402,Department 1852,Manual
User Name 11403,USER - 11403,Department 2676,Manual
User Name 11404,USER - 11404,Department 131,Manual
User Name 11405,USER - 11405,Department 1784,Manual
User Name 11406,USER - 11406,Department 3219,Manual
User Name 11407,USER - 11407,Department 3575,Manual
User Name 11408,USER - 11408,Department 1568,Manual
User Name 11409,USER - 11409,Department 1919,Manual
User Name 11410,USER - 11410,Department 2995,Manual
User Name 11411,USER - 11411,Department 3013,Manual
User Name 11412,USER - 11412,Department 3001,Manual
User Name 11413,USER - 11413,Department 3013,Manual
User Name 11414,USER - 11414,Department 3013,Manual
User Name 11415,USER - 11415,Department 3013,Manual
User Name 11416,USER - 11416,Department 3013,Manual
User Name 11417,USER - 11417,Department 3001,Manual
User Name 11418,USER - 11418,Department 3012,Manual
User Name 11419,USER - 11419,Department 3001,Manual
User Name 11420,USER - 11420,Department 2987,Manual
User Name 11421,USER - 11421,Department 5,Manual
User Name 11422,USER - 11422,Department 2012,Manual
User Name 11423,USER - 11423,Department 3289,Manual
User Name 11424,USER - 11424,Department 2968,Manual
User Name 11425,USER - 11425,Department 3067,Manual
User Name 11426,USER - 11426,Department 2112,Manual
User Name 11427,USER - 11427,Department 2075,Manual
User Name 369,USER - 00369,Department 1002,Manual
User Name 11429,USER - 11429,Department 2017,Manual
User Name 11430,USER - 11430,Department 2061,Manual
User Name 11431,USER - 11431,Department 2071,Manual
User Name 11432,USER - 11432,Department 2095,Manual
User Name 11433,USER - 11433,Department 2063,Manual
User Name 11434,USER - 11434,Department 1810,Manual
User Name 11435,USER - 11435,Department 1929,Manual
User Name 11436,USER - 11436,Department 3307,Manual
User Name 11437,USER - 11437,Department 2092,Manual
User Name 11438,USER - 11438,Department 1919,Manual
User Name 11439,USER - 11439,Department 2112,Manual
User Name 11440,USER - 11440,Department 3337,Manual
User Name 11441,USER - 11441,Department 2097,Manual
User Name 11442,USER - 11442,Department 1042,Manual
User Name 11443,USER - 11443,Department 1042,Manual
User Name 11444,USER - 11444,Department 1739,Manual
User Name 11445,USER - 11445,Department 2052,Manual
User Name 11446,USER - 11446,Department 2001,Manual
User Name 11447,USER - 11447,Department 1967,Manual
User Name 11448,USER - 11448,Department 1919,Manual
User Name 11449,USER - 11449,Department 1979,Manual
User Name 11450,USER - 11450,Department 1805,Manual
User Name 11451,USER - 11451,Department 2051,Manual
User Name 11452,USER - 11452,Department 292,Manual
User Name 11453,USER - 11453,Department 1979,Manual
User Name 11454,USER - 11454,Department 347,Manual
User Name 11455,USER - 11455,Department 1979,Manual
User Name 11456,USER - 11456,Department 1023,Manual
User Name 11457,USER - 11457,Department 1023,Manual
User Name 958,USER - 00958,Department 1023,Manual
User Name 11459,USER - 11459,Department 1770,Manual
User Name 11460,USER - 11460,Department 1967,Manual
User Name 11461,USER - 11461,Department 1929,Manual
User Name 11462,USER - 11462,Department 1963,Manual
User Name 11463,USER - 11463,Department 3337,Manual
User Name 11464,USER - 11464,Department 1042,Manual
User Name 11465,USER - 11465,Department 1966,Manual
User Name 11466,USER - 11466,Department 1929,Manual
User Name 11467,USER - 11467,Department 2086,Manual
User Name 11468,USER - 11468,Department 526,Manual
User Name 11469,USER - 11469,Department 1735,Manual
User Name 11470,USER - 11470,Department 1770,Manual
User Name 11471,USER - 11471,Department 3338,Manual
User Name 11472,USER - 11472,Department 3307,Manual
User Name 11473,USER - 11473,Department 2062,Manual
User Name 11474,USER - 11474,Department 1928,Manual
User Name 11475,USER - 11475,Department 1772,Manual
User Name 11476,USER - 11476,Department 1811,Manual
User Name 11477,USER - 11477,Department 1813,Manual
User Name 11478,USER - 11478,Department 1839,Manual
User Name 11479,USER - 11479,Department 1811,Manual
User Name 11480,USER - 11480,Department 1811,Manual
User Name 11481,USER - 11481,Department 1811,Manual
User Name 11482,USER - 11482,Department 1811,Manual
User Name 11483,USER - 11483,Department 924,Manual
User Name 11484,USER - 11484,Department 1747,Manual
User Name 11485,USER - 11485,Department 1716,Manual
User Name 11486,USER - 11486,Department 1790,Manual
User Name 11487,USER - 11487,Department 1985,Manual
User Name 11488,USER - 11488,Department 1985,Manual
User Name 11489,USER - 11489,Department 1716,Manual
User Name 11490,USER - 11490,Department 1716,Manual
User Name 11491,USER - 11491,Department 1716,Manual
User Name 11492,USER - 11492,Department 1985,Manual
User Name 11493,USER - 11493,Department 1985,Manual
User Name 11494,USER - 11494,Department 1976,Manual
User Name 11495,USER - 11495,Department 1985,Manual
User Name 11496,USER - 11496,Department 1790,Manual
User Name 11497,USER - 11497,Department 1716,Manual
User Name 11498,USER - 11498,Department 1716,Manual
User Name 11499,USER - 11499,Department 1716,Manual
User Name 11500,USER - 11500,Department 1716,Manual
User Name 11501,USER - 11501,Department 1985,Manual
User Name 11502,USER - 11502,Department 1716,Manual
User Name 11503,USER - 11503,Department 1790,Manual
User Name 11504,USER - 11504,Department 2028,Manual
User Name 11505,USER - 11505,Department 1186,Manual
User Name 11506,USER - 11506,Department 1023,Manual
User Name 11507,USER - 11507,Department 1591,Manual
User Name 11508,USER - 11508,Department 2092,Manual
User Name 11509,USER - 11509,Department 1894,Manual
User Name 11510,USER - 11510,Department 2001,Manual
User Name 11511,USER - 11511,Department 1919,Manual
User Name 11512,USER - 11512,Department 1805,Manual
User Name 11513,USER - 11513,Department 2184,Manual
User Name 11514,USER - 11514,Department 1746,Manual
User Name 11515,USER - 11515,Department 2005,Manual
User Name 11516,USER - 11516,Department 2062,Manual
User Name 11517,USER - 11517,Department 2015,Manual
User Name 11518,USER - 11518,Department 3573,Manual
User Name 11519,USER - 11519,Department 514,Manual
User Name 11520,USER - 11520,Department 1764,Manual
User Name 11521,USER - 11521,Department 1749,Manual
User Name 11522,USER - 11522,Department 1761,Manual
User Name 11523,USER - 11523,Department 1737,Manual
User Name 11524,USER - 11524,Department 1739,Manual
User Name 11525,USER - 11525,Department 1739,Manual
User Name 11526,USER - 11526,Department 1761,Manual
User Name 11176,USER - 11176,Department 1967,Manual
User Name 11528,USER - 11528,Department 1772,Manual
User Name 11529,USER - 11529,Department 1044,Manual
User Name 11530,USER - 11530,Department 1918,Manual
User Name 11531,USER - 11531,Department 2095,Manual
User Name 11532,USER - 11532,Department 1926,Manual
User Name 11533,USER - 11533,Department 1918,Manual
User Name 11534,USER - 11534,Department 545,Manual
User Name 11535,USER - 11535,Department 545,Manual
User Name 11536,USER - 11536,Department 545,Manual
User Name 11537,USER - 11537,Department 545,Manual
User Name 11538,USER - 11538,Department 545,Manual
User Name 11539,USER - 11539,Department 545,Manual
User Name 11540,USER - 11540,Department 545,Manual
User Name 11541,USER - 11541,Department 3533,Manual
User Name 11542,USER - 11542,Department 1976,Manual
User Name 11543,USER - 11543,Department 914,Manual
User Name 11544,USER - 11544,Department 916,Manual
User Name 11545,USER - 11545,Department 1692,Manual
User Name 11546,USER - 11546,Department 1976,Manual
User Name 11547,USER - 11547,Department 1753,Manual
User Name 11548,USER - 11548,Department 277,Manual
User Name 11549,USER - 11549,Department 149,Manual
User Name 11550,USER - 11550,Department 916,Manual
User Name 11551,USER - 11551,Department 1692,Manual
User Name 11552,USER - 11552,Department 1886,Manual
User Name 11553,USER - 11553,Department 1754,Manual
User Name 11554,USER - 11554,Department 1796,Manual
User Name 11555,USER - 11555,Department 1748,Manual
User Name 11556,USER - 11556,Department 1989,Manual
User Name 11557,USER - 11557,Department 1681,Manual
User Name 11558,USER - 11558,Department 9,Manual
User Name 11559,USER - 11559,Department 110,Manual
User Name 11560,USER - 11560,Department 1796,Manual
User Name 11561,USER - 11561,Department 2094,Manual
User Name 11562,USER - 11562,Department 137,Manual
User Name 11563,USER - 11563,Department 1885,Manual
User Name 11564,USER - 11564,Department 133,Manual
User Name 11565,USER - 11565,Department 2012,Manual
User Name 11566,USER - 11566,Department 1719,Manual
User Name 11567,USER - 11567,Department 3667,Manual
User Name 11568,USER - 11568,Department 2150,Manual
User Name 11569,USER - 11569,Department 2005,Manual
User Name 11570,USER - 11570,Department 2993,Manual
User Name 11571,USER - 11571,Department 1753,Manual
User Name 11572,USER - 11572,Department 1796,Manual
User Name 11573,USER - 11573,Department 1900,Manual
User Name 11574,USER - 11574,Department 1971,Manual
User Name 11575,USER - 11575,Department 3052,Manual
User Name 11576,USER - 11576,Department 1924,Manual
User Name 11577,USER - 11577,Department 2000,Manual
User Name 11578,USER - 11578,Department 2034,Manual
User Name 11579,USER - 11579,Department 2000,Manual
User Name 11580,USER - 11580,Department 2000,Manual
User Name 11581,USER - 11581,Department 108,Manual
User Name 11582,USER - 11582,Department 108,Manual
User Name 11583,USER - 11583,Department 1678,Manual
User Name 11584,USER - 11584,Department 1976,Manual
User Name 11585,USER - 11585,Department 1819,Manual
User Name 11586,USER - 11586,Department 1692,Manual
User Name 11587,USER - 11587,Department 1825,Manual
User Name 11588,USER - 11588,Department 138,Manual
User Name 11589,USER - 11589,Department 1747,Manual
User Name 11590,USER - 11590,Department 1979,Manual
User Name 11591,USER - 11591,Department 1921,Manual
User Name 11592,USER - 11592,Department 918,Manual
User Name 11593,USER - 11593,Department 1927,Manual
User Name 11594,USER - 11594,Department 1927,Manual
User Name 11595,USER - 11595,Department 65,Manual
User Name 11596,USER - 11596,Department 1783,Manual
User Name 11597,USER - 11597,Department 2153,Manual
User Name 11598,USER - 11598,Department 1839,Manual
User Name 11599,USER - 11599,Department 2043,Manual
User Name 11600,USER - 11600,Department 2045,Manual
User Name 11601,USER - 11601,Department 1962,Manual
User Name 11602,USER - 11602,Department 1885,Manual
User Name 11603,USER - 11603,Department 3660,Manual
User Name 11604,USER - 11604,Department 918,Manual
User Name 11605,USER - 11605,Department 1796,Manual
User Name 11606,USER - 11606,Department 1888,Manual
User Name 11607,USER - 11607,Department 1888,Manual
User Name 11608,USER - 11608,Department 1692,Manual
User Name 11609,USER - 11609,Department 1692,Manual
User Name 11610,USER - 11610,Department 1943,Manual
User Name 11611,USER - 11611,Department 1943,Manual
User Name 11612,USER - 11612,Department 1784,Manual
User Name 11613,USER - 11613,Department 1886,Manual
User Name 11614,USER - 11614,Department 1676,Manual
User Name 11615,USER - 11615,Department 1676,Manual
User Name 11616,USER - 11616,Department 1753,Manual
User Name 11617,USER - 11617,Department 149,Manual
User Name 11618,USER - 11618,Department 108,Manual
User Name 11619,USER - 11619,Department 1924,Manual
User Name 11620,USER - 11620,Department 1760,Manual
User Name 11621,USER - 11621,Department 2962,Manual
User Name 11622,USER - 11622,Department 1318,Manual
User Name 11623,USER - 11623,Department 1924,Manual
User Name 11624,USER - 11624,Department 1883,Manual
User Name 11625,USER - 11625,Department 1928,Manual
User Name 11626,USER - 11626,Department 1898,Manual
User Name 11627,USER - 11627,Department 1783,Manual
User Name 11628,USER - 11628,Department 2028,Manual
User Name 11629,USER - 11629,Department 138,Manual
User Name 11630,USER - 11630,Department 1785,Manual
User Name 11631,USER - 11631,Department 1924,Manual
User Name 11632,USER - 11632,Department 1826,Manual
User Name 11633,USER - 11633,Department 1841,Manual
User Name 11634,USER - 11634,Department 1756,Manual
User Name 11635,USER - 11635,Department 1783,Manual
User Name 11636,USER - 11636,Department 1924,Manual
User Name 11637,USER - 11637,Department 1826,Manual
User Name 11638,USER - 11638,Department 440,Manual
User Name 11639,USER - 11639,Department 1846,Manual
User Name 11640,USER - 11640,Department 2093,Manual
User Name 11641,USER - 11641,Department 1927,Manual
User Name 11642,USER - 11642,Department 132,Manual
User Name 11643,USER - 11643,Department 124,Manual
User Name 11644,USER - 11644,Department 3052,Manual
User Name 11645,USER - 11645,Department 1927,Manual
User Name 11646,USER - 11646,Department 1943,Manual
User Name 11647,USER - 11647,Department 1791,Manual
User Name 11648,USER - 11648,Department 124,Manual
User Name 11649,USER - 11649,Department 124,Manual
User Name 11650,USER - 11650,Department 2125,Manual
User Name 11651,USER - 11651,Department 1783,Manual
User Name 11652,USER - 11652,Department 1886,Manual
User Name 11653,USER - 11653,Department 1510,Manual
User Name 11654,USER - 11654,Department 1881,Manual
User Name 11655,USER - 11655,Department 2527,Manual
User Name 11656,USER - 11656,Department 1785,Manual
User Name 11657,USER - 11657,Department 2257,Manual
User Name 11658,USER - 11658,Department 1927,Manual
User Name 11659,USER - 11659,Department 3310,Manual
User Name 11660,USER - 11660,Department 2097,Manual
User Name 11661,USER - 11661,Department 2118,Manual
User Name 11662,USER - 11662,Department 1985,Manual
User Name 11663,USER - 11663,Department 1756,Manual
User Name 11664,USER - 11664,Department 2527,Manual
User Name 11665,USER - 11665,Department 1943,Manual
User Name 11666,USER - 11666,Department 1756,Manual
User Name 11667,USER - 11667,Department 1855,Manual
User Name 11668,USER - 11668,Department 2113,Manual
User Name 11669,USER - 11669,Department 2054,Manual
User Name 11670,USER - 11670,Department 2112,Manual
User Name 11671,USER - 11671,Department 2115,Manual
User Name 11672,USER - 11672,Department 1873,Manual
User Name 11673,USER - 11673,Department 109,Manual
User Name 11674,USER - 11674,Department 914,Manual
User Name 11675,USER - 11675,Department 1842,Manual
User Name 11676,USER - 11676,Department 1888,Manual
User Name 11677,USER - 11677,Department 1875,Manual
User Name 11678,USER - 11678,Department 1810,Manual
User Name 11679,USER - 11679,Department 2485,Manual
User Name 11680,USER - 11680,Department 2388,Manual
User Name 11681,USER - 11681,Department 1810,Manual
User Name 11682,USER - 11682,Department 2392,Manual
User Name 11683,USER - 11683,Department 1836,Manual
User Name 11684,USER - 11684,Department 947,Manual
User Name 11685,USER - 11685,Department 1846,Manual
User Name 11686,USER - 11686,Department 3253,Manual
User Name 11687,USER - 11687,Department 2035,Manual
User Name 11688,USER - 11688,Department 2937,Manual
User Name 11689,USER - 11689,Department 1810,Manual
User Name 11690,USER - 11690,Department 1834,Manual
User Name 11691,USER - 11691,Department 1849,Manual
User Name 11692,USER - 11692,Department 2575,Manual
User Name 11693,USER - 11693,Department 2111,Manual
User Name 11694,USER - 11694,Department 1834,Manual
User Name 11695,USER - 11695,Department 1841,Manual
User Name 11696,USER - 11696,Department 1917,Manual
User Name 11697,USER - 11697,Department 2052,Manual
User Name 11698,USER - 11698,Department 2015,Manual
User Name 11699,USER - 11699,Department 1986,Manual
User Name 11700,USER - 11700,Department 696,Manual
User Name 11701,USER - 11701,Department 1059,Manual
User Name 11702,USER - 11702,Department 1791,Manual
User Name 11703,USER - 11703,Department 1709,Manual
User Name 11704,USER - 11704,Department 2016,Manual
User Name 11705,USER - 11705,Department 3571,Manual
User Name 11706,USER - 11706,Department 1834,Manual
User Name 11707,USER - 11707,Department 2573,Manual
User Name 11708,USER - 11708,Department 2033,Manual
User Name 11709,USER - 11709,Department 1810,Manual
User Name 11710,USER - 11710,Department 2012,Manual
User Name 11711,USER - 11711,Department 2603,Manual
User Name 11712,USER - 11712,Department 3328,Manual
User Name 11713,USER - 11713,Department 3330,Manual
User Name 11714,USER - 11714,Department 2001,Manual
User Name 11715,USER - 11715,Department 7,Manual
User Name 11716,USER - 11716,Department 1870,Manual
User Name 11717,USER - 11717,Department 1908,Manual
User Name 11718,USER - 11718,Department 1902,Manual
User Name 11719,USER - 11719,Department 1860,Manual
User Name 11720,USER - 11720,Department 1898,Manual
User Name 11721,USER - 11721,Department 849,Manual
User Name 11722,USER - 11722,Department 1839,Manual
User Name 11723,USER - 11723,Department 2046,Manual
User Name 11724,USER - 11724,Department 1824,Manual
User Name 11725,USER - 11725,Department 1684,Manual
User Name 11726,USER - 11726,Department 1998,Manual
User Name 11727,USER - 11727,Department 1986,Manual
User Name 11728,USER - 11728,Department 824,Manual
User Name 11729,USER - 11729,Department 1849,Manual
User Name 11730,USER - 11730,Department 1813,Manual
User Name 11731,USER - 11731,Department 829,Manual
User Name 11732,USER - 11732,Department 3602,Manual
User Name 11733,USER - 11733,Department 1771,Manual
User Name 11734,USER - 11734,Department 829,Manual
User Name 11735,USER - 11735,Department 849,Manual
User Name 11736,USER - 11736,Department 1317,Manual
User Name 11737,USER - 11737,Department 1735,Manual
User Name 11738,USER - 11738,Department 1852,Manual
User Name 11739,USER - 11739,Department 2007,Manual
User Name 11740,USER - 11740,Department 2081,Manual
User Name 11741,USER - 11741,Department 2033,Manual
User Name 11742,USER - 11742,Department 2593,Manual
User Name 11743,USER - 11743,Department 955,Manual
User Name 11744,USER - 11744,Department 1810,Manual
User Name 11745,USER - 11745,Department 2046,Manual
User Name 11746,USER - 11746,Department 2045,Manual
User Name 11747,USER - 11747,Department 1836,Manual
User Name 11748,USER - 11748,Department 1836,Manual
User Name 11749,USER - 11749,Department 2013,Manual
User Name 11750,USER - 11750,Department 826,Manual
User Name 11751,USER - 11751,Department 1790,Manual
User Name 11752,USER - 11752,Department 2491,Manual
User Name 11753,USER - 11753,Department 2939,Manual
User Name 11754,USER - 11754,Department 1776,Manual
User Name 11755,USER - 11755,Department 423,Manual
User Name 11756,USER - 11756,Department 2008,Manual
User Name 11757,USER - 11757,Department 1867,Manual
User Name 11758,USER - 11758,Department 2598,Manual
User Name 11759,USER - 11759,Department 2497,Manual
User Name 11760,USER - 11760,Department 2008,Manual
User Name 11761,USER - 11761,Department 1326,Manual
User Name 11762,USER - 11762,Department 3148,Manual
User Name 11763,USER - 11763,Department 816,Manual
User Name 11764,USER - 11764,Department 815,Manual
User Name 11765,USER - 11765,Department 2057,Manual
User Name 11766,USER - 11766,Department 2015,Manual
User Name 11767,USER - 11767,Department 2015,Manual
User Name 11768,USER - 11768,Department 2075,Manual
User Name 11769,USER - 11769,Department 1171,Manual
User Name 11770,USER - 11770,Department 1331,Manual
User Name 11771,USER - 11771,Department 464,Manual
User Name 11772,USER - 11772,Department 423,Manual
User Name 11773,USER - 11773,Department 3347,Manual
User Name 11774,USER - 11774,Department 1866,Manual
User Name 11775,USER - 11775,Department 2086,Manual
User Name 11776,USER - 11776,Department 605,Manual
User Name 11777,USER - 11777,Department 1403,Manual
User Name 11778,USER - 11778,Department 3611,Manual
User Name 11779,USER - 11779,Department 1432,Manual
User Name 11780,USER - 11780,Department 2574,Manual
User Name 11781,USER - 11781,Department 2571,Manual
User Name 11782,USER - 11782,Department 2569,Manual
User Name 11783,USER - 11783,Department 2498,Manual
User Name 11784,USER - 11784,Department 2473,Manual
User Name 6092,USER - 06092,Department 2492,Manual
User Name 11786,USER - 11786,Department 2482,Manual
User Name 11787,USER - 11787,Department 3173,Manual
User Name 11788,USER - 11788,Department 3172,Manual
User Name 11789,USER - 11789,Department 3030,Manual
User Name 11790,USER - 11790,Department 604,Manual
User Name 11791,USER - 11791,Department 3049,Manual
User Name 11792,USER - 11792,Department 466,Manual
User Name 11793,USER - 11793,Department 3345,Manual
User Name 11794,USER - 11794,Department 2227,Manual
User Name 11795,USER - 11795,Department 3132,Manual
User Name 11796,USER - 11796,Department 2381,Manual
User Name 11797,USER - 11797,Department 3353,Manual
User Name 11798,USER - 11798,Department 3340,Manual
User Name 11799,USER - 11799,Department 1435,Manual
User Name 11800,USER - 11800,Department 3148,Manual
User Name 11801,USER - 11801,Department 2006,Manual
User Name 11802,USER - 11802,Department 2068,Manual
User Name 11803,USER - 11803,Department 1887,Manual
User Name 11804,USER - 11804,Department 1909,Manual
User Name 11805,USER - 11805,Department 1836,Manual
User Name 11806,USER - 11806,Department 1926,Manual
User Name 11807,USER - 11807,Department 2035,Manual
User Name 11808,USER - 11808,Department 2033,Manual
User Name 11809,USER - 11809,Department 1621,Manual
User Name 11810,USER - 11810,Department 2073,Manual
User Name 11811,USER - 11811,Department 1759,Manual
User Name 11812,USER - 11812,Department 1791,Manual
User Name 11813,USER - 11813,Department 2091,Manual
User Name 11814,USER - 11814,Department 1771,Manual
User Name 11815,USER - 11815,Department 1817,Manual
User Name 11816,USER - 11816,Department 1892,Manual
User Name 11817,USER - 11817,Department 1831,Manual
User Name 11818,USER - 11818,Department 1896,Manual
User Name 11819,USER - 11819,Department 1986,Manual
User Name 11820,USER - 11820,Department 1977,Manual
User Name 11821,USER - 11821,Department 2091,Manual
User Name 11822,USER - 11822,Department 2988,Manual
User Name 11823,USER - 11823,Department 2013,Manual
User Name 11824,USER - 11824,Department 1816,Manual
User Name 11825,USER - 11825,Department 2094,Manual
User Name 11826,USER - 11826,Department 347,Manual
User Name 11827,USER - 11827,Department 347,Manual
User Name 11828,USER - 11828,Department 347,Manual
User Name 11829,USER - 11829,Department 1850,Manual
User Name 11830,USER - 11830,Department 1975,Manual
User Name 11831,USER - 11831,Department 1817,Manual
User Name 11832,USER - 11832,Department 1716,Manual
User Name 11833,USER - 11833,Department 1989,Manual
User Name 11834,USER - 11834,Department 1812,Manual
User Name 11835,USER - 11835,Department 1770,Manual
User Name 11836,USER - 11836,Department 2017,Manual
User Name 11837,USER - 11837,Department 1902,Manual
User Name 11838,USER - 11838,Department 1927,Manual
User Name 11839,USER - 11839,Department 1864,Manual
User Name 11840,USER - 11840,Department 1972,Manual
User Name 11841,USER - 11841,Department 2988,Manual
User Name 11842,USER - 11842,Department 1918,Manual
User Name 11843,USER - 11843,Department 1812,Manual
User Name 11844,USER - 11844,Department 2091,Manual
User Name 11845,USER - 11845,Department 3609,Manual
User Name 11846,USER - 11846,Department 1815,Manual
User Name 11847,USER - 11847,Department 1815,Manual
User Name 11848,USER - 11848,Department 2010,Manual
User Name 11849,USER - 11849,Department 2987,Manual
User Name 11850,USER - 11850,Department 1998,Manual
User Name 11851,USER - 11851,Department 1984,Manual
User Name 11852,USER - 11852,Department 1906,Manual
User Name 11853,USER - 11853,Department 1845,Manual
User Name 11854,USER - 11854,Department 1812,Manual
User Name 11855,USER - 11855,Department 1812,Manual
User Name 11856,USER - 11856,Department 1812,Manual
User Name 11857,USER - 11857,Department 2989,Manual
User Name 11858,USER - 11858,Department 1899,Manual
User Name 11859,USER - 11859,Department 1812,Manual
User Name 11860,USER - 11860,Department 1813,Manual
User Name 11861,USER - 11861,Department 1042,Manual
User Name 11862,USER - 11862,Department 1987,Manual
User Name 11863,USER - 11863,Department 2578,Manual
User Name 11864,USER - 11864,Department 2988,Manual
User Name 11865,USER - 11865,Department 1968,Manual
User Name 11866,USER - 11866,Department 1919,Manual
User Name 11867,USER - 11867,Department 1812,Manual
User Name 11868,USER - 11868,Department 3276,Manual
User Name 11869,USER - 11869,Department 3277,Manual
User Name 11870,USER - 11870,Department 2570,Manual
User Name 11871,USER - 11871,Department 2081,Manual
User Name 11872,USER - 11872,Department 1255,Manual
User Name 11873,USER - 11873,Department 3150,Manual
User Name 11874,USER - 11874,Department 1401,Manual
User Name 11875,USER - 11875,Department 2434,Manual
User Name 11876,USER - 11876,Department 3595,Manual
User Name 11877,USER - 11877,Department 2408,Manual
User Name 11878,USER - 11878,Department 2582,Manual
User Name 11879,USER - 11879,Department 2581,Manual
User Name 11880,USER - 11880,Department 456,Manual
User Name 11881,USER - 11881,Department 625,Manual
User Name 11882,USER - 11882,Department 2015,Manual
User Name 11883,USER - 11883,Department 3086,Manual
User Name 11884,USER - 11884,Department 1831,Manual
User Name 11885,USER - 11885,Department 1810,Manual
User Name 11886,USER - 11886,Department 1042,Manual
User Name 11887,USER - 11887,Department 1042,Manual
User Name 11888,USER - 11888,Department 3186,Manual
User Name 11889,USER - 11889,Department 3198,Manual
User Name 11890,USER - 11890,Department 3313,Manual
User Name 11891,USER - 11891,Department 2171,Manual
User Name 11892,USER - 11892,Department 3175,Manual
User Name 11893,USER - 11893,Department 3424,Manual
User Name 11894,USER - 11894,Department 2213,Manual
User Name 11895,USER - 11895,Department 2172,Manual
User Name 11896,USER - 11896,Department 3268,Manual
User Name 11897,USER - 11897,Department 1977,Manual
User Name 11898,USER - 11898,Department 1639,Manual
User Name 11899,USER - 11899,Department 1899,Manual
User Name 11900,USER - 11900,Department 2651,Manual
User Name 11901,USER - 11901,Department 3354,Manual
User Name 11902,USER - 11902,Department 3591,Manual
User Name 11903,USER - 11903,Department 943,Manual
User Name 11904,USER - 11904,Department 3009,Manual
User Name 11905,USER - 11905,Department 3571,Manual
User Name 11906,USER - 11906,Department 3305,Manual
User Name 11907,USER - 11907,Department 3605,Manual
User Name 11908,USER - 11908,Department 1931,Manual
User Name 8244,USER - 08244,Department 1840,Manual
User Name 11910,USER - 11910,Department 2723,Manual
User Name 11911,USER - 11911,Department 56,Manual
User Name 11912,USER - 11912,Department 2707,Manual
User Name 11913,USER - 11913,Department 1990,Manual
User Name 11914,USER - 11914,Department 1068,Manual
User Name 11915,USER - 11915,Department 2144,Manual
User Name 11916,USER - 11916,Department 1864,Manual
User Name 11917,USER - 11917,Department 2051,Manual
User Name 11918,USER - 11918,Department 3204,Manual
User Name 11919,USER - 11919,Department 1847,Manual
User Name 11920,USER - 11920,Department 2443,Manual
User Name 11921,USER - 11921,Department 1854,Manual
User Name 11922,USER - 11922,Department 107,Manual
User Name 11923,USER - 11923,Department 1763,Manual
User Name 11924,USER - 11924,Department 177,Manual
User Name 11925,USER - 11925,Department 1784,Manual
User Name 11926,USER - 11926,Department 3590,Manual
User Name 11927,USER - 11927,Department 3729,Manual
User Name 11928,USER - 11928,Department 2618,Manual
User Name 11929,USER - 11929,Department 2643,Manual
User Name 11930,USER - 11930,Department 3725,Manual
User Name 11931,USER - 11931,Department 2625,Manual
User Name 11932,USER - 11932,Department 271,Manual
User Name 11933,USER - 11933,Department 3685,Manual
User Name 11934,USER - 11934,Department 2315,Manual
User Name 11935,USER - 11935,Department 2295,Manual
User Name 11936,USER - 11936,Department 3684,Manual
User Name 11937,USER - 11937,Department 3685,Manual
User Name 11938,USER - 11938,Department 3745,Manual
User Name 11939,USER - 11939,Department 3751,Manual
User Name 11940,USER - 11940,Department 3732,Manual
User Name 11941,USER - 11941,Department 3622,Manual
User Name 11942,USER - 11942,Department 3737,Manual
User Name 11943,USER - 11943,Department 3751,Manual
User Name 11944,USER - 11944,Department 3745,Manual
User Name 11945,USER - 11945,Department 3736,Manual
User Name 11946,USER - 11946,Department 3741,Manual
User Name 11947,USER - 11947,Department 3741,Manual
User Name 11948,USER - 11948,Department 3743,Manual
User Name 11949,USER - 11949,Department 3751,Manual
User Name 11950,USER - 11950,Department 3733,Manual
User Name 11951,USER - 11951,Department 2862,Manual
User Name 11952,USER - 11952,Department 706,Manual
User Name 11953,USER - 11953,Department 3691,Manual
User Name 11954,USER - 11954,Department 3725,Manual
User Name 11955,USER - 11955,Department 3729,Manual
User Name 11956,USER - 11956,Department 3729,Manual
User Name 11957,USER - 11957,Department 3729,Manual
User Name 11958,USER - 11958,Department 3729,Manual
User Name 11959,USER - 11959,Department 3729,Manual
User Name 11960,USER - 11960,Department 3729,Manual
User Name 11961,USER - 11961,Department 3729,Manual
User Name 11962,USER - 11962,Department 552,Manual
User Name 11963,USER - 11963,Department 3723,Manual
User Name 11964,USER - 11964,Department 3723,Manual
User Name 11965,USER - 11965,Department 3723,Manual
User Name 11966,USER - 11966,Department 3723,Manual
User Name 11967,USER - 11967,Department 3723,Manual
User Name 11968,USER - 11968,Department 3723,Manual
User Name 11969,USER - 11969,Department 3723,Manual
User Name 11970,USER - 11970,Department 3723,Manual
User Name 11971,USER - 11971,Department 3723,Manual
User Name 11972,USER - 11972,Department 3723,Manual
User Name 11973,USER - 11973,Department 3699,Manual
User Name 11974,USER - 11974,Department 3683,Manual
User Name 11975,USER - 11975,Department 412,Manual
User Name 11976,USER - 11976,Department 3704,Manual
User Name 11977,USER - 11977,Department 2316,Manual
User Name 11978,USER - 11978,Department 415,Manual
User Name 11979,USER - 11979,Department 3696,Manual
User Name 11980,USER - 11980,Department 410,Manual
User Name 11981,USER - 11981,Department 411,Manual
User Name 11982,USER - 11982,Department 3721,Manual
User Name 11983,USER - 11983,Department 3724,Manual
User Name 11984,USER - 11984,Department 3682,Manual
User Name 11985,USER - 11985,Department 3688,Manual
User Name 11986,USER - 11986,Department 2313,Manual
User Name 11987,USER - 11987,Department 373,Manual
User Name 11988,USER - 11988,Department 346,Manual
User Name 11989,USER - 11989,Department 1565,Manual
User Name 11990,USER - 11990,Department 2411,Manual
User Name 11991,USER - 11991,Department 2199,Manual
User Name 11992,USER - 11992,Department 3483,Manual
User Name 11993,USER - 11993,Department 3040,Manual
User Name 11994,USER - 11994,Department 2892,Manual
User Name 11995,USER - 11995,Department 2214,Manual
User Name 11996,USER - 11996,Department 2871,Manual
User Name 11997,USER - 11997,Department 2869,Manual
User Name 11998,USER - 11998,Department 2871,Manual
User Name 11999,USER - 11999,Department 2226,Manual
User Name 12000,USER - 12000,Department 2123,Manual
User Name 12001,USER - 12001,Department 47,Manual
User Name 12002,USER - 12002,Department 1086,Manual
User Name 12003,USER - 12003,,Automatic
User Name 12004,USER - 12004,,Automatic
User Name 12005,USER - 12005,,Automatic
User Name 12006,USER - 12006,Department 2156,Automatic
User Name 12007,USER - 12007,,Automatic
User Name 12008,USER - 12008,,Automatic
User Name 12009,USER - 12009,,Automatic
User Name 12010,USER - 12010,Department 2156,Automatic
User Name 12011,USER - 12011,,Automatic
User Name 12012,USER - 12012,Department 2188,Automatic
User Name 12013,USER - 12013,,Automatic
User Name 12014,USER - 12014,,Automatic
User Name 12015,USER - 12015,Department 2156,Automatic
User Name 12016,USER - 12016,,Automatic
User Name 12017,USER - 12017,,Automatic
User Name 12018,USER - 12018,,Automatic
User Name 12019,USER - 12019,Department 2159,Manual
User Name 12020,USER - 12020,Department 2567,Manual
User Name 12021,USER - 12021,Department 2969,Manual
User Name 12022,USER - 12022,Department 118,Manual
User Name 12023,USER - 12023,Department 761,Manual
User Name 12024,USER - 12024,Department 535,Manual
User Name 12025,USER - 12025,Department 3646,Manual
User Name 12026,USER - 12026,Department 442,Manual
User Name 12027,USER - 12027,Department 3388,Manual
User Name 12028,USER - 12028,Department 2654,Manual
User Name 12029,USER - 12029,Department 2527,Manual
User Name 12030,USER - 12030,Department 1758,Manual
User Name 12031,USER - 12031,Department 1964,Manual
User Name 12032,USER - 12032,Department 3255,Manual
User Name 12033,USER - 12033,Department 746,Manual
User Name 12034,USER - 12034,Department 1918,Manual
User Name 12035,USER - 12035,Department 2111,Manual
User Name 12036,USER - 12036,Department 1643,Manual
User Name 12037,USER - 12037,Department 2955,Manual
User Name 12038,USER - 12038,Department 1678,Manual
User Name 12039,USER - 12039,Department 3013,Manual
User Name 12040,USER - 12040,Department 3013,Manual
User Name 12041,USER - 12041,Department 1889,Manual
User Name 12042,USER - 12042,Department 2968,Manual
User Name 12043,USER - 12043,Department 2826,Manual
User Name 12044,USER - 12044,Department 1650,Manual
User Name 12045,USER - 12045,Department 3679,Manual
User Name 12046,USER - 12046,Department 1938,Manual
User Name 12047,USER - 12047,Department 1416,Manual
User Name 12048,USER - 12048,Department 2123,Manual
User Name 12049,USER - 12049,Department 924,Manual
User Name 12050,USER - 12050,Department 1887,Manual
User Name 12051,USER - 12051,Department 24,Manual
User Name 12052,USER - 12052,Department 647,Manual
User Name 12053,USER - 12053,Department 1805,Manual
User Name 12054,USER - 12054,Department 3432,Manual
User Name 12055,USER - 12055,Department 3717,Manual
User Name 12056,USER - 12056,Department 944,Manual
User Name 12057,USER - 12057,Department 18,Manual
User Name 12058,USER - 12058,Department 35,Manual
User Name 12059,USER - 12059,Department 849,Manual
User Name 12060,USER - 12060,Department 17,Manual
User Name 12061,USER - 12061,Department 191,Manual
User Name 12062,USER - 12062,Department 824,Manual
User Name 12063,USER - 12063,Department 1305,Manual
User Name 12064,USER - 12064,Department 849,Manual
User Name 12065,USER - 12065,Department 194,Manual
User Name 12066,USER - 12066,Department 1509,Manual
User Name 12067,USER - 12067,Department 1292,Manual
User Name 12068,USER - 12068,Department 2171,Manual
User Name 12069,USER - 12069,Department 3666,Manual
User Name 12070,USER - 12070,Department 2897,Manual
User Name 12071,USER - 12071,Department 3212,Manual
User Name 12072,USER - 12072,Department 3300,Manual
User Name 6649,USER - 06649,Department 1644,Manual
User Name 12074,USER - 12074,Department 3708,Manual
User Name 12075,USER - 12075,Department 3684,Manual
User Name 12076,USER - 12076,Department 180,Manual
User Name 12077,USER - 12077,Department 180,Manual
User Name 12078,USER - 12078,Department 1902,Manual
User Name 12079,USER - 12079,Department 2139,Manual
User Name 12080,USER - 12080,Department 79,Manual
User Name 12081,USER - 12081,Department 182,Manual
User Name 12082,USER - 12082,Department 3716,Manual
User Name 12083,USER - 12083,Department 592,Manual
User Name 12084,USER - 12084,Department 1819,Manual
User Name 12085,USER - 12085,Department 2579,Manual
User Name 12086,USER - 12086,Department 8,Manual
User Name 12087,USER - 12087,Department 3093,Manual
User Name 12088,USER - 12088,Department 1062,Manual
User Name 12089,USER - 12089,Department 1138,Manual
User Name 12090,USER - 12090,Department 1110,Manual
User Name 12091,USER - 12091,Department 1817,Manual
User Name 12092,USER - 12092,Department 3201,Manual
User Name 12093,USER - 12093,Department 1272,Manual
User Name 12094,USER - 12094,Department 1339,Manual
User Name 12095,USER - 12095,Department 1239,Manual
User Name 12096,USER - 12096,Department 549,Manual
User Name 12097,USER - 12097,Department 274,Manual
User Name 12098,USER - 12098,Department 1878,Manual
User Name 12099,USER - 12099,Department 3364,Manual
User Name 12100,USER - 12100,Department 1878,Manual
User Name 12101,USER - 12101,Department 1443,Manual
User Name 12102,USER - 12102,Department 396,Manual
User Name 12103,USER - 12103,Department 2472,Manual
User Name 12104,USER - 12104,Department 1920,Manual
User Name 12105,USER - 12105,Department 1319,Manual
User Name 12106,USER - 12106,Department 3193,Manual
User Name 12107,USER - 12107,Department 3705,Manual
User Name 12108,USER - 12108,Department 3711,Manual
User Name 12109,USER - 12109,Department 273,Manual
User Name 12110,USER - 12110,Department 277,Manual
User Name 12111,USER - 12111,Department 535,Manual
User Name 12112,USER - 12112,Department 1907,Manual
User Name 12113,USER - 12113,Department 2184,Manual
User Name 12114,USER - 12114,Department 532,Manual
User Name 12115,USER - 12115,Department 528,Manual
User Name 12116,USER - 12116,Department 150,Manual
User Name 12117,USER - 12117,Department 168,Manual
User Name 12118,USER - 12118,Department 147,Manual
User Name 12119,USER - 12119,Department 585,Manual
User Name 12120,USER - 12120,Department 2171,Manual
User Name 12121,USER - 12121,Department 1223,Manual
User Name 12122,USER - 12122,Department 2662,Manual
User Name 12123,USER - 12123,Department 3712,Manual
User Name 12124,USER - 12124,Department 1689,Manual
User Name 12125,USER - 12125,Department 143,Manual
User Name 12126,USER - 12126,Department 866,Manual
User Name 12127,USER - 12127,Department 245,Manual
User Name 12128,USER - 12128,Department 3578,Manual
User Name 12129,USER - 12129,Department 263,Manual
User Name 12130,USER - 12130,Department 3414,Manual
User Name 12131,USER - 12131,Department 27,Manual
User Name 12132,USER - 12132,Department 26,Manual
User Name 12133,USER - 12133,Department 407,Manual
User Name 12134,USER - 12134,Department 209,Manual
User Name 12135,USER - 12135,Department 105,Manual
User Name 12136,USER - 12136,Department 189,Manual
User Name 12137,USER - 12137,Department 2424,Manual
User Name 12138,USER - 12138,Department 3267,Manual
User Name 12139,USER - 12139,Department 3089,Manual
User Name 12140,USER - 12140,Department 3278,Manual
User Name 5924,USER - 05924,Department 462,Manual
User Name 12142,USER - 12142,Department 19,Manual
User Name 12143,USER - 12143,Department 844,Manual
User Name 12144,USER - 12144,Department 3416,Manual
User Name 12145,USER - 12145,Department 2263,Manual
User Name 12146,USER - 12146,Department 2922,Manual
User Name 12147,USER - 12147,Department 706,Manual
User Name 12148,USER - 12148,Department 188,Manual
User Name 12149,USER - 12149,Department 3257,Manual
User Name 12150,USER - 12150,Department 3303,Manual
User Name 12151,USER - 12151,Department 133,Manual
User Name 12152,USER - 12152,Department 3224,Manual
User Name 12153,USER - 12153,Department 344,Manual
User Name 12154,USER - 12154,Department 129,Manual
User Name 12155,USER - 12155,Department 1877,Manual
User Name 12156,USER - 12156,Department 227,Manual
User Name 12157,USER - 12157,Department 455,Manual
User Name 12158,USER - 12158,Department 2274,Manual
User Name 12159,USER - 12159,Department 1576,Manual
User Name 12160,USER - 12160,Department 167,Manual
User Name 12161,USER - 12161,Department 181,Manual
User Name 12162,USER - 12162,Department 167,Manual
User Name 12163,USER - 12163,Department 3262,Manual
User Name 12164,USER - 12164,Department 858,Manual
User Name 12165,USER - 12165,Department 835,Manual
User Name 12166,USER - 12166,Department 78,Manual
User Name 12167,USER - 12167,Department 3051,Manual
User Name 12168,USER - 12168,Department 538,Manual
User Name 12169,USER - 12169,Department 1412,Manual
User Name 12170,USER - 12170,Department 2343,Manual
User Name 12171,USER - 12171,Department 1597,Manual
User Name 12172,USER - 12172,Department 1298,Manual
User Name 12173,USER - 12173,Department 1299,Manual
User Name 12174,USER - 12174,Department 1505,Manual
User Name 12175,USER - 12175,Department 1361,Manual
User Name 12176,USER - 12176,Department 1416,Manual
User Name 12177,USER - 12177,Department 699,Manual
User Name 12178,USER - 12178,Department 2437,Manual
User Name 12179,USER - 12179,Department 1390,Manual
User Name 12180,USER - 12180,Department 1702,Manual
User Name 12181,USER - 12181,Department 91,Manual
User Name 12182,USER - 12182,Department 3238,Manual
User Name 12183,USER - 12183,Department 3420,Manual
User Name 12184,USER - 12184,Department 3657,Manual
User Name 3018,USER - 03018,Department 811,Manual
User Name 12186,USER - 12186,Department 809,Manual
User Name 12187,USER - 12187,Department 80,Manual
User Name 12188,USER - 12188,Department 3664,Manual
User Name 12189,USER - 12189,Department 225,Manual
User Name 12190,USER - 12190,Department 1575,Manual
User Name 12191,USER - 12191,Department 3318,Manual
User Name 12192,USER - 12192,Department 1815,Manual
User Name 12193,USER - 12193,Department 3386,Manual
User Name 12194,USER - 12194,Department 1973,Manual
User Name 12195,USER - 12195,Department 1535,Manual
User Name 12196,USER - 12196,Department 2543,Manual
User Name 12197,USER - 12197,Department 1893,Manual
User Name 12198,USER - 12198,Department 1451,Manual
User Name 12199,USER - 12199,Department 45,Manual
User Name 12200,USER - 12200,Department 3213,Manual
User Name 4154,USER - 04154,Department 3275,Manual
User Name 12202,USER - 12202,Department 430,Manual
User Name 12203,USER - 12203,Department 143,Manual
User Name 12204,USER - 12204,Department 803,Manual
User Name 12205,USER - 12205,Department 2709,Manual
User Name 12206,USER - 12206,Department 1902,Manual
User Name 12207,USER - 12207,Department 1200,Manual
User Name 12208,USER - 12208,Department 1424,Manual
User Name 12209,USER - 12209,Department 105,Manual
User Name 12210,USER - 12210,Department 13,Manual
User Name 12211,USER - 12211,Department 169,Manual
User Name 12212,USER - 12212,Department 1402,Manual
User Name 12213,USER - 12213,Department 254,Manual
User Name 12214,USER - 12214,Department 255,Manual
User Name 12215,USER - 12215,Department 705,Manual
User Name 12216,USER - 12216,Department 526,Manual
User Name 12217,USER - 12217,Department 1807,Manual
User Name 12218,USER - 12218,Department 241,Manual
User Name 12219,USER - 12219,Department 2487,Manual
User Name 12220,USER - 12220,Department 1033,Manual
User Name 12221,USER - 12221,Department 713,Manual
User Name 12222,USER - 12222,Department 1553,Manual
User Name 12223,USER - 12223,Department 1560,Manual
User Name 12224,USER - 12224,Department 1546,Manual
User Name 12225,USER - 12225,Department 1555,Manual
User Name 12226,USER - 12226,Department 1561,Manual
User Name 12227,USER - 12227,Department 1566,Manual
User Name 12228,USER - 12228,Department 1552,Manual
User Name 12229,USER - 12229,Department 6,Manual
User Name 12230,USER - 12230,Department 2143,Manual
User Name 12231,USER - 12231,Department 954,Manual
User Name 12232,USER - 12232,Department 1300,Manual
User Name 12233,USER - 12233,Department 3335,Manual
User Name 3426,USER - 03426,Department 3102,Manual
User Name 12235,USER - 12235,Department 3179,Manual
User Name 12236,USER - 12236,Department 953,Manual
User Name 12237,USER - 12237,Department 1206,Manual
User Name 6880,USER - 06880,Department 841,Manual
User Name 12239,USER - 12239,Department 819,Manual
User Name 12240,USER - 12240,Department 1509,Manual
User Name 12241,USER - 12241,Department 573,Manual
User Name 12242,USER - 12242,Department 653,Manual
User Name 12243,USER - 12243,Department 715,Manual
User Name 12244,USER - 12244,Department 3240,Manual
User Name 12245,USER - 12245,Department 218,Manual
User Name 12246,USER - 12246,Department 3285,Manual
User Name 12247,USER - 12247,Department 3298,Manual
User Name 12248,USER - 12248,Department 3256,Manual
User Name 12249,USER - 12249,Department 3364,Manual
User Name 12250,USER - 12250,Department 3226,Manual
User Name 12251,USER - 12251,Department 3227,Manual
User Name 12252,USER - 12252,Department 3227,Manual
User Name 12253,USER - 12253,Department 3349,Manual
User Name 12254,USER - 12254,Department 3348,Manual
User Name 12255,USER - 12255,Department 3195,Manual
User Name 12060,USER - 12060,Department 3161,Manual
User Name 12257,USER - 12257,Department 3240,Manual
User Name 12258,USER - 12258,Department 3442,Manual
User Name 12259,USER - 12259,Department 947,Manual
User Name 12260,USER - 12260,Department 3231,Manual
User Name 12261,USER - 12261,Department 3400,Manual
User Name 12262,USER - 12262,Department 3261,Manual
User Name 12263,USER - 12263,Department 3199,Manual
User Name 12264,USER - 12264,Department 3304,Manual
User Name 12265,USER - 12265,Department 3161,Manual
User Name 12266,USER - 12266,Department 2378,Manual
User Name 12267,USER - 12267,Department 229,Manual
User Name 12268,USER - 12268,Department 225,Manual
User Name 12269,USER - 12269,Department 224,Manual
User Name 12270,USER - 12270,Department 236,Manual
User Name 12271,USER - 12271,Department 198,Manual
User Name 12272,USER - 12272,Department 221,Manual
User Name 12273,USER - 12273,Department 234,Manual
User Name 12274,USER - 12274,Department 216,Manual
User Name 12275,USER - 12275,Department 101,Manual
User Name 12276,USER - 12276,Department 277,Manual
User Name 12277,USER - 12277,Department 136,Manual
User Name 12278,USER - 12278,Department 18,Manual
User Name 12279,USER - 12279,Department 72,Manual
User Name 12280,USER - 12280,Department 812,Manual
User Name 12281,USER - 12281,Department 3207,Manual
User Name 12282,USER - 12282,Department 1032,Manual
User Name 12283,USER - 12283,Department 1128,Manual
User Name 12284,USER - 12284,Department 785,Manual
User Name 12285,USER - 12285,Department 1812,Manual
User Name 12286,USER - 12286,Department 631,Manual
User Name 12287,USER - 12287,Department 220,Manual
User Name 12288,USER - 12288,Department 3633,Manual
User Name 12289,USER - 12289,Department 44,Manual
User Name 12290,USER - 12290,Department 2395,Manual
User Name 12291,USER - 12291,Department 2974,Manual
User Name 12292,USER - 12292,Department 761,Manual
User Name 7720,USER - 07720,Department 1032,Manual
User Name 12294,USER - 12294,Department 1803,Manual
User Name 12295,USER - 12295,Department 2195,Manual
User Name 12296,USER - 12296,Department 3258,Manual
User Name 12297,USER - 12297,Department 52,Manual
User Name 12298,USER - 12298,Department 2585,Manual
User Name 12299,USER - 12299,Department 1436,Manual
User Name 12300,USER - 12300,Department 1413,Manual
User Name 12301,USER - 12301,Department 1312,Manual
User Name 12302,USER - 12302,Department 1276,Manual
User Name 12303,USER - 12303,Department 1154,Manual
User Name 12304,USER - 12304,Department 1353,Manual
User Name 12305,USER - 12305,Department 1125,Manual
User Name 12306,USER - 12306,Department 3608,Manual
User Name 12307,USER - 12307,Department 1354,Manual
User Name 12308,USER - 12308,Department 1370,Manual
User Name 12309,USER - 12309,Department 1459,Manual
User Name 12310,USER - 12310,Department 1144,Manual
User Name 12311,USER - 12311,Department 3041,Manual
User Name 12312,USER - 12312,Department 1457,Manual
User Name 12313,USER - 12313,Department 1268,Manual
User Name 12314,USER - 12314,Department 2880,Manual
User Name 12315,USER - 12315,Department 1133,Manual
User Name 12316,USER - 12316,Department 2896,Manual
User Name 12317,USER - 12317,Department 2998,Manual
User Name 12318,USER - 12318,Department 3043,Manual
User Name 12319,USER - 12319,Department 1476,Manual
User Name 12320,USER - 12320,Department 2891,Manual
User Name 12321,USER - 12321,Department 2877,Manual
User Name 12322,USER - 12322,Department 3100,Manual
User Name 12323,USER - 12323,Department 1477,Manual
User Name 12324,USER - 12324,Department 1584,Manual
User Name 12325,USER - 12325,Department 2846,Manual
User Name 12326,USER - 12326,Department 2926,Manual
User Name 12327,USER - 12327,Department 1135,Manual
User Name 12328,USER - 12328,Department 3101,Manual
User Name 12329,USER - 12329,Department 1469,Manual
User Name 12330,USER - 12330,Department 2867,Manual
User Name 12331,USER - 12331,Department 2915,Manual
User Name 12332,USER - 12332,Department 1462,Manual
User Name 12333,USER - 12333,Department 1449,Manual
User Name 12334,USER - 12334,Department 3123,Manual
User Name 12335,USER - 12335,Department 2982,Manual
User Name 12336,USER - 12336,Department 1488,Manual
User Name 12337,USER - 12337,Department 1471,Manual
User Name 12338,USER - 12338,Department 3134,Manual
User Name 12339,USER - 12339,Department 2884,Manual
User Name 12340,USER - 12340,Department 2993,Manual
User Name 12341,USER - 12341,Department 2987,Manual
User Name 12342,USER - 12342,Department 3000,Manual
User Name 12343,USER - 12343,Department 1417,Manual
User Name 12344,USER - 12344,Department 2987,Manual
User Name 12345,USER - 12345,Department 3075,Manual
User Name 12346,USER - 12346,Department 2911,Manual
User Name 12347,USER - 12347,Department 1484,Manual
User Name 12348,USER - 12348,Department 2835,Manual
User Name 12349,USER - 12349,Department 3028,Manual
User Name 12350,USER - 12350,Department 2883,Manual
User Name 12351,USER - 12351,Department 3039,Manual
User Name 12352,USER - 12352,Department 2847,Manual
User Name 12353,USER - 12353,Department 1141,Manual
User Name 87,USER - 00087,Department 1474,Manual
User Name 12355,USER - 12355,Department 2969,Manual
User Name 12356,USER - 12356,Department 2878,Manual
User Name 12357,USER - 12357,Department 1458,Manual
User Name 12358,USER - 12358,Department 1478,Manual
User Name 12359,USER - 12359,Department 3125,Manual
User Name 12360,USER - 12360,Department 1143,Manual
User Name 12361,USER - 12361,Department 3107,Manual
User Name 12362,USER - 12362,Department 2895,Manual
User Name 12363,USER - 12363,Department 1146,Manual
User Name 12364,USER - 12364,Department 849,Manual
User Name 12365,USER - 12365,Department 322,Manual
User Name 12366,USER - 12366,Department 2945,Manual
User Name 12367,USER - 12367,Department 2943,Manual
User Name 12368,USER - 12368,Department 1448,Manual
User Name 12369,USER - 12369,Department 2467,Manual
User Name 12370,USER - 12370,Department 3216,Manual
User Name 12371,USER - 12371,Department 3067,Manual
User Name 12372,USER - 12372,Department 738,Manual
User Name 12373,USER - 12373,Department 185,Manual
User Name 12374,USER - 12374,Department 2600,Manual
User Name 12375,USER - 12375,Department 644,Manual
User Name 12376,USER - 12376,Department 217,Manual
User Name 12377,USER - 12377,Department 2274,Manual
User Name 12378,USER - 12378,Department 2146,Manual
User Name 12379,USER - 12379,Department 3085,Manual
User Name 12380,USER - 12380,Department 851,Manual
User Name 12381,USER - 12381,Department 2677,Manual
User Name 12382,USER - 12382,Department 982,Manual
User Name 12383,USER - 12383,Department 1694,Manual
User Name 12384,USER - 12384,Department 3728,Manual
User Name 12385,USER - 12385,Department 1294,Manual
User Name 12386,USER - 12386,Department 89,Manual
User Name 12387,USER - 12387,Department 3739,Manual
User Name 5889,USER - 05889,Department 1551,Manual
User Name 4759,USER - 04759,Department 1565,Manual
User Name 12390,USER - 12390,Department 1544,Manual
User Name 12391,USER - 12391,Department 3279,Manual
User Name 12392,USER - 12392,Department 2695,Manual
User Name 12393,USER - 12393,Department 2497,Manual
User Name 12394,USER - 12394,Department 1472,Manual
User Name 12395,USER - 12395,Department 156,Manual
User Name 12396,USER - 12396,Department 40,Manual
User Name 12397,USER - 12397,Department 2146,Manual
User Name 12398,USER - 12398,Department 2654,Manual
User Name 12399,USER - 12399,Department 2146,Manual
User Name 12400,USER - 12400,Department 426,Manual
User Name 12401,USER - 12401,Department 2650,Manual
User Name 12402,USER - 12402,Department 2503,Manual
User Name 12403,USER - 12403,Department 2463,Manual
User Name 12404,USER - 12404,Department 1114,Manual
User Name 12405,USER - 12405,Department 3007,Manual
User Name 12406,USER - 12406,Department 3431,Manual
User Name 12407,USER - 12407,Department 63,Manual
User Name 12408,USER - 12408,Department 3221,Manual
User Name 12409,USER - 12409,Department 492,Manual
User Name 12410,USER - 12410,Department 2575,Manual
User Name 12411,USER - 12411,Department 1161,Manual
User Name 12412,USER - 12412,Department 3257,Manual
User Name 12413,USER - 12413,Department 501,Manual
User Name 12414,USER - 12414,Department 3641,Manual
User Name 12415,USER - 12415,Department 658,Manual
User Name 12416,USER - 12416,Department 2143,Manual
User Name 12417,USER - 12417,Department 365,Manual
User Name 12418,USER - 12418,Department 12,Manual
User Name 12419,USER - 12419,Department 712,Manual
User Name 7030,USER - 07030,Department 1817,Manual
User Name 12421,USER - 12421,Department 1819,Manual
User Name 12422,USER - 12422,Department 12,Manual
User Name 12423,USER - 12423,Department 3403,Manual
User Name 12424,USER - 12424,Department 149,Manual
User Name 12425,USER - 12425,Department 220,Manual
User Name 12426,USER - 12426,Department 220,Manual
User Name 12427,USER - 12427,Department 832,Manual
User Name 12428,USER - 12428,Department 3255,Manual
User Name 12429,USER - 12429,Department 3315,Manual
User Name 12430,USER - 12430,Department 2146,Manual
User Name 12431,USER - 12431,Department 874,Manual
User Name 12432,USER - 12432,Department 874,Manual
User Name 12433,USER - 12433,Department 873,Manual
User Name 12434,USER - 12434,Department 873,Manual
User Name 12435,USER - 12435,Department 873,Manual
User Name 12436,USER - 12436,Department 873,Manual
User Name 12437,USER - 12437,Department 868,Manual
User Name 12438,USER - 12438,Department 872,Manual
User Name 12439,USER - 12439,Department 868,Manual
User Name 12440,USER - 12440,Department 871,Manual
User Name 12441,USER - 12441,Department 2533,Manual
User Name 12442,USER - 12442,Department 969,Manual
User Name 12443,USER - 12443,Department 994,Manual
User Name 12444,USER - 12444,Department 995,Manual
User Name 12445,USER - 12445,Department 1038,Manual
User Name 12446,USER - 12446,Department 1043,Manual
User Name 12447,USER - 12447,Department 42,Manual
User Name 12448,USER - 12448,Department 178,Manual
User Name 12449,USER - 12449,Department 1643,Manual
User Name 12450,USER - 12450,Department 1240,Manual
User Name 5140,USER - 05140,Department 471,Manual
User Name 12452,USER - 12452,Department 293,Manual
User Name 12453,USER - 12453,Department 867,Manual
User Name 12454,USER - 12454,Department 3028,Manual
User Name 12455,USER - 12455,Department 3255,Manual
User Name 12456,USER - 12456,Department 3315,Manual
User Name 12457,USER - 12457,Department 3028,Manual
User Name 12458,USER - 12458,Department 682,Manual
User Name 12459,USER - 12459,Department 3593,Manual
User Name 12460,USER - 12460,Department 3401,Manual
User Name 12461,USER - 12461,Department 2216,Manual
User Name 12462,USER - 12462,Department 2906,Manual
User Name 12463,USER - 12463,Department 3105,Manual
User Name 12464,USER - 12464,Department 1412,Manual
User Name 12465,USER - 12465,Department 3239,Manual
User Name 12466,USER - 12466,Department 913,Manual
User Name 12467,USER - 12467,Department 1032,Manual
User Name 12468,USER - 12468,Department 872,Manual
User Name 12469,USER - 12469,Department 725,Manual
User Name 12470,USER - 12470,Department 1993,Manual
User Name 12471,USER - 12471,Department 3251,Manual
User Name 12472,USER - 12472,Department 2106,Manual
User Name 12473,USER - 12473,Department 868,Manual
User Name 12474,USER - 12474,Department 2695,Manual
User Name 12475,USER - 12475,Department 2979,Manual
User Name 12476,USER - 12476,Department 1522,Manual
User Name 12477,USER - 12477,Department 2946,Manual
User Name 12478,USER - 12478,Department 2924,Manual
User Name 12479,USER - 12479,Department 51,Manual
User Name 12480,USER - 12480,Department 3224,Manual
User Name 12481,USER - 12481,Department 3011,Manual
User Name 12482,USER - 12482,Department 664,Manual
User Name 12483,USER - 12483,Department 724,Manual
User Name 12484,USER - 12484,Department 724,Manual
User Name 12485,USER - 12485,Department 1308,Manual
User Name 12486,USER - 12486,Department 3231,Manual
User Name 12487,USER - 12487,Department 3148,Manual
User Name 12488,USER - 12488,Department 2493,Manual
User Name 12489,USER - 12489,Department 841,Manual
User Name 12490,USER - 12490,Department 3719,Manual
User Name 12491,USER - 12491,Department 1222,Manual
User Name 6782,USER - 06782,Department 3378,Manual
User Name 12493,USER - 12493,Department 3396,Manual
User Name 12494,USER - 12494,Department 3735,Manual
User Name 12495,USER - 12495,Department 3317,Manual
User Name 12496,USER - 12496,Department 3199,Manual
User Name 12497,USER - 12497,Department 715,Manual
User Name 12498,USER - 12498,Department 2207,Manual
User Name 12499,USER - 12499,Department 1450,Manual
User Name 12500,USER - 12500,Department 2583,Manual
User Name 12501,USER - 12501,Department 2605,Manual
User Name 12502,USER - 12502,Department 657,Manual
User Name 12503,USER - 12503,Department 1116,Manual
User Name 12504,USER - 12504,Department 570,Manual
User Name 12505,USER - 12505,Department 88,Manual
User Name 12506,USER - 12506,Department 2497,Manual
User Name 12507,USER - 12507,Department 2473,Manual
User Name 12508,USER - 12508,Department 3420,Manual
User Name 12509,USER - 12509,Department 1318,Manual
User Name 12510,USER - 12510,Department 1136,Manual
User Name 12511,USER - 12511,Department 2474,Manual
User Name 12512,USER - 12512,Department 873,Manual
User Name 12513,USER - 12513,Department 713,Manual
User Name 12514,USER - 12514,Department 3212,Manual
User Name 12515,USER - 12515,Department 2680,Manual
User Name 12516,USER - 12516,Department 3121,Manual
User Name 12517,USER - 12517,Department 3121,Manual
User Name 12518,USER - 12518,Department 1415,Manual
User Name 12519,USER - 12519,Department 1757,Manual
User Name 12520,USER - 12520,Department 1757,Manual
User Name 12521,USER - 12521,,Manual
User Name 12522,USER - 12522,Department 1757,Manual
User Name 12523,USER - 12523,Department 1790,Manual
User Name 12524,USER - 12524,,Manual
User Name 12525,USER - 12525,Department 1790,Manual
User Name 12526,USER - 12526,Department 1790,Manual
User Name 12527,USER - 12527,Department 2610,Manual
User Name 12528,USER - 12528,Department 2612,Manual
User Name 12529,USER - 12529,Department 651,Manual
User Name 12530,USER - 12530,Department 3,Manual
User Name 12531,USER - 12531,Department 1312,Manual
User Name 12532,USER - 12532,Department 1950,Manual
User Name 12533,USER - 12533,Department 3573,Manual
User Name 12534,USER - 12534,Department 1847,Manual
User Name 12535,USER - 12535,Department 1790,Manual
User Name 12536,USER - 12536,Department 2034,Manual
User Name 12537,USER - 12537,Department 1837,Manual
User Name 12538,USER - 12538,Department 1810,Manual
User Name 12539,USER - 12539,Department 1980,Manual
User Name 12540,USER - 12540,Department 1743,Manual
User Name 12541,USER - 12541,Department 2022,Manual
User Name 12542,USER - 12542,Department 1827,Manual
User Name 12543,USER - 12543,Department 1791,Manual
User Name 12544,USER - 12544,Department 3006,Manual
User Name 12545,USER - 12545,Department 2321,Manual
User Name 12546,USER - 12546,Department 1833,Manual
User Name 12547,USER - 12547,Department 672,Manual
User Name 12548,USER - 12548,Department 1643,Manual
User Name 12549,USER - 12549,Department 679,Manual
User Name 12550,USER - 12550,Department 669,Manual
User Name 12551,USER - 12551,Department 2688,Manual
User Name 12552,USER - 12552,Department 249,Manual
User Name 7179,USER - 07179,Department 630,Manual
User Name 12554,USER - 12554,Department 2268,Manual
User Name 12555,USER - 12555,Department 1309,Manual
User Name 12556,USER - 12556,Department 1819,Manual
User Name 12557,USER - 12557,Department 3570,Manual
User Name 12558,USER - 12558,Department 2022,Manual
User Name 12559,USER - 12559,Department 3350,Manual
User Name 6228,USER - 06228,Department 1964,Manual
User Name 12561,USER - 12561,Department 3662,Manual
User Name 12562,USER - 12562,Department 1318,Manual
User Name 12563,USER - 12563,Department 2022,Manual
User Name 12564,USER - 12564,Department 2161,Manual
User Name 12565,USER - 12565,Department 157,Manual
User Name 12566,USER - 12566,Department 3584,Manual
User Name 12567,USER - 12567,Department 1859,Manual
User Name 12568,USER - 12568,Department 3735,Manual
User Name 12569,USER - 12569,Department 570,Manual
User Name 12570,USER - 12570,Department 1643,Manual
User Name 12571,USER - 12571,Department 979,Manual
User Name 12572,USER - 12572,Department 1904,Manual
User Name 12573,USER - 12573,Department 2023,Manual
User Name 12574,USER - 12574,Department 3105,Manual
User Name 12575,USER - 12575,Department 2111,Manual
User Name 12576,USER - 12576,Department 2898,Manual
User Name 12577,USER - 12577,Department 3106,Manual
User Name 12578,USER - 12578,Department 1061,Manual
User Name 12579,USER - 12579,Department 2926,Manual
User Name 12580,USER - 12580,Department 1772,Manual
User Name 12581,USER - 12581,Department 3102,Manual
User Name 12582,USER - 12582,Department 3680,Manual
User Name 12583,USER - 12583,Department 1785,Manual
User Name 12584,USER - 12584,Department 2826,Manual
User Name 12585,USER - 12585,Department 3114,Manual
User Name 12586,USER - 12586,Department 2337,Manual
User Name 12587,USER - 12587,Department 2163,Manual
User Name 12588,USER - 12588,Department 699,Manual
User Name 12589,USER - 12589,Department 2980,Manual
User Name 12590,USER - 12590,Department 3726,Manual
User Name 12591,USER - 12591,Department 1971,Manual
User Name 12592,USER - 12592,Department 1768,Manual
User Name 12593,USER - 12593,Department 2209,Manual
User Name 12594,USER - 12594,Department 2002,Manual
User Name 12595,USER - 12595,Department 2835,Manual
User Name 12596,USER - 12596,Department 2210,Manual
User Name 12597,USER - 12597,Department 2214,Manual
User Name 12598,USER - 12598,Department 2210,Manual
User Name 12599,USER - 12599,Department 2160,Manual
User Name 12600,USER - 12600,Department 2212,Manual
User Name 12601,USER - 12601,Department 3744,Manual
User Name 12602,USER - 12602,Department 282,Manual
User Name 12603,USER - 12603,Department 454,Manual
User Name 12604,USER - 12604,Department 285,Manual
User Name 12605,USER - 12605,Department 3447,Manual
User Name 12606,USER - 12606,Department 628,Manual
User Name 12607,USER - 12607,Department 586,Manual
User Name 12608,USER - 12608,Department 289,Manual
User Name 12609,USER - 12609,Department 288,Manual
User Name 12610,USER - 12610,Department 3529,Manual
User Name 12611,USER - 12611,Department 290,Manual
User Name 12612,USER - 12612,Department 1571,Manual
User Name 12613,USER - 12613,Department 2915,Manual
User Name 12614,USER - 12614,Department 281,Manual
User Name 12615,USER - 12615,Department 2706,Manual
User Name 12616,USER - 12616,Department 2887,Manual
User Name 12617,USER - 12617,Department 298,Manual
User Name 12618,USER - 12618,Department 2264,Manual
User Name 12619,USER - 12619,Department 16,Manual
User Name 12620,USER - 12620,Department 3581,Manual
User Name 12621,USER - 12621,Department 2017,Manual
User Name 12622,USER - 12622,Department 2864,Manual
User Name 12623,USER - 12623,Department 3114,Manual
User Name 12624,USER - 12624,Department 1529,Manual
User Name 12625,USER - 12625,Department 453,Manual
User Name 12626,USER - 12626,Department 3620,Manual
User Name 12627,USER - 12627,Department 3110,Manual
User Name 12628,USER - 12628,Department 2459,Manual
User Name 12629,USER - 12629,Department 1579,Manual
User Name 12630,USER - 12630,Department 1529,Manual
User Name 12060,USER - 12060,Department 3616,Manual
User Name 12632,USER - 12632,Department 3413,Manual
User Name 12633,USER - 12633,Department 3582,Manual
User Name 12634,USER - 12634,Department 1530,Manual
User Name 12635,USER - 12635,Department 1573,Manual
User Name 9331,USER - 09331,Department 2933,Manual
User Name 12637,USER - 12637,Department 3585,Manual
User Name 11846,USER - 11846,Department 1603,Manual
User Name 12639,USER - 12639,Department 792,Manual
User Name 12640,USER - 12640,Department 587,Manual
User Name 12641,USER - 12641,Department 461,Manual
User Name 12642,USER - 12642,Department 2916,Manual
User Name 12643,USER - 12643,Department 1344,Manual
User Name 12644,USER - 12644,Department 3188,Manual
User Name 12645,USER - 12645,Department 2460,Manual
User Name 12646,USER - 12646,Department 3527,Manual
User Name 12647,USER - 12647,Department 3741,Manual
User Name 12648,USER - 12648,Department 3613,Manual
User Name 12649,USER - 12649,Department 1149,Manual
User Name 12650,USER - 12650,Department 2832,Manual
User Name 12651,USER - 12651,Department 800,Manual
User Name 12652,USER - 12652,Department 3189,Manual
User Name 12653,USER - 12653,Department 1577,Manual
User Name 12654,USER - 12654,Department 3194,Manual
User Name 12655,USER - 12655,Department 346,Manual
User Name 12656,USER - 12656,Department 286,Manual
User Name 12657,USER - 12657,Department 960,Manual
User Name 12658,USER - 12658,Department 3119,Manual
User Name 12659,USER - 12659,Department 576,Manual
User Name 12660,USER - 12660,Department 1578,Manual
User Name 12661,USER - 12661,Department 340,Manual
User Name 3132,USER - 03132,Department 321,Manual
User Name 12663,USER - 12663,Department 3149,Manual
User Name 12664,USER - 12664,Department 2523,Manual
User Name 12665,USER - 12665,Department 2298,Manual
User Name 12666,USER - 12666,Department 345,Manual
User Name 12667,USER - 12667,Department 3438,Manual
User Name 12668,USER - 12668,Department 2319,Manual
User Name 12669,USER - 12669,Department 381,Manual
User Name 12670,USER - 12670,Department 322,Manual
User Name 12671,USER - 12671,Department 453,Manual
User Name 12672,USER - 12672,Department 338,Manual
User Name 12673,USER - 12673,Department 1256,Manual
User Name 12674,USER - 12674,Department 320,Manual
User Name 12675,USER - 12675,Department 888,Manual
User Name 12676,USER - 12676,Department 1581,Manual
User Name 12677,USER - 12677,Department 959,Manual
User Name 8114,USER - 08114,Department 588,Manual
User Name 10992,USER - 10992,Department 310,Manual
User Name 12680,USER - 12680,Department 802,Manual
User Name 12681,USER - 12681,Department 2464,Manual
User Name 12682,USER - 12682,Department 3093,Manual
User Name 12683,USER - 12683,Department 373,Manual
User Name 12684,USER - 12684,Department 291,Manual
User Name 12685,USER - 12685,Department 1419,Manual
User Name 12686,USER - 12686,Department 3588,Manual
User Name 12687,USER - 12687,Department 3513,Manual
User Name 12688,USER - 12688,Department 2807,Manual
User Name 12689,USER - 12689,Department 3138,Manual
User Name 12690,USER - 12690,Department 280,Manual
User Name 12691,USER - 12691,Department 3746,Manual
User Name 12692,USER - 12692,Department 3748,Manual
User Name 12693,USER - 12693,Department 910,Manual
User Name 12694,USER - 12694,Department 3027,Manual
User Name 12695,USER - 12695,Department 3582,Manual
User Name 12696,USER - 12696,Department 2381,Manual
User Name 12697,USER - 12697,Department 3611,Manual
User Name 12698,USER - 12698,Department 2323,Manual
User Name 12699,USER - 12699,Department 3584,Manual
User Name 12700,USER - 12700,Department 2644,Manual
User Name 12701,USER - 12701,Department 2839,Manual
User Name 12702,USER - 12702,Department 3614,Manual
User Name 12703,USER - 12703,Department 3615,Manual
User Name 12704,USER - 12704,Department 1063,Manual
User Name 12705,USER - 12705,Department 335,Manual
User Name 12706,USER - 12706,Department 342,Manual
User Name 12707,USER - 12707,Department 2465,Manual
User Name 12708,USER - 12708,Department 2697,Manual
User Name 12709,USER - 12709,Department 2381,Manual
User Name 12710,USER - 12710,Department 1063,Manual
User Name 12711,USER - 12711,Department 3031,Manual
User Name 3088,USER - 03088,Department 381,Manual
User Name 12713,USER - 12713,Department 381,Manual
User Name 12714,USER - 12714,Department 2687,Manual
User Name 12715,USER - 12715,Department 2252,Manual
User Name 12716,USER - 12716,Department 1060,Manual
User Name 12717,USER - 12717,Department 1061,Manual
User Name 12718,USER - 12718,Department 373,Manual
User Name 12719,USER - 12719,Department 342,Manual
User Name 12720,USER - 12720,Department 317,Manual
User Name 2823,USER - 02823,Department 1059,Manual
User Name 12722,USER - 12722,Department 2701,Manual
User Name 12723,USER - 12723,Department 960,Manual
User Name 12724,USER - 12724,Department 3615,Manual
User Name 12725,USER - 12725,Department 959,Manual
User Name 12726,USER - 12726,Department 355,Manual
User Name 12727,USER - 12727,Department 1059,Manual
User Name 12728,USER - 12728,Department 2421,Manual
User Name 12729,USER - 12729,Department 1060,Manual
User Name 12730,USER - 12730,Department 3616,Manual
User Name 12731,USER - 12731,Department 1110,Manual
User Name 300,USER - 00300,Department 334,Manual
User Name 12733,USER - 12733,Department 960,Manual
User Name 12734,USER - 12734,Department 322,Manual
User Name 12735,USER - 12735,Department 1062,Manual
User Name 12736,USER - 12736,Department 322,Manual
User Name 12737,USER - 12737,Department 1110,Manual
User Name 12738,USER - 12738,Department 960,Manual
User Name 12739,USER - 12739,Department 1110,Manual
User Name 12740,USER - 12740,Department 959,Manual
User Name 12741,USER - 12741,Department 320,Manual
User Name 12742,USER - 12742,Department 322,Manual
User Name 12743,USER - 12743,Department 1063,Manual
User Name 12744,USER - 12744,Department 3031,Manual
User Name 12745,USER - 12745,Department 1059,Manual
User Name 12746,USER - 12746,Department 960,Manual
User Name 12747,USER - 12747,Department 1063,Manual
User Name 12748,USER - 12748,Department 321,Manual
User Name 12749,USER - 12749,Department 1110,Manual
User Name 12750,USER - 12750,Department 1062,Manual
User Name 12751,USER - 12751,Department 629,Manual
User Name 12752,USER - 12752,Department 1110,Manual
User Name 12753,USER - 12753,Department 1062,Manual
User Name 12754,USER - 12754,Department 960,Manual
User Name 12755,USER - 12755,Department 1110,Manual
User Name 12756,USER - 12756,Department 1110,Manual
User Name 12757,USER - 12757,Department 290,Manual
User Name 12758,USER - 12758,Department 960,Manual
User Name 12759,USER - 12759,Department 1110,Manual
User Name 12760,USER - 12760,Department 1063,Manual
User Name 12761,USER - 12761,Department 3623,Manual
User Name 12762,USER - 12762,Department 959,Manual
User Name 3404,USER - 03404,Department 322,Manual
User Name 12764,USER - 12764,Department 345,Manual
User Name 12765,USER - 12765,Department 1061,Manual
User Name 12766,USER - 12766,Department 2298,Manual
User Name 12767,USER - 12767,Department 381,Manual
User Name 12768,USER - 12768,Department 345,Manual
User Name 12769,USER - 12769,Department 1060,Manual
User Name 12770,USER - 12770,Department 381,Manual
User Name 12771,USER - 12771,Department 381,Manual
User Name 12772,USER - 12772,Department 284,Manual
User Name 12773,USER - 12773,Department 3598,Manual
User Name 12774,USER - 12774,Department 339,Manual
User Name 12775,USER - 12775,Department 1060,Manual
User Name 12776,USER - 12776,Department 339,Manual
User Name 12777,USER - 12777,Department 321,Manual
User Name 12778,USER - 12778,Department 2864,Manual
User Name 12779,USER - 12779,Department 1063,Manual
User Name 12780,USER - 12780,Department 346,Manual
User Name 12781,USER - 12781,Department 1061,Manual
User Name 12782,USER - 12782,Department 345,Manual
User Name 12783,USER - 12783,Department 376,Manual
User Name 12784,USER - 12784,Department 960,Manual
User Name 12785,USER - 12785,Department 959,Manual
User Name 12786,USER - 12786,Department 1033,Manual
User Name 12787,USER - 12787,Department 1060,Manual
User Name 12788,USER - 12788,Department 962,Manual
User Name 12789,USER - 12789,Department 1718,Manual
User Name 12790,USER - 12790,Department 1110,Manual
User Name 12791,USER - 12791,Department 960,Manual
User Name 12792,USER - 12792,Department 1110,Manual
User Name 12793,USER - 12793,Department 322,Manual
User Name 12794,USER - 12794,Department 1791,Manual
User Name 12795,USER - 12795,Department 528,Manual
User Name 12796,USER - 12796,Department 1949,Manual
User Name 12797,USER - 12797,Department 1832,Manual
User Name 12798,USER - 12798,Department 1702,Manual
User Name 12799,USER - 12799,Department 1928,Manual
User Name 12800,USER - 12800,Department 2069,Manual
User Name 12801,USER - 12801,Department 1839,Manual
User Name 12802,USER - 12802,Department 1988,Manual
User Name 12803,USER - 12803,Department 3351,Manual
User Name 12804,USER - 12804,Department 1846,Manual
User Name 12805,USER - 12805,Department 2005,Manual
User Name 12806,USER - 12806,Department 1304,Manual
User Name 12807,USER - 12807,Department 1291,Manual
User Name 12808,USER - 12808,Department 1949,Manual
User Name 12809,USER - 12809,Department 810,Manual
User Name 12810,USER - 12810,Department 1804,Manual
User Name 12811,USER - 12811,Department 2000,Manual
User Name 12812,USER - 12812,Department 1675,Manual
User Name 12813,USER - 12813,Department 30,Manual
User Name 12814,USER - 12814,Department 1979,Manual
User Name 12815,USER - 12815,Department 1525,Manual
User Name 12816,USER - 12816,Department 1678,Manual
User Name 12817,USER - 12817,Department 1761,Manual
User Name 12818,USER - 12818,Department 1602,Manual
User Name 12819,USER - 12819,Department 2054,Manual
User Name 12820,USER - 12820,Department 2704,Manual
User Name 12821,USER - 12821,Department 1923,Manual
User Name 12822,USER - 12822,Department 1710,Manual
User Name 12823,USER - 12823,Department 3420,Manual
User Name 12824,USER - 12824,Department 3019,Manual
User Name 12825,USER - 12825,Department 689,Manual
User Name 12826,USER - 12826,Department 1878,Manual
User Name 12827,USER - 12827,Department 1987,Manual
User Name 12828,USER - 12828,Department 10,Manual
User Name 12829,USER - 12829,Department 1870,Manual
User Name 12830,USER - 12830,Department 2921,Manual
User Name 12831,USER - 12831,Department 2411,Manual
User Name 12832,USER - 12832,Department 3229,Manual
User Name 12833,USER - 12833,Department 3228,Manual
User Name 12834,USER - 12834,Department 3411,Manual
User Name 6884,USER - 06884,Department 3231,Manual
User Name 12836,USER - 12836,Department 3379,Manual
User Name 12837,USER - 12837,Department 2462,Manual
User Name 12838,USER - 12838,Department 3231,Manual
User Name 12839,USER - 12839,Department 3230,Manual
User Name 12840,USER - 12840,Department 953,Manual
User Name 12841,USER - 12841,Department 1974,Manual
User Name 12842,USER - 12842,Department 3238,Manual
User Name 12843,USER - 12843,Department 3228,Manual
User Name 12844,USER - 12844,Department 1860,Manual
User Name 12845,USER - 12845,Department 863,Manual
User Name 12846,USER - 12846,Department 2097,Manual
User Name 12847,USER - 12847,Department 1723,Manual
User Name 12848,USER - 12848,Department 2037,Manual
User Name 12849,USER - 12849,Department 2043,Manual
User Name 12850,USER - 12850,Department 2046,Manual
User Name 12851,USER - 12851,Department 2047,Manual
User Name 8566,USER - 08566,Department 2041,Manual
User Name 12853,USER - 12853,Department 2040,Manual
User Name 12854,USER - 12854,Department 2046,Manual
User Name 12855,USER - 12855,Department 2056,Manual
User Name 12856,USER - 12856,Department 2038,Manual
User Name 12857,USER - 12857,Department 807,Manual
User Name 12858,USER - 12858,Department 1742,Manual
User Name 12859,USER - 12859,Department 1742,Manual
User Name 12860,USER - 12860,Department 3253,Manual
User Name 12861,USER - 12861,Department 72,Manual
User Name 12862,USER - 12862,Department 77,Manual
User Name 12863,USER - 12863,Department 737,Manual
User Name 12864,USER - 12864,Department 736,Manual
User Name 12865,USER - 12865,Department 3069,Manual
User Name 12866,USER - 12866,Department 174,Manual
User Name 12867,USER - 12867,Department 2507,Manual
User Name 12868,USER - 12868,Department 2012,Manual
User Name 12869,USER - 12869,Department 1702,Manual
User Name 12870,USER - 12870,Department 2308,Manual
User Name 12871,USER - 12871,Department 2091,Manual
User Name 12872,USER - 12872,Department 595,Manual
User Name 8200,USER - 08200,Department 468,Manual
User Name 12874,USER - 12874,Department 2112,Manual
User Name 12875,USER - 12875,Department 1111,Manual
User Name 12876,USER - 12876,Department 2934,Manual
User Name 12877,USER - 12877,Department 1812,Manual
User Name 12878,USER - 12878,Department 2965,Manual
User Name 12879,USER - 12879,Department 3064,Manual
User Name 12880,USER - 12880,Department 1907,Manual
User Name 12881,USER - 12881,Department 2112,Manual
User Name 12882,USER - 12882,Department 716,Manual
User Name 12883,USER - 12883,Department 2357,Manual
User Name 12884,USER - 12884,Department 1683,Manual
User Name 12885,USER - 12885,Department 787,Manual
User Name 12886,USER - 12886,Department 3253,Manual
User Name 12887,USER - 12887,Department 3570,Manual
User Name 12888,USER - 12888,Department 2485,Manual
User Name 12889,USER - 12889,Department 1765,Manual
User Name 12890,USER - 12890,Department 594,Manual
User Name 12891,USER - 12891,Department 2994,Manual
User Name 12892,USER - 12892,Department 1742,Manual
User Name 12893,USER - 12893,Department 496,Manual
User Name 12894,USER - 12894,Department 612,Manual
User Name 12895,USER - 12895,Department 3597,Manual
User Name 12896,USER - 12896,Department 593,Manual
User Name 12897,USER - 12897,Department 621,Manual
User Name 12898,USER - 12898,Department 808,Manual
User Name 12899,USER - 12899,Department 1317,Manual
User Name 12900,USER - 12900,Department 81,Manual
User Name 12901,USER - 12901,Department 3153,Manual
User Name 12902,USER - 12902,Department 601,Manual
User Name 12903,USER - 12903,Department 1138,Manual
User Name 12904,USER - 12904,Department 479,Manual
User Name 12905,USER - 12905,Department 3244,Manual
User Name 12906,USER - 12906,Department 3584,Manual
User Name 12907,USER - 12907,Department 3597,Manual
User Name 12908,USER - 12908,Department 463,Manual
User Name 12909,USER - 12909,Department 3584,Manual
User Name 12910,USER - 12910,Department 849,Manual
User Name 12911,USER - 12911,Department 1193,Manual
User Name 12912,USER - 12912,Department 2921,Manual
User Name 12913,USER - 12913,Department 584,Manual
User Name 12914,USER - 12914,Department 3446,Manual
User Name 12915,USER - 12915,Department 3423,Manual
User Name 12916,USER - 12916,Department 3592,Manual
User Name 12917,USER - 12917,Department 3584,Manual
User Name 12918,USER - 12918,Department 581,Manual
User Name 12919,USER - 12919,Department 2968,Manual
User Name 12920,USER - 12920,Department 2968,Manual
User Name 12921,USER - 12921,Department 1993,Manual
User Name 12922,USER - 12922,Department 2849,Manual
User Name 12903,USER - 12903,Department 3022,Manual
User Name 12924,USER - 12924,Department 2925,Manual
User Name 12925,USER - 12925,Department 589,Manual
User Name 12926,USER - 12926,Department 3288,Manual
User Name 12927,USER - 12927,Department 1689,Manual
User Name 12928,USER - 12928,Department 1323,Manual
User Name 12929,USER - 12929,Department 2967,Manual
User Name 9617,USER - 09617,Department 3294,Manual
User Name 12931,USER - 12931,Department 1454,Manual
User Name 12932,USER - 12932,Department 3283,Manual
User Name 12933,USER - 12933,Department 550,Manual
User Name 12934,USER - 12934,Department 3060,Manual
User Name 12935,USER - 12935,Department 2352,Manual
User Name 12936,USER - 12936,Department 1696,Manual
User Name 12937,USER - 12937,Department 3218,Manual
User Name 12938,USER - 12938,Department 2073,Manual
User Name 12939,USER - 12939,Department 2869,Manual
User Name 12940,USER - 12940,Department 1276,Manual
User Name 12941,USER - 12941,Department 197,Manual
User Name 12942,USER - 12942,Department 187,Manual
User Name 12943,USER - 12943,Department 189,Manual
User Name 12944,USER - 12944,Department 347,Manual
User Name 12945,USER - 12945,Department 2999,Manual
User Name 12946,USER - 12946,Department 3292,Manual
User Name 12947,USER - 12947,Department 1991,Manual
User Name 12948,USER - 12948,Department 1957,Manual
User Name 12949,USER - 12949,Department 1861,Manual
User Name 12950,USER - 12950,Department 1990,Manual
User Name 12951,USER - 12951,Department 1816,Manual
User Name 12952,USER - 12952,Department 2081,Manual
User Name 12953,USER - 12953,Department 2103,Manual
User Name 12954,USER - 12954,Department 1957,Manual
User Name 12955,USER - 12955,Department 1957,Manual
User Name 12639,USER - 12639,Department 2044,Manual
User Name 4755,USER - 04755,Department 1816,Manual
User Name 11913,USER - 11913,Department 960,Manual
User Name 2837,USER - 02837,Department 2102,Manual
User Name 12960,USER - 12960,Department 2081,Manual
User Name 12961,USER - 12961,Department 2123,Manual
User Name 12962,USER - 12962,Department 173,Manual
User Name 12963,USER - 12963,Department 3427,Manual
User Name 12964,USER - 12964,Department 1931,Manual
User Name 12965,USER - 12965,Department 1973,Manual
User Name 12966,USER - 12966,Department 1710,Manual
User Name 12967,USER - 12967,Department 1962,Manual
User Name 12968,USER - 12968,Department 1815,Manual
User Name 12969,USER - 12969,Department 1963,Manual
User Name 12970,USER - 12970,Department 1935,Manual
User Name 12971,USER - 12971,Department 500,Manual
User Name 12972,USER - 12972,Department 851,Manual
User Name 12973,USER - 12973,Department 2857,Manual
User Name 12974,USER - 12974,Department 492,Manual
User Name 12975,USER - 12975,Department 1249,Manual
User Name 12976,USER - 12976,Department 3620,Manual
User Name 12977,USER - 12977,Department 1690,Manual
User Name 12978,USER - 12978,Department 1677,Manual
User Name 12979,USER - 12979,Department 972,Manual
User Name 12980,USER - 12980,Department 3399,Manual
User Name 1102,USER - 01102,Department 125,Manual
User Name 12982,USER - 12982,Department 1311,Manual
User Name 12983,USER - 12983,Department 1391,Manual
User Name 12984,USER - 12984,Department 957,Manual
User Name 12985,USER - 12985,Department 129,Manual
User Name 12986,USER - 12986,Department 3566,Manual
User Name 12987,USER - 12987,Department 455,Manual
User Name 12988,USER - 12988,Department 3571,Manual
User Name 12989,USER - 12989,Department 129,Manual
User Name 12990,USER - 12990,Department 1156,Manual
User Name 12991,USER - 12991,Department 2073,Manual
User Name 12992,USER - 12992,Department 167,Manual
User Name 12993,USER - 12993,Department 3463,Manual
User Name 12994,USER - 12994,Department 3156,Manual
User Name 12995,USER - 12995,Department 68,Manual
User Name 12996,USER - 12996,Department 167,Manual
User Name 12997,USER - 12997,Department 182,Manual
User Name 12998,USER - 12998,Department 500,Manual
User Name 12999,USER - 12999,Department 103,Manual
User Name 13000,USER - 13000,Department 835,Manual
User Name 13001,USER - 13001,Department 275,Manual
User Name 13002,USER - 13002,Department 879,Manual
User Name 13003,USER - 13003,Department 880,Manual
User Name 13004,USER - 13004,Department 2509,Manual
User Name 13005,USER - 13005,Department 1125,Manual
User Name 13006,USER - 13006,Department 1262,Manual
User Name 13007,USER - 13007,Department 1523,Manual
User Name 13008,USER - 13008,Department 1278,Manual
User Name 13009,USER - 13009,Department 1502,Manual
User Name 13010,USER - 13010,Department 1514,Manual
User Name 13011,USER - 13011,Department 1511,Manual
User Name 13012,USER - 13012,Department 1360,Manual
User Name 13013,USER - 13013,Department 1513,Manual
User Name 13014,USER - 13014,Department 3239,Manual
User Name 13015,USER - 13015,Department 1759,Manual
User Name 13016,USER - 13016,Department 813,Manual
User Name 13017,USER - 13017,Department 1790,Manual
User Name 13018,USER - 13018,Department 2404,Manual
User Name 13019,USER - 13019,Department 1796,Manual
User Name 13020,USER - 13020,Department 1156,Manual
User Name 13021,USER - 13021,Department 850,Manual
User Name 13022,USER - 13022,Department 1784,Manual
User Name 13023,USER - 13023,Department 3573,Manual
User Name 13024,USER - 13024,Department 264,Manual
User Name 13025,USER - 13025,Department 2075,Manual
User Name 13026,USER - 13026,Department 2912,Manual
User Name 13027,USER - 13027,Department 850,Manual
User Name 2072,USER - 02072,Department 1817,Manual
User Name 13029,USER - 13029,Department 1534,Manual
User Name 13030,USER - 13030,Department 1533,Manual
User Name 2823,USER - 02823,Department 1532,Manual
User Name 13032,USER - 13032,Department 506,Manual
User Name 13033,USER - 13033,Department 1998,Manual
User Name 13034,USER - 13034,Department 2015,Manual
User Name 13035,USER - 13035,Department 143,Manual
User Name 13036,USER - 13036,Department 3340,Manual
User Name 13037,USER - 13037,Department 470,Manual
User Name 13038,USER - 13038,Department 1865,Manual
User Name 13039,USER - 13039,Department 1763,Manual
User Name 13040,USER - 13040,Department 253,Manual
User Name 13041,USER - 13041,Department 145,Manual
User Name 13042,USER - 13042,Department 3658,Manual
User Name 13043,USER - 13043,Department 3320,Manual
