Case_ID,Customer_ID,Customer_Name,Customer_Country,Customer_Type,Order_Value,Currency,Order_Type,Company_Code,Delivery_Block,Billing_Block,Event_Type,Event_Time,User,Department,User_Type,Object_ID,Object_Type,Event_Category
Order - 0523,CUST - 014,Customer 14,DE,External,117784.08,EUR,ST - Services / Tooling,Company 1,NULL,NULL,Create Sales Order,2023-12-19 14:33:39.000,USER - 10897,Department 2178,Manual,Order - 0523,Sales order,Main
Order - 0524,CUST - 014,Customer 14,DE,External,14989.68,EUR,ST - Services / Tooling,Company 1,NULL,NULL,Create Sales Order,2023-12-19 14:37:04.000,USER - 10897,Department 2178,Manual,Order - 0524,Sales order,Main
Order - 0155,CUST - 014,Customer 14,DE,External,-890.64,EUR,ST - Services / Tooling,Company 1,NULL,NULL,Create Sales Order,2023-08-16 15:42:28.000,USER - 10897,Department 2178,Manual,Order - 0155,Sales order,Main
Order - 0156,CUST - 014,Customer 14,DE,External,-5250.96,EUR,ST - Services / Tooling,Company 1,NULL,NULL,Create Sales Order,2023-08-16 15:50:20.000,USER - 10897,Department 2178,Manual,Order - 0156,Sales order,Main
Order - 0157,CUST - 014,Customer 14,DE,External,-10361.28,EUR,ST - Services / Tooling,Company 1,NULL,NULL,Create Sales Order,2023-08-16 15:55:14.000,USER - 10897,Department 2178,Manual,Order - 0157,Sales order,Main
Order - 0158,CUST - 014,Customer 14,DE,External,-19299.12,EUR,ST - Services / Tooling,Company 1,NULL,NULL,Create Sales Order,2023-08-16 15:59:05.000,USER - 10897,Department 2178,Manual,Order - 0158,Sales order,Main
Order - 0159,CUST - 014,Customer 14,DE,External,-39851.28,EUR,ST - Services / Tooling,Company 1,NULL,NULL,Create Sales Order,2023-08-16 16:07:02.000,USER - 10897,Department 2178,Manual,Order - 0159,Sales order,Main
Order - 0152,CUST - 019,Customer 19,AT,External,20.4,EUR,ST - Services / Tooling,Company 1,NULL,NULL,Create Sales Order,2023-08-16 14:29:54.000,USER - 10897,Department 2178,Manual,Order - 0152,Sales order,Main
Order - 1391,CUST - 019,Customer 19,AT,External,51.6,EUR,ST - Services / Tooling,Company 1,NULL,NULL,Create Sales Order,2024-07-10 15:14:34.000,USER - 10897,Department 2178,Manual,Order - 1391,Sales order,Main
Order - 1367,CUST - 026,Customer 26,DE,External,45938.02,EUR,ST - Services / Tooling,Company 1,NULL,NULL,Create Sales Order,2024-07-05 15:43:57.000,USER - 10897,Department 2178,Manual,Order - 1367,Sales order,Main
Order - 1645,CUST - 026,Customer 26,DE,External,37314.35,EUR,ST - Services / Tooling,Company 1,NULL,NULL,Create Sales Order,2024-09-18 21:32:30.000,USER - 10897,Department 2178,Manual,Order - 1645,Sales order,Main
Order - 0048,CUST - 010,Customer 10,DE,External,120018.99,EUR,ST - Services / Tooling,Company 1,NULL,NULL,Create Sales Order,2023-06-13 07:44:42.000,USER - 10897,Department 2178,Manual,Order - 0048,Sales order,Main
Order - 0049,CUST - 010,Customer 10,DE,External,8796.06,EUR,ST - Services / Tooling,Company 1,NULL,NULL,Create Sales Order,2023-06-13 08:22:53.000,USER - 10897,Department 2178,Manual,Order - 0049,Sales order,Main
Order - 0545,CUST - 010,Customer 10,DE,External,65.95,EUR,ST - Services / Tooling,Company 1,NULL,NULL,Create Sales Order,2023-12-20 08:10:17.000,USER - 10897,Department 2178,Manual,Order - 0545,Sales order,Main
Order - 0557,CUST - 010,Customer 10,DE,External,451348.39,EUR,ST - Services / Tooling,Company 1,NULL,NULL,Create Sales Order,2023-12-20 13:36:09.000,USER - 10897,Department 2178,Manual,Order - 0557,Sales order,Main
Order - 0560,CUST - 010,Customer 10,DE,External,267087.66,EUR,ST - Services / Tooling,Company 1,NULL,NULL,Create Sales Order,2023-12-20 13:43:56.000,USER - 10897,Department 2178,Manual,Order - 0560,Sales order,Main
Order - 0331,CUST - 010,Customer 10,DE,External,1954.68,EUR,ST - Services / Tooling,Company 1,NULL,NULL,Create Sales Order,2023-11-14 19:31:28.000,USER - 10897,Department 2178,Manual,Order - 0331,Sales order,Main
Order - 0332,CUST - 010,Customer 10,DE,External,327.6,EUR,ST - Services / Tooling,Company 1,NULL,NULL,Create Sales Order,2023-11-14 19:35:28.000,USER - 10897,Department 2178,Manual,Order - 0332,Sales order,Main
Order - 0808,CUST - 010,Customer 10,DE,External,208000,EUR,ST - Services / Tooling,Company 1,NULL,NULL,Create Sales Order,2024-02-29 12:15:39.000,USER - 10897,Department 2178,Manual,Order - 0808,Sales order,Main
Order - 0146,CUST - 010,Customer 10,DE,External,3608.64,EUR,ST - Services / Tooling,Company 1,NULL,NULL,Create Sales Order,2023-08-08 15:37:18.000,USER - 10897,Department 2178,Manual,Order - 0146,Sales order,Main
Order - 0147,CUST - 010,Customer 10,DE,External,13293.21,EUR,ST - Services / Tooling,Company 1,NULL,NULL,Create Sales Order,2023-08-08 15:40:30.000,USER - 10897,Department 2178,Manual,Order - 0147,Sales order,Main
Order - 0399,CUST - 010,Customer 10,DE,External,92757.18,EUR,ST - Services / Tooling,Company 1,NULL,NULL,Create Sales Order,2023-11-29 14:21:58.000,USER - 10897,Department 2178,Manual,Order - 0399,Sales order,Main
Order - 0270,CUST - 010,Customer 10,DE,External,9397.5,EUR,ST - Services / Tooling,Company 1,NULL,NULL,Create Sales Order,2023-10-10 15:41:23.000,USER - 10897,Department 2178,Manual,Order - 0270,Sales order,Main
Order - 1045,CUST - 026,Customer 26,DE,External,41364.74,EUR,ST - Services / Tooling,Company 1,NULL,NULL,Create Sales Order,2024-04-19 08:05:10.000,USER - 10897,Department 2178,Manual,Order - 1045,Sales order,Main
Order - 0910,CUST - 026,Customer 26,DE,External,42429.41,EUR,ST - Services / Tooling,Company 1,NULL,NULL,Create Sales Order,2024-03-21 09:58:27.000,USER - 10897,Department 2178,Manual,Order - 0910,Sales order,Main
Order - 0575,CUST - 026,Customer 26,DE,External,24031.66,EUR,ST - Services / Tooling,Company 1,NULL,NULL,Create Sales Order,2023-12-22 09:01:20.000,USER - 10897,Department 2178,Manual,Order - 0575,Sales order,Main
Order - 1242,CUST - 026,Customer 26,DE,External,47074.36,EUR,ST - Services / Tooling,Company 1,NULL,NULL,Create Sales Order,2024-06-07 15:54:04.000,USER - 10897,Department 2178,Manual,Order - 1242,Sales order,Main
Order - 1215,CUST - 026,Customer 26,DE,External,45458.31,EUR,ST - Services / Tooling,Company 1,NULL,NULL,Create Sales Order,2024-05-31 10:30:41.000,USER - 10897,Department 2178,Manual,Order - 1215,Sales order,Main
Order - 1265,CUST - 026,Customer 26,DE,External,44682.76,EUR,ST - Services / Tooling,Company 1,NULL,NULL,Create Sales Order,2024-06-13 11:01:02.000,USER - 10897,Department 2178,Manual,Order - 1265,Sales order,Main
Order - 1271,CUST - 026,Customer 26,DE,External,47639.95,EUR,ST - Services / Tooling,Company 1,NULL,NULL,Create Sales Order,2024-06-19 10:23:16.000,USER - 10897,Department 2178,Manual,Order - 1271,Sales order,Main
Order - 1272,CUST - 026,Customer 26,DE,External,45227.13,EUR,ST - Services / Tooling,Company 1,NULL,NULL,Create Sales Order,2024-06-19 10:27:29.000,USER - 10897,Department 2178,Manual,Order - 1272,Sales order,Main
Order - 0206,CUST - 010,Customer 10,DE,External,7969.08,EUR,ST - Services / Tooling,Company 1,NULL,NULL,Create Sales Order,2023-09-07 19:50:51.000,USER - 10897,Department 2178,Manual,Order - 0206,Sales order,Main
Order - 0681,CUST - 010,Customer 10,DE,External,16400,EUR,ST - Services / Tooling,Company 1,NULL,NULL,Create Sales Order,2024-02-06 10:36:19.000,USER - 10897,Department 2178,Manual,Order - 0681,Sales order,Main
Order - 0430,CUST - 010,Customer 10,DE,External,5112.24,EUR,ST - Services / Tooling,Company 1,NULL,NULL,Create Sales Order,2023-12-08 14:50:26.000,USER - 10897,Department 2178,Manual,Order - 0430,Sales order,Main
Order - 0574,CUST - 010,Customer 10,DE,External,110000,EUR,ST - Services / Tooling,Company 1,NULL,NULL,Create Sales Order,2023-12-21 15:05:38.000,USER - 10897,Department 2178,Manual,Order - 0574,Sales order,Main
Order - 0577,CUST - 010,Customer 10,DE,External,-326982.84,EUR,ST - Services / Tooling,Company 1,NULL,NULL,Create Sales Order,2023-12-22 15:14:40.000,USER - 10897,Department 2178,Manual,Order - 0577,Sales order,Main
Order - 0604,CUST - 010,Customer 10,DE,External,110000,EUR,ST - Services / Tooling,Company 1,NULL,NULL,Create Sales Order,2024-01-18 13:55:08.000,USER - 10897,Department 2178,Manual,Order - 0604,Sales order,Main
Order - 0605,CUST - 010,Customer 10,DE,External,16400,EUR,ST - Services / Tooling,Company 1,NULL,NULL,Create Sales Order,2024-01-18 14:29:20.000,USER - 10897,Department 2178,Manual,Order - 0605,Sales order,Main
Order - 0736,CUST - 010,Customer 10,DE,External,10910.88,EUR,ST - Services / Tooling,Company 1,NULL,NULL,Create Sales Order,2024-02-15 07:41:42.000,USER - 10897,Department 2178,Manual,Order - 0736,Sales order,Main
Order - 0096,CUST - 010,Customer 10,DE,External,46240.11,EUR,ST - Services / Tooling,Company 1,NULL,NULL,Create Sales Order,2023-07-07 11:59:37.000,USER - 10897,Department 2178,Manual,Order - 0096,Sales order,Main
Order - 0097,CUST - 010,Customer 10,DE,External,16464.42,EUR,ST - Services / Tooling,Company 1,NULL,NULL,Create Sales Order,2023-07-07 12:14:37.000,USER - 10897,Department 2178,Manual,Order - 0097,Sales order,Main
Order - 0561,CUST - 048,Customer 48,DE,External,27765.96,EUR,ST - Services / Tooling,Company 1,NULL,NULL,Create Sales Order,2023-12-20 13:47:22.000,USER - 10897,Department 2178,Manual,Order - 0561,Sales order,Main
Order - 0559,CUST - 048,Customer 48,DE,External,1467100.37,EUR,ST - Services / Tooling,Company 1,NULL,NULL,Create Sales Order,2023-12-20 13:41:35.000,USER - 10897,Department 2178,Manual,Order - 0559,Sales order,Main
Order - 0578,CUST - 048,Customer 48,DE,External,-12747.84,EUR,ST - Services / Tooling,Company 1,NULL,NULL,Create Sales Order,2023-12-22 15:18:37.000,USER - 10897,Department 2178,Manual,Order - 0578,Sales order,Main
Order - 1572,CUST - 026,Customer 26,DE,External,43505.54,EUR,ST - Services / Tooling,Company 1,NULL,NULL,Create Sales Order,2024-08-29 12:15:27.000,USER - 10897,Department 2178,Manual,Order - 1572,Sales order,Main
Order - 1606,CUST - 026,Customer 26,DE,External,37211.04,EUR,ST - Services / Tooling,Company 1,NULL,NULL,Create Sales Order,2024-09-10 15:27:48.000,USER - 10897,Department 2178,Manual,Order - 1606,Sales order,Main
Order - 1039,CUST - 023,Customer 23,DE,External,4398.68,EUR,SO - Standard Order,Company 1,NULL,NULL,Create Sales Order,2024-04-17 10:12:17.000,USER - 00934,Department 486,Manual,Order - 1039,Sales order,Main
Order - 0379,CUST - 023,Customer 23,DE,External,6384,EUR,SO - Standard Order,Company 1,NULL,NULL,Create Sales Order,2023-11-23 09:52:03.000,USER - 00934,Department 486,Manual,Order - 0379,Sales order,Main
Order - 1597,CUST - 001,Customer 1,FR,External,1116.72,EUR,SO - Standard Order,Company 1,NULL,NULL,Create Sales Order,2024-09-04 16:36:10.000,USER - 00934,Department 486,Manual,Order - 1597,Sales order,Main
Order - 1663,CUST - 001,Customer 1,FR,External,3111,EUR,SO - Standard Order,Company 1,NULL,NULL,Create Sales Order,2024-09-25 13:21:00.000,USER - 00934,Department 486,Manual,Order - 1663,Sales order,Main
Order - 0850,CUST - 001,Customer 1,FR,External,248.88,EUR,SO - Standard Order,Company 1,NULL,NULL,Create Sales Order,2024-03-14 14:02:11.000,USER - 00934,Department 486,Manual,Order - 0850,Sales order,Main
Order - 0787,CUST - 054,Customer 54,CN,Internal,131.84,EUR,SO - Standard Order,Company 1,NULL,NULL,Create Sales Order,2024-02-22 13:04:37.000,USER - 00934,Department 486,Manual,Order - 0787,Sales order,Main
Order - 0591,CUST - 005,Customer 5,DE,Internal,145.4,EUR,SO - Standard Order,Company 1,NULL,NULL,Create Sales Order,2024-01-10 11:09:47.000,USER - 00934,Department 486,Manual,Order - 0591,Sales order,Main
Order - 0687,CUST - 005,Customer 5,DE,Internal,13350.9,EUR,SO - Standard Order,Company 1,NULL,NULL,Create Sales Order,2024-02-08 08:54:41.000,USER - 00934,Department 486,Manual,Order - 0687,Sales order,Main
Order - 0318,CUST - 005,Customer 5,DE,Internal,835.9,EUR,SO - Standard Order,Company 1,NULL,NULL,Create Sales Order,2023-11-09 11:35:33.000,USER - 00934,Department 486,Manual,Order - 0318,Sales order,Main
Order - 0792,CUST - 005,Customer 5,DE,Internal,4457.52,EUR,SO - Standard Order,Company 1,NULL,NULL,Create Sales Order,2024-02-27 10:25:50.000,USER - 00934,Department 486,Manual,Order - 0792,Sales order,Main
Order - 0795,CUST - 005,Customer 5,DE,Internal,144.7,EUR,SO - Standard Order,Company 1,NULL,NULL,Create Sales Order,2024-02-27 14:25:45.000,USER - 00934,Department 486,Manual,Order - 0795,Sales order,Main
Order - 1062,CUST - 005,Customer 5,DE,Internal,2426,EUR,SO - Standard Order,Company 1,X,X,Create Sales Order,2024-04-24 09:47:19.000,USER - 00934,Department 486,Manual,Order - 1062,Sales order,Main
Order - 0768,CUST - 005,Customer 5,DE,Internal,46796.2,EUR,SO - Standard Order,Company 1,NULL,X,Create Sales Order,2024-02-21 12:13:15.000,USER - 00934,Department 486,Manual,Order - 0768,Sales order,Main
Order - 1240,CUST - 005,Customer 5,DE,Internal,222,EUR,SO - Standard Order,Company 1,NULL,NULL,Create Sales Order,2024-06-07 09:00:43.000,USER - 00934,Department 486,Manual,Order - 1240,Sales order,Main
Order - 0993,CUST - 005,Customer 5,DE,Internal,175,EUR,SO - Standard Order,Company 1,NULL,NULL,Create Sales Order,2024-04-10 11:05:24.000,USER - 00934,Department 486,Manual,Order - 0993,Sales order,Main
Order - 1017,CUST - 005,Customer 5,DE,Internal,434,EUR,SO - Standard Order,Company 1,NULL,NULL,Create Sales Order,2024-04-12 11:43:11.000,USER - 00934,Department 486,Manual,Order - 1017,Sales order,Main
Order - 1066,CUST - 005,Customer 5,DE,Internal,1041.6,EUR,SO - Standard Order,Company 1,NULL,NULL,Create Sales Order,2024-04-25 12:17:02.000,USER - 00934,Department 486,Manual,Order - 1066,Sales order,Main
Order - 0603,CUST - 005,Customer 5,DE,Internal,1422.5,EUR,SO - Standard Order,Company 1,NULL,NULL,Create Sales Order,2024-01-18 13:40:23.000,USER - 00934,Department 486,Manual,Order - 0603,Sales order,Main
Order - 1169,CUST - 005,Customer 5,DE,Internal,136.8,EUR,SO - Standard Order,Company 1,NULL,NULL,Create Sales Order,2024-05-21 12:55:38.000,USER - 00934,Department 486,Manual,Order - 1169,Sales order,Main
Order - 1189,CUST - 005,Customer 5,DE,Internal,3463.5,EUR,SO - Standard Order,Company 1,NULL,NULL,Create Sales Order,2024-05-22 08:39:15.000,USER - 00934,Department 486,Manual,Order - 1189,Sales order,Main
Order - 1097,CUST - 005,Customer 5,DE,Internal,3454.5,EUR,SO - Standard Order,Company 1,NULL,NULL,Create Sales Order,2024-05-08 08:36:31.000,USER - 00934,Department 486,Manual,Order - 1097,Sales order,Main
Order - 1662,CUST - 005,Customer 5,DE,Internal,110.19,EUR,SO - Standard Order,Company 1,NULL,NULL,Create Sales Order,2024-09-25 09:46:51.000,USER - 00934,Department 486,Manual,Order - 1662,Sales order,Main
Order - 1669,CUST - 005,Customer 5,DE,Internal,2316.6,EUR,SO - Standard Order,Company 1,NULL,NULL,Create Sales Order,2024-09-26 15:08:56.000,USER - 00934,Department 486,Manual,Order - 1669,Sales order,Main
Order - 1275,CUST - 005,Customer 5,DE,Internal,3434.8,EUR,SO - Standard Order,Company 1,NULL,NULL,Create Sales Order,2024-06-19 12:18:29.000,USER - 00934,Department 486,Manual,Order - 1275,Sales order,Main
Order - 1621,CUST - 034,Customer 34,US,External,308.25,USD,ST - Services / Tooling,Company 2,NULL,NULL,Create Sales Order,2024-09-11 19:24:01.000,USER - 02130,Department 2222,Manual,Order - 1621,Sales order,Main
Order - 1622,CUST - 034,Customer 34,US,External,271.95,USD,ST - Services / Tooling,Company 2,NULL,NULL,Create Sales Order,2024-09-11 19:29:03.000,USER - 02130,Department 2222,Manual,Order - 1622,Sales order,Main
Order - 1290,CUST - 034,Customer 34,US,External,308.25,USD,ST - Services / Tooling,Company 2,NULL,NULL,Create Sales Order,2024-06-19 19:31:44.000,USER - 02130,Department 2222,Manual,Order - 1290,Sales order,Main
Order - 1291,CUST - 034,Customer 34,US,External,1158.55,USD,ST - Services / Tooling,Company 2,NULL,NULL,Create Sales Order,2024-06-19 19:41:58.000,USER - 02130,Department 2222,Manual,Order - 1291,Sales order,Main
Order - 1297,CUST - 034,Customer 34,US,External,236.2,USD,ST - Services / Tooling,Company 2,NULL,NULL,Create Sales Order,2024-06-19 21:20:28.000,USER - 02130,Department 2222,Manual,Order - 1297,Sales order,Main
Order - 1298,CUST - 034,Customer 34,US,External,658.6,USD,ST - Services / Tooling,Company 2,NULL,NULL,Create Sales Order,2024-06-19 21:25:34.000,USER - 02130,Department 2222,Manual,Order - 1298,Sales order,Main
Order - 1299,CUST - 034,Customer 34,US,External,588.2,USD,ST - Services / Tooling,Company 2,NULL,NULL,Create Sales Order,2024-06-19 21:31:32.000,USER - 02130,Department 2222,Manual,Order - 1299,Sales order,Main
Order - 1178,CUST - 034,Customer 34,US,External,1506.7,USD,ST - Services / Tooling,Company 2,NULL,NULL,Create Sales Order,2024-05-21 20:08:03.000,USER - 02130,Department 2222,Manual,Order - 1178,Sales order,Main
Order - 1320,CUST - 034,Customer 34,US,External,271.95,USD,ST - Services / Tooling,Company 2,NULL,NULL,Create Sales Order,2024-06-28 18:29:53.000,USER - 02130,Department 2222,Manual,Order - 1320,Sales order,Main
Order - 1153,CUST - 034,Customer 34,US,External,424.2,USD,ST - Services / Tooling,Company 2,NULL,NULL,Create Sales Order,2024-05-15 23:04:31.000,USER - 02130,Department 2222,Manual,Order - 1153,Sales order,Main
Order - 1155,CUST - 034,Customer 34,US,External,1392.85,USD,ST - Services / Tooling,Company 2,NULL,NULL,Create Sales Order,2024-05-15 23:24:36.000,USER - 02130,Department 2222,Manual,Order - 1155,Sales order,Main
Order - 1703,CUST - 034,Customer 34,US,External,2292.1,USD,ST - Services / Tooling,Company 2,NULL,NULL,Create Sales Order,2024-10-04 18:25:10.000,USER - 02130,Department 2222,Manual,Order - 1703,Sales order,Main
Order - 1707,CUST - 034,Customer 34,US,External,658.6,USD,ST - Services / Tooling,Company 2,NULL,NULL,Create Sales Order,2024-10-04 18:59:59.000,USER - 02130,Department 2222,Manual,Order - 1707,Sales order,Main
Order - 1709,CUST - 034,Customer 34,US,External,308.25,USD,ST - Services / Tooling,Company 2,NULL,NULL,Create Sales Order,2024-10-04 19:19:09.000,USER - 02130,Department 2222,Manual,Order - 1709,Sales order,Main
Order - 1724,CUST - 034,Customer 34,US,External,1613.4,USD,ST - Services / Tooling,Company 2,NULL,NULL,Create Sales Order,2024-10-09 18:49:55.000,USER - 02130,Department 2222,Manual,Order - 1724,Sales order,Main
Order - 1730,CUST - 034,Customer 34,US,External,869.8,USD,ST - Services / Tooling,Company 2,NULL,NULL,Create Sales Order,2024-10-09 19:55:09.000,USER - 02130,Department 2222,Manual,Order - 1730,Sales order,Main
Order - 1347,CUST - 034,Customer 34,US,External,319.8,USD,ST - Services / Tooling,Company 2,NULL,NULL,Create Sales Order,2024-07-02 21:13:46.000,USER - 02130,Department 2222,Manual,Order - 1347,Sales order,Main
Order - 1348,CUST - 034,Customer 34,US,External,812.6,USD,ST - Services / Tooling,Company 2,NULL,NULL,Create Sales Order,2024-07-02 21:28:12.000,USER - 02130,Department 2222,Manual,Order - 1348,Sales order,Main
Order - 1349,CUST - 034,Customer 34,US,External,1012.8,USD,ST - Services / Tooling,Company 2,NULL,NULL,Create Sales Order,2024-07-02 21:39:13.000,USER - 02130,Department 2222,Manual,Order - 1349,Sales order,Main
Order - 1351,CUST - 034,Customer 34,US,External,869.8,USD,ST - Services / Tooling,Company 2,NULL,NULL,Create Sales Order,2024-07-02 21:50:03.000,USER - 02130,Department 2222,Manual,Order - 1351,Sales order,Main
Order - 1355,CUST - 034,Customer 34,US,External,588.2,USD,ST - Services / Tooling,Company 2,NULL,NULL,Create Sales Order,2024-07-02 22:10:54.000,USER - 02130,Department 2222,Manual,Order - 1355,Sales order,Main
Order - 1357,CUST - 034,Customer 34,US,External,271.95,USD,ST - Services / Tooling,Company 2,NULL,NULL,Create Sales Order,2024-07-02 22:21:42.000,USER - 02130,Department 2222,Manual,Order - 1357,Sales order,Main
Order - 1358,CUST - 034,Customer 34,US,External,319.8,USD,ST - Services / Tooling,Company 2,NULL,NULL,Create Sales Order,2024-07-02 22:36:57.000,USER - 02130,Department 2222,Manual,Order - 1358,Sales order,Main
Order - 0247,CUST - 011,Customer 11,DE,External,18010.08,EUR,SO - Standard Order,Company 1,NULL,NULL,Create Sales Order,2023-09-28 10:00:11.000,USER - 03676,Department 751,Manual,Order - 0247,Sales order,Main
Order - 0248,CUST - 011,Customer 11,DE,External,34899.66,EUR,SO - Standard Order,Company 1,NULL,NULL,Create Sales Order,2023-09-28 10:21:52.000,USER - 03676,Department 751,Manual,Order - 0248,Sales order,Main
Order - 0739,CUST - 011,Customer 11,DE,External,48960,EUR,SO - Standard Order,Company 1,NULL,NULL,Create Sales Order,2024-02-16 12:46:23.000,USER - 03676,Department 751,Manual,Order - 0739,Sales order,Main
Order - 0740,CUST - 011,Customer 11,DE,External,41678.78,EUR,SO - Standard Order,Company 1,NULL,NULL,Create Sales Order,2024-02-16 12:51:46.000,USER - 03676,Department 751,Manual,Order - 0740,Sales order,Main
Order - 0741,CUST - 011,Customer 11,DE,External,18207.12,EUR,SO - Standard Order,Company 1,NULL,NULL,Create Sales Order,2024-02-19 13:58:07.000,USER - 03676,Department 751,Manual,Order - 0741,Sales order,Main
Order - 1198,CUST - 011,Customer 11,DE,External,42166.4,EUR,SO - Standard Order,Company 1,NULL,NULL,Create Sales Order,2024-05-27 11:45:36.000,USER - 03676,Department 751,Manual,Order - 1198,Sales order,Main
Order - 1200,CUST - 011,Customer 11,DE,External,48960,EUR,SO - Standard Order,Company 1,NULL,NULL,Create Sales Order,2024-05-29 13:33:45.000,USER - 03676,Department 751,Manual,Order - 1200,Sales order,Main
Order - 1218,CUST - 011,Customer 11,DE,External,20730.86,EUR,SO - Standard Order,Company 1,NULL,NULL,Create Sales Order,2024-06-04 13:51:50.000,USER - 03676,Department 751,Manual,Order - 1218,Sales order,Main
Order - 1219,CUST - 011,Customer 11,DE,External,11046.58,EUR,SO - Standard Order,Company 1,NULL,NULL,Create Sales Order,2024-06-04 13:54:58.000,USER - 03676,Department 751,Manual,Order - 1219,Sales order,Main
Order - 1234,CUST - 011,Customer 11,DE,External,22687.7,EUR,SO - Standard Order,Company 1,NULL,NULL,Create Sales Order,2024-06-05 09:47:50.000,USER - 03676,Department 751,Manual,Order - 1234,Sales order,Main
Order - 1235,CUST - 011,Customer 11,DE,External,19001.28,EUR,SO - Standard Order,Company 1,NULL,NULL,Create Sales Order,2024-06-05 09:56:49.000,USER - 03676,Department 751,Manual,Order - 1235,Sales order,Main
Order - 0256,CUST - 011,Customer 11,DE,External,9771.96,EUR,SO - Standard Order,Company 1,NULL,NULL,Create Sales Order,2023-10-02 11:48:50.000,USER - 03676,Department 751,Manual,Order - 0256,Sales order,Main
Order - 0257,CUST - 011,Customer 11,DE,External,15700.1,EUR,SO - Standard Order,Company 1,NULL,NULL,Create Sales Order,2023-10-02 11:53:44.000,USER - 03676,Department 751,Manual,Order - 0257,Sales order,Main
Order - 0258,CUST - 011,Customer 11,DE,External,33987.14,EUR,SO - Standard Order,Company 1,NULL,NULL,Create Sales Order,2023-10-03 14:12:22.000,USER - 03676,Department 751,Manual,Order - 0258,Sales order,Main
Order - 0260,CUST - 011,Customer 11,DE,External,22353.22,EUR,SO - Standard Order,Company 1,NULL,NULL,Create Sales Order,2023-10-05 12:47:02.000,USER - 03676,Department 751,Manual,Order - 0260,Sales order,Main
Order - 0261,CUST - 011,Customer 11,DE,External,19708.44,EUR,SO - Standard Order,Company 1,NULL,NULL,Create Sales Order,2023-10-05 12:51:59.000,USER - 03676,Department 751,Manual,Order - 0261,Sales order,Main
Order - 0264,CUST - 011,Customer 11,DE,External,48960,EUR,SO - Standard Order,Company 1,NULL,NULL,Create Sales Order,2023-10-09 12:39:31.000,USER - 03676,Department 751,Manual,Order - 0264,Sales order,Main
Order - 0265,CUST - 011,Customer 11,DE,External,30451.92,EUR,SO - Standard Order,Company 1,NULL,NULL,Create Sales Order,2023-10-09 12:44:06.000,USER - 03676,Department 751,Manual,Order - 0265,Sales order,Main
Order - 0266,CUST - 011,Customer 11,DE,External,9771.96,EUR,SO - Standard Order,Company 1,NULL,NULL,Create Sales Order,2023-10-09 12:59:29.000,USER - 03676,Department 751,Manual,Order - 0266,Sales order,Main
Order - 0269,CUST - 011,Customer 11,DE,External,14140.23,EUR,SO - Standard Order,Company 1,NULL,NULL,Create Sales Order,2023-10-10 13:45:50.000,USER - 03676,Department 751,Manual,Order - 0269,Sales order,Main
Order - 0272,CUST - 011,Customer 11,DE,External,69.31,EUR,SO - Standard Order,Company 1,NULL,NULL,Create Sales Order,2023-10-11 13:08:57.000,USER - 03676,Department 751,Manual,Order - 0272,Sales order,Main
Order - 0273,CUST - 011,Customer 11,DE,External,46481.88,EUR,SO - Standard Order,Company 1,NULL,NULL,Create Sales Order,2023-10-11 13:16:47.000,USER - 03676,Department 751,Manual,Order - 0273,Sales order,Main
Order - 0275,CUST - 011,Customer 11,DE,External,653.6,EUR,SO - Standard Order,Company 1,NULL,NULL,Create Sales Order,2023-10-12 13:35:15.000,USER - 03676,Department 751,Manual,Order - 0275,Sales order,Main
Order - 0276,CUST - 011,Customer 11,DE,External,48960,EUR,SO - Standard Order,Company 1,NULL,NULL,Create Sales Order,2023-10-12 13:48:18.000,USER - 03676,Department 751,Manual,Order - 0276,Sales order,Main
Order - 0169,CUST - 011,Customer 11,DE,External,29451.77,EUR,SO - Standard Order,Company 1,NULL,NULL,Create Sales Order,2023-08-21 14:13:30.000,USER - 03676,Department 751,Manual,Order - 0169,Sales order,Main
Order - 0170,CUST - 011,Customer 11,DE,External,29250.75,EUR,SO - Standard Order,Company 1,NULL,NULL,Create Sales Order,2023-08-21 15:20:48.000,USER - 03676,Department 751,Manual,Order - 0170,Sales order,Main
Order - 0171,CUST - 011,Customer 11,DE,External,48960,EUR,SO - Standard Order,Company 1,NULL,NULL,Create Sales Order,2023-08-22 13:12:03.000,USER - 03676,Department 751,Manual,Order - 0171,Sales order,Main
Order - 0178,CUST - 011,Customer 11,DE,External,32016.74,EUR,SO - Standard Order,Company 1,NULL,NULL,Create Sales Order,2023-08-24 13:48:42.000,USER - 03676,Department 751,Manual,Order - 0178,Sales order,Main
Order - 0179,CUST - 011,Customer 11,DE,External,1175.76,EUR,SO - Standard Order,Company 1,NULL,NULL,Create Sales Order,2023-08-24 16:04:02.000,USER - 03676,Department 751,Manual,Order - 0179,Sales order,Main
Order - 0180,CUST - 011,Customer 11,DE,External,10628.24,EUR,SO - Standard Order,Company 1,NULL,NULL,Create Sales Order,2023-08-24 16:08:34.000,USER - 03676,Department 751,Manual,Order - 0180,Sales order,Main
Order - 0181,CUST - 011,Customer 11,DE,External,48960,EUR,SO - Standard Order,Company 1,NULL,NULL,Create Sales Order,2023-08-28 12:42:10.000,USER - 03676,Department 751,Manual,Order - 0181,Sales order,Main
Order - 0182,CUST - 011,Customer 11,DE,External,18010.08,EUR,SO - Standard Order,Company 1,NULL,NULL,Create Sales Order,2023-08-28 12:46:49.000,USER - 03676,Department 751,Manual,Order - 0182,Sales order,Main
Order - 0183,CUST - 011,Customer 11,DE,External,18010.08,EUR,SO - Standard Order,Company 1,NULL,NULL,Create Sales Order,2023-08-29 09:52:10.000,USER - 03676,Department 751,Manual,Order - 0183,Sales order,Main
Order - 0184,CUST - 011,Customer 11,DE,External,18025.56,EUR,SO - Standard Order,Company 1,NULL,NULL,Create Sales Order,2023-08-29 09:54:05.000,USER - 03676,Department 751,Manual,Order - 0184,Sales order,Main
Order - 0193,CUST - 011,Customer 11,DE,External,35652,EUR,SO - Standard Order,Company 1,NULL,NULL,Create Sales Order,2023-08-30 14:11:40.000,USER - 03676,Department 751,Manual,Order - 0193,Sales order,Main
Order - 0194,CUST - 011,Customer 11,DE,External,10552.56,EUR,SO - Standard Order,Company 1,NULL,NULL,Create Sales Order,2023-08-30 14:19:43.000,USER - 03676,Department 751,Manual,Order - 0194,Sales order,Main
Order - 0195,CUST - 011,Customer 11,DE,External,11798.98,EUR,SO - Standard Order,Company 1,NULL,NULL,Create Sales Order,2023-08-31 15:20:53.000,USER - 03676,Department 751,Manual,Order - 0195,Sales order,Main
Order - 0196,CUST - 011,Customer 11,DE,External,48960,EUR,SO - Standard Order,Company 1,NULL,NULL,Create Sales Order,2023-09-04 11:36:29.000,USER - 03676,Department 751,Manual,Order - 0196,Sales order,Main
Order - 1171,CUST - 001,Customer 1,FR,External,22296,EUR,ST - Services / Tooling,Company 1,NULL,NULL,Create Sales Order,2024-05-21 15:33:41.000,USER - 03676,Department 751,Manual,Order - 1171,Sales order,Main
Order - 1876,CUST - 013,Customer 13,MX,Internal,4952.8,EUR,SO - Standard Order,Company 1,NULL,NULL,Create Sales Order,2024-11-07 11:37:49.000,USER - 03676,Department 751,Manual,Order - 1876,Sales order,Main
Order - 1775,CUST - 066,Customer 66,GB,External,15940,GBP,ST - Services / Tooling,Company 3,NULL,NULL,Create Sales Order,2024-10-22 12:04:24.000,USER - 03676,Department 751,Manual,Order - 1775,Sales order,Main
Order - 1760,CUST - 062,Customer 62,JP,External,0,USD,SO - Standard Order,Company 4,NULL,NULL,Create Sales Order,2024-10-17 18:44:58.000,USER - 03676,Department 751,Manual,Order - 1760,Sales order,Main
Order - 1127,CUST - 006,Customer 6,PL,External,5751.4,PLN,ST - Services / Tooling,Company 1,NULL,NULL,Create Sales Order,2024-05-10 13:00:40.000,USER - 03676,Department 751,Manual,Order - 1127,Sales order,Main
Order - 1751,CUST - 010,Customer 10,DE,External,6011.04,EUR,ST - Services / Tooling,Company 1,NULL,NULL,Create Sales Order,2024-10-15 15:45:45.000,USER - 03676,Department 751,Manual,Order - 1751,Sales order,Main
Order - 1693,CUST - 010,Customer 10,DE,External,16400,EUR,ST - Services / Tooling,Company 1,NULL,NULL,Create Sales Order,2024-10-04 13:03:06.000,USER - 03676,Department 751,Manual,Order - 1693,Sales order,Main
Order - 1900,CUST - 010,Customer 10,DE,External,4524.12,EUR,ST - Services / Tooling,Company 1,NULL,NULL,Create Sales Order,2024-11-12 23:14:47.000,USER - 03676,Department 751,Manual,Order - 1900,Sales order,Main
Order - 1902,CUST - 011,Customer 11,DE,External,324.34,EUR,SO - Standard Order,Company 1,NULL,NULL,Create Sales Order,2024-11-13 11:53:28.000,USER - 03676,Department 751,Manual,Order - 1902,Sales order,Main
Order - 0951,CUST - 011,Customer 11,DE,External,12595.06,EUR,SO - Standard Order,Company 1,NULL,NULL,Create Sales Order,2024-04-03 15:28:42.000,USER - 03676,Department 751,Manual,Order - 0951,Sales order,Main
Order - 1292,CUST - 036,Customer 36,US,External,1870.08,USD,ST - Services / Tooling,Company 2,NULL,NULL,Create Sales Order,2024-06-19 19:50:01.000,USER - 02130,Department 2222,Manual,Order - 1292,Sales order,Main
Order - 1295,CUST - 036,Customer 36,US,External,1384.7,USD,ST - Services / Tooling,Company 2,NULL,NULL,Create Sales Order,2024-06-19 21:07:50.000,USER - 02130,Department 2222,Manual,Order - 1295,Sales order,Main
Order - 1296,CUST - 036,Customer 36,US,External,926.6,USD,ST - Services / Tooling,Company 2,NULL,NULL,Create Sales Order,2024-06-19 21:14:54.000,USER - 02130,Department 2222,Manual,Order - 1296,Sales order,Main
Order - 1319,CUST - 036,Customer 36,US,External,1793.03,USD,ST - Services / Tooling,Company 2,NULL,NULL,Create Sales Order,2024-06-28 18:18:55.000,USER - 02130,Department 2222,Manual,Order - 1319,Sales order,Main
Order - 1321,CUST - 036,Customer 36,US,External,166.42,USD,ST - Services / Tooling,Company 2,NULL,NULL,Create Sales Order,2024-06-28 19:11:03.000,USER - 02130,Department 2222,Manual,Order - 1321,Sales order,Main
Order - 1705,CUST - 036,Customer 36,US,External,631.3,USD,ST - Services / Tooling,Company 2,NULL,NULL,Create Sales Order,2024-10-04 18:49:47.000,USER - 02130,Department 2222,Manual,Order - 1705,Sales order,Main
Order - 1708,CUST - 036,Customer 36,US,External,1296.87,USD,ST - Services / Tooling,Company 2,NULL,NULL,Create Sales Order,2024-10-04 19:13:16.000,USER - 02130,Department 2222,Manual,Order - 1708,Sales order,Main
Order - 1710,CUST - 036,Customer 36,US,External,1032.23,USD,ST - Services / Tooling,Company 2,NULL,NULL,Create Sales Order,2024-10-04 20:05:20.000,USER - 02130,Department 2222,Manual,Order - 1710,Sales order,Main
Order - 1712,CUST - 036,Customer 36,US,External,1775.87,USD,ST - Services / Tooling,Company 2,NULL,NULL,Create Sales Order,2024-10-04 20:45:02.000,USER - 02130,Department 2222,Manual,Order - 1712,Sales order,Main
Order - 1713,CUST - 036,Customer 36,US,External,578.45,USD,ST - Services / Tooling,Company 2,NULL,NULL,Create Sales Order,2024-10-04 20:51:01.000,USER - 02130,Department 2222,Manual,Order - 1713,Sales order,Main
Order - 1177,CUST - 036,Customer 36,US,External,730.47,USD,ST - Services / Tooling,Company 2,NULL,NULL,Create Sales Order,2024-05-21 19:51:42.000,USER - 02130,Department 2222,Manual,Order - 1177,Sales order,Main
Order - 1180,CUST - 036,Customer 36,US,External,734.86,USD,ST - Services / Tooling,Company 2,NULL,NULL,Create Sales Order,2024-05-21 20:24:21.000,USER - 02130,Department 2222,Manual,Order - 1180,Sales order,Main
Order - 1182,CUST - 036,Customer 36,US,External,567.53,USD,ST - Services / Tooling,Company 2,NULL,NULL,Create Sales Order,2024-05-21 20:44:20.000,USER - 02130,Department 2222,Manual,Order - 1182,Sales order,Main
Order - 1183,CUST - 036,Customer 36,US,External,3149.13,USD,ST - Services / Tooling,Company 2,NULL,NULL,Create Sales Order,2024-05-21 20:51:25.000,USER - 02130,Department 2222,Manual,Order - 1183,Sales order,Main
Order - 1185,CUST - 036,Customer 36,US,External,2627.93,USD,ST - Services / Tooling,Company 2,NULL,NULL,Create Sales Order,2024-05-21 21:04:21.000,USER - 02130,Department 2222,Manual,Order - 1185,Sales order,Main
Order - 1188,CUST - 036,Customer 36,US,External,884.2,USD,ST - Services / Tooling,Company 2,NULL,NULL,Create Sales Order,2024-05-21 21:23:33.000,USER - 02130,Department 2222,Manual,Order - 1188,Sales order,Main
Order - 1614,CUST - 036,Customer 36,US,External,578.5,USD,ST - Services / Tooling,Company 2,NULL,NULL,Create Sales Order,2024-09-11 18:39:33.000,USER - 02130,Department 2222,Manual,Order - 1614,Sales order,Main
Order - 1615,CUST - 036,Customer 36,US,External,1833.7,USD,ST - Services / Tooling,Company 2,NULL,NULL,Create Sales Order,2024-09-11 18:45:42.000,USER - 02130,Department 2222,Manual,Order - 1615,Sales order,Main
Order - 1616,CUST - 036,Customer 36,US,External,2781.53,USD,ST - Services / Tooling,Company 2,NULL,NULL,Create Sales Order,2024-09-11 18:52:10.000,USER - 02130,Department 2222,Manual,Order - 1616,Sales order,Main
Order - 1625,CUST - 036,Customer 36,US,External,1063.89,USD,ST - Services / Tooling,Company 2,NULL,NULL,Create Sales Order,2024-09-17 18:36:10.000,USER - 02130,Department 2222,Manual,Order - 1625,Sales order,Main
Order - 1626,CUST - 036,Customer 36,US,External,2451.55,USD,ST - Services / Tooling,Company 2,NULL,NULL,Create Sales Order,2024-09-17 18:44:32.000,USER - 02130,Department 2222,Manual,Order - 1626,Sales order,Main
Order - 1627,CUST - 036,Customer 36,US,External,1376.24,USD,ST - Services / Tooling,Company 2,NULL,NULL,Create Sales Order,2024-09-17 20:06:50.000,USER - 02130,Department 2222,Manual,Order - 1627,Sales order,Main
Order - 1356,CUST - 036,Customer 36,US,External,435.63,USD,ST - Services / Tooling,Company 2,NULL,NULL,Create Sales Order,2024-07-02 22:16:31.000,USER - 02130,Department 2222,Manual,Order - 1356,Sales order,Main
Order - 0550,,,,,0,,ST - Services / Tooling,,,,Requested Delivery Date,2023-12-20 23:59:59.000,USER - 08479,NULL,NULL,Order - 0550,Sales order,Main
Order - 0394,,,,,0,,ST - Services / Tooling,,,,Requested Delivery Date,2023-11-29 23:59:59.000,USER - 10897,Department 2178,Manual,Order - 0394,Sales order,Main
Order - 0556,,,,,0,,ST - Services / Tooling,,,,Requested Delivery Date,2023-12-20 23:59:59.000,USER - 10897,Department 2178,Manual,Order - 0556,Sales order,Main
Order - 0576,,,,,0,,ST - Services / Tooling,,,,Requested Delivery Date,2023-12-22 23:59:59.000,USER - 10897,Department 2178,Manual,Order - 0576,Sales order,Main
Order - 0403,,,,,0,,ST - Services / Tooling,,,,Requested Delivery Date,2023-11-29 23:59:59.000,USER - 10897,Department 2178,Manual,Order - 0403,Sales order,Main
Order - 0558,,,,,0,,ST - Services / Tooling,,,,Requested Delivery Date,2023-12-20 23:59:59.000,USER - 10897,Department 2178,Manual,Order - 0558,Sales order,Main
Order - 0422,,,,,0,,ST - Services / Tooling,,,,Requested Delivery Date,2023-12-06 23:59:59.000,USER - 10897,Department 2178,Manual,Order - 0422,Sales order,Main
Order - 0436,,,,,0,,ST - Services / Tooling,,,,Requested Delivery Date,2023-12-14 23:59:59.000,USER - 10897,Department 2178,Manual,Order - 0436,Sales order,Main
Order - 1893,,,,,0,,ST - Services / Tooling,,,,Requested Delivery Date,2024-11-12 23:59:59.000,USER - 10897,Department 2178,Manual,Order - 1893,Sales order,Main
Order - 0069,,,,,0,,SO - Standard Order,,,,Requested Delivery Date,2023-06-27 23:59:59.000,USER - 10897,Department 2178,Manual,Order - 0069,Sales order,Main
Order - 1679,,,,,0,,SO - Standard Order,,,,Requested Delivery Date,2024-09-27 23:59:59.000,USER - 10897,Department 2178,Manual,Order - 1679,Sales order,Main
Order - 1125,,,,,0,,SO - Standard Order,,,,Requested Delivery Date,2024-05-10 23:59:59.000,USER - 10897,Department 2178,Manual,Order - 1125,Sales order,Main
Order - 1718,,,,,0,,SO - Standard Order,,,,Requested Delivery Date,2024-10-08 23:59:59.000,USER - 10897,Department 2178,Manual,Order - 1718,Sales order,Main
Order - 1719,,,,,0,,SO - Standard Order,,,,Requested Delivery Date,2024-10-08 23:59:59.000,USER - 10897,Department 2178,Manual,Order - 1719,Sales order,Main
Order - 1736,,,,,0,,SO - Standard Order,,,,Requested Delivery Date,2024-10-10 23:59:59.000,USER - 10897,Department 2178,Manual,Order - 1736,Sales order,Main
Order - 1737,,,,,0,,SO - Standard Order,,,,Requested Delivery Date,2024-10-10 23:59:59.000,USER - 10897,Department 2178,Manual,Order - 1737,Sales order,Main
Order - 0746,,,,,0,,SO - Standard Order,,,,Requested Delivery Date,2024-02-20 23:59:59.000,USER - 10897,Department 2178,Manual,Order - 0746,Sales order,Main
Order - 1753,,,,,0,,SO - Standard Order,,,,Requested Delivery Date,2024-10-16 23:59:59.000,USER - 10897,Department 2178,Manual,Order - 1753,Sales order,Main
Order - 1754,,,,,0,,SO - Standard Order,,,,Requested Delivery Date,2024-10-17 23:59:59.000,USER - 10897,Department 2178,Manual,Order - 1754,Sales order,Main
Order - 1814,,,,,0,,SO - Standard Order,,,,Requested Delivery Date,2024-10-29 23:59:59.000,USER - 10897,Department 2178,Manual,Order - 1814,Sales order,Main
Order - 1369,,,,,0,,SO - Standard Order,,,,Requested Delivery Date,2024-07-09 23:59:59.000,USER - 10897,Department 2178,Manual,Order - 1369,Sales order,Main
Order - 1921,,,,,0,,SO - Standard Order,,,,Requested Delivery Date,2024-11-20 23:59:59.000,USER - 10897,Department 2178,Manual,Order - 1921,Sales order,Main
Order - 0512,,,,,0,,ST - Services / Tooling,,,,Requested Delivery Date,2023-12-19 23:59:59.000,USER - 10897,Department 2178,Manual,Order - 0512,Sales order,Main
Order - 1734,,,,,0,,ST - Services / Tooling,,,,Requested Delivery Date,2024-10-10 23:59:59.000,USER - 10897,Department 2178,Manual,Order - 1734,Sales order,Main
Order - 1937,,,,,0,,ST - Services / Tooling,,,,Requested Delivery Date,2024-11-21 23:59:59.000,USER - 10897,Department 2178,Manual,Order - 1937,Sales order,Main
Order - 1600,,,,,0,,ST - Services / Tooling,,,,Requested Delivery Date,2024-09-06 23:59:59.000,USER - 10897,Department 2178,Manual,Order - 1600,Sales order,Main
Order - 1398,,,,,0,,ST - Services / Tooling,,,,Requested Delivery Date,2024-07-16 23:59:59.000,USER - 10897,Department 2178,Manual,Order - 1398,Sales order,Main
Order - 1777,,,,,0,,ST - Services / Tooling,,,,Requested Delivery Date,2024-10-22 23:59:59.000,USER - 10897,Department 2178,Manual,Order - 1777,Sales order,Main
Order - 1696,,,,,0,,ST - Services / Tooling,,,,Requested Delivery Date,2024-10-04 23:59:59.000,USER - 10897,Department 2178,Manual,Order - 1696,Sales order,Main
Order - 0398,,,,,0,,ST - Services / Tooling,,,,Requested Delivery Date,2023-11-29 23:59:59.000,USER - 10897,Department 2178,Manual,Order - 0398,Sales order,Main
Order - 0525,,,,,0,,ST - Services / Tooling,,,,Requested Delivery Date,2023-12-19 23:59:59.000,USER - 10897,Department 2178,Manual,Order - 0525,Sales order,Main
Order - 1920,,,,,0,,SC - Scrap Sales,,,,Requested Delivery Date,2024-11-19 23:59:59.000,USER - 10897,Department 2178,Manual,Order - 1920,Sales order,Main
Order - 1398,CUST - 055,Customer 55,DE,Internal,500,EUR,ST - Services / Tooling,Company 1,NULL,NULL,Create Sales Order,2024-07-16 16:07:36.000,USER - 10897,Department 2178,Manual,Order - 1398,Sales order,Main
Order - 1600,CUST - 055,Customer 55,DE,Internal,500,EUR,ST - Services / Tooling,Company 1,NULL,NULL,Create Sales Order,2024-09-06 14:52:19.000,USER - 10897,Department 2178,Manual,Order - 1600,Sales order,Main
Order - 1734,CUST - 055,Customer 55,DE,Internal,500,EUR,ST - Services / Tooling,Company 1,NULL,NULL,Create Sales Order,2024-10-10 09:52:57.000,USER - 10897,Department 2178,Manual,Order - 1734,Sales order,Main
Order - 0556,CUST - 039,Customer 39,CZ,External,341035.28,EUR,ST - Services / Tooling,Company 1,NULL,NULL,Create Sales Order,2023-12-20 13:32:15.000,USER - 10897,Department 2178,Manual,Order - 0556,Sales order,Main
Order - 0403,CUST - 044,Customer 44,DE,External,4671.16,EUR,ST - Services / Tooling,Company 1,NULL,NULL,Create Sales Order,2023-11-29 14:51:35.000,USER - 10897,Department 2178,Manual,Order - 0403,Sales order,Main
Order - 1679,CUST - 011,Customer 11,DE,External,772.52,EUR,SO - Standard Order,Company 1,NULL,NULL,Create Sales Order,2024-09-27 11:02:17.000,USER - 10897,Department 2178,Manual,Order - 1679,Sales order,Main
Order - 1125,CUST - 011,Customer 11,DE,External,16297.64,EUR,SO - Standard Order,Company 1,NULL,NULL,Create Sales Order,2024-05-10 13:25:07.000,USER - 10897,Department 2178,Manual,Order - 1125,Sales order,Main
Order - 1718,CUST - 011,Customer 11,DE,External,18785.08,EUR,SO - Standard Order,Company 1,NULL,NULL,Create Sales Order,2024-10-08 12:37:53.000,USER - 10897,Department 2178,Manual,Order - 1718,Sales order,Main
Order - 1719,CUST - 011,Customer 11,DE,External,20235.64,EUR,SO - Standard Order,Company 1,NULL,NULL,Create Sales Order,2024-10-08 13:17:53.000,USER - 10897,Department 2178,Manual,Order - 1719,Sales order,Main
Order - 1736,CUST - 011,Customer 11,DE,External,32974.32,EUR,SO - Standard Order,Company 1,NULL,NULL,Create Sales Order,2024-10-10 15:23:09.000,USER - 10897,Department 2178,Manual,Order - 1736,Sales order,Main
Order - 1737,CUST - 011,Customer 11,DE,External,22960.44,EUR,SO - Standard Order,Company 1,NULL,NULL,Create Sales Order,2024-10-10 15:32:33.000,USER - 10897,Department 2178,Manual,Order - 1737,Sales order,Main
Order - 1753,CUST - 011,Customer 11,DE,External,18606.98,EUR,SO - Standard Order,Company 1,NULL,NULL,Create Sales Order,2024-10-16 15:29:34.000,USER - 10897,Department 2178,Manual,Order - 1753,Sales order,Main
Order - 1754,CUST - 011,Customer 11,DE,External,1.44,EUR,SO - Standard Order,Company 1,NULL,NULL,Create Sales Order,2024-10-17 08:24:29.000,USER - 10897,Department 2178,Manual,Order - 1754,Sales order,Main
Order - 1814,CUST - 011,Customer 11,DE,External,12596.18,EUR,SO - Standard Order,Company 1,NULL,NULL,Create Sales Order,2024-10-29 09:16:55.000,USER - 10897,Department 2178,Manual,Order - 1814,Sales order,Main
Order - 0512,CUST - 012,Customer 12,IT,External,21014.3,EUR,ST - Services / Tooling,Company 1,NULL,NULL,Create Sales Order,2023-12-19 11:08:45.000,USER - 10897,Department 2178,Manual,Order - 0512,Sales order,Main
Order - 0069,CUST - 011,Customer 11,DE,External,9771.96,EUR,SO - Standard Order,Company 1,NULL,NULL,Create Sales Order,2023-06-27 14:11:42.000,USER - 10897,Department 2178,Manual,Order - 0069,Sales order,Main
Order - 0746,CUST - 011,Customer 11,DE,External,14281.14,EUR,SO - Standard Order,Company 1,NULL,NULL,Create Sales Order,2024-02-20 12:59:36.000,USER - 10897,Department 2178,Manual,Order - 0746,Sales order,Main
Order - 1369,CUST - 011,Customer 11,DE,External,48960,EUR,SO - Standard Order,Company 1,NULL,NULL,Create Sales Order,2024-07-09 14:58:08.000,USER - 10897,Department 2178,Manual,Order - 1369,Sales order,Main
Order - 1921,CUST - 011,Customer 11,DE,External,18010.08,EUR,SO - Standard Order,Company 1,NULL,NULL,Create Sales Order,2024-11-20 11:54:54.000,USER - 10897,Department 2178,Manual,Order - 1921,Sales order,Main
Order - 0558,CUST - 040,Customer 40,SK,External,8090.78,EUR,ST - Services / Tooling,Company 1,NULL,NULL,Create Sales Order,2023-12-20 13:39:09.000,USER - 10897,Department 2178,Manual,Order - 0558,Sales order,Main
Order - 0398,CUST - 040,Customer 40,SK,External,10395.37,EUR,ST - Services / Tooling,Company 1,NULL,NULL,Create Sales Order,2023-11-29 14:13:56.000,USER - 10897,Department 2178,Manual,Order - 0398,Sales order,Main
Order - 0422,CUST - 046,Customer 46,PT,External,109869.65,EUR,ST - Services / Tooling,Company 1,NULL,NULL,Create Sales Order,2023-12-06 12:04:34.000,USER - 10897,Department 2178,Manual,Order - 0422,Sales order,Main
Order - 1777,CUST - 036,Customer 36,US,External,721.39,USD,ST - Services / Tooling,Company 2,NULL,NULL,Create Sales Order,2024-10-22 19:47:32.000,USER - 10897,Department 2178,Manual,Order - 1777,Sales order,Main
Order - 1404,CUST - 037,Customer 37,US,External,4739.97,USD,ST - Services / Tooling,Company 2,NULL,NULL,Create Sales Order,2024-07-17 19:04:10.000,USER - 02130,Department 2222,Manual,Order - 1404,Sales order,Main
Order - 1009,CUST - 037,Customer 37,US,External,3198.87,USD,ST - Services / Tooling,Company 2,NULL,NULL,Create Sales Order,2024-04-10 22:45:00.000,USER - 02130,Department 2222,Manual,Order - 1009,Sales order,Main
Order - 1010,CUST - 037,Customer 37,US,External,2605.74,USD,ST - Services / Tooling,Company 2,NULL,NULL,Create Sales Order,2024-04-10 22:51:10.000,USER - 02130,Department 2222,Manual,Order - 1010,Sales order,Main
Order - 1011,CUST - 037,Customer 37,US,External,4249.02,USD,ST - Services / Tooling,Company 2,NULL,NULL,Create Sales Order,2024-04-11 00:00:44.000,USER - 02130,Department 2222,Manual,Order - 1011,Sales order,Main
Order - 1012,CUST - 037,Customer 37,US,External,18610.56,USD,ST - Services / Tooling,Company 2,NULL,NULL,Create Sales Order,2024-04-11 00:08:46.000,USER - 02130,Department 2222,Manual,Order - 1012,Sales order,Main
Order - 0869,CUST - 037,Customer 37,US,External,853.36,USD,ST - Services / Tooling,Company 2,NULL,NULL,Create Sales Order,2024-03-19 19:30:21.000,USER - 02130,Department 2222,Manual,Order - 0869,Sales order,Main
Order - 0870,CUST - 037,Customer 37,US,External,7615.65,USD,ST - Services / Tooling,Company 2,NULL,NULL,Create Sales Order,2024-03-19 19:44:29.000,USER - 02130,Department 2222,Manual,Order - 0870,Sales order,Main
Order - 0871,CUST - 037,Customer 37,US,External,17596.44,USD,ST - Services / Tooling,Company 2,NULL,NULL,Create Sales Order,2024-03-19 21:06:10.000,USER - 02130,Department 2222,Manual,Order - 0871,Sales order,Main
Order - 1456,CUST - 037,Customer 37,US,External,1699.07,USD,ST - Services / Tooling,Company 2,NULL,NULL,Create Sales Order,2024-07-30 18:53:25.000,USER - 02130,Department 2222,Manual,Order - 1456,Sales order,Main
Order - 1457,CUST - 037,Customer 37,US,External,4479.29,USD,ST - Services / Tooling,Company 2,NULL,NULL,Create Sales Order,2024-07-30 19:14:03.000,USER - 02130,Department 2222,Manual,Order - 1457,Sales order,Main
Order - 0806,CUST - 034,Customer 34,US,External,620.65,USD,ST - Services / Tooling,Company 2,NULL,NULL,Create Sales Order,2024-02-28 17:02:47.000,USER - 02130,Department 2222,Manual,Order - 0806,Sales order,Main
Order - 0377,CUST - 034,Customer 34,US,External,312.4,USD,ST - Services / Tooling,Company 2,NULL,NULL,Create Sales Order,2023-11-22 17:29:46.000,USER - 02130,Department 2222,Manual,Order - 0377,Sales order,Main
Order - 0381,CUST - 034,Customer 34,US,External,312.4,USD,ST - Services / Tooling,Company 2,NULL,NULL,Create Sales Order,2023-11-23 14:51:12.000,USER - 02130,Department 2222,Manual,Order - 0381,Sales order,Main
Order - 0383,CUST - 034,Customer 34,US,External,884.4,USD,ST - Services / Tooling,Company 2,NULL,NULL,Create Sales Order,2023-11-23 15:22:22.000,USER - 02130,Department 2222,Manual,Order - 0383,Sales order,Main
Order - 0384,CUST - 034,Customer 34,US,External,294.8,USD,ST - Services / Tooling,Company 2,NULL,NULL,Create Sales Order,2023-11-23 17:00:08.000,USER - 02130,Department 2222,Manual,Order - 0384,Sales order,Main
Order - 0385,CUST - 034,Customer 34,US,External,283.25,USD,ST - Services / Tooling,Company 2,NULL,NULL,Create Sales Order,2023-11-23 17:07:50.000,USER - 02130,Department 2222,Manual,Order - 0385,Sales order,Main
Order - 0405,CUST - 034,Customer 34,US,External,740.85,USD,ST - Services / Tooling,Company 2,NULL,NULL,Create Sales Order,2023-11-29 17:55:57.000,USER - 02130,Department 2222,Manual,Order - 0405,Sales order,Main
Order - 0406,CUST - 034,Customer 34,US,External,329.45,USD,ST - Services / Tooling,Company 2,NULL,NULL,Create Sales Order,2023-11-29 18:04:13.000,USER - 02130,Department 2222,Manual,Order - 0406,Sales order,Main
Order - 0407,CUST - 034,Customer 34,US,External,283.25,USD,ST - Services / Tooling,Company 2,NULL,NULL,Create Sales Order,2023-11-29 18:10:58.000,USER - 02130,Department 2222,Manual,Order - 0407,Sales order,Main
Order - 0411,CUST - 034,Customer 34,US,External,740.85,USD,ST - Services / Tooling,Company 2,NULL,NULL,Create Sales Order,2023-11-29 18:55:06.000,USER - 02130,Department 2222,Manual,Order - 0411,Sales order,Main
Order - 0412,CUST - 034,Customer 34,US,External,297,USD,ST - Services / Tooling,Company 2,NULL,NULL,Create Sales Order,2023-11-29 19:00:46.000,USER - 02130,Department 2222,Manual,Order - 0412,Sales order,Main
Order - 0920,CUST - 034,Customer 34,US,External,503.5,USD,ST - Services / Tooling,Company 2,NULL,NULL,Create Sales Order,2024-03-26 16:09:30.000,USER - 02130,Department 2222,Manual,Order - 0920,Sales order,Main
Order - 0528,CUST - 034,Customer 34,US,External,1133.55,USD,ST - Services / Tooling,Company 2,NULL,NULL,Create Sales Order,2023-12-19 16:59:15.000,USER - 02130,Department 2222,Manual,Order - 0528,Sales order,Main
Order - 0111,CUST - 006,Customer 6,PL,External,195,PLN,ST - Services / Tooling,Company 1,NULL,NULL,Create Sales Order,2023-07-19 22:20:10.000,USER - 10897,Department 2178,Manual,Order - 0111,Sales order,Main
Order - 0581,CUST - 006,Customer 6,PL,External,3717.5,PLN,ST - Services / Tooling,Company 1,NULL,NULL,Create Sales Order,2023-12-28 20:05:39.000,USER - 10897,Department 2178,Manual,Order - 0581,Sales order,Main
Order - 0610,CUST - 006,Customer 6,PL,External,6620.45,PLN,ST - Services / Tooling,Company 1,NULL,NULL,Create Sales Order,2024-01-25 16:27:43.000,USER - 10897,Department 2178,Manual,Order - 0610,Sales order,Main
Order - 0735,CUST - 006,Customer 6,PL,External,6061.6,PLN,ST - Services / Tooling,Company 1,NULL,NULL,Create Sales Order,2024-02-15 07:39:35.000,USER - 10897,Department 2178,Manual,Order - 0735,Sales order,Main
Order - 1212,CUST - 006,Customer 6,PL,External,8383.45,PLN,ST - Services / Tooling,Company 1,NULL,NULL,Create Sales Order,2024-05-31 10:07:01.000,USER - 10897,Department 2178,Manual,Order - 1212,Sales order,Main
Order - 1213,CUST - 006,Customer 6,PL,External,6815.2,PLN,ST - Services / Tooling,Company 1,NULL,NULL,Create Sales Order,2024-05-31 10:16:24.000,USER - 10897,Department 2178,Manual,Order - 1213,Sales order,Main
Order - 1122,CUST - 006,Customer 6,PL,External,3517.05,PLN,ST - Services / Tooling,Company 1,NULL,NULL,Create Sales Order,2024-05-10 10:41:34.000,USER - 10897,Department 2178,Manual,Order - 1122,Sales order,Main
Order - 1123,CUST - 006,Customer 6,PL,External,6248.1,PLN,ST - Services / Tooling,Company 1,NULL,NULL,Create Sales Order,2024-05-10 11:29:46.000,USER - 10897,Department 2178,Manual,Order - 1123,Sales order,Main
Order - 1241,CUST - 006,Customer 6,PL,External,6728.05,PLN,ST - Services / Tooling,Company 1,NULL,NULL,Create Sales Order,2024-06-07 15:51:42.000,USER - 10897,Department 2178,Manual,Order - 1241,Sales order,Main
Order - 1270,CUST - 006,Customer 6,PL,External,4470.3,PLN,ST - Services / Tooling,Company 1,NULL,NULL,Create Sales Order,2024-06-19 10:11:55.000,USER - 10897,Department 2178,Manual,Order - 1270,Sales order,Main
Order - 0858,CUST - 006,Customer 6,PL,External,7426.65,PLN,ST - Services / Tooling,Company 1,NULL,NULL,Create Sales Order,2024-03-15 19:44:08.000,USER - 10897,Department 2178,Manual,Order - 0858,Sales order,Main
Order - 1332,CUST - 006,Customer 6,PL,External,7774.1,PLN,ST - Services / Tooling,Company 1,NULL,NULL,Create Sales Order,2024-07-01 10:12:03.000,USER - 10897,Department 2178,Manual,Order - 1332,Sales order,Main
Order - 0907,CUST - 006,Customer 6,PL,External,5409.75,PLN,ST - Services / Tooling,Company 1,NULL,NULL,Create Sales Order,2024-03-21 08:43:31.000,USER - 10897,Department 2178,Manual,Order - 0907,Sales order,Main
Order - 0909,CUST - 006,Customer 6,PL,External,8315.95,PLN,ST - Services / Tooling,Company 1,NULL,NULL,Create Sales Order,2024-03-21 09:07:18.000,USER - 10897,Department 2178,Manual,Order - 0909,Sales order,Main
Order - 1366,CUST - 006,Customer 6,PL,External,5250.1,PLN,ST - Services / Tooling,Company 1,NULL,NULL,Create Sales Order,2024-07-05 15:41:22.000,USER - 10897,Department 2178,Manual,Order - 1366,Sales order,Main
Order - 0944,CUST - 006,Customer 6,PL,External,4683.25,PLN,ST - Services / Tooling,Company 1,NULL,NULL,Create Sales Order,2024-03-29 08:42:39.000,USER - 10897,Department 2178,Manual,Order - 0944,Sales order,Main
Order - 1015,CUST - 006,Customer 6,PL,External,2895.5,PLN,ST - Services / Tooling,Company 1,NULL,NULL,Create Sales Order,2024-04-12 11:16:29.000,USER - 10897,Department 2178,Manual,Order - 1015,Sales order,Main
Order - 1067,CUST - 006,Customer 6,PL,External,7016.2,PLN,ST - Services / Tooling,Company 1,NULL,NULL,Create Sales Order,2024-04-25 16:06:19.000,USER - 10897,Department 2178,Manual,Order - 1067,Sales order,Main
Order - 1174,CUST - 006,Customer 6,PL,External,7922,PLN,ST - Services / Tooling,Company 1,NULL,NULL,Create Sales Order,2024-05-21 17:53:12.000,USER - 10897,Department 2178,Manual,Order - 1174,Sales order,Main
Order - 0824,CUST - 006,Customer 6,PL,External,8097.7,PLN,ST - Services / Tooling,Company 1,NULL,NULL,Create Sales Order,2024-03-05 20:30:59.000,USER - 10897,Department 2178,Manual,Order - 0824,Sales order,Main
Order - 0471,CUST - 045,Customer 45,PL,External,38893.22,EUR,ST - Services / Tooling,Company 1,NULL,NULL,Create Sales Order,2023-12-15 13:38:25.000,USER - 10897,Department 2178,Manual,Order - 0471,Sales order,Main
Order - 0472,CUST - 045,Customer 45,PL,External,-66000.61,EUR,ST - Services / Tooling,Company 1,NULL,NULL,Create Sales Order,2023-12-15 13:40:15.000,USER - 10897,Department 2178,Manual,Order - 0472,Sales order,Main
Order - 0473,CUST - 045,Customer 45,PL,External,66000.61,EUR,ST - Services / Tooling,Company 1,NULL,NULL,Create Sales Order,2023-12-15 13:41:50.000,USER - 10897,Department 2178,Manual,Order - 0473,Sales order,Main
Order - 0046,CUST - 004,Customer 4,DE,External,32436.68,EUR,ST - Services / Tooling,Company 1,NULL,NULL,Create Sales Order,2023-06-12 13:03:11.000,USER - 10897,Department 2178,Manual,Order - 0046,Sales order,Main
Order - 0056,CUST - 004,Customer 4,DE,External,36136.83,EUR,ST - Services / Tooling,Company 1,NULL,X,Create Sales Order,2023-06-20 08:07:51.000,USER - 10897,Department 2178,Manual,Order - 0056,Sales order,Main
Order - 0057,CUST - 004,Customer 4,DE,External,36141.58,EUR,ST - Services / Tooling,Company 1,NULL,NULL,Create Sales Order,2023-06-20 12:08:50.000,USER - 10897,Department 2178,Manual,Order - 0057,Sales order,Main
Order - 0058,CUST - 004,Customer 4,DE,External,35406.53,EUR,ST - Services / Tooling,Company 1,NULL,NULL,Create Sales Order,2023-06-20 12:26:23.000,USER - 10897,Department 2178,Manual,Order - 0058,Sales order,Main
Order - 0064,CUST - 004,Customer 4,DE,External,31920.08,EUR,ST - Services / Tooling,Company 1,NULL,NULL,Create Sales Order,2023-06-23 15:04:18.000,USER - 10897,Department 2178,Manual,Order - 0064,Sales order,Main
Order - 0066,CUST - 004,Customer 4,DE,External,34892.38,EUR,ST - Services / Tooling,Company 1,NULL,NULL,Create Sales Order,2023-06-26 13:02:16.000,USER - 10897,Department 2178,Manual,Order - 0066,Sales order,Main
Order - 0083,CUST - 004,Customer 4,DE,External,35846.99,EUR,ST - Services / Tooling,Company 1,NULL,NULL,Create Sales Order,2023-06-30 19:29:57.000,USER - 10897,Department 2178,Manual,Order - 0083,Sales order,Main
Order - 0128,CUST - 004,Customer 4,DE,External,39370.26,EUR,ST - Services / Tooling,Company 1,NULL,NULL,Create Sales Order,2023-07-27 16:12:10.000,USER - 10897,Department 2178,Manual,Order - 0128,Sales order,Main
Order - 0131,CUST - 004,Customer 4,DE,External,31264.27,EUR,ST - Services / Tooling,Company 1,NULL,NULL,Create Sales Order,2023-07-31 20:12:36.000,USER - 10897,Department 2178,Manual,Order - 0131,Sales order,Main
Order - 0174,CUST - 004,Customer 4,DE,External,37859.84,EUR,ST - Services / Tooling,Company 1,NULL,NULL,Create Sales Order,2023-08-22 15:44:31.000,USER - 10897,Department 2178,Manual,Order - 0174,Sales order,Main
Order - 0175,CUST - 004,Customer 4,DE,External,33448.65,EUR,ST - Services / Tooling,Company 1,NULL,NULL,Create Sales Order,2023-08-22 15:48:01.000,USER - 10897,Department 2178,Manual,Order - 0175,Sales order,Main
Order - 0188,CUST - 004,Customer 4,DE,External,34021.76,EUR,ST - Services / Tooling,Company 1,NULL,NULL,Create Sales Order,2023-08-29 15:37:41.000,USER - 10897,Department 2178,Manual,Order - 0188,Sales order,Main
Order - 0190,CUST - 004,Customer 4,DE,External,29613.29,EUR,ST - Services / Tooling,Company 1,NULL,NULL,Create Sales Order,2023-08-29 15:45:57.000,USER - 10897,Department 2178,Manual,Order - 0190,Sales order,Main
Order - 0089,CUST - 004,Customer 4,DE,External,30116.55,EUR,ST - Services / Tooling,Company 1,NULL,NULL,Create Sales Order,2023-07-06 11:19:01.000,USER - 10897,Department 2178,Manual,Order - 0089,Sales order,Main
Order - 0090,CUST - 004,Customer 4,DE,External,34112.71,EUR,ST - Services / Tooling,Company 1,NULL,NULL,Create Sales Order,2023-07-06 11:34:51.000,USER - 10897,Department 2178,Manual,Order - 0090,Sales order,Main
Order - 0101,CUST - 004,Customer 4,DE,External,30303.55,EUR,ST - Services / Tooling,Company 1,NULL,NULL,Create Sales Order,2023-07-11 19:34:56.000,USER - 10897,Department 2178,Manual,Order - 0101,Sales order,Main
Order - 0109,CUST - 004,Customer 4,DE,External,39666.28,EUR,ST - Services / Tooling,Company 1,NULL,NULL,Create Sales Order,2023-07-19 17:47:34.000,USER - 10897,Department 2178,Manual,Order - 0109,Sales order,Main
Order - 0110,CUST - 004,Customer 4,DE,External,38633.27,EUR,ST - Services / Tooling,Company 1,NULL,NULL,Create Sales Order,2023-07-19 22:15:50.000,USER - 10897,Department 2178,Manual,Order - 0110,Sales order,Main
Order - 1901,CUST - 026,Customer 26,DE,External,42758.87,EUR,SC - Scrap Sales,Company 1,NULL,NULL,Create Sales Order,2024-11-13 09:16:45.000,USER - 03676,Department 751,Manual,Order - 1901,Sales order,Main
Order - 0934,CUST - 011,Customer 11,DE,External,48960,EUR,SO - Standard Order,Company 1,NULL,NULL,Create Sales Order,2024-03-27 14:49:08.000,USER - 03676,Department 751,Manual,Order - 0934,Sales order,Main
Order - 0935,CUST - 011,Customer 11,DE,External,17091.6,EUR,SO - Standard Order,Company 1,NULL,NULL,Create Sales Order,2024-03-27 14:55:21.000,USER - 03676,Department 751,Manual,Order - 0935,Sales order,Main
Order - 0936,CUST - 011,Customer 11,DE,External,3317.76,EUR,SO - Standard Order,Company 1,NULL,NULL,Create Sales Order,2024-03-27 14:58:12.000,USER - 03676,Department 751,Manual,Order - 0936,Sales order,Main
Order - 0937,CUST - 011,Customer 11,DE,External,22894.2,EUR,SO - Standard Order,Company 1,NULL,NULL,Create Sales Order,2024-03-27 15:03:48.000,USER - 03676,Department 751,Manual,Order - 0937,Sales order,Main
Order - 0938,CUST - 011,Customer 11,DE,External,24985.6,EUR,SO - Standard Order,Company 1,NULL,NULL,Create Sales Order,2024-03-27 15:08:56.000,USER - 03676,Department 751,Manual,Order - 0938,Sales order,Main
Order - 0947,CUST - 011,Customer 11,DE,External,11046.58,EUR,SO - Standard Order,Company 1,NULL,NULL,Create Sales Order,2024-04-02 09:09:10.000,USER - 03676,Department 751,Manual,Order - 0947,Sales order,Main
Order - 0948,CUST - 011,Customer 11,DE,External,17737.2,EUR,SO - Standard Order,Company 1,NULL,NULL,Create Sales Order,2024-04-02 09:15:32.000,USER - 03676,Department 751,Manual,Order - 0948,Sales order,Main
Order - 0848,CUST - 011,Customer 11,DE,External,1321.92,EUR,SO - Standard Order,Company 1,NULL,NULL,Create Sales Order,2024-03-14 13:42:14.000,USER - 03676,Department 751,Manual,Order - 0848,Sales order,Main
Order - 0849,CUST - 011,Customer 11,DE,External,235.68,EUR,SO - Standard Order,Company 1,NULL,NULL,Create Sales Order,2024-03-14 13:46:45.000,USER - 03676,Department 751,Manual,Order - 0849,Sales order,Main
Order - 0851,CUST - 011,Customer 11,DE,External,48960,EUR,SO - Standard Order,Company 1,NULL,NULL,Create Sales Order,2024-03-14 14:57:55.000,USER - 03676,Department 751,Manual,Order - 0851,Sales order,Main
Order - 0852,CUST - 011,Customer 11,DE,External,37574.82,EUR,SO - Standard Order,Company 1,NULL,NULL,Create Sales Order,2024-03-14 15:24:51.000,USER - 03676,Department 751,Manual,Order - 0852,Sales order,Main
Order - 0853,CUST - 011,Customer 11,DE,External,26253.48,EUR,SO - Standard Order,Company 1,NULL,NULL,Create Sales Order,2024-03-14 15:32:03.000,USER - 03676,Department 751,Manual,Order - 0853,Sales order,Main
Order - 0861,CUST - 011,Customer 11,DE,External,19673.32,EUR,SO - Standard Order,Company 1,NULL,NULL,Create Sales Order,2024-03-18 14:53:50.000,USER - 03676,Department 751,Manual,Order - 0861,Sales order,Main
Order - 0862,CUST - 011,Customer 11,DE,External,26253.48,EUR,SO - Standard Order,Company 1,NULL,NULL,Create Sales Order,2024-03-18 15:14:15.000,USER - 03676,Department 751,Manual,Order - 0862,Sales order,Main
Order - 0863,CUST - 011,Customer 11,DE,External,31465.4,EUR,SO - Standard Order,Company 1,NULL,NULL,Create Sales Order,2024-03-18 15:21:10.000,USER - 03676,Department 751,Manual,Order - 0863,Sales order,Main
Order - 0864,CUST - 011,Customer 11,DE,External,18226.08,EUR,SO - Standard Order,Company 1,NULL,NULL,Create Sales Order,2024-03-19 09:23:07.000,USER - 03676,Department 751,Manual,Order - 0864,Sales order,Main
Order - 1334,CUST - 011,Customer 11,DE,External,24141.96,EUR,SO - Standard Order,Company 1,NULL,NULL,Create Sales Order,2024-07-01 14:39:07.000,USER - 03676,Department 751,Manual,Order - 1334,Sales order,Main
Order - 1335,CUST - 011,Customer 11,DE,External,14033.36,EUR,SO - Standard Order,Company 1,NULL,NULL,Create Sales Order,2024-07-02 12:03:58.000,USER - 03676,Department 751,Manual,Order - 1335,Sales order,Main
Order - 1362,CUST - 011,Customer 11,DE,External,18010.08,EUR,SO - Standard Order,Company 1,NULL,NULL,Create Sales Order,2024-07-03 15:10:41.000,USER - 03676,Department 751,Manual,Order - 1362,Sales order,Main
Order - 1878,CUST - 011,Customer 11,DE,External,18787.96,EUR,SO - Standard Order,Company 1,NULL,NULL,Create Sales Order,2024-11-07 12:38:55.000,USER - 03676,Department 751,Manual,Order - 1878,Sales order,Main
Order - 0070,CUST - 012,Customer 12,IT,External,17748.69,EUR,ST - Services / Tooling,Company 1,NULL,NULL,Create Sales Order,2023-06-27 14:08:32.000,USER - 03676,Department 751,Manual,Order - 0070,Sales order,Main
Order - 1824,CUST - 012,Customer 12,IT,External,-5927.91,EUR,ST - Services / Tooling,Company 1,NULL,NULL,Create Sales Order,2024-10-30 09:19:40.000,USER - 03676,Department 751,Manual,Order - 1824,Sales order,Main
Order - 1825,CUST - 012,Customer 12,IT,External,-8891.85,EUR,ST - Services / Tooling,Company 1,NULL,NULL,Create Sales Order,2024-10-30 09:37:44.000,USER - 03676,Department 751,Manual,Order - 1825,Sales order,Main
Order - 1092,CUST - 036,Customer 36,US,External,1128.73,USD,ST - Services / Tooling,Company 2,NULL,NULL,Create Sales Order,2024-04-30 22:08:28.000,USER - 02130,Department 2222,Manual,Order - 1092,Sales order,Main
Order - 1095,CUST - 036,Customer 36,US,External,827.34,USD,ST - Services / Tooling,Company 2,NULL,NULL,Create Sales Order,2024-04-30 22:27:25.000,USER - 02130,Department 2222,Manual,Order - 1095,Sales order,Main
Order - 1096,CUST - 036,Customer 36,US,External,2175,USD,ST - Services / Tooling,Company 2,NULL,NULL,Create Sales Order,2024-05-03 16:03:45.000,USER - 02130,Department 2222,Manual,Order - 1096,Sales order,Main
Order - 1098,CUST - 036,Customer 36,US,External,751.76,USD,ST - Services / Tooling,Company 2,NULL,NULL,Create Sales Order,2024-05-08 16:12:08.000,USER - 02130,Department 2222,Manual,Order - 1098,Sales order,Main
Order - 1109,CUST - 036,Customer 36,US,External,268.9,USD,ST - Services / Tooling,Company 2,NULL,NULL,Create Sales Order,2024-05-08 22:33:27.000,USER - 02130,Department 2222,Manual,Order - 1109,Sales order,Main
Order - 1117,CUST - 036,Customer 36,US,External,11205,USD,ST - Services / Tooling,Company 2,NULL,NULL,Create Sales Order,2024-05-08 23:20:57.000,USER - 02130,Department 2222,Manual,Order - 1117,Sales order,Main
Order - 1582,CUST - 036,Customer 36,US,External,2924.12,USD,ST - Services / Tooling,Company 2,NULL,NULL,Create Sales Order,2024-09-03 19:25:26.000,USER - 02130,Department 2222,Manual,Order - 1582,Sales order,Main
Order - 1376,CUST - 038,Customer 38,US,External,1418.73,USD,ST - Services / Tooling,Company 2,NULL,NULL,Create Sales Order,2024-07-09 22:52:13.000,USER - 02130,Department 2222,Manual,Order - 1376,Sales order,Main
Order - 1377,CUST - 038,Customer 38,US,External,279.53,USD,ST - Services / Tooling,Company 2,NULL,NULL,Create Sales Order,2024-07-09 23:06:07.000,USER - 02130,Department 2222,Manual,Order - 1377,Sales order,Main
Order - 1378,CUST - 038,Customer 38,US,External,278.82,USD,ST - Services / Tooling,Company 2,NULL,NULL,Create Sales Order,2024-07-09 23:11:58.000,USER - 02130,Department 2222,Manual,Order - 1378,Sales order,Main
Order - 1382,CUST - 038,Customer 38,US,External,329.67,USD,ST - Services / Tooling,Company 2,NULL,NULL,Create Sales Order,2024-07-10 00:07:05.000,USER - 02130,Department 2222,Manual,Order - 1382,Sales order,Main
Order - 1350,CUST - 038,Customer 38,US,External,319.8,USD,ST - Services / Tooling,Company 2,NULL,NULL,Create Sales Order,2024-07-02 21:44:56.000,USER - 02130,Department 2222,Manual,Order - 1350,Sales order,Main
Order - 1344,CUST - 038,Customer 38,US,External,328.44,USD,ST - Services / Tooling,Company 2,NULL,NULL,Create Sales Order,2024-07-02 20:55:03.000,USER - 02130,Department 2222,Manual,Order - 1344,Sales order,Main
Order - 1711,CUST - 038,Customer 38,US,External,629.24,USD,ST - Services / Tooling,Company 2,NULL,NULL,Create Sales Order,2024-10-04 20:36:14.000,USER - 02130,Department 2222,Manual,Order - 1711,Sales order,Main
Order - 1706,CUST - 038,Customer 38,US,External,193.3,USD,ST - Services / Tooling,Company 2,NULL,NULL,Create Sales Order,2024-10-04 18:55:11.000,USER - 02130,Department 2222,Manual,Order - 1706,Sales order,Main
Order - 1699,CUST - 038,Customer 38,US,External,744.3,USD,ST - Services / Tooling,Company 2,NULL,NULL,Create Sales Order,2024-10-04 17:50:12.000,USER - 02130,Department 2222,Manual,Order - 1699,Sales order,Main
Order - 1700,CUST - 038,Customer 38,US,External,116.06,USD,ST - Services / Tooling,Company 2,NULL,NULL,Create Sales Order,2024-10-04 18:06:45.000,USER - 02130,Department 2222,Manual,Order - 1700,Sales order,Main
Order - 1152,CUST - 038,Customer 38,US,External,825.6,USD,ST - Services / Tooling,Company 2,NULL,NULL,Create Sales Order,2024-05-15 22:58:14.000,USER - 02130,Department 2222,Manual,Order - 1152,Sales order,Main
Order - 1179,CUST - 038,Customer 38,US,External,1056,USD,ST - Services / Tooling,Company 2,NULL,NULL,Create Sales Order,2024-05-21 20:15:35.000,USER - 02130,Department 2222,Manual,Order - 1179,Sales order,Main
Order - 1318,CUST - 038,Customer 38,US,External,315.11,USD,ST - Services / Tooling,Company 2,NULL,NULL,Create Sales Order,2024-06-28 18:04:45.000,USER - 02130,Department 2222,Manual,Order - 1318,Sales order,Main
Order - 1293,CUST - 038,Customer 38,US,External,1019.86,USD,ST - Services / Tooling,Company 2,NULL,NULL,Create Sales Order,2024-06-19 19:58:36.000,USER - 02130,Department 2222,Manual,Order - 1293,Sales order,Main
Order - 1294,CUST - 038,Customer 38,US,External,692.43,USD,ST - Services / Tooling,Company 2,NULL,NULL,Create Sales Order,2024-06-19 20:59:44.000,USER - 02130,Department 2222,Manual,Order - 1294,Sales order,Main
Order - 0827,CUST - 038,Customer 38,US,External,1735.61,USD,ST - Services / Tooling,Company 2,NULL,NULL,Create Sales Order,2024-03-06 16:59:54.000,USER - 02130,Department 2222,Manual,Order - 0827,Sales order,Main
Order - 1074,CUST - 036,Customer 36,US,External,428.8,USD,ST - Services / Tooling,Company 2,NULL,NULL,Create Sales Order,2024-04-30 17:24:16.000,USER - 02130,Department 2222,Manual,Order - 1074,Sales order,Main
Order - 1075,CUST - 036,Customer 36,US,External,902.96,USD,ST - Services / Tooling,Company 2,NULL,NULL,Create Sales Order,2024-04-30 17:30:31.000,USER - 02130,Department 2222,Manual,Order - 1075,Sales order,Main
Order - 1082,CUST - 036,Customer 36,US,External,1497.18,USD,ST - Services / Tooling,Company 2,NULL,NULL,Create Sales Order,2024-04-30 18:19:55.000,USER - 02130,Department 2222,Manual,Order - 1082,Sales order,Main
Order - 1083,CUST - 036,Customer 36,US,External,376.74,USD,ST - Services / Tooling,Company 2,NULL,NULL,Create Sales Order,2024-04-30 18:31:54.000,USER - 02130,Department 2222,Manual,Order - 1083,Sales order,Main
Order - 1084,CUST - 036,Customer 36,US,External,13117.8,USD,ST - Services / Tooling,Company 2,NULL,NULL,Create Sales Order,2024-04-30 20:06:04.000,USER - 02130,Department 2222,Manual,Order - 1084,Sales order,Main
Order - 1085,CUST - 036,Customer 36,US,External,422.6,USD,ST - Services / Tooling,Company 2,NULL,NULL,Create Sales Order,2024-04-30 20:26:55.000,USER - 02130,Department 2222,Manual,Order - 1085,Sales order,Main
Order - 1086,CUST - 036,Customer 36,US,External,1843.6,USD,ST - Services / Tooling,Company 2,NULL,NULL,Create Sales Order,2024-04-30 20:34:13.000,USER - 02130,Department 2222,Manual,Order - 1086,Sales order,Main
Order - 0798,CUST - 036,Customer 36,US,External,1116.7,USD,ST - Services / Tooling,Company 2,NULL,NULL,Create Sales Order,2024-02-27 19:46:09.000,USER - 02130,Department 2222,Manual,Order - 0798,Sales order,Main
Order - 0800,CUST - 036,Customer 36,US,External,3266.15,USD,ST - Services / Tooling,Company 2,NULL,NULL,Create Sales Order,2024-02-28 14:45:28.000,USER - 02130,Department 2222,Manual,Order - 0800,Sales order,Main
Order - 0803,CUST - 036,Customer 36,US,External,2375.13,USD,ST - Services / Tooling,Company 2,NULL,NULL,Create Sales Order,2024-02-28 16:40:40.000,USER - 02130,Department 2222,Manual,Order - 0803,Sales order,Main
Order - 0804,CUST - 036,Customer 36,US,External,129.93,USD,ST - Services / Tooling,Company 2,NULL,NULL,Create Sales Order,2024-02-28 16:50:01.000,USER - 02130,Department 2222,Manual,Order - 0804,Sales order,Main
Order - 0805,CUST - 036,Customer 36,US,External,4765.91,USD,ST - Services / Tooling,Company 2,NULL,NULL,Create Sales Order,2024-02-28 16:55:57.000,USER - 02130,Department 2222,Manual,Order - 0805,Sales order,Main
Order - 0807,CUST - 036,Customer 36,US,External,6491.56,USD,ST - Services / Tooling,Company 2,NULL,NULL,Create Sales Order,2024-02-28 17:13:33.000,USER - 02130,Department 2222,Manual,Order - 0807,Sales order,Main
Order - 0813,CUST - 036,Customer 36,US,External,4879.56,USD,ST - Services / Tooling,Company 2,NULL,NULL,Create Sales Order,2024-02-29 19:49:00.000,USER - 02130,Department 2222,Manual,Order - 0813,Sales order,Main
Order - 0380,CUST - 036,Customer 36,US,External,1962,USD,ST - Services / Tooling,Company 2,NULL,NULL,Create Sales Order,2023-11-23 14:35:48.000,USER - 02130,Department 2222,Manual,Order - 0380,Sales order,Main
Order - 0382,CUST - 036,Customer 36,US,External,330.11,USD,ST - Services / Tooling,Company 2,NULL,NULL,Create Sales Order,2023-11-23 15:03:42.000,USER - 02130,Department 2222,Manual,Order - 0382,Sales order,Main
Order - 0386,CUST - 036,Customer 36,US,External,1760.32,USD,ST - Services / Tooling,Company 2,NULL,NULL,Create Sales Order,2023-11-23 17:18:13.000,USER - 02130,Department 2222,Manual,Order - 0386,Sales order,Main
Order - 0387,CUST - 036,Customer 36,US,External,634.01,USD,ST - Services / Tooling,Company 2,NULL,NULL,Create Sales Order,2023-11-23 17:25:03.000,USER - 02130,Department 2222,Manual,Order - 0387,Sales order,Main
Order - 0388,CUST - 036,Customer 36,US,External,2036.68,USD,ST - Services / Tooling,Company 2,NULL,NULL,Create Sales Order,2023-11-23 17:34:34.000,USER - 02130,Department 2222,Manual,Order - 0388,Sales order,Main
Order - 0527,CUST - 036,Customer 36,US,External,1294.19,USD,ST - Services / Tooling,Company 2,NULL,NULL,Create Sales Order,2023-12-19 16:49:30.000,USER - 02130,Department 2222,Manual,Order - 0527,Sales order,Main
Order - 0533,CUST - 036,Customer 36,US,External,282.53,USD,ST - Services / Tooling,Company 2,NULL,NULL,Create Sales Order,2023-12-19 18:44:51.000,USER - 02130,Department 2222,Manual,Order - 0533,Sales order,Main
Order - 0535,CUST - 036,Customer 36,US,External,1979.05,USD,ST - Services / Tooling,Company 2,NULL,NULL,Create Sales Order,2023-12-19 19:13:08.000,USER - 02130,Department 2222,Manual,Order - 0535,Sales order,Main
Order - 0536,CUST - 036,Customer 36,US,External,1760.33,USD,ST - Services / Tooling,Company 2,NULL,NULL,Create Sales Order,2023-12-19 19:48:02.000,USER - 02130,Department 2222,Manual,Order - 0536,Sales order,Main
Order - 1885,CUST - 011,Customer 11,DE,External,9771.96,EUR,SO - Standard Order,Company 1,NULL,NULL,Create Sales Order,2024-11-12 13:35:08.000,USER - 02130,Department 2222,Manual,Order - 1885,Sales order,Main
Order - 1886,CUST - 011,Customer 11,DE,External,14808.16,EUR,SO - Standard Order,Company 1,NULL,NULL,Create Sales Order,2024-11-12 13:37:50.000,USER - 02130,Department 2222,Manual,Order - 1886,Sales order,Main
Order - 1903,CUST - 011,Customer 11,DE,External,28451.78,EUR,SO - Standard Order,Company 1,NULL,NULL,Create Sales Order,2024-11-13 12:53:54.000,USER - 02130,Department 2222,Manual,Order - 1903,Sales order,Main
Order - 1906,CUST - 011,Customer 11,DE,External,48960,EUR,SO - Standard Order,Company 1,NULL,NULL,Create Sales Order,2024-11-15 11:30:33.000,USER - 02130,Department 2222,Manual,Order - 1906,Sales order,Main
Order - 1907,CUST - 011,Customer 11,DE,External,34485.34,EUR,SO - Standard Order,Company 1,NULL,NULL,Create Sales Order,2024-11-15 11:33:04.000,USER - 02130,Department 2222,Manual,Order - 1907,Sales order,Main
Order - 1915,CUST - 011,Customer 11,DE,External,19214.66,EUR,SO - Standard Order,Company 1,NULL,NULL,Create Sales Order,2024-11-19 09:54:40.000,USER - 02130,Department 2222,Manual,Order - 1915,Sales order,Main
Order - 1916,CUST - 011,Customer 11,DE,External,18247.68,EUR,SO - Standard Order,Company 1,NULL,NULL,Create Sales Order,2024-11-19 10:56:23.000,USER - 02130,Department 2222,Manual,Order - 1916,Sales order,Main
Order - 1917,CUST - 011,Customer 11,DE,External,39253.98,EUR,SO - Standard Order,Company 1,NULL,NULL,Create Sales Order,2024-11-19 11:05:05.000,USER - 02130,Department 2222,Manual,Order - 1917,Sales order,Main
Order - 1918,CUST - 011,Customer 11,DE,External,14296.08,EUR,SO - Standard Order,Company 1,NULL,NULL,Create Sales Order,2024-11-19 11:13:13.000,USER - 02130,Department 2222,Manual,Order - 1918,Sales order,Main
Order - 1748,CUST - 011,Customer 11,DE,External,16674.88,EUR,SO - Standard Order,Company 1,NULL,NULL,Create Sales Order,2024-10-15 09:37:39.000,USER - 02130,Department 2222,Manual,Order - 1748,Sales order,Main
Order - 1749,CUST - 011,Customer 11,DE,External,12710.4,EUR,SO - Standard Order,Company 1,NULL,NULL,Create Sales Order,2024-10-15 09:43:31.000,USER - 02130,Department 2222,Manual,Order - 1749,Sales order,Main
Order - 1858,CUST - 011,Customer 11,DE,External,48960,EUR,SO - Standard Order,Company 1,NULL,NULL,Create Sales Order,2024-11-04 10:50:53.000,USER - 02130,Department 2222,Manual,Order - 1858,Sales order,Main
Order - 1859,CUST - 011,Customer 11,DE,External,3421.44,EUR,SO - Standard Order,Company 1,NULL,NULL,Create Sales Order,2024-11-04 10:54:00.000,USER - 02130,Department 2222,Manual,Order - 1859,Sales order,Main
Order - 1861,CUST - 011,Customer 11,DE,External,32781.64,EUR,SO - Standard Order,Company 1,NULL,NULL,Create Sales Order,2024-11-05 09:09:56.000,USER - 02130,Department 2222,Manual,Order - 1861,Sales order,Main
Order - 1856,CUST - 012,Customer 12,IT,External,50000,EUR,ST - Services / Tooling,Company 1,NULL,NULL,Create Sales Order,2024-10-31 13:34:26.000,USER - 02130,Department 2222,Manual,Order - 1856,Sales order,Main
Order - 1857,CUST - 081,Customer 81,GB,External,25401,GBP,ST - Services / Tooling,Company 3,NULL,NULL,Create Sales Order,2024-11-04 09:46:51.000,USER - 02130,Department 2222,Manual,Order - 1857,Sales order,Main
Order - 1942,CUST - 081,Customer 81,GB,External,26526,GBP,ST - Services / Tooling,Company 3,NULL,NULL,Create Sales Order,2024-11-21 16:08:22.000,USER - 02130,Department 2222,Manual,Order - 1942,Sales order,Main
Order - 1528,CUST - 036,Customer 36,US,External,1100,USD,ST - Services / Tooling,Company 2,NULL,NULL,Create Sales Order,2024-08-20 20:20:02.000,USER - 02130,Department 2222,Manual,Order - 1528,Sales order,Main
Order - 1566,CUST - 036,Customer 36,US,External,2731.06,USD,ST - Services / Tooling,Company 2,NULL,NULL,Create Sales Order,2024-08-28 00:17:57.000,USER - 02130,Department 2222,Manual,Order - 1566,Sales order,Main
Order - 1567,CUST - 036,Customer 36,US,External,5718.1,USD,ST - Services / Tooling,Company 2,NULL,NULL,Create Sales Order,2024-08-28 15:54:19.000,USER - 02130,Department 2222,Manual,Order - 1567,Sales order,Main
Order - 1899,CUST - 036,Customer 36,US,External,1655.43,USD,ST - Services / Tooling,Company 2,NULL,NULL,Create Sales Order,2024-11-12 20:53:43.000,USER - 02130,Department 2222,Manual,Order - 1899,Sales order,Main
Order - 1914,CUST - 055,Customer 55,DE,Internal,56736.36,EUR,ST - Services / Tooling,Company 1,NULL,X,Create Sales Order,2024-11-18 15:49:41.000,USER - 02130,Department 2222,Manual,Order - 1914,Sales order,Main
Order - 1943,CUST - 079,Customer 79,GB,External,4789,GBP,ST - Services / Tooling,Company 3,NULL,NULL,Create Sales Order,2024-11-21 16:13:35.000,USER - 02130,Department 2222,Manual,Order - 1943,Sales order,Main
Order - 1071,,,,,0,,ST - Services / Tooling,,,,Requested Delivery Date,2024-04-30 23:59:59.000,USER - 10897,Department 2178,Manual,Order - 1071,Sales order,Main
Order - 1072,,,,,0,,ST - Services / Tooling,,,,Requested Delivery Date,2024-04-30 23:59:59.000,USER - 10897,Department 2178,Manual,Order - 1072,Sales order,Main
Order - 1215,,,,,0,,ST - Services / Tooling,,,,Requested Delivery Date,2024-05-31 23:59:59.000,USER - 10897,Department 2178,Manual,Order - 1215,Sales order,Main
Order - 1265,,,,,0,,ST - Services / Tooling,,,,Requested Delivery Date,2024-06-13 23:59:59.000,USER - 10897,Department 2178,Manual,Order - 1265,Sales order,Main
Order - 1271,,,,,0,,ST - Services / Tooling,,,,Requested Delivery Date,2024-06-19 23:59:59.000,USER - 10897,Department 2178,Manual,Order - 1271,Sales order,Main
Order - 1272,,,,,0,,ST - Services / Tooling,,,,Requested Delivery Date,2024-06-19 23:59:59.000,USER - 10897,Department 2178,Manual,Order - 1272,Sales order,Main
Order - 1573,,,,,0,,ST - Services / Tooling,,,,Requested Delivery Date,2024-08-29 23:59:59.000,USER - 10897,Department 2178,Manual,Order - 1573,Sales order,Main
Order - 0753,,,,,0,,ST - Services / Tooling,,,,Requested Delivery Date,2024-02-20 23:59:59.000,USER - 02130,Department 2222,Manual,Order - 0753,Sales order,Main
Order - 0784,,,,,0,,ST - Services / Tooling,,,,Requested Delivery Date,2024-02-21 23:59:59.000,USER - 02130,Department 2222,Manual,Order - 0784,Sales order,Main
Order - 0868,,,,,0,,ST - Services / Tooling,,,,Requested Delivery Date,2024-03-19 23:59:59.000,USER - 02130,Department 2222,Manual,Order - 0868,Sales order,Main
Order - 1326,,,,,0,,ST - Services / Tooling,,,,Requested Delivery Date,2024-06-28 23:59:59.000,USER - 02130,Department 2222,Manual,Order - 1326,Sales order,Main
Order - 1327,,,,,0,,ST - Services / Tooling,,,,Requested Delivery Date,2024-06-28 23:59:59.000,USER - 02130,Department 2222,Manual,Order - 1327,Sales order,Main
Order - 1328,,,,,0,,ST - Services / Tooling,,,,Requested Delivery Date,2024-06-28 23:59:59.000,USER - 02130,Department 2222,Manual,Order - 1328,Sales order,Main
Order - 1154,,,,,0,,ST - Services / Tooling,,,,Requested Delivery Date,2024-05-15 23:59:59.000,USER - 02130,Department 2222,Manual,Order - 1154,Sales order,Main
Order - 0439,,,,,0,,ST - Services / Tooling,,,,Requested Delivery Date,2023-12-14 23:59:59.000,USER - 02130,Department 2222,Manual,Order - 0439,Sales order,Main
Order - 0444,,,,,0,,ST - Services / Tooling,,,,Requested Delivery Date,2023-12-14 23:59:59.000,USER - 02130,Department 2222,Manual,Order - 0444,Sales order,Main
Order - 0445,,,,,0,,ST - Services / Tooling,,,,Requested Delivery Date,2023-12-14 23:59:59.000,USER - 02130,Department 2222,Manual,Order - 0445,Sales order,Main
Order - 0446,,,,,0,,ST - Services / Tooling,,,,Requested Delivery Date,2023-12-14 23:59:59.000,USER - 02130,Department 2222,Manual,Order - 0446,Sales order,Main
Order - 1404,,,,,0,,ST - Services / Tooling,,,,Requested Delivery Date,2024-07-17 23:59:59.000,USER - 02130,Department 2222,Manual,Order - 1404,Sales order,Main
Order - 1009,,,,,0,,ST - Services / Tooling,,,,Requested Delivery Date,2024-04-10 23:59:59.000,USER - 02130,Department 2222,Manual,Order - 1009,Sales order,Main
Order - 1010,,,,,0,,ST - Services / Tooling,,,,Requested Delivery Date,2024-04-10 23:59:59.000,USER - 02130,Department 2222,Manual,Order - 1010,Sales order,Main
Order - 1011,,,,,0,,ST - Services / Tooling,,,,Requested Delivery Date,2024-04-11 23:59:59.000,USER - 02130,Department 2222,Manual,Order - 1011,Sales order,Main
Order - 1012,,,,,0,,ST - Services / Tooling,,,,Requested Delivery Date,2024-04-11 23:59:59.000,USER - 02130,Department 2222,Manual,Order - 1012,Sales order,Main
Order - 1402,,,,,0,,ST - Services / Tooling,,,,Requested Delivery Date,2024-07-17 23:59:59.000,USER - 02130,Department 2222,Manual,Order - 1402,Sales order,Main
Order - 1403,,,,,0,,ST - Services / Tooling,,,,Requested Delivery Date,2024-07-17 23:59:59.000,USER - 02130,Department 2222,Manual,Order - 1403,Sales order,Main
Order - 1865,,,,,0,,ST - Services / Tooling,,,,Requested Delivery Date,2024-11-05 23:59:59.000,USER - 02130,Department 2222,Manual,Order - 1865,Sales order,Main
Order - 1869,,,,,0,,ST - Services / Tooling,,,,Requested Delivery Date,2024-11-05 23:59:59.000,USER - 02130,Department 2222,Manual,Order - 1869,Sales order,Main
Order - 0706,,,,,0,,ST - Services / Tooling,,,,Requested Delivery Date,2024-02-13 23:59:59.000,USER - 02130,Department 2222,Manual,Order - 0706,Sales order,Main
Order - 1156,,,,,0,,ST - Services / Tooling,,,,Requested Delivery Date,2024-05-15 23:59:59.000,USER - 02130,Department 2222,Manual,Order - 1156,Sales order,Main
Order - 1157,,,,,0,,ST - Services / Tooling,,,,Requested Delivery Date,2024-05-15 23:59:59.000,USER - 02130,Department 2222,Manual,Order - 1157,Sales order,Main
Order - 1159,,,,,0,,ST - Services / Tooling,,,,Requested Delivery Date,2024-05-16 23:59:59.000,USER - 02130,Department 2222,Manual,Order - 1159,Sales order,Main
Order - 1103,,,,,0,,ST - Services / Tooling,,,,Requested Delivery Date,2024-05-08 23:59:59.000,USER - 02130,Department 2222,Manual,Order - 1103,Sales order,Main
Order - 0566,,,,,0,,ST - Services / Tooling,,,,Requested Delivery Date,2023-12-20 23:59:59.000,USER - 02130,Department 2222,Manual,Order - 0566,Sales order,Main
Order - 0567,,,,,0,,ST - Services / Tooling,,,,Requested Delivery Date,2023-12-20 23:59:59.000,USER - 02130,Department 2222,Manual,Order - 0567,Sales order,Main
Order - 0568,,,,,0,,ST - Services / Tooling,,,,Requested Delivery Date,2023-12-20 23:59:59.000,USER - 02130,Department 2222,Manual,Order - 0568,Sales order,Main
Order - 0569,,,,,0,,ST - Services / Tooling,,,,Requested Delivery Date,2023-12-20 23:59:59.000,USER - 02130,Department 2222,Manual,Order - 0569,Sales order,Main
Order - 0708,,,,,0,,ST - Services / Tooling,,,,Requested Delivery Date,2024-02-13 23:59:59.000,USER - 02130,Department 2222,Manual,Order - 0708,Sales order,Main
Order - 0709,,,,,0,,ST - Services / Tooling,,,,Requested Delivery Date,2024-02-13 23:59:59.000,USER - 02130,Department 2222,Manual,Order - 0709,Sales order,Main
Order - 0851,,,,,0,,SO - Standard Order,,,,Requested Delivery Date,2024-03-14 23:59:59.000,USER - 03676,Department 751,Manual,Order - 0851,Sales order,Main
Order - 0852,,,,,0,,SO - Standard Order,,,,Requested Delivery Date,2024-03-14 23:59:59.000,USER - 03676,Department 751,Manual,Order - 0852,Sales order,Main
Order - 0853,,,,,0,,SO - Standard Order,,,,Requested Delivery Date,2024-03-14 23:59:59.000,USER - 03676,Department 751,Manual,Order - 0853,Sales order,Main
Order - 0861,,,,,0,,SO - Standard Order,,,,Requested Delivery Date,2024-03-18 23:59:59.000,USER - 03676,Department 751,Manual,Order - 0861,Sales order,Main
Order - 0862,,,,,0,,SO - Standard Order,,,,Requested Delivery Date,2024-03-18 23:59:59.000,USER - 03676,Department 751,Manual,Order - 0862,Sales order,Main
Order - 0863,,,,,0,,SO - Standard Order,,,,Requested Delivery Date,2024-03-18 23:59:59.000,USER - 03676,Department 751,Manual,Order - 0863,Sales order,Main
Order - 0864,,,,,0,,SO - Standard Order,,,,Requested Delivery Date,2024-03-19 23:59:59.000,USER - 03676,Department 751,Manual,Order - 0864,Sales order,Main
Order - 1334,,,,,0,,SO - Standard Order,,,,Requested Delivery Date,2024-07-01 23:59:59.000,USER - 03676,Department 751,Manual,Order - 1334,Sales order,Main
Order - 1335,,,,,0,,SO - Standard Order,,,,Requested Delivery Date,2024-07-02 23:59:59.000,USER - 03676,Department 751,Manual,Order - 1335,Sales order,Main
Order - 1362,,,,,0,,SO - Standard Order,,,,Requested Delivery Date,2024-07-03 23:59:59.000,USER - 03676,Department 751,Manual,Order - 1362,Sales order,Main
Order - 1902,,,,,0,,SO - Standard Order,,,,Requested Delivery Date,2024-11-13 23:59:59.000,USER - 03676,Department 751,Manual,Order - 1902,Sales order,Main
Order - 0070,,,,,0,,ST - Services / Tooling,,,,Requested Delivery Date,2023-06-27 23:59:59.000,USER - 03676,Department 751,Manual,Order - 0070,Sales order,Main
Order - 1824,,,,,0,,ST - Services / Tooling,,,,Requested Delivery Date,2024-10-30 23:59:59.000,USER - 03676,Department 751,Manual,Order - 1824,Sales order,Main
Order - 1825,,,,,0,,ST - Services / Tooling,,,,Requested Delivery Date,2024-10-30 23:59:59.000,USER - 03676,Department 751,Manual,Order - 1825,Sales order,Main
Order - 1818,,,,,0,,ST - Services / Tooling,,,,Requested Delivery Date,2024-10-29 23:59:59.000,USER - 03676,Department 751,Manual,Order - 1818,Sales order,Main
Order - 1935,,,,,0,,SO - Standard Order,,,,Requested Delivery Date,2024-11-21 23:59:59.000,USER - 03676,Department 751,Manual,Order - 1935,Sales order,Main
Order - 0378,,,,,0,,SO - Standard Order,,,,Requested Delivery Date,2023-11-23 23:59:59.000,USER - 03676,Department 751,Manual,Order - 0378,Sales order,Main
Order - 0389,,,,,0,,SO - Standard Order,,,,Requested Delivery Date,2023-11-24 23:59:59.000,USER - 03676,Department 751,Manual,Order - 0389,Sales order,Main
Order - 0390,,,,,0,,SO - Standard Order,,,,Requested Delivery Date,2023-11-27 23:59:59.000,USER - 03676,Department 751,Manual,Order - 0390,Sales order,Main
Order - 0391,,,,,0,,SO - Standard Order,,,,Requested Delivery Date,2023-11-28 23:59:59.000,USER - 03676,Department 751,Manual,Order - 0391,Sales order,Main
Order - 0395,,,,,0,,SO - Standard Order,,,,Requested Delivery Date,2023-11-29 23:59:59.000,USER - 03676,Department 751,Manual,Order - 0395,Sales order,Main
Order - 0396,,,,,0,,SO - Standard Order,,,,Requested Delivery Date,2023-11-29 23:59:59.000,USER - 03676,Department 751,Manual,Order - 0396,Sales order,Main
Order - 0838,,,,,0,,SO - Standard Order,,,,Requested Delivery Date,2024-03-07 23:59:59.000,USER - 03676,Department 751,Manual,Order - 0838,Sales order,Main
Order - 0839,,,,,0,,SO - Standard Order,,,,Requested Delivery Date,2024-03-07 23:59:59.000,USER - 03676,Department 751,Manual,Order - 0839,Sales order,Main
Order - 0843,,,,,0,,SO - Standard Order,,,,Requested Delivery Date,2024-03-08 23:59:59.000,USER - 03676,Department 751,Manual,Order - 0843,Sales order,Main
Order - 0844,,,,,0,,SO - Standard Order,,,,Requested Delivery Date,2024-03-11 23:59:59.000,USER - 03676,Department 751,Manual,Order - 0844,Sales order,Main
Order - 0747,,,,,0,,ST - Services / Tooling,,,,Requested Delivery Date,2024-02-20 23:59:59.000,USER - 03676,Department 751,Manual,Order - 0747,Sales order,Main
Order - 0845,,,,,0,,SO - Standard Order,,,,Requested Delivery Date,2024-03-12 23:59:59.000,USER - 05664,Department 751,Manual,Order - 0845,Sales order,Main
Order - 0846,,,,,0,,SO - Standard Order,,,,Requested Delivery Date,2024-03-12 23:59:59.000,USER - 05664,Department 751,Manual,Order - 0846,Sales order,Main
Order - 1425,,,,,0,,SO - Standard Order,,,,Requested Delivery Date,2024-07-19 23:59:59.000,USER - 05664,Department 751,Manual,Order - 1425,Sales order,Main
Order - 1432,,,,,0,,SO - Standard Order,,,,Requested Delivery Date,2024-07-23 23:59:59.000,USER - 05664,Department 751,Manual,Order - 1432,Sales order,Main
Order - 1433,,,,,0,,SO - Standard Order,,,,Requested Delivery Date,2024-07-23 23:59:59.000,USER - 05664,Department 751,Manual,Order - 1433,Sales order,Main
Order - 1377,,,,,0,,ST - Services / Tooling,,,,Requested Delivery Date,2024-07-09 23:59:59.000,USER - 02130,Department 2222,Manual,Order - 1377,Sales order,Main
Order - 1378,,,,,0,,ST - Services / Tooling,,,,Requested Delivery Date,2024-07-09 23:59:59.000,USER - 02130,Department 2222,Manual,Order - 1378,Sales order,Main
Order - 1382,,,,,0,,ST - Services / Tooling,,,,Requested Delivery Date,2024-07-10 23:59:59.000,USER - 02130,Department 2222,Manual,Order - 1382,Sales order,Main
Order - 1644,,,,,0,,ST - Services / Tooling,,,,Requested Delivery Date,2024-09-17 23:59:59.000,USER - 02130,Department 2222,Manual,Order - 1644,Sales order,Main
Order - 1136,,,,,0,,ST - Services / Tooling,,,,Requested Delivery Date,2024-05-15 23:59:59.000,USER - 02130,Department 2222,Manual,Order - 1136,Sales order,Main
Order - 1630,,,,,0,,ST - Services / Tooling,,,,Requested Delivery Date,2024-09-17 23:59:59.000,USER - 02130,Department 2222,Manual,Order - 1630,Sales order,Main
Order - 1631,,,,,0,,ST - Services / Tooling,,,,Requested Delivery Date,2024-09-17 23:59:59.000,USER - 02130,Department 2222,Manual,Order - 1631,Sales order,Main
Order - 1639,,,,,0,,ST - Services / Tooling,,,,Requested Delivery Date,2024-09-17 23:59:59.000,USER - 02130,Department 2222,Manual,Order - 1639,Sales order,Main
Order - 1620,,,,,0,,ST - Services / Tooling,,,,Requested Delivery Date,2024-09-11 23:59:59.000,USER - 02130,Department 2222,Manual,Order - 1620,Sales order,Main
Order - 1152,,,,,0,,ST - Services / Tooling,,,,Requested Delivery Date,2024-05-15 23:59:59.000,USER - 02130,Department 2222,Manual,Order - 1152,Sales order,Main
Order - 1134,,,,,0,,ST - Services / Tooling,,,,Requested Delivery Date,2024-05-15 23:59:59.000,USER - 02130,Department 2222,Manual,Order - 1134,Sales order,Main
Order - 0919,,,,,0,,ST - Services / Tooling,,,,Requested Delivery Date,2024-03-26 23:59:59.000,USER - 02130,Department 2222,Manual,Order - 0919,Sales order,Main
Order - 1406,,,,,0,,ST - Services / Tooling,,,,Requested Delivery Date,2024-07-17 23:59:59.000,USER - 02130,Department 2222,Manual,Order - 1406,Sales order,Main
Order - 1407,,,,,0,,ST - Services / Tooling,,,,Requested Delivery Date,2024-07-17 23:59:59.000,USER - 02130,Department 2222,Manual,Order - 1407,Sales order,Main
Order - 0927,,,,,0,,ST - Services / Tooling,,,,Requested Delivery Date,2024-03-26 23:59:59.000,USER - 02130,Department 2222,Manual,Order - 0927,Sales order,Main
Order - 0438,,,,,0,,ST - Services / Tooling,,,,Requested Delivery Date,2023-12-14 23:59:59.000,USER - 02130,Department 2222,Manual,Order - 0438,Sales order,Main
Order - 0440,,,,,0,,ST - Services / Tooling,,,,Requested Delivery Date,2023-12-14 23:59:59.000,USER - 02130,Department 2222,Manual,Order - 0440,Sales order,Main
Order - 0441,,,,,0,,ST - Services / Tooling,,,,Requested Delivery Date,2023-12-14 23:59:59.000,USER - 02130,Department 2222,Manual,Order - 0441,Sales order,Main
Order - 1293,,,,,0,,ST - Services / Tooling,,,,Requested Delivery Date,2024-06-19 23:59:59.000,USER - 02130,Department 2222,Manual,Order - 1293,Sales order,Main
Order - 1294,,,,,0,,ST - Services / Tooling,,,,Requested Delivery Date,2024-06-19 23:59:59.000,USER - 02130,Department 2222,Manual,Order - 1294,Sales order,Main
Order - 0827,,,,,0,,ST - Services / Tooling,,,,Requested Delivery Date,2024-03-06 23:59:59.000,USER - 02130,Department 2222,Manual,Order - 0827,Sales order,Main
Order - 1287,,,,,0,,ST - Services / Tooling,,,,Requested Delivery Date,2024-06-19 23:59:59.000,USER - 02130,Department 2222,Manual,Order - 1287,Sales order,Main
Order - 1325,,,,,0,,ST - Services / Tooling,,,,Requested Delivery Date,2024-06-28 23:59:59.000,USER - 02130,Department 2222,Manual,Order - 1325,Sales order,Main
Order - 0831,,,,,0,,ST - Services / Tooling,,,,Requested Delivery Date,2024-03-06 23:59:59.000,USER - 02130,Department 2222,Manual,Order - 0831,Sales order,Main
Order - 0376,,,,,0,,ST - Services / Tooling,,,,Requested Delivery Date,2023-11-22 23:59:59.000,USER - 02130,Department 2222,Manual,Order - 0376,Sales order,Main
Order - 0782,,,,,0,,ST - Services / Tooling,,,,Requested Delivery Date,2024-02-21 23:59:59.000,USER - 02130,Department 2222,Manual,Order - 0782,Sales order,Main
Order - 0783,,,,,0,,ST - Services / Tooling,,,,Requested Delivery Date,2024-02-21 23:59:59.000,USER - 02130,Department 2222,Manual,Order - 0783,Sales order,Main
Order - 0776,,,,,0,,ST - Services / Tooling,,,,Requested Delivery Date,2024-02-21 23:59:59.000,USER - 02130,Department 2222,Manual,Order - 0776,Sales order,Main
Order - 0777,,,,,0,,ST - Services / Tooling,,,,Requested Delivery Date,2024-02-21 23:59:59.000,USER - 02130,Department 2222,Manual,Order - 0777,Sales order,Main
Order - 0764,,,,,0,,ST - Services / Tooling,,,,Requested Delivery Date,2024-02-20 23:59:59.000,USER - 02130,Department 2222,Manual,Order - 0764,Sales order,Main
Order - 0774,,,,,0,,ST - Services / Tooling,,,,Requested Delivery Date,2024-02-21 23:59:59.000,USER - 02130,Department 2222,Manual,Order - 0774,Sales order,Main
Order - 0132,,,,,0,,ST - Services / Tooling,,,,Requested Delivery Date,2023-07-31 23:59:59.000,USER - 10897,Department 2178,Manual,Order - 0132,Sales order,Main
Order - 0145,,,,,0,,ST - Services / Tooling,,,,Requested Delivery Date,2023-08-08 23:59:59.000,USER - 10897,Department 2178,Manual,Order - 0145,Sales order,Main
Order - 0150,,,,,0,,ST - Services / Tooling,,,,Requested Delivery Date,2023-08-10 23:59:59.000,USER - 10897,Department 2178,Manual,Order - 0150,Sales order,Main
Order - 0336,,,,,0,,ST - Services / Tooling,,,,Requested Delivery Date,2023-11-15 23:59:59.000,USER - 10897,Department 2178,Manual,Order - 0336,Sales order,Main
Order - 0014,,,,,0,,ST - Services / Tooling,,,,Requested Delivery Date,2023-05-23 23:59:59.000,USER - 10897,Department 2178,Manual,Order - 0014,Sales order,Main
Order - 0022,,,,,0,,ST - Services / Tooling,,,,Requested Delivery Date,2023-05-30 23:59:59.000,USER - 10897,Department 2178,Manual,Order - 0022,Sales order,Main
Order - 0029,,,,,0,,ST - Services / Tooling,,,,Requested Delivery Date,2023-05-31 23:59:59.000,USER - 10897,Department 2178,Manual,Order - 0029,Sales order,Main
Order - 1212,,,,,0,,ST - Services / Tooling,,,,Requested Delivery Date,2024-05-31 23:59:59.000,USER - 10897,Department 2178,Manual,Order - 1212,Sales order,Main
Order - 1213,,,,,0,,ST - Services / Tooling,,,,Requested Delivery Date,2024-05-31 23:59:59.000,USER - 10897,Department 2178,Manual,Order - 1213,Sales order,Main
Order - 0263,,,,,0,,ST - Services / Tooling,,,,Requested Delivery Date,2023-10-06 23:59:59.000,USER - 10897,Department 2178,Manual,Order - 0263,Sales order,Main
Order - 0280,,,,,0,,ST - Services / Tooling,,,,Requested Delivery Date,2023-10-13 23:59:59.000,USER - 10897,Department 2178,Manual,Order - 0280,Sales order,Main
Order - 0283,,,,,0,,ST - Services / Tooling,,,,Requested Delivery Date,2023-10-19 23:59:59.000,USER - 10897,Department 2178,Manual,Order - 0283,Sales order,Main
Order - 1241,,,,,0,,ST - Services / Tooling,,,,Requested Delivery Date,2024-06-07 23:59:59.000,USER - 10897,Department 2178,Manual,Order - 1241,Sales order,Main
Order - 0392,,,,,0,,ST - Services / Tooling,,,,Requested Delivery Date,2023-11-29 23:59:59.000,USER - 10897,Department 2178,Manual,Order - 0392,Sales order,Main
Order - 0858,,,,,0,,ST - Services / Tooling,,,,Requested Delivery Date,2024-03-15 23:59:59.000,USER - 10897,Department 2178,Manual,Order - 0858,Sales order,Main
Order - 0788,,,,,0,,ST - Services / Tooling,,,,Requested Delivery Date,2024-02-22 23:59:59.000,USER - 10897,Department 2178,Manual,Order - 0788,Sales order,Main
Order - 0812,,,,,0,,ST - Services / Tooling,,,,Requested Delivery Date,2024-02-29 23:59:59.000,USER - 10897,Department 2178,Manual,Order - 0812,Sales order,Main
Order - 0824,,,,,0,,ST - Services / Tooling,,,,Requested Delivery Date,2024-03-05 23:59:59.000,USER - 10897,Department 2178,Manual,Order - 0824,Sales order,Main
Order - 1301,,,,,0,,ST - Services / Tooling,,,,Requested Delivery Date,2024-06-21 23:59:59.000,USER - 10897,Department 2178,Manual,Order - 1301,Sales order,Main
Order - 0425,,,,,0,,ST - Services / Tooling,,,,Requested Delivery Date,2023-12-07 23:59:59.000,USER - 10897,Department 2178,Manual,Order - 0425,Sales order,Main
Order - 0432,,,,,0,,ST - Services / Tooling,,,,Requested Delivery Date,2023-12-13 23:59:59.000,USER - 10897,Department 2178,Manual,Order - 0432,Sales order,Main
Order - 0447,,,,,0,,ST - Services / Tooling,,,,Requested Delivery Date,2023-12-15 23:59:59.000,USER - 10897,Department 2178,Manual,Order - 0447,Sales order,Main
Order - 0944,,,,,0,,ST - Services / Tooling,,,,Requested Delivery Date,2024-03-29 23:59:59.000,USER - 10897,Department 2178,Manual,Order - 0944,Sales order,Main
Order - 1122,,,,,0,,ST - Services / Tooling,,,,Requested Delivery Date,2024-05-10 23:59:59.000,USER - 10897,Department 2178,Manual,Order - 1122,Sales order,Main
Order - 1123,,,,,0,,ST - Services / Tooling,,,,Requested Delivery Date,2024-05-10 23:59:59.000,USER - 10897,Department 2178,Manual,Order - 1123,Sales order,Main
Order - 0907,,,,,0,,ST - Services / Tooling,,,,Requested Delivery Date,2024-03-21 23:59:59.000,USER - 10897,Department 2178,Manual,Order - 0907,Sales order,Main
Order - 0909,,,,,0,,ST - Services / Tooling,,,,Requested Delivery Date,2024-03-21 23:59:59.000,USER - 10897,Department 2178,Manual,Order - 0909,Sales order,Main
Order - 1366,,,,,0,,ST - Services / Tooling,,,,Requested Delivery Date,2024-07-05 23:59:59.000,USER - 10897,Department 2178,Manual,Order - 1366,Sales order,Main
Order - 0302,,,,,0,,ST - Services / Tooling,,,,Requested Delivery Date,2023-10-30 23:59:59.000,USER - 10897,Department 2178,Manual,Order - 0302,Sales order,Main
Order - 0310,,,,,0,,ST - Services / Tooling,,,,Requested Delivery Date,2023-11-02 23:59:59.000,USER - 10897,Department 2178,Manual,Order - 0310,Sales order,Main
Order - 1015,,,,,0,,ST - Services / Tooling,,,,Requested Delivery Date,2024-04-12 23:59:59.000,USER - 10897,Department 2178,Manual,Order - 1015,Sales order,Main
Order - 1712,,,,,0,,ST - Services / Tooling,,,,Requested Delivery Date,2024-10-04 23:59:59.000,USER - 02130,Department 2222,Manual,Order - 1712,Sales order,Main
Order - 1713,,,,,0,,ST - Services / Tooling,,,,Requested Delivery Date,2024-10-04 23:59:59.000,USER - 02130,Department 2222,Manual,Order - 1713,Sales order,Main
Order - 1609,,,,,0,,ST - Services / Tooling,,,,Requested Delivery Date,2024-09-11 23:59:59.000,USER - 02130,Department 2222,Manual,Order - 1609,Sales order,Main
Order - 1613,,,,,0,,ST - Services / Tooling,,,,Requested Delivery Date,2024-09-11 23:59:59.000,USER - 02130,Department 2222,Manual,Order - 1613,Sales order,Main
Order - 1182,,,,,0,,ST - Services / Tooling,,,,Requested Delivery Date,2024-05-21 23:59:59.000,USER - 02130,Department 2222,Manual,Order - 1182,Sales order,Main
Order - 1183,,,,,0,,ST - Services / Tooling,,,,Requested Delivery Date,2024-05-21 23:59:59.000,USER - 02130,Department 2222,Manual,Order - 1183,Sales order,Main
Order - 1185,,,,,0,,ST - Services / Tooling,,,,Requested Delivery Date,2024-05-21 23:59:59.000,USER - 02130,Department 2222,Manual,Order - 1185,Sales order,Main
Order - 1188,,,,,0,,ST - Services / Tooling,,,,Requested Delivery Date,2024-05-21 23:59:59.000,USER - 02130,Department 2222,Manual,Order - 1188,Sales order,Main
Order - 1109,,,,,0,,ST - Services / Tooling,,,,Requested Delivery Date,2024-05-08 23:59:59.000,USER - 02130,Department 2222,Manual,Order - 1109,Sales order,Main
Order - 1576,,,,,0,,ST - Services / Tooling,,,,Requested Delivery Date,2024-08-30 23:59:59.000,USER - 02130,Department 2222,Manual,Order - 1576,Sales order,Main
Order - 1914,,,,,0,,ST - Services / Tooling,,,,Requested Delivery Date,2024-11-18 23:59:59.000,USER - 02130,Department 2222,Manual,Order - 1914,Sales order,Main
Order - 1943,,,,,0,,ST - Services / Tooling,,,,Requested Delivery Date,2024-11-21 23:59:59.000,USER - 02130,Department 2222,Manual,Order - 1943,Sales order,Main
Order - 1944,,,,,0,,ST - Services / Tooling,,,,Requested Delivery Date,2024-11-21 23:59:59.000,USER - 02130,Department 2222,Manual,Order - 1944,Sales order,Main
Order - 1748,,,,,0,,SO - Standard Order,,,,Requested Delivery Date,2024-10-15 23:59:59.000,USER - 02130,Department 2222,Manual,Order - 1748,Sales order,Main
Order - 1749,,,,,0,,SO - Standard Order,,,,Requested Delivery Date,2024-10-15 23:59:59.000,USER - 02130,Department 2222,Manual,Order - 1749,Sales order,Main
Order - 1858,,,,,0,,SO - Standard Order,,,,Requested Delivery Date,2024-11-04 23:59:59.000,USER - 02130,Department 2222,Manual,Order - 1858,Sales order,Main
Order - 1859,,,,,0,,SO - Standard Order,,,,Requested Delivery Date,2024-11-04 23:59:59.000,USER - 02130,Department 2222,Manual,Order - 1859,Sales order,Main
Order - 1861,,,,,0,,SO - Standard Order,,,,Requested Delivery Date,2024-11-05 23:59:59.000,USER - 02130,Department 2222,Manual,Order - 1861,Sales order,Main
Order - 1884,,,,,0,,SO - Standard Order,,,,Requested Delivery Date,2024-11-12 23:59:59.000,USER - 02130,Department 2222,Manual,Order - 1884,Sales order,Main
Order - 1885,,,,,0,,SO - Standard Order,,,,Requested Delivery Date,2024-11-12 23:59:59.000,USER - 02130,Department 2222,Manual,Order - 1885,Sales order,Main
Order - 1886,,,,,0,,SO - Standard Order,,,,Requested Delivery Date,2024-11-12 23:59:59.000,USER - 02130,Department 2222,Manual,Order - 1886,Sales order,Main
Order - 1903,,,,,0,,SO - Standard Order,,,,Requested Delivery Date,2024-11-13 23:59:59.000,USER - 02130,Department 2222,Manual,Order - 1903,Sales order,Main
Order - 1906,,,,,0,,SO - Standard Order,,,,Requested Delivery Date,2024-11-15 23:59:59.000,USER - 02130,Department 2222,Manual,Order - 1906,Sales order,Main
Order - 1907,,,,,0,,SO - Standard Order,,,,Requested Delivery Date,2024-11-15 23:59:59.000,USER - 02130,Department 2222,Manual,Order - 1907,Sales order,Main
Order - 1915,,,,,0,,SO - Standard Order,,,,Requested Delivery Date,2024-11-19 23:59:59.000,USER - 02130,Department 2222,Manual,Order - 1915,Sales order,Main
Order - 1916,,,,,0,,SO - Standard Order,,,,Requested Delivery Date,2024-11-19 23:59:59.000,USER - 02130,Department 2222,Manual,Order - 1916,Sales order,Main
Order - 1917,,,,,0,,SO - Standard Order,,,,Requested Delivery Date,2024-11-19 23:59:59.000,USER - 02130,Department 2222,Manual,Order - 1917,Sales order,Main
Order - 1918,,,,,0,,SO - Standard Order,,,,Requested Delivery Date,2024-11-19 23:59:59.000,USER - 02130,Department 2222,Manual,Order - 1918,Sales order,Main
Order - 1856,,,,,0,,ST - Services / Tooling,,,,Requested Delivery Date,2024-10-31 23:59:59.000,USER - 02130,Department 2222,Manual,Order - 1856,Sales order,Main
Order - 1857,,,,,0,,ST - Services / Tooling,,,,Requested Delivery Date,2024-11-04 23:59:59.000,USER - 02130,Department 2222,Manual,Order - 1857,Sales order,Main
Order - 1942,,,,,0,,ST - Services / Tooling,,,,Requested Delivery Date,2024-11-21 23:59:59.000,USER - 02130,Department 2222,Manual,Order - 1942,Sales order,Main
Order - 0138,,,,,0,,,,,,Create Delivery,2023-08-08 13:13:55.000,USER - 05724,Department 748,Manual,Delivery - 0096,Delivery,Main
Order - 0139,,,,,0,,,,,,Create Delivery,2023-08-10 08:26:38.000,USER - 05724,Department 748,Manual,Delivery - 0098,Delivery,Main
Order - 0135,,,,,0,,,,,,Create Delivery,2023-08-10 10:56:30.000,USER - 05724,Department 748,Manual,Delivery - 0099,Delivery,Main
Order - 0120,,,,,0,,,,,,Create Delivery,2023-09-22 12:42:38.000,USER - 05724,Department 748,Manual,Delivery - 0160,Delivery,Main
Order - 0228,,,,,0,,,,,,Create Delivery,2023-09-22 12:52:10.000,USER - 05724,Department 748,Manual,Delivery - 0161,Delivery,Main
Order - 0424,,,,,0,,,,,,Create Delivery,2023-12-18 12:15:32.000,USER - 05724,Department 748,Manual,Delivery - 0265,Delivery,Main
Order - 1876,,,,,0,,,,,,Create Delivery,2024-12-18 12:03:06.000,USER - 05724,Department 748,Manual,Delivery - 0626,Delivery,Main
Order - 0768,,,,,0,,,,,,Create Delivery,2024-08-02 09:41:41.000,USER - 05724,Department 748,Manual,Delivery - 0511,Delivery,Main
Order - 0768,,,,,0,,,,,,Create Delivery,2024-08-07 11:55:28.000,USER - 05724,Department 748,Manual,Delivery - 0514,Delivery,Main
Order - 0112,,,,,0,,,,,,Create Delivery,2023-07-31 12:56:10.000,USER - 05724,Department 748,Manual,Delivery - 0086,Delivery,Main
Order - 0134,,,,,0,,,,,,Create Delivery,2023-08-02 12:23:36.000,USER - 05724,Department 748,Manual,Delivery - 0088,Delivery,Main
Order - 0016,,,,,0,,,,,,Create Delivery,2023-08-03 08:17:11.000,USER - 05724,Department 748,Manual,Delivery - 0089,Delivery,Main
Order - 0135,,,,,0,,,,,,Create Delivery,2023-08-07 09:46:05.000,USER - 05724,Department 748,Manual,Delivery - 0091,Delivery,Main
Order - 0120,,,,,0,,,,,,Create Delivery,2023-08-07 11:09:26.000,USER - 05724,Department 748,Manual,Delivery - 0092,Delivery,Main
Order - 0792,,,,,0,,,,,,Create Delivery,2024-12-18 11:30:40.000,USER - 05724,Department 748,Manual,Delivery - 0625,Delivery,Main
Order - 0015,,,,,0,,,,,,Create Delivery,2023-07-21 10:42:23.000,USER - 05724,Department 748,Manual,Delivery - 0069,Delivery,Main
Order - 0118,,,,,0,,,,,,Create Delivery,2023-07-25 09:09:15.000,USER - 05724,Department 748,Manual,Delivery - 0072,Delivery,Main
Order - 0016,,,,,0,,,,,,Create Delivery,2023-07-26 12:15:01.000,USER - 05724,Department 748,Manual,Delivery - 0077,Delivery,Main
Order - 0114,,,,,0,,,,,,Create Delivery,2023-07-31 10:48:18.000,USER - 05724,Department 748,Manual,Delivery - 0083,Delivery,Main
Order - 0120,,,,,0,,,,,,Create Delivery,2023-07-31 11:39:17.000,USER - 05724,Department 748,Manual,Delivery - 0084,Delivery,Main
Order - 0113,,,,,0,,,,,,Create Delivery,2023-07-31 12:50:20.000,USER - 05724,Department 748,Manual,Delivery - 0085,Delivery,Main
Order - 0379,,,,,0,,,,,,Create Delivery,2024-03-21 13:10:16.000,USER - 05724,Department 748,Manual,Delivery - 0365,Delivery,Main
Order - 0077,,,,,0,,,,,,Create Delivery,2023-07-04 11:10:32.000,USER - 05724,Department 748,Manual,Delivery - 0048,Delivery,Main
Order - 0041,,,,,0,,,,,,Create Delivery,2023-07-06 15:21:00.000,USER - 05724,Department 748,Manual,Delivery - 0052,Delivery,Main
Order - 0079,,,,,0,,,,,,Create Delivery,2023-07-07 11:55:50.000,USER - 05724,Department 748,Manual,Delivery - 0057,Delivery,Main
Order - 0079,,,,,0,,,,,,Create Delivery,2023-07-14 11:45:08.000,USER - 05724,Department 748,Manual,Delivery - 0064,Delivery,Main
Order - 0080,,,,,0,,,,,,Create Delivery,2023-07-14 12:34:39.000,USER - 05724,Department 748,Manual,Delivery - 0065,Delivery,Main
Order - 0015,,,,,0,,,,,,Create Freight Order,2023-07-21 10:46:21.000,USER - 03676,Department 751,Manual,FREIGHT - 00089,Freight Order,Main
Order - 0015,,,,,0,,,,,,Create Freight Order,2023-07-07 13:09:55.000,USER - 03676,Department 751,Manual,FREIGHT - 00074,Freight Order,Main
Order - 0098,,,,,0,,,,,,Create Freight Order,2023-07-11 09:02:59.000,USER - 03676,Department 751,Manual,FREIGHT - 00075,Freight Order,Main
Order - 0099,,,,,0,,,,,,Create Freight Order,2023-07-11 09:09:23.000,USER - 03676,Department 751,Manual,FREIGHT - 00076,Freight Order,Main
Order - 0100,,,,,0,,,,,,Create Freight Order,2023-07-11 12:54:02.000,USER - 03676,Department 751,Manual,FREIGHT - 00077,Freight Order,Main
Order - 0103,,,,,0,,,,,,Create Freight Order,2023-07-13 11:36:33.000,USER - 03676,Department 751,Manual,FREIGHT - 00078,Freight Order,Main
Order - 0015,,,,,0,,,,,,Create Freight Order,2023-07-14 10:55:16.000,USER - 03676,Department 751,Manual,FREIGHT - 00079,Freight Order,Main
Order - 0041,,,,,0,,,,,,Create Freight Order,2023-07-06 15:54:38.000,USER - 03676,Department 751,Manual,FREIGHT - 00067,Freight Order,Main
Order - 0092,,,,,0,,,,,,Create Freight Order,2023-07-06 15:58:34.000,USER - 03676,Department 751,Manual,FREIGHT - 00068,Freight Order,Main
Order - 0093,,,,,0,,,,,,Create Freight Order,2023-07-06 16:06:07.000,USER - 03676,Department 751,Manual,FREIGHT - 00069,Freight Order,Main
Order - 0094,,,,,0,,,,,,Create Freight Order,2023-07-07 08:30:15.000,USER - 03676,Department 751,Manual,FREIGHT - 00070,Freight Order,Main
Order - 0095,,,,,0,,,,,,Create Freight Order,2023-07-07 08:40:06.000,USER - 03676,Department 751,Manual,FREIGHT - 00071,Freight Order,Main
Order - 0015,,,,,0,,,,,,Create Freight Order,2023-07-07 13:08:02.000,USER - 03676,Department 751,Manual,FREIGHT - 00073,Freight Order,Main
Order - 1672,,,,,0,,,,,,Create Freight Order,2024-09-26 15:24:04.000,USER - 03676,Department 751,Manual,FREIGHT - 00589,Freight Order,Main
Order - 1674,,,,,0,,,,,,Create Freight Order,2024-09-26 15:35:34.000,USER - 03676,Department 751,Manual,FREIGHT - 00590,Freight Order,Main
Order - 1675,,,,,0,,,,,,Create Freight Order,2024-09-26 15:38:16.000,USER - 03676,Department 751,Manual,FREIGHT - 00591,Freight Order,Main
Order - 0086,,,,,0,,,,,,Create Freight Order,2023-07-04 12:00:15.000,USER - 03676,Department 751,Manual,FREIGHT - 00063,Freight Order,Main
Order - 0087,,,,,0,,,,,,Create Freight Order,2023-07-04 12:03:33.000,USER - 03676,Department 751,Manual,FREIGHT - 00064,Freight Order,Main
Order - 0088,,,,,0,,,,,,Create Freight Order,2023-07-04 12:34:33.000,USER - 03676,Department 751,Manual,FREIGHT - 00065,Freight Order,Main
Order - 1665,,,,,0,,,,,,Create Freight Order,2024-09-26 14:53:10.000,USER - 03676,Department 751,Manual,FREIGHT - 00583,Freight Order,Main
Order - 1666,,,,,0,,,,,,Create Freight Order,2024-09-26 15:01:41.000,USER - 03676,Department 751,Manual,FREIGHT - 00584,Freight Order,Main
Order - 1667,,,,,0,,,,,,Create Freight Order,2024-09-26 15:05:05.000,USER - 03676,Department 751,Manual,FREIGHT - 00585,Freight Order,Main
Order - 1668,,,,,0,,,,,,Create Freight Order,2024-09-26 15:12:00.000,USER - 03676,Department 751,Manual,FREIGHT - 00586,Freight Order,Main
Order - 1670,,,,,0,,,,,,Create Freight Order,2024-09-26 15:16:16.000,USER - 03676,Department 751,Manual,FREIGHT - 00587,Freight Order,Main
Order - 1671,,,,,0,,,,,,Create Freight Order,2024-09-26 15:22:09.000,USER - 03676,Department 751,Manual,FREIGHT - 00588,Freight Order,Main
Order - 1608,,,,,0,,,,,,Create Freight Order,2024-09-11 08:49:15.000,USER - 03676,Department 751,Manual,FREIGHT - 00577,Freight Order,Main
Order - 1597,,,,,0,,,,,,Create Freight Order,2024-09-13 10:41:45.000,USER - 03676,Department 751,Manual,FREIGHT - 00578,Freight Order,Main
Order - 1624,,,,,0,,,,,,Create Freight Order,2024-09-16 13:46:45.000,USER - 03676,Department 751,Manual,FREIGHT - 00579,Freight Order,Main
Order - 1597,,,,,0,,,,,,Create Freight Order,2024-09-17 14:56:46.000,USER - 03676,Department 751,Manual,FREIGHT - 00580,Freight Order,Main
Order - 1275,,,,,0,,,,,,Create Freight Order,2024-09-24 10:50:29.000,USER - 03676,Department 751,Manual,FREIGHT - 00581,Freight Order,Main
Order - 1664,,,,,0,,,,,,Create Freight Order,2024-09-26 14:23:32.000,USER - 03676,Department 751,Manual,FREIGHT - 00582,Freight Order,Main
Order - 1571,,,,,0,,,,,,Create Freight Order,2024-08-29 11:00:07.000,USER - 03676,Department 751,Manual,FREIGHT - 00571,Freight Order,Main
Order - 1275,,,,,0,,,,,,Create Freight Order,2024-08-30 09:22:01.000,USER - 03676,Department 751,Manual,FREIGHT - 00572,Freight Order,Main
Order - 1312,,,,,0,,,,,,Create Freight Order,2024-08-30 11:32:35.000,USER - 03676,Department 751,Manual,FREIGHT - 00573,Freight Order,Main
Order - 1596,,,,,0,,,,,,Create Freight Order,2024-09-04 15:03:53.000,USER - 03676,Department 751,Manual,FREIGHT - 00574,Freight Order,Main
Order - 1597,,,,,0,,,,,,Create Freight Order,2024-09-05 09:42:51.000,USER - 03676,Department 751,Manual,FREIGHT - 00575,Freight Order,Main
Order - 1275,,,,,0,,,,,,Create Freight Order,2024-09-09 08:40:11.000,USER - 03676,Department 751,Manual,FREIGHT - 00576,Freight Order,Main
Order - 1531,,,,,0,,,,,,Create Freight Order,2024-08-21 15:22:39.000,USER - 03676,Department 751,Manual,FREIGHT - 00565,Freight Order,Main
Order - 0680,,,,,0,,,,,,Create Freight Order,2024-02-06 10:13:51.000,USER - 03676,Department 751,Manual,FREIGHT - 00342,Freight Order,Main
Order - 0185,,,,,0,,,,,,Create Freight Order,2024-01-18 09:03:36.000,USER - 03676,Department 751,Manual,FREIGHT - 00325,Freight Order,Main
Order - 0601,,,,,0,,,,,,Create Freight Order,2024-01-18 12:51:35.000,USER - 03676,Department 751,Manual,FREIGHT - 00327,Freight Order,Main
Order - 0602,,,,,0,,,,,,Create Freight Order,2024-01-18 13:07:35.000,USER - 03676,Department 751,Manual,FREIGHT - 00328,Freight Order,Main
Order - 0606,,,,,0,,,,,,Create Freight Order,2024-01-19 09:27:32.000,USER - 03676,Department 751,Manual,FREIGHT - 00329,Freight Order,Main
Order - 0603,,,,,0,,,,,,Create Freight Order,2024-01-19 13:27:38.000,USER - 03676,Department 751,Manual,FREIGHT - 00330,Freight Order,Main
Order - 0607,,,,,0,,,,,,Create Freight Order,2024-01-22 09:28:12.000,USER - 03676,Department 751,Manual,FREIGHT - 00331,Freight Order,Main
Order - 0595,,,,,0,,,,,,Create Freight Order,2024-01-12 08:28:08.000,USER - 03676,Department 751,Manual,FREIGHT - 00319,Freight Order,Main
Order - 0591,,,,,0,,,,,,Create Freight Order,2024-01-12 09:53:18.000,USER - 03676,Department 751,Manual,FREIGHT - 00320,Freight Order,Main
Order - 0596,,,,,0,,,,,,Create Freight Order,2024-01-15 13:25:58.000,USER - 03676,Department 751,Manual,FREIGHT - 00321,Freight Order,Main
Order - 0597,,,,,0,,,,,,Create Freight Order,2024-01-16 11:06:28.000,USER - 03676,Department 751,Manual,FREIGHT - 00322,Freight Order,Main
Order - 0598,,,,,0,,,,,,Create Freight Order,2024-01-16 11:11:30.000,USER - 03676,Department 751,Manual,FREIGHT - 00323,Freight Order,Main
Order - 0600,,,,,0,,,,,,Create Freight Order,2024-01-17 13:43:30.000,USER - 03676,Department 751,Manual,FREIGHT - 00324,Freight Order,Main
Order - 0589,,,,,0,,,,,,Create Freight Order,2024-01-04 15:15:25.000,USER - 03676,Department 751,Manual,FREIGHT - 00313,Freight Order,Main
Order - 0590,,,,,0,,,,,,Create Freight Order,2024-01-04 15:18:27.000,USER - 03676,Department 751,Manual,FREIGHT - 00314,Freight Order,Main
Order - 0185,,,,,0,,,,,,Create Freight Order,2024-01-05 11:01:17.000,USER - 03676,Department 751,Manual,FREIGHT - 00315,Freight Order,Main
Order - 0379,,,,,0,,,,,,Create Freight Order,2024-01-11 12:27:41.000,USER - 03676,Department 751,Manual,FREIGHT - 00316,Freight Order,Main
Order - 0592,,,,,0,,,,,,Create Freight Order,2024-01-11 14:43:59.000,USER - 03676,Department 751,Manual,FREIGHT - 00317,Freight Order,Main
Order - 0593,,,,,0,,,,,,Create Freight Order,2024-01-11 14:46:57.000,USER - 03676,Department 751,Manual,FREIGHT - 00318,Freight Order,Main
Order - 0555,,,,,0,,,,,,Create Freight Order,2023-12-20 11:36:07.000,USER - 03676,Department 751,Manual,FREIGHT - 00307,Freight Order,Main
Order - 0583,,,,,0,,,,,,Create Freight Order,2024-01-03 12:19:44.000,USER - 03676,Department 751,Manual,FREIGHT - 00308,Freight Order,Main
Order - 0584,,,,,0,,,,,,Create Freight Order,2024-01-03 14:04:41.000,USER - 03676,Department 751,Manual,FREIGHT - 00309,Freight Order,Main
Order - 0585,,,,,0,,,,,,Create Freight Order,2024-01-04 13:23:59.000,USER - 03676,Department 751,Manual,FREIGHT - 00310,Freight Order,Main
Order - 0586,,,,,0,,,,,,Create Freight Order,2024-01-04 13:26:45.000,USER - 03676,Department 751,Manual,FREIGHT - 00311,Freight Order,Main
Order - 0588,,,,,0,,,,,,Create Freight Order,2024-01-04 15:09:18.000,USER - 03676,Department 751,Manual,FREIGHT - 00312,Freight Order,Main
Order - 0424,,,,,0,,,,,,Create Freight Order,2023-12-11 11:57:46.000,USER - 03676,Department 751,Manual,FREIGHT - 00300,Freight Order,Main
Order - 0173,,,,,0,,,,,,Create Freight Order,2023-12-14 11:49:01.000,USER - 03676,Department 751,Manual,FREIGHT - 00301,Freight Order,Main
Order - 0379,,,,,0,,,,,,Create Freight Order,2023-12-14 12:12:51.000,USER - 03676,Department 751,Manual,FREIGHT - 00302,Freight Order,Main
Order - 0495,,,,,0,,,,,,Create Freight Order,2023-12-19 11:45:22.000,USER - 03676,Department 751,Manual,FREIGHT - 00304,Freight Order,Main
Order - 0513,,,,,0,,,,,,Create Freight Order,2023-12-19 13:03:28.000,USER - 03676,Department 751,Manual,FREIGHT - 00305,Freight Order,Main
Order - 0554,,,,,0,,,,,,Create Freight Order,2023-12-20 11:31:04.000,USER - 03676,Department 751,Manual,FREIGHT - 00306,Freight Order,Main
Order - 0173,,,,,0,,,,,,Create Freight Order,2023-11-29 11:24:58.000,USER - 03676,Department 751,Manual,FREIGHT - 00289,Freight Order,Main
Order - 0396,,,,,0,,,,,,Create Freight Order,2023-11-29 11:36:21.000,USER - 03676,Department 751,Manual,FREIGHT - 00290,Freight Order,Main
Order - 0186,,,,,0,,,,,,Create Freight Order,2023-12-01 08:25:54.000,USER - 03676,Department 751,Manual,FREIGHT - 00291,Freight Order,Main
Order - 0186,,,,,0,,,,,,Create Freight Order,2023-12-04 14:53:00.000,USER - 03676,Department 751,Manual,FREIGHT - 00292,Freight Order,Main
Order - 0427,,,,,0,,,,,,Create Freight Order,2023-12-08 11:14:00.000,USER - 03676,Department 751,Manual,FREIGHT - 00298,Freight Order,Main
Order - 0428,,,,,0,,,,,,Create Freight Order,2023-12-08 11:18:29.000,USER - 03676,Department 751,Manual,FREIGHT - 00299,Freight Order,Main
Order - 0337,,,,,0,,,,,,Create Freight Order,2023-11-23 12:19:30.000,USER - 03676,Department 751,Manual,FREIGHT - 00283,Freight Order,Main
Order - 0027,,,,,0,,,,,,Sales order is changed,2023-05-31 14:50:00.000,USER - 04201,Department 1601,Manual,Order - 0027,Sales order,Change
Order - 1769,,,,,0,,,,,,Sales order is changed,2024-10-22 12:01:00.000,USER - 10897,Department 2178,Manual,Order - 1769,Sales order,Change
Order - 1386,,,,,0,,,,,,Sales order is changed,2024-07-18 10:18:00.000,USER - 10897,Department 2178,Manual,Order - 1386,Sales order,Change
Order - 1798,,,,,0,,,,,,Sales order is changed,2024-11-04 10:43:00.000,USER - 09841,NULL,NULL,Order - 1798,Sales order,Change
Order - 0080,,,,,0,,,,,,Delivery is changed,2023-07-14 12:57:00.000,USER - 10696,Department 749,Manual,Delivery - 0065,Delivery,Change
Order - 0016,,,,,0,,,,,,Delivery is changed,2023-05-25 15:17:00.000,USER - 07543,Department 752,Manual,Delivery - 0004,Delivery,Change
Order - 0015,,,,,0,,,,,,Delivery is changed,2023-06-22 11:41:00.000,USER - 03676,Department 751,Manual,Delivery - 0020,Delivery,Change
Order - 1597,,,,,0,,,,,,Delivery is changed,2024-09-13 11:19:00.000,USER - 03676,Department 751,Manual,Delivery - 0536,Delivery,Change
Order - 0041,,,,,0,,,,,,Delivery is changed,2023-07-06 15:53:00.000,USER - 03676,Department 751,Manual,Delivery - 0052,Delivery,Change
Order - 1538,CUST - 035,Customer 35,US,External,381.67,USD,ST - Services / Tooling,Company 2,NULL,NULL,Create Sales Order,2024-08-21 19:48:18.000,USER - 02130,Department 2222,Manual,Order - 1538,Sales order,Main
Order - 1101,CUST - 035,Customer 35,US,External,19855.4,USD,ST - Services / Tooling,Company 2,NULL,NULL,Create Sales Order,2024-05-08 20:48:35.000,USER - 02130,Department 2222,Manual,Order - 1101,Sales order,Main
Order - 1640,CUST - 035,Customer 35,US,External,5623.9,USD,ST - Services / Tooling,Company 2,NULL,NULL,Create Sales Order,2024-09-17 23:07:43.000,USER - 02130,Department 2222,Manual,Order - 1640,Sales order,Main
Order - 1704,CUST - 035,Customer 35,US,External,675.07,USD,ST - Services / Tooling,Company 2,NULL,NULL,Create Sales Order,2024-10-04 18:33:05.000,USER - 02130,Department 2222,Manual,Order - 1704,Sales order,Main
Order - 1744,CUST - 035,Customer 35,US,External,3313.3,USD,ST - Services / Tooling,Company 2,NULL,NULL,Create Sales Order,2024-10-14 21:50:27.000,USER - 02130,Department 2222,Manual,Order - 1744,Sales order,Main
Order - 0409,CUST - 035,Customer 35,US,External,19826.78,USD,ST - Services / Tooling,Company 2,NULL,NULL,Create Sales Order,2023-11-29 18:31:19.000,USER - 02130,Department 2222,Manual,Order - 0409,Sales order,Main
Order - 1785,CUST - 035,Customer 35,US,External,1480.53,USD,ST - Services / Tooling,Company 2,NULL,NULL,Create Sales Order,2024-10-22 22:14:59.000,USER - 02130,Department 2222,Manual,Order - 1785,Sales order,Main
Order - 1658,CUST - 035,Customer 35,US,External,1475.64,USD,ST - Services / Tooling,Company 2,NULL,NULL,Create Sales Order,2024-09-25 00:17:34.000,USER - 02130,Department 2222,Manual,Order - 1658,Sales order,Main
Order - 1864,CUST - 035,Customer 35,US,External,4203.1,USD,ST - Services / Tooling,Company 2,NULL,NULL,Create Sales Order,2024-11-05 14:41:05.000,USER - 02130,Department 2222,Manual,Order - 1864,Sales order,Main
Order - 1034,CUST - 050,Customer 50,MX,Internal,5101,USD,ST - Services / Tooling,Company 2,NULL,NULL,Create Sales Order,2024-04-16 19:29:15.000,USER - 02130,Department 2222,Manual,Order - 1034,Sales order,Main
Order - 0675,CUST - 050,Customer 50,MX,Internal,78045,USD,ST - Services / Tooling,Company 2,NULL,NULL,Create Sales Order,2024-02-01 16:02:59.000,USER - 02130,Department 2222,Manual,Order - 0675,Sales order,Main
Order - 0678,CUST - 050,Customer 50,MX,Internal,78045,USD,ST - Services / Tooling,Company 2,NULL,NULL,Create Sales Order,2024-02-01 17:54:25.000,USER - 02130,Department 2222,Manual,Order - 0678,Sales order,Main
Order - 1455,CUST - 050,Customer 50,MX,Internal,2281,USD,ST - Services / Tooling,Company 2,NULL,NULL,Create Sales Order,2024-07-30 18:35:32.000,USER - 02130,Department 2222,Manual,Order - 1455,Sales order,Main
Order - 1793,CUST - 066,Customer 66,GB,External,1000,GBP,ST - Services / Tooling,Company 3,NULL,NULL,Create Sales Order,2024-10-23 11:22:38.000,USER - 02130,Department 2222,Manual,Order - 1793,Sales order,Main
Order - 1794,CUST - 066,Customer 66,GB,External,8000,GBP,ST - Services / Tooling,Company 3,NULL,NULL,Create Sales Order,2024-10-23 11:29:56.000,USER - 02130,Department 2222,Manual,Order - 1794,Sales order,Main
Order - 1919,CUST - 005,Customer 5,DE,Internal,2602.5,EUR,SO - Standard Order,Company 1,NULL,NULL,Create Sales Order,2024-11-19 13:03:35.000,USER - 02130,Department 2222,Manual,Order - 1919,Sales order,Main
Order - 1939,CUST - 005,Customer 5,DE,Internal,43753.98,EUR,ST - Services / Tooling,Company 1,NULL,NULL,Create Sales Order,2024-11-21 15:14:44.000,USER - 02130,Department 2222,Manual,Order - 1939,Sales order,Main
Order - 1860,CUST - 020,Customer 20,ES,External,52000,EUR,ST - Services / Tooling,Company 1,NULL,NULL,Create Sales Order,2024-11-04 12:26:02.000,USER - 02130,Department 2222,Manual,Order - 1860,Sales order,Main
Order - 1940,CUST - 083,Customer 83,JP,External,17465,EUR,ST - Services / Tooling,Company 3,NULL,NULL,Create Sales Order,2024-11-21 16:01:49.000,USER - 02130,Department 2222,Manual,Order - 1940,Sales order,Main
Order - 0342,CUST - 034,Customer 34,US,External,283.25,USD,ST - Services / Tooling,Company 2,NULL,NULL,Create Sales Order,2023-11-17 15:44:12.000,USER - 02130,Department 2222,Manual,Order - 0342,Sales order,Main
Order - 0351,CUST - 034,Customer 34,US,External,740.85,USD,ST - Services / Tooling,Company 2,NULL,NULL,Create Sales Order,2023-11-20 15:11:23.000,USER - 02130,Department 2222,Manual,Order - 0351,Sales order,Main
Order - 0353,CUST - 034,Customer 34,US,External,294.8,USD,ST - Services / Tooling,Company 2,NULL,NULL,Create Sales Order,2023-11-20 16:35:30.000,USER - 02130,Department 2222,Manual,Order - 0353,Sales order,Main
Order - 0358,CUST - 034,Customer 34,US,External,589.6,USD,ST - Services / Tooling,Company 2,NULL,NULL,Create Sales Order,2023-11-20 17:47:05.000,USER - 02130,Department 2222,Manual,Order - 0358,Sales order,Main
Order - 0328,CUST - 008,Customer 8,PL,External,1077.29,PLN,ST - Services / Tooling,Company 1,NULL,NULL,Create Sales Order,2023-11-13 16:02:41.000,USER - 10897,Department 2178,Manual,Order - 0328,Sales order,Main
Order - 0102,CUST - 008,Customer 8,PL,External,2848,PLN,ST - Services / Tooling,Company 1,NULL,NULL,Create Sales Order,2023-07-11 19:42:00.000,USER - 10897,Department 2178,Manual,Order - 0102,Sales order,Main
Order - 0587,CUST - 008,Customer 8,PL,External,1285.75,PLN,ST - Services / Tooling,Company 1,NULL,NULL,Create Sales Order,2024-01-04 14:17:48.000,USER - 10897,Department 2178,Manual,Order - 0587,Sales order,Main
Order - 1368,CUST - 008,Customer 8,PL,External,5225.82,PLN,ST - Services / Tooling,Company 1,NULL,NULL,Create Sales Order,2024-07-05 15:46:08.000,USER - 10897,Department 2178,Manual,Order - 1368,Sales order,Main
Order - 1121,CUST - 008,Customer 8,PL,External,2730.04,PLN,ST - Services / Tooling,Company 1,NULL,NULL,Create Sales Order,2024-05-10 10:27:10.000,USER - 10897,Department 2178,Manual,Order - 1121,Sales order,Main
Order - 1243,CUST - 008,Customer 8,PL,External,4050.4,PLN,ST - Services / Tooling,Company 1,NULL,NULL,Create Sales Order,2024-06-10 08:03:58.000,USER - 10897,Department 2178,Manual,Order - 1243,Sales order,Main
Order - 0840,CUST - 008,Customer 8,PL,External,1971.66,PLN,ST - Services / Tooling,Company 1,NULL,NULL,Create Sales Order,2024-03-07 13:45:13.000,USER - 10897,Department 2178,Manual,Order - 0840,Sales order,Main
Order - 1317,CUST - 003,Customer 3,ES,External,82273,EUR,ST - Services / Tooling,Company 1,NULL,NULL,Create Sales Order,2024-06-28 15:23:27.000,USER - 10897,Department 2178,Manual,Order - 1317,Sales order,Main
Order - 0231,CUST - 006,Customer 6,PL,External,7690.9,PLN,ST - Services / Tooling,Company 1,NULL,NULL,Create Sales Order,2023-09-19 21:28:37.000,USER - 10897,Department 2178,Manual,Order - 0231,Sales order,Main
Order - 0401,CUST - 042,Customer 42,ES,External,90345.61,EUR,ST - Services / Tooling,Company 1,NULL,NULL,Create Sales Order,2023-11-29 14:44:23.000,USER - 10897,Department 2178,Manual,Order - 0401,Sales order,Main
Order - 0548,CUST - 003,Customer 3,ES,External,35613,EUR,ST - Services / Tooling,Company 1,NULL,NULL,Create Sales Order,2023-12-20 08:28:03.000,USER - 10897,Department 2178,Manual,Order - 0548,Sales order,Main
Order - 0137,CUST - 003,Customer 3,ES,External,536023,EUR,ST - Services / Tooling,Company 1,NULL,NULL,Create Sales Order,2023-08-04 09:13:49.000,USER - 10897,Department 2178,Manual,Order - 0137,Sales order,Main
Order - 1452,CUST - 001,Customer 1,FR,External,19305,EUR,ST - Services / Tooling,Company 1,NULL,NULL,Create Sales Order,2024-07-30 17:12:11.000,USER - 10897,Department 2178,Manual,Order - 1452,Sales order,Main
Order - 0165,CUST - 021,Customer 21,RO,External,-2317.28,EUR,ST - Services / Tooling,Company 1,NULL,NULL,Create Sales Order,2023-08-18 17:35:29.000,USER - 10897,Department 2178,Manual,Order - 0165,Sales order,Main
Order - 0166,CUST - 022,Customer 22,FR,External,-8012.59,EUR,ST - Services / Tooling,Company 1,NULL,NULL,Create Sales Order,2023-08-18 17:39:50.000,USER - 10897,Department 2178,Manual,Order - 0166,Sales order,Main
Order - 0203,CUST - 027,Customer 27,MA,External,171235,EUR,ST - Services / Tooling,Company 1,NULL,NULL,Create Sales Order,2023-09-07 12:38:44.000,USER - 10897,Department 2178,Manual,Order - 0203,Sales order,Main
Order - 1128,CUST - 001,Customer 1,FR,External,161200,EUR,ST - Services / Tooling,Company 1,NULL,NULL,Create Sales Order,2024-05-13 12:19:07.000,USER - 10897,Department 2178,Manual,Order - 1128,Sales order,Main
Order - 0187,CUST - 006,Customer 6,PL,External,2733.65,PLN,ST - Services / Tooling,Company 1,NULL,NULL,Create Sales Order,2023-08-29 15:22:38.000,USER - 10897,Department 2178,Manual,Order - 0187,Sales order,Main
Order - 0189,CUST - 006,Customer 6,PL,External,6594.6,PLN,ST - Services / Tooling,Company 1,NULL,NULL,Create Sales Order,2023-08-29 15:42:27.000,USER - 10897,Department 2178,Manual,Order - 0189,Sales order,Main
Order - 0207,CUST - 006,Customer 6,PL,External,7072.45,PLN,ST - Services / Tooling,Company 1,NULL,NULL,Create Sales Order,2023-09-07 20:39:22.000,USER - 10897,Department 2178,Manual,Order - 0207,Sales order,Main
Order - 0263,CUST - 006,Customer 6,PL,External,4085.25,PLN,ST - Services / Tooling,Company 1,NULL,NULL,Create Sales Order,2023-10-06 10:56:41.000,USER - 10897,Department 2178,Manual,Order - 0263,Sales order,Main
Order - 0280,CUST - 006,Customer 6,PL,External,5553,PLN,ST - Services / Tooling,Company 1,NULL,NULL,Create Sales Order,2023-10-13 15:31:31.000,USER - 10897,Department 2178,Manual,Order - 0280,Sales order,Main
Order - 0283,CUST - 006,Customer 6,PL,External,4207.3,PLN,ST - Services / Tooling,Company 1,NULL,NULL,Create Sales Order,2023-10-19 08:47:53.000,USER - 10897,Department 2178,Manual,Order - 0283,Sales order,Main
Order - 1163,CUST - 001,Customer 1,FR,External,60000,EUR,ST - Services / Tooling,Company 1,NULL,NULL,Create Sales Order,2024-05-17 16:02:52.000,USER - 10897,Department 2178,Manual,Order - 1163,Sales order,Main
Order - 1575,CUST - 014,Customer 14,DE,External,-70400,EUR,ST - Services / Tooling,Company 1,NULL,NULL,Create Sales Order,2024-08-29 16:40:31.000,USER - 10897,Department 2178,Manual,Order - 1575,Sales order,Main
Order - 1577,CUST - 014,Customer 14,DE,External,70400,EUR,ST - Services / Tooling,Company 1,NULL,NULL,Create Sales Order,2024-09-02 13:00:22.000,USER - 10897,Department 2178,Manual,Order - 1577,Sales order,Main
Order - 1479,CUST - 014,Customer 14,DE,External,41275,EUR,ST - Services / Tooling,Company 1,NULL,NULL,Create Sales Order,2024-08-01 14:54:13.000,USER - 10897,Department 2178,Manual,Order - 1479,Sales order,Main
Order - 0108,CUST - 014,Customer 14,DE,External,2041,EUR,ST - Services / Tooling,Company 1,NULL,NULL,Create Sales Order,2023-07-19 12:33:04.000,USER - 10897,Department 2178,Manual,Order - 0108,Sales order,Main
Order - 0611,CUST - 014,Customer 14,DE,External,-1415.16,EUR,ST - Services / Tooling,Company 1,NULL,NULL,Create Sales Order,2024-01-26 09:37:25.000,USER - 10897,Department 2178,Manual,Order - 0611,Sales order,Main
Order - 0612,CUST - 014,Customer 14,DE,External,-40502.16,EUR,ST - Services / Tooling,Company 1,NULL,NULL,Create Sales Order,2024-01-26 09:45:14.000,USER - 10897,Department 2178,Manual,Order - 0612,Sales order,Main
Order - 0613,CUST - 014,Customer 14,DE,External,2808,EUR,ST - Services / Tooling,Company 1,NULL,NULL,Create Sales Order,2024-01-26 09:48:21.000,USER - 10897,Department 2178,Manual,Order - 0613,Sales order,Main
Order - 0614,CUST - 014,Customer 14,DE,External,126.36,EUR,ST - Services / Tooling,Company 1,NULL,NULL,Create Sales Order,2024-01-26 09:51:35.000,USER - 10897,Department 2178,Manual,Order - 0614,Sales order,Main
Order - 0321,CUST - 014,Customer 14,DE,External,2041,EUR,ST - Services / Tooling,Company 1,NULL,NULL,Create Sales Order,2023-11-09 12:18:28.000,USER - 10897,Department 2178,Manual,Order - 0321,Sales order,Main
Order - 0516,CUST - 014,Customer 14,DE,External,1415.16,EUR,ST - Services / Tooling,Company 1,NULL,NULL,Create Sales Order,2023-12-19 13:40:27.000,USER - 10897,Department 2178,Manual,Order - 0516,Sales order,Main
Order - 0517,CUST - 014,Customer 14,DE,External,279155.04,EUR,ST - Services / Tooling,Company 1,NULL,NULL,Create Sales Order,2023-12-19 13:43:02.000,USER - 10897,Department 2178,Manual,Order - 0517,Sales order,Main
Order - 0518,CUST - 014,Customer 14,DE,External,16450.56,EUR,ST - Services / Tooling,Company 1,NULL,NULL,Create Sales Order,2023-12-19 13:48:31.000,USER - 10897,Department 2178,Manual,Order - 0518,Sales order,Main
Order - 0519,CUST - 014,Customer 14,DE,External,40502.16,EUR,ST - Services / Tooling,Company 1,NULL,NULL,Create Sales Order,2023-12-19 13:57:08.000,USER - 10897,Department 2178,Manual,Order - 0519,Sales order,Main
Order - 0520,CUST - 014,Customer 14,DE,External,15912,EUR,ST - Services / Tooling,Company 1,NULL,NULL,Create Sales Order,2023-12-19 13:59:15.000,USER - 10897,Department 2178,Manual,Order - 0520,Sales order,Main
Order - 0044,CUST - 006,Customer 6,PL,External,7370.3,PLN,ST - Services / Tooling,Company 1,NULL,NULL,Create Sales Order,2023-06-07 14:11:54.000,USER - 10897,Department 2178,Manual,Order - 0044,Sales order,Main
Order - 0055,CUST - 006,Customer 6,PL,External,6553.3,PLN,ST - Services / Tooling,Company 1,NULL,NULL,Create Sales Order,2023-06-18 21:17:06.000,USER - 10897,Department 2178,Manual,Order - 0055,Sales order,Main
Order - 0065,CUST - 006,Customer 6,PL,External,6585.4,PLN,ST - Services / Tooling,Company 1,NULL,NULL,Create Sales Order,2023-06-26 12:46:28.000,USER - 10897,Department 2178,Manual,Order - 0065,Sales order,Main
Order - 0073,CUST - 006,Customer 6,PL,External,8177.7,PLN,ST - Services / Tooling,Company 1,NULL,NULL,Create Sales Order,2023-06-28 15:57:48.000,USER - 10897,Department 2178,Manual,Order - 0073,Sales order,Main
Order - 0127,CUST - 006,Customer 6,PL,External,5703.2,PLN,ST - Services / Tooling,Company 1,NULL,NULL,Create Sales Order,2023-07-27 16:08:20.000,USER - 10897,Department 2178,Manual,Order - 0127,Sales order,Main
Order - 0132,CUST - 006,Customer 6,PL,External,4109,PLN,ST - Services / Tooling,Company 1,NULL,NULL,Create Sales Order,2023-07-31 20:16:29.000,USER - 10897,Department 2178,Manual,Order - 0132,Sales order,Main
Order - 0145,CUST - 006,Customer 6,PL,External,2248.8,PLN,ST - Services / Tooling,Company 1,NULL,NULL,Create Sales Order,2023-08-08 14:48:51.000,USER - 10897,Department 2178,Manual,Order - 0145,Sales order,Main
Order - 0150,CUST - 006,Customer 6,PL,External,1082.6,PLN,ST - Services / Tooling,Company 1,NULL,NULL,Create Sales Order,2023-08-10 16:07:16.000,USER - 10897,Department 2178,Manual,Order - 0150,Sales order,Main
Order - 1767,CUST - 011,Customer 11,DE,External,3421.44,EUR,SO - Standard Order,Company 1,NULL,NULL,Create Sales Order,2024-10-22 11:31:37.000,USER - 09841,NULL,NULL,Order - 1767,Sales order,Main
Order - 1812,CUST - 011,Customer 11,DE,External,26253.48,EUR,SO - Standard Order,Company 1,NULL,NULL,Create Sales Order,2024-10-28 12:48:25.000,USER - 09841,NULL,NULL,Order - 1812,Sales order,Main
Order - 1765,CUST - 005,Customer 5,DE,Internal,24150,EUR,SO - Standard Order,Company 1,NULL,NULL,Create Sales Order,2024-10-18 10:02:48.000,USER - 09841,NULL,NULL,Order - 1765,Sales order,Main
Order - 1763,CUST - 062,Customer 62,JP,External,0,USD,SO - Standard Order,Company 4,NULL,NULL,Create Sales Order,2024-10-17 18:44:59.000,USER - 09841,NULL,NULL,Order - 1763,Sales order,Main
Order - 1764,CUST - 062,Customer 62,JP,External,0,USD,SO - Standard Order,Company 4,NULL,NULL,Create Sales Order,2024-10-17 18:44:59.000,USER - 09841,NULL,NULL,Order - 1764,Sales order,Main
Order - 1612,CUST - 034,Customer 34,US,External,319.8,USD,ST - Services / Tooling,Company 2,NULL,NULL,Create Sales Order,2024-09-11 18:24:01.000,USER - 02130,Department 2222,Manual,Order - 1612,Sales order,Main
Order - 1745,CUST - 034,Customer 34,US,External,518.9,USD,ST - Services / Tooling,Company 2,NULL,NULL,Create Sales Order,2024-10-14 22:02:32.000,USER - 02130,Department 2222,Manual,Order - 1745,Sales order,Main
Order - 1747,CUST - 034,Customer 34,US,External,319.8,USD,ST - Services / Tooling,Company 2,NULL,NULL,Create Sales Order,2024-10-14 22:21:48.000,USER - 02130,Department 2222,Manual,Order - 1747,Sales order,Main
Order - 1656,CUST - 034,Customer 34,US,External,765.85,USD,ST - Services / Tooling,Company 2,NULL,NULL,Create Sales Order,2024-09-24 19:50:07.000,USER - 02130,Department 2222,Manual,Order - 1656,Sales order,Main
Order - 1657,CUST - 034,Customer 34,US,External,594.25,USD,ST - Services / Tooling,Company 2,NULL,NULL,Create Sales Order,2024-09-25 00:06:42.000,USER - 02130,Department 2222,Manual,Order - 1657,Sales order,Main
Order - 1659,CUST - 034,Customer 34,US,External,337.4,USD,ST - Services / Tooling,Company 2,NULL,NULL,Create Sales Order,2024-09-25 00:27:41.000,USER - 02130,Department 2222,Manual,Order - 1659,Sales order,Main
Order - 1866,CUST - 038,Customer 38,US,External,712.03,USD,ST - Services / Tooling,Company 2,NULL,NULL,Create Sales Order,2024-11-05 14:55:10.000,USER - 02130,Department 2222,Manual,Order - 1866,Sales order,Main
Order - 1661,CUST - 038,Customer 38,US,External,1836.79,USD,ST - Services / Tooling,Company 2,NULL,NULL,Create Sales Order,2024-09-25 00:40:26.000,USER - 02130,Department 2222,Manual,Order - 1661,Sales order,Main
Order - 1697,CUST - 038,Customer 38,US,External,352.54,USD,ST - Services / Tooling,Company 2,NULL,NULL,Create Sales Order,2024-10-04 17:35:51.000,USER - 02130,Department 2222,Manual,Order - 1697,Sales order,Main
Order - 1421,CUST - 038,Customer 38,US,External,915.14,USD,ST - Services / Tooling,Company 2,NULL,NULL,Create Sales Order,2024-07-17 22:37:16.000,USER - 02130,Department 2222,Manual,Order - 1421,Sales order,Main
Order - 1231,CUST - 038,Customer 38,US,External,328.94,USD,ST - Services / Tooling,Company 2,NULL,NULL,Create Sales Order,2024-06-04 22:53:02.000,USER - 02130,Department 2222,Manual,Order - 1231,Sales order,Main
Order - 1232,CUST - 038,Customer 38,US,External,328.72,USD,ST - Services / Tooling,Company 2,NULL,NULL,Create Sales Order,2024-06-04 23:00:08.000,USER - 02130,Department 2222,Manual,Order - 1232,Sales order,Main
Order - 1233,CUST - 038,Customer 38,US,External,344.4,USD,ST - Services / Tooling,Company 2,NULL,NULL,Create Sales Order,2024-06-04 23:14:24.000,USER - 02130,Department 2222,Manual,Order - 1233,Sales order,Main
Order - 1655,CUST - 038,Customer 38,US,External,629.27,USD,ST - Services / Tooling,Company 2,NULL,NULL,Create Sales Order,2024-09-24 19:43:41.000,USER - 02130,Department 2222,Manual,Order - 1655,Sales order,Main
Order - 1611,CUST - 038,Customer 38,US,External,4553.11,USD,ST - Services / Tooling,Company 2,NULL,NULL,Create Sales Order,2024-09-11 18:18:56.000,USER - 02130,Department 2222,Manual,Order - 1611,Sales order,Main
Order - 1587,CUST - 038,Customer 38,US,External,1182.42,USD,ST - Services / Tooling,Company 2,NULL,NULL,Create Sales Order,2024-09-03 22:06:12.000,USER - 02130,Department 2222,Manual,Order - 1587,Sales order,Main
Order - 1653,CUST - 038,Customer 38,US,External,598.39,USD,ST - Services / Tooling,Company 2,NULL,NULL,Create Sales Order,2024-09-24 19:32:51.000,USER - 02130,Department 2222,Manual,Order - 1653,Sales order,Main
Order - 1644,CUST - 038,Customer 38,US,External,1374.35,USD,ST - Services / Tooling,Company 2,NULL,NULL,Create Sales Order,2024-09-17 23:34:39.000,USER - 02130,Department 2222,Manual,Order - 1644,Sales order,Main
Order - 1889,CUST - 038,Customer 38,US,External,347.61,USD,ST - Services / Tooling,Company 2,NULL,NULL,Create Sales Order,2024-11-12 18:32:39.000,USER - 02130,Department 2222,Manual,Order - 1889,Sales order,Main
Order - 1346,CUST - 038,Customer 38,US,External,329.67,USD,ST - Services / Tooling,Company 2,NULL,NULL,Create Sales Order,2024-07-02 21:08:42.000,USER - 02130,Department 2222,Manual,Order - 1346,Sales order,Main
Order - 1510,CUST - 038,Customer 38,US,External,684.47,USD,ST - Services / Tooling,Company 2,NULL,NULL,Create Sales Order,2024-08-12 22:07:47.000,USER - 02130,Department 2222,Manual,Order - 1510,Sales order,Main
Order - 1511,CUST - 038,Customer 38,US,External,332.77,USD,ST - Services / Tooling,Company 2,NULL,NULL,Create Sales Order,2024-08-12 22:16:31.000,USER - 02130,Department 2222,Manual,Order - 1511,Sales order,Main
Order - 1630,CUST - 038,Customer 38,US,External,2464.57,USD,ST - Services / Tooling,Company 2,NULL,NULL,Create Sales Order,2024-09-17 20:31:42.000,USER - 02130,Department 2222,Manual,Order - 1630,Sales order,Main
Order - 1674,CUST - 011,Customer 11,DE,External,11046.58,EUR,SO - Standard Order,Company 1,NULL,NULL,Create Sales Order,2024-09-26 15:33:04.000,USER - 03676,Department 751,Manual,Order - 1674,Sales order,Main
Order - 1675,CUST - 011,Customer 11,DE,External,9771.96,EUR,SO - Standard Order,Company 1,NULL,NULL,Create Sales Order,2024-09-26 15:36:58.000,USER - 03676,Department 751,Manual,Order - 1675,Sales order,Main
Order - 1676,CUST - 011,Customer 11,DE,External,9771.96,EUR,SO - Standard Order,Company 1,NULL,NULL,Create Sales Order,2024-09-26 15:38:51.000,USER - 03676,Department 751,Manual,Order - 1676,Sales order,Main
Order - 1677,CUST - 011,Customer 11,DE,External,29176.42,EUR,SO - Standard Order,Company 1,NULL,NULL,Create Sales Order,2024-09-26 15:41:19.000,USER - 03676,Department 751,Manual,Order - 1677,Sales order,Main
Order - 1682,CUST - 011,Customer 11,DE,External,48960,EUR,SO - Standard Order,Company 1,NULL,NULL,Create Sales Order,2024-09-30 12:43:25.000,USER - 03676,Department 751,Manual,Order - 1682,Sales order,Main
Order - 1683,CUST - 011,Customer 11,DE,External,19763.06,EUR,SO - Standard Order,Company 1,NULL,NULL,Create Sales Order,2024-09-30 12:46:20.000,USER - 03676,Department 751,Manual,Order - 1683,Sales order,Main
Order - 1684,CUST - 011,Customer 11,DE,External,20257.24,EUR,SO - Standard Order,Company 1,NULL,NULL,Create Sales Order,2024-10-01 11:28:57.000,USER - 03676,Department 751,Manual,Order - 1684,Sales order,Main
Order - 0703,CUST - 011,Customer 11,DE,External,2587.04,EUR,SO - Standard Order,Company 1,NULL,NULL,Create Sales Order,2024-02-13 15:15:59.000,USER - 03676,Department 751,Manual,Order - 0703,Sales order,Main
Order - 1118,CUST - 011,Customer 11,DE,External,48960,EUR,SO - Standard Order,Company 1,NULL,NULL,Create Sales Order,2024-05-09 13:23:52.000,USER - 03676,Department 751,Manual,Order - 1118,Sales order,Main
Order - 1119,CUST - 011,Customer 11,DE,External,24427.26,EUR,SO - Standard Order,Company 1,NULL,NULL,Create Sales Order,2024-05-09 13:25:49.000,USER - 03676,Department 751,Manual,Order - 1119,Sales order,Main
Order - 1126,CUST - 011,Customer 11,DE,External,89.68,EUR,SO - Standard Order,Company 1,NULL,NULL,Create Sales Order,2024-05-10 13:29:57.000,USER - 03676,Department 751,Manual,Order - 1126,Sales order,Main
Order - 1129,CUST - 011,Customer 11,DE,External,25293.84,EUR,SO - Standard Order,Company 1,NULL,NULL,Create Sales Order,2024-05-14 12:26:39.000,USER - 03676,Department 751,Manual,Order - 1129,Sales order,Main
Order - 1130,CUST - 011,Customer 11,DE,External,3317.76,EUR,SO - Standard Order,Company 1,NULL,NULL,Create Sales Order,2024-05-14 12:33:08.000,USER - 03676,Department 751,Manual,Order - 1130,Sales order,Main
Order - 1720,CUST - 034,Customer 34,US,External,765.85,USD,ST - Services / Tooling,Company 2,NULL,NULL,Create Sales Order,2024-10-09 16:13:18.000,USER - 03676,Department 751,Manual,Order - 1720,Sales order,Main
Order - 1922,CUST - 034,Customer 34,US,External,308.25,USD,ST - Services / Tooling,Company 2,NULL,NULL,Create Sales Order,2024-11-20 16:18:24.000,USER - 03676,Department 751,Manual,Order - 1922,Sales order,Main
Order - 1927,CUST - 034,Customer 34,US,External,337.4,USD,ST - Services / Tooling,Company 2,NULL,NULL,Create Sales Order,2024-11-20 17:33:47.000,USER - 03676,Department 751,Manual,Order - 1927,Sales order,Main
Order - 1923,CUST - 038,Customer 38,US,External,332.82,USD,ST - Services / Tooling,Company 2,NULL,NULL,Create Sales Order,2024-11-20 16:35:52.000,USER - 03676,Department 751,Manual,Order - 1923,Sales order,Main
Order - 1741,CUST - 038,Customer 38,US,External,1565.21,USD,ST - Services / Tooling,Company 2,NULL,NULL,Create Sales Order,2024-10-14 21:29:14.000,USER - 03676,Department 751,Manual,Order - 1741,Sales order,Main
Order - 1894,CUST - 038,Customer 38,US,External,345.26,USD,ST - Services / Tooling,Company 2,NULL,NULL,Create Sales Order,2024-11-12 20:03:31.000,USER - 03676,Department 751,Manual,Order - 1894,Sales order,Main
Order - 1721,CUST - 038,Customer 38,US,External,346.52,USD,ST - Services / Tooling,Company 2,NULL,NULL,Create Sales Order,2024-10-09 17:12:34.000,USER - 03676,Department 751,Manual,Order - 1721,Sales order,Main
Order - 1133,CUST - 011,Customer 11,DE,External,42166.4,EUR,SO - Standard Order,Company 1,NULL,NULL,Create Sales Order,2024-05-15 13:03:22.000,USER - 03676,Department 751,Manual,Order - 1133,Sales order,Main
Order - 1738,CUST - 011,Customer 11,DE,External,48960,EUR,SO - Standard Order,Company 1,NULL,NULL,Create Sales Order,2024-10-14 09:45:47.000,USER - 03676,Department 751,Manual,Order - 1738,Sales order,Main
Order - 1264,CUST - 011,Customer 11,DE,External,3421.44,EUR,SO - Standard Order,Company 1,NULL,NULL,Create Sales Order,2024-06-13 08:36:19.000,USER - 03676,Department 751,Manual,Order - 1264,Sales order,Main
Order - 1267,CUST - 011,Customer 11,DE,External,18836.2,EUR,SO - Standard Order,Company 1,NULL,NULL,Create Sales Order,2024-06-13 13:17:36.000,USER - 03676,Department 751,Manual,Order - 1267,Sales order,Main
Order - 1359,CUST - 036,Customer 36,US,External,5534.16,USD,ST - Services / Tooling,Company 2,NULL,NULL,Create Sales Order,2024-07-02 22:49:11.000,USER - 02130,Department 2222,Manual,Order - 1359,Sales order,Main
Order - 1360,CUST - 036,Customer 36,US,External,2240.95,USD,ST - Services / Tooling,Company 2,NULL,NULL,Create Sales Order,2024-07-02 22:59:15.000,USER - 02130,Department 2222,Manual,Order - 1360,Sales order,Main
Order - 1722,CUST - 036,Customer 36,US,External,908.78,USD,ST - Services / Tooling,Company 2,NULL,NULL,Create Sales Order,2024-10-09 17:22:23.000,USER - 02130,Department 2222,Manual,Order - 1722,Sales order,Main
Order - 1723,CUST - 036,Customer 36,US,External,2830.15,USD,ST - Services / Tooling,Company 2,NULL,NULL,Create Sales Order,2024-10-09 17:29:44.000,USER - 02130,Department 2222,Manual,Order - 1723,Sales order,Main
Order - 1725,CUST - 036,Customer 36,US,External,3610.03,USD,ST - Services / Tooling,Company 2,NULL,NULL,Create Sales Order,2024-10-09 18:57:13.000,USER - 02130,Department 2222,Manual,Order - 1725,Sales order,Main
Order - 1731,CUST - 036,Customer 36,US,External,1994.41,USD,ST - Services / Tooling,Company 2,NULL,NULL,Create Sales Order,2024-10-09 20:02:09.000,USER - 02130,Department 2222,Manual,Order - 1731,Sales order,Main
Order - 1576,CUST - 036,Customer 36,US,External,61040.63,USD,ST - Services / Tooling,Company 2,NULL,NULL,Create Sales Order,2024-08-30 15:36:54.000,USER - 02130,Department 2222,Manual,Order - 1576,Sales order,Main
Order - 1373,CUST - 036,Customer 36,US,External,758.94,USD,ST - Services / Tooling,Company 2,NULL,NULL,Create Sales Order,2024-07-09 15:40:38.000,USER - 02130,Department 2222,Manual,Order - 1373,Sales order,Main
Order - 1379,CUST - 036,Customer 36,US,External,908.56,USD,ST - Services / Tooling,Company 2,NULL,NULL,Create Sales Order,2024-07-09 23:27:14.000,USER - 02130,Department 2222,Manual,Order - 1379,Sales order,Main
Order - 1380,CUST - 036,Customer 36,US,External,1562.7,USD,ST - Services / Tooling,Company 2,NULL,NULL,Create Sales Order,2024-07-09 23:44:27.000,USER - 02130,Department 2222,Manual,Order - 1380,Sales order,Main
Order - 1381,CUST - 036,Customer 36,US,External,69785.72,USD,ST - Services / Tooling,Company 2,NULL,NULL,Create Sales Order,2024-07-09 23:56:45.000,USER - 02130,Department 2222,Manual,Order - 1381,Sales order,Main
Order - 1489,CUST - 036,Customer 36,US,External,816.11,USD,ST - Services / Tooling,Company 2,NULL,NULL,Create Sales Order,2024-08-07 20:24:37.000,USER - 02130,Department 2222,Manual,Order - 1489,Sales order,Main
Order - 1509,CUST - 036,Customer 36,US,External,1808.83,USD,ST - Services / Tooling,Company 2,NULL,NULL,Create Sales Order,2024-08-12 22:00:57.000,USER - 02130,Department 2222,Manual,Order - 1509,Sales order,Main
Order - 1512,CUST - 036,Customer 36,US,External,1775.87,USD,ST - Services / Tooling,Company 2,NULL,NULL,Create Sales Order,2024-08-12 22:23:40.000,USER - 02130,Department 2222,Manual,Order - 1512,Sales order,Main
Order - 1513,CUST - 036,Customer 36,US,External,1235.89,USD,ST - Services / Tooling,Company 2,NULL,NULL,Create Sales Order,2024-08-12 22:39:38.000,USER - 02130,Department 2222,Manual,Order - 1513,Sales order,Main
Order - 1514,CUST - 036,Customer 36,US,External,230.87,USD,ST - Services / Tooling,Company 2,NULL,NULL,Create Sales Order,2024-08-12 22:54:01.000,USER - 02130,Department 2222,Manual,Order - 1514,Sales order,Main
Order - 1868,CUST - 036,Customer 36,US,External,704.8,USD,ST - Services / Tooling,Company 2,NULL,NULL,Create Sales Order,2024-11-05 17:04:21.000,USER - 02130,Department 2222,Manual,Order - 1868,Sales order,Main
Order - 1444,CUST - 036,Customer 36,US,External,69760.72,USD,ST - Services / Tooling,Company 2,NULL,NULL,Create Sales Order,2024-07-29 18:57:47.000,USER - 02130,Department 2222,Manual,Order - 1444,Sales order,Main
Order - 1419,CUST - 036,Customer 36,US,External,1453.02,USD,ST - Services / Tooling,Company 2,NULL,NULL,Create Sales Order,2024-07-17 22:18:44.000,USER - 02130,Department 2222,Manual,Order - 1419,Sales order,Main
Order - 1420,CUST - 036,Customer 36,US,External,4983.1,USD,ST - Services / Tooling,Company 2,NULL,NULL,Create Sales Order,2024-07-17 22:30:53.000,USER - 02130,Department 2222,Manual,Order - 1420,Sales order,Main
Order - 1422,CUST - 036,Customer 36,US,External,1586.25,USD,ST - Services / Tooling,Company 2,NULL,NULL,Create Sales Order,2024-07-17 22:45:19.000,USER - 02130,Department 2222,Manual,Order - 1422,Sales order,Main
Order - 1423,CUST - 036,Customer 36,US,External,1993.87,USD,ST - Services / Tooling,Company 2,NULL,NULL,Create Sales Order,2024-07-17 22:57:06.000,USER - 02130,Department 2222,Manual,Order - 1423,Sales order,Main
Order - 1786,CUST - 036,Customer 36,US,External,527.11,USD,ST - Services / Tooling,Company 2,NULL,NULL,Create Sales Order,2024-10-22 22:26:45.000,USER - 02130,Department 2222,Manual,Order - 1786,Sales order,Main
Order - 1411,,,,,0,,ST - Services / Tooling,,,,Requested Delivery Date,2024-07-17 23:59:59.000,USER - 02130,Department 2222,Manual,Order - 1411,Sales order,Main
Order - 1346,,,,,0,,ST - Services / Tooling,,,,Requested Delivery Date,2024-07-02 23:59:59.000,USER - 02130,Department 2222,Manual,Order - 1346,Sales order,Main
Order - 1889,,,,,0,,ST - Services / Tooling,,,,Requested Delivery Date,2024-11-12 23:59:59.000,USER - 02130,Department 2222,Manual,Order - 1889,Sales order,Main
Order - 1350,,,,,0,,ST - Services / Tooling,,,,Requested Delivery Date,2024-07-02 23:59:59.000,USER - 02130,Department 2222,Manual,Order - 1350,Sales order,Main
Order - 1338,,,,,0,,ST - Services / Tooling,,,,Requested Delivery Date,2024-07-02 23:59:59.000,USER - 02130,Department 2222,Manual,Order - 1338,Sales order,Main
Order - 1340,,,,,0,,ST - Services / Tooling,,,,Requested Delivery Date,2024-07-02 23:59:59.000,USER - 02130,Department 2222,Manual,Order - 1340,Sales order,Main
Order - 1344,,,,,0,,ST - Services / Tooling,,,,Requested Delivery Date,2024-07-02 23:59:59.000,USER - 02130,Department 2222,Manual,Order - 1344,Sales order,Main
Order - 1318,,,,,0,,ST - Services / Tooling,,,,Requested Delivery Date,2024-06-28 23:59:59.000,USER - 02130,Department 2222,Manual,Order - 1318,Sales order,Main
Order - 1258,,,,,0,,ST - Services / Tooling,,,,Requested Delivery Date,2024-06-11 23:59:59.000,USER - 02130,Department 2222,Manual,Order - 1258,Sales order,Main
Order - 1711,,,,,0,,ST - Services / Tooling,,,,Requested Delivery Date,2024-10-04 23:59:59.000,USER - 02130,Department 2222,Manual,Order - 1711,Sales order,Main
Order - 1706,,,,,0,,ST - Services / Tooling,,,,Requested Delivery Date,2024-10-04 23:59:59.000,USER - 02130,Department 2222,Manual,Order - 1706,Sales order,Main
Order - 1653,,,,,0,,ST - Services / Tooling,,,,Requested Delivery Date,2024-09-24 23:59:59.000,USER - 02130,Department 2222,Manual,Order - 1653,Sales order,Main
Order - 1231,,,,,0,,ST - Services / Tooling,,,,Requested Delivery Date,2024-06-04 23:59:59.000,USER - 02130,Department 2222,Manual,Order - 1231,Sales order,Main
Order - 1232,,,,,0,,ST - Services / Tooling,,,,Requested Delivery Date,2024-06-04 23:59:59.000,USER - 02130,Department 2222,Manual,Order - 1232,Sales order,Main
Order - 1233,,,,,0,,ST - Services / Tooling,,,,Requested Delivery Date,2024-06-04 23:59:59.000,USER - 02130,Department 2222,Manual,Order - 1233,Sales order,Main
Order - 1699,,,,,0,,ST - Services / Tooling,,,,Requested Delivery Date,2024-10-04 23:59:59.000,USER - 02130,Department 2222,Manual,Order - 1699,Sales order,Main
Order - 1700,,,,,0,,ST - Services / Tooling,,,,Requested Delivery Date,2024-10-04 23:59:59.000,USER - 02130,Department 2222,Manual,Order - 1700,Sales order,Main
Order - 1221,,,,,0,,ST - Services / Tooling,,,,Requested Delivery Date,2024-06-04 23:59:59.000,USER - 02130,Department 2222,Manual,Order - 1221,Sales order,Main
Order - 1222,,,,,0,,ST - Services / Tooling,,,,Requested Delivery Date,2024-06-04 23:59:59.000,USER - 02130,Department 2222,Manual,Order - 1222,Sales order,Main
Order - 1226,,,,,0,,ST - Services / Tooling,,,,Requested Delivery Date,2024-06-04 23:59:59.000,USER - 02130,Department 2222,Manual,Order - 1226,Sales order,Main
Order - 1661,,,,,0,,ST - Services / Tooling,,,,Requested Delivery Date,2024-09-25 23:59:59.000,USER - 02130,Department 2222,Manual,Order - 1661,Sales order,Main
Order - 1697,,,,,0,,ST - Services / Tooling,,,,Requested Delivery Date,2024-10-04 23:59:59.000,USER - 02130,Department 2222,Manual,Order - 1697,Sales order,Main
Order - 1187,,,,,0,,ST - Services / Tooling,,,,Requested Delivery Date,2024-05-21 23:59:59.000,USER - 02130,Department 2222,Manual,Order - 1187,Sales order,Main
Order - 1655,,,,,0,,ST - Services / Tooling,,,,Requested Delivery Date,2024-09-24 23:59:59.000,USER - 02130,Department 2222,Manual,Order - 1655,Sales order,Main
Order - 1611,,,,,0,,ST - Services / Tooling,,,,Requested Delivery Date,2024-09-11 23:59:59.000,USER - 02130,Department 2222,Manual,Order - 1611,Sales order,Main
Order - 1587,,,,,0,,ST - Services / Tooling,,,,Requested Delivery Date,2024-09-03 23:59:59.000,USER - 02130,Department 2222,Manual,Order - 1587,Sales order,Main
Order - 1581,,,,,0,,ST - Services / Tooling,,,,Requested Delivery Date,2024-09-03 23:59:59.000,USER - 02130,Department 2222,Manual,Order - 1581,Sales order,Main
Order - 1108,,,,,0,,ST - Services / Tooling,,,,Requested Delivery Date,2024-05-08 23:59:59.000,USER - 02130,Department 2222,Manual,Order - 1108,Sales order,Main
Order - 1110,,,,,0,,ST - Services / Tooling,,,,Requested Delivery Date,2024-05-08 23:59:59.000,USER - 02130,Department 2222,Manual,Order - 1110,Sales order,Main
Order - 1111,,,,,0,,ST - Services / Tooling,,,,Requested Delivery Date,2024-05-08 23:59:59.000,USER - 02130,Department 2222,Manual,Order - 1111,Sales order,Main
Order - 1112,,,,,0,,ST - Services / Tooling,,,,Requested Delivery Date,2024-05-08 23:59:59.000,USER - 02130,Department 2222,Manual,Order - 1112,Sales order,Main
Order - 1091,,,,,0,,ST - Services / Tooling,,,,Requested Delivery Date,2024-04-30 23:59:59.000,USER - 02130,Department 2222,Manual,Order - 1091,Sales order,Main
Order - 1092,,,,,0,,ST - Services / Tooling,,,,Requested Delivery Date,2024-04-30 23:59:59.000,USER - 02130,Department 2222,Manual,Order - 1092,Sales order,Main
Order - 1095,,,,,0,,ST - Services / Tooling,,,,Requested Delivery Date,2024-04-30 23:59:59.000,USER - 02130,Department 2222,Manual,Order - 1095,Sales order,Main
Order - 1096,,,,,0,,ST - Services / Tooling,,,,Requested Delivery Date,2024-05-03 23:59:59.000,USER - 02130,Department 2222,Manual,Order - 1096,Sales order,Main
Order - 1098,,,,,0,,ST - Services / Tooling,,,,Requested Delivery Date,2024-05-08 23:59:59.000,USER - 02130,Department 2222,Manual,Order - 1098,Sales order,Main
Order - 1035,,,,,0,,ST - Services / Tooling,,,,Requested Delivery Date,2024-04-16 23:59:59.000,USER - 02130,Department 2222,Manual,Order - 1035,Sales order,Main
Order - 1038,,,,,0,,ST - Services / Tooling,,,,Requested Delivery Date,2024-04-16 23:59:59.000,USER - 02130,Department 2222,Manual,Order - 1038,Sales order,Main
Order - 0564,,,,,0,,ST - Services / Tooling,,,,Requested Delivery Date,2023-12-20 23:59:59.000,USER - 02130,Department 2222,Manual,Order - 0564,Sales order,Main
Order - 0565,,,,,0,,ST - Services / Tooling,,,,Requested Delivery Date,2023-12-20 23:59:59.000,USER - 02130,Department 2222,Manual,Order - 0565,Sales order,Main
Order - 0890,,,,,0,,ST - Services / Tooling,,,,Requested Delivery Date,2024-03-20 23:59:59.000,USER - 02130,Department 2222,Manual,Order - 0890,Sales order,Main
Order - 0891,,,,,0,,ST - Services / Tooling,,,,Requested Delivery Date,2024-03-20 23:59:59.000,USER - 02130,Department 2222,Manual,Order - 0891,Sales order,Main
Order - 0896,,,,,0,,ST - Services / Tooling,,,,Requested Delivery Date,2024-03-20 23:59:59.000,USER - 02130,Department 2222,Manual,Order - 0896,Sales order,Main
Order - 0499,,,,,0,,ST - Services / Tooling,,,,Requested Delivery Date,2023-12-18 23:59:59.000,USER - 02130,Department 2222,Manual,Order - 0499,Sales order,Main
Order - 0500,,,,,0,,ST - Services / Tooling,,,,Requested Delivery Date,2023-12-18 23:59:59.000,USER - 02130,Department 2222,Manual,Order - 0500,Sales order,Main
Order - 0501,,,,,0,,ST - Services / Tooling,,,,Requested Delivery Date,2023-12-18 23:59:59.000,USER - 02130,Department 2222,Manual,Order - 0501,Sales order,Main
Order - 0503,,,,,0,,ST - Services / Tooling,,,,Requested Delivery Date,2023-12-18 23:59:59.000,USER - 02130,Department 2222,Manual,Order - 0503,Sales order,Main
Order - 0504,,,,,0,,ST - Services / Tooling,,,,Requested Delivery Date,2023-12-18 23:59:59.000,USER - 02130,Department 2222,Manual,Order - 0504,Sales order,Main
Order - 0505,,,,,0,,ST - Services / Tooling,,,,Requested Delivery Date,2023-12-18 23:59:59.000,USER - 02130,Department 2222,Manual,Order - 0505,Sales order,Main
Order - 0506,,,,,0,,ST - Services / Tooling,,,,Requested Delivery Date,2023-12-18 23:59:59.000,USER - 02130,Department 2222,Manual,Order - 0506,Sales order,Main
Order - 0507,,,,,0,,ST - Services / Tooling,,,,Requested Delivery Date,2023-12-18 23:59:59.000,USER - 02130,Department 2222,Manual,Order - 0507,Sales order,Main
Order - 0508,,,,,0,,ST - Services / Tooling,,,,Requested Delivery Date,2023-12-18 23:59:59.000,USER - 02130,Department 2222,Manual,Order - 0508,Sales order,Main
Order - 0631,,,,,0,,ST - Services / Tooling,,,,Requested Delivery Date,2024-01-30 23:59:59.000,USER - 02130,Department 2222,Manual,Order - 0631,Sales order,Main
Order - 0644,,,,,0,,ST - Services / Tooling,,,,Requested Delivery Date,2024-01-30 23:59:59.000,USER - 02130,Department 2222,Manual,Order - 0644,Sales order,Main
Order - 0647,,,,,0,,ST - Services / Tooling,,,,Requested Delivery Date,2024-01-30 23:59:59.000,USER - 02130,Department 2222,Manual,Order - 0647,Sales order,Main
Order - 0648,,,,,0,,ST - Services / Tooling,,,,Requested Delivery Date,2024-01-30 23:59:59.000,USER - 02130,Department 2222,Manual,Order - 0648,Sales order,Main
Order - 1333,CUST - 047,Customer 47,HU,External,72141.84,EUR,ST - Services / Tooling,Company 1,NULL,NULL,Create Sales Order,2024-07-01 13:44:47.000,USER - 08479,NULL,NULL,Order - 1333,Sales order,Main
Order - 1274,CUST - 015,Customer 15,DE,External,72900,EUR,ST - Services / Tooling,Company 1,NULL,NULL,Create Sales Order,2024-06-19 11:06:16.000,USER - 08479,NULL,NULL,Order - 1274,Sales order,Main
Order - 0547,CUST - 002,Customer 2,SK,External,6074,EUR,ST - Services / Tooling,Company 1,NULL,NULL,Create Sales Order,2023-12-20 08:17:59.000,USER - 08479,NULL,NULL,Order - 0547,Sales order,Main
Order - 0990,CUST - 002,Customer 2,SK,External,58000,EUR,ST - Services / Tooling,Company 1,NULL,NULL,Create Sales Order,2024-04-09 16:05:57.000,USER - 08479,NULL,NULL,Order - 0990,Sales order,Main
Order - 1499,CUST - 002,Customer 2,SK,External,740000,EUR,ST - Services / Tooling,Company 1,NULL,NULL,Create Sales Order,2024-08-08 12:26:52.000,USER - 08479,NULL,NULL,Order - 1499,Sales order,Main
Order - 0700,CUST - 002,Customer 2,SK,External,-153250,EUR,ST - Services / Tooling,Company 1,NULL,X,Create Sales Order,2024-02-12 10:26:46.000,USER - 08479,NULL,NULL,Order - 0700,Sales order,Main
Order - 1605,CUST - 002,Customer 2,SK,External,740000,EUR,ST - Services / Tooling,Company 1,NULL,NULL,Create Sales Order,2024-09-09 16:29:50.000,USER - 08479,NULL,NULL,Order - 1605,Sales order,Main
Order - 1236,CUST - 014,Customer 14,DE,External,54193.82,EUR,ST - Services / Tooling,Company 1,NULL,NULL,Create Sales Order,2024-06-06 14:34:22.000,USER - 08479,NULL,NULL,Order - 1236,Sales order,Main
Order - 1237,CUST - 014,Customer 14,DE,External,54193.82,EUR,ST - Services / Tooling,Company 1,NULL,NULL,Create Sales Order,2024-06-06 15:01:18.000,USER - 08479,NULL,NULL,Order - 1237,Sales order,Main
Order - 1195,CUST - 014,Customer 14,DE,External,57753.6,EUR,ST - Services / Tooling,Company 1,NULL,NULL,Create Sales Order,2024-05-24 14:53:33.000,USER - 08479,NULL,NULL,Order - 1195,Sales order,Main
Order - 1196,CUST - 014,Customer 14,DE,External,54193.82,EUR,ST - Services / Tooling,Company 1,NULL,NULL,Create Sales Order,2024-05-24 15:13:30.000,USER - 08479,NULL,NULL,Order - 1196,Sales order,Main
Order - 1871,CUST - 035,Customer 35,US,External,8265.1,USD,ST - Services / Tooling,Company 2,NULL,NULL,Create Sales Order,2024-11-05 17:55:49.000,USER - 08479,NULL,NULL,Order - 1871,Sales order,Main
Order - 1498,CUST - 008,Customer 8,PL,External,5022.79,PLN,ST - Services / Tooling,Company 1,NULL,NULL,Create Sales Order,2024-08-08 11:50:22.000,USER - 08479,NULL,NULL,Order - 1498,Sales order,Main
Order - 0237,CUST - 006,Customer 6,PL,External,3535.8,PLN,ST - Services / Tooling,Company 1,NULL,NULL,Create Sales Order,2023-09-26 10:52:34.000,USER - 08479,NULL,NULL,Order - 0237,Sales order,Main
Order - 0241,CUST - 006,Customer 6,PL,External,4038.8,PLN,ST - Services / Tooling,Company 1,NULL,NULL,Create Sales Order,2023-09-26 16:15:59.000,USER - 08479,NULL,NULL,Order - 0241,Sales order,Main
Order - 0625,CUST - 006,Customer 6,PL,External,7140.8,PLN,ST - Services / Tooling,Company 1,NULL,NULL,Create Sales Order,2024-01-30 13:15:36.000,USER - 08479,NULL,NULL,Order - 0625,Sales order,Main
Order - 1216,CUST - 001,Customer 1,FR,External,2750,EUR,ST - Services / Tooling,Company 1,NULL,NULL,Create Sales Order,2024-05-31 14:00:15.000,USER - 08479,NULL,NULL,Order - 1216,Sales order,Main
Order - 0698,CUST - 001,Customer 1,FR,External,-81926,EUR,ST - Services / Tooling,Company 1,NULL,NULL,Create Sales Order,2024-02-12 10:00:13.000,USER - 08479,NULL,NULL,Order - 0698,Sales order,Main
Order - 0699,CUST - 001,Customer 1,FR,External,-81926,EUR,ST - Services / Tooling,Company 1,NULL,X,Create Sales Order,2024-02-12 10:14:23.000,USER - 08479,NULL,NULL,Order - 0699,Sales order,Main
Order - 1273,CUST - 001,Customer 1,FR,External,49500,EUR,ST - Services / Tooling,Company 1,NULL,NULL,Create Sales Order,2024-06-19 10:34:50.000,USER - 08479,NULL,NULL,Order - 1273,Sales order,Main
Order - 0855,CUST - 001,Customer 1,FR,External,58000,EUR,ST - Services / Tooling,Company 1,NULL,X,Create Sales Order,2024-03-15 12:56:47.000,USER - 08479,NULL,NULL,Order - 0855,Sales order,Main
Order - 0856,CUST - 001,Customer 1,FR,External,180000,EUR,ST - Services / Tooling,Company 1,NULL,NULL,Create Sales Order,2024-03-15 13:39:25.000,USER - 08479,NULL,NULL,Order - 0856,Sales order,Main
Order - 0857,CUST - 001,Customer 1,FR,External,140000,EUR,ST - Services / Tooling,Company 1,NULL,NULL,Create Sales Order,2024-03-15 13:57:17.000,USER - 08479,NULL,NULL,Order - 0857,Sales order,Main
Order - 0941,CUST - 001,Customer 1,FR,External,60000,EUR,ST - Services / Tooling,Company 1,NULL,NULL,Create Sales Order,2024-03-28 15:17:31.000,USER - 08479,NULL,NULL,Order - 0941,Sales order,Main
Order - 0949,CUST - 001,Customer 1,FR,External,-60000,EUR,ST - Services / Tooling,Company 1,NULL,NULL,Create Sales Order,2024-04-02 11:08:54.000,USER - 08479,NULL,NULL,Order - 0949,Sales order,Main
Order - 0950,CUST - 001,Customer 1,FR,External,60000,EUR,ST - Services / Tooling,Company 1,NULL,X,Create Sales Order,2024-04-02 11:19:50.000,USER - 08479,NULL,NULL,Order - 0950,Sales order,Main
Order - 0486,CUST - 027,Customer 27,MA,External,3323.67,EUR,ST - Services / Tooling,Company 1,NULL,NULL,Create Sales Order,2023-12-15 15:08:20.000,USER - 08479,NULL,NULL,Order - 0486,Sales order,Main
Order - 0360,CUST - 034,Customer 34,US,External,740.85,USD,ST - Services / Tooling,Company 2,NULL,NULL,Create Sales Order,2023-11-20 18:21:14.000,USER - 02130,Department 2222,Manual,Order - 0360,Sales order,Main
Order - 0361,CUST - 034,Customer 34,US,External,280.5,USD,ST - Services / Tooling,Company 2,NULL,NULL,Create Sales Order,2023-11-20 18:44:37.000,USER - 02130,Department 2222,Manual,Order - 0361,Sales order,Main
Order - 0366,CUST - 034,Customer 34,US,External,1133.55,USD,ST - Services / Tooling,Company 2,NULL,NULL,Create Sales Order,2023-11-22 14:23:41.000,USER - 02130,Department 2222,Manual,Order - 0366,Sales order,Main
Order - 0724,CUST - 034,Customer 34,US,External,2088.6,USD,ST - Services / Tooling,Company 2,NULL,NULL,Create Sales Order,2024-02-14 16:49:43.000,USER - 02130,Department 2222,Manual,Order - 0724,Sales order,Main
Order - 0726,CUST - 034,Customer 34,US,External,909.4,USD,ST - Services / Tooling,Company 2,NULL,NULL,Create Sales Order,2024-02-14 17:05:27.000,USER - 02130,Department 2222,Manual,Order - 0726,Sales order,Main
Order - 0752,CUST - 034,Customer 34,US,External,312.54,USD,ST - Services / Tooling,Company 2,NULL,NULL,Create Sales Order,2024-02-20 18:36:52.000,USER - 02130,Department 2222,Manual,Order - 0752,Sales order,Main
Order - 0758,CUST - 034,Customer 34,US,External,193.3,USD,ST - Services / Tooling,Company 2,NULL,NULL,Create Sales Order,2024-02-20 21:21:26.000,USER - 02130,Department 2222,Manual,Order - 0758,Sales order,Main
Order - 0509,CUST - 034,Customer 34,US,External,294.8,USD,ST - Services / Tooling,Company 2,NULL,NULL,Create Sales Order,2023-12-18 19:27:51.000,USER - 02130,Department 2222,Manual,Order - 0509,Sales order,Main
Order - 0540,CUST - 034,Customer 34,US,External,294.8,USD,ST - Services / Tooling,Company 2,NULL,NULL,Create Sales Order,2023-12-19 20:35:14.000,USER - 02130,Department 2222,Manual,Order - 0540,Sales order,Main
Order - 0483,CUST - 034,Customer 34,US,External,3660.8,USD,ST - Services / Tooling,Company 2,NULL,NULL,Create Sales Order,2023-12-15 14:12:15.000,USER - 02130,Department 2222,Manual,Order - 0483,Sales order,Main
Order - 0630,CUST - 034,Customer 34,US,External,2678.2,USD,ST - Services / Tooling,Company 2,NULL,NULL,Create Sales Order,2024-01-30 16:48:04.000,USER - 02130,Department 2222,Manual,Order - 0630,Sales order,Main
Order - 0636,CUST - 034,Customer 34,US,External,1158.55,USD,ST - Services / Tooling,Company 2,NULL,NULL,Create Sales Order,2024-01-30 18:32:18.000,USER - 02130,Department 2222,Manual,Order - 0636,Sales order,Main
Order - 0667,CUST - 034,Customer 34,US,External,614.6,USD,ST - Services / Tooling,Company 2,NULL,NULL,Create Sales Order,2024-01-31 19:15:37.000,USER - 02130,Department 2222,Manual,Order - 0667,Sales order,Main
Order - 0689,CUST - 034,Customer 34,US,External,641,USD,ST - Services / Tooling,Company 2,NULL,NULL,Create Sales Order,2024-02-08 14:21:54.000,USER - 02130,Department 2222,Manual,Order - 0689,Sales order,Main
Order - 0712,CUST - 034,Customer 34,US,External,1081,USD,ST - Services / Tooling,Company 2,NULL,NULL,Create Sales Order,2024-02-13 22:19:18.000,USER - 02130,Department 2222,Manual,Order - 0712,Sales order,Main
Order - 0716,CUST - 034,Customer 34,US,External,1012.8,USD,ST - Services / Tooling,Company 2,NULL,NULL,Create Sales Order,2024-02-13 23:00:03.000,USER - 02130,Department 2222,Manual,Order - 0716,Sales order,Main
Order - 0763,CUST - 034,Customer 34,US,External,614.6,USD,ST - Services / Tooling,Company 2,NULL,NULL,Create Sales Order,2024-02-20 22:56:03.000,USER - 02130,Department 2222,Manual,Order - 0763,Sales order,Main
Order - 0374,CUST - 034,Customer 34,US,External,1133.55,USD,ST - Services / Tooling,Company 2,NULL,NULL,Create Sales Order,2023-11-22 16:46:37.000,USER - 02130,Department 2222,Manual,Order - 0374,Sales order,Main
Order - 0375,CUST - 034,Customer 34,US,External,1282.6,USD,ST - Services / Tooling,Company 2,NULL,NULL,Create Sales Order,2023-11-22 16:55:46.000,USER - 02130,Department 2222,Manual,Order - 0375,Sales order,Main
Order - 0797,CUST - 034,Customer 34,US,External,765.85,USD,ST - Services / Tooling,Company 2,NULL,NULL,Create Sales Order,2024-02-27 19:32:28.000,USER - 02130,Department 2222,Manual,Order - 0797,Sales order,Main
Order - 0799,CUST - 034,Customer 34,US,External,308.25,USD,ST - Services / Tooling,Company 2,NULL,NULL,Create Sales Order,2024-02-27 22:26:14.000,USER - 02130,Department 2222,Manual,Order - 0799,Sales order,Main
Order - 0801,CUST - 034,Customer 34,US,External,319.8,USD,ST - Services / Tooling,Company 2,NULL,NULL,Create Sales Order,2024-02-28 14:50:54.000,USER - 02130,Department 2222,Manual,Order - 0801,Sales order,Main
Order - 0802,CUST - 034,Customer 34,US,External,765.85,USD,ST - Services / Tooling,Company 2,NULL,NULL,Create Sales Order,2024-02-28 14:56:17.000,USER - 02130,Department 2222,Manual,Order - 0802,Sales order,Main
Order - 0453,CUST - 045,Customer 45,PL,External,37714.64,EUR,ST - Services / Tooling,Company 1,NULL,NULL,Create Sales Order,2023-12-15 11:46:26.000,USER - 10897,Department 2178,Manual,Order - 0453,Sales order,Main
Order - 0454,CUST - 045,Customer 45,PL,External,-22393.07,EUR,ST - Services / Tooling,Company 1,NULL,NULL,Create Sales Order,2023-12-15 12:05:26.000,USER - 10897,Department 2178,Manual,Order - 0454,Sales order,Main
Order - 0455,CUST - 045,Customer 45,PL,External,22393.07,EUR,ST - Services / Tooling,Company 1,NULL,NULL,Create Sales Order,2023-12-15 12:08:01.000,USER - 10897,Department 2178,Manual,Order - 0455,Sales order,Main
Order - 0456,CUST - 045,Customer 45,PL,External,-40071.8,EUR,ST - Services / Tooling,Company 1,NULL,NULL,Create Sales Order,2023-12-15 12:20:40.000,USER - 10897,Department 2178,Manual,Order - 0456,Sales order,Main
Order - 0457,CUST - 045,Customer 45,PL,External,40071.8,EUR,ST - Services / Tooling,Company 1,NULL,NULL,Create Sales Order,2023-12-15 12:22:24.000,USER - 10897,Department 2178,Manual,Order - 0457,Sales order,Main
Order - 0458,CUST - 045,Customer 45,PL,External,-41250.38,EUR,ST - Services / Tooling,Company 1,NULL,NULL,Create Sales Order,2023-12-15 12:23:58.000,USER - 10897,Department 2178,Manual,Order - 0458,Sales order,Main
Order - 0459,CUST - 045,Customer 45,PL,External,41250.38,EUR,ST - Services / Tooling,Company 1,NULL,NULL,Create Sales Order,2023-12-15 12:26:27.000,USER - 10897,Department 2178,Manual,Order - 0459,Sales order,Main
Order - 0460,CUST - 045,Customer 45,PL,External,-63643.45,EUR,ST - Services / Tooling,Company 1,NULL,NULL,Create Sales Order,2023-12-15 12:29:44.000,USER - 10897,Department 2178,Manual,Order - 0460,Sales order,Main
Order - 0461,CUST - 045,Customer 45,PL,External,63643.45,EUR,ST - Services / Tooling,Company 1,NULL,NULL,Create Sales Order,2023-12-15 12:32:10.000,USER - 10897,Department 2178,Manual,Order - 0461,Sales order,Main
Order - 0462,CUST - 045,Customer 45,PL,External,-61286.28,EUR,ST - Services / Tooling,Company 1,NULL,NULL,Create Sales Order,2023-12-15 12:34:06.000,USER - 10897,Department 2178,Manual,Order - 0462,Sales order,Main
Order - 0463,CUST - 045,Customer 45,PL,External,61286.28,EUR,ST - Services / Tooling,Company 1,NULL,NULL,Create Sales Order,2023-12-15 12:36:27.000,USER - 10897,Department 2178,Manual,Order - 0463,Sales order,Main
Order - 0464,CUST - 045,Customer 45,PL,External,-29464.56,EUR,ST - Services / Tooling,Company 1,NULL,NULL,Create Sales Order,2023-12-15 12:44:15.000,USER - 10897,Department 2178,Manual,Order - 0464,Sales order,Main
Order - 0465,CUST - 045,Customer 45,PL,External,29464.56,EUR,ST - Services / Tooling,Company 1,NULL,NULL,Create Sales Order,2023-12-15 12:45:43.000,USER - 10897,Department 2178,Manual,Order - 0465,Sales order,Main
Order - 0466,CUST - 045,Customer 45,PL,External,-23571.65,EUR,ST - Services / Tooling,Company 1,NULL,NULL,Create Sales Order,2023-12-15 13:26:47.000,USER - 10897,Department 2178,Manual,Order - 0466,Sales order,Main
Order - 0467,CUST - 045,Customer 45,PL,External,23571.65,EUR,ST - Services / Tooling,Company 1,NULL,NULL,Create Sales Order,2023-12-15 13:28:07.000,USER - 10897,Department 2178,Manual,Order - 0467,Sales order,Main
Order - 0468,CUST - 045,Customer 45,PL,External,-69536.36,EUR,ST - Services / Tooling,Company 1,NULL,NULL,Create Sales Order,2023-12-15 13:29:04.000,USER - 10897,Department 2178,Manual,Order - 0468,Sales order,Main
Order - 0469,CUST - 045,Customer 45,PL,External,69536.36,EUR,ST - Services / Tooling,Company 1,NULL,NULL,Create Sales Order,2023-12-15 13:30:51.000,USER - 10897,Department 2178,Manual,Order - 0469,Sales order,Main
Order - 0470,CUST - 045,Customer 45,PL,External,-38893.22,EUR,ST - Services / Tooling,Company 1,NULL,NULL,Create Sales Order,2023-12-15 13:36:07.000,USER - 10897,Department 2178,Manual,Order - 0470,Sales order,Main
Order - 0036,CUST - 001,Customer 1,FR,External,17513,EUR,ST - Services / Tooling,Company 1,NULL,NULL,Create Sales Order,2023-06-06 13:11:04.000,USER - 10897,Department 2178,Manual,Order - 0036,Sales order,Main
Order - 0037,CUST - 001,Customer 1,FR,External,5677,EUR,ST - Services / Tooling,Company 1,NULL,NULL,Create Sales Order,2023-06-06 14:14:53.000,USER - 10897,Department 2178,Manual,Order - 0037,Sales order,Main
Order - 0038,CUST - 001,Customer 1,FR,External,4710,EUR,ST - Services / Tooling,Company 1,NULL,NULL,Create Sales Order,2023-06-06 14:55:20.000,USER - 10897,Department 2178,Manual,Order - 0038,Sales order,Main
Order - 0551,CUST - 001,Customer 1,FR,External,2925,EUR,ST - Services / Tooling,Company 1,NULL,NULL,Create Sales Order,2023-12-20 08:35:14.000,USER - 10897,Department 2178,Manual,Order - 0551,Sales order,Main
Order - 0279,CUST - 001,Customer 1,FR,External,100000,EUR,ST - Services / Tooling,Company 1,NULL,NULL,Create Sales Order,2023-10-13 10:43:08.000,USER - 10897,Department 2178,Manual,Order - 0279,Sales order,Main
Order - 1144,CUST - 036,Customer 36,US,External,1188.31,USD,ST - Services / Tooling,Company 2,NULL,NULL,Create Sales Order,2024-05-15 21:12:29.000,USER - 02130,Department 2222,Manual,Order - 1144,Sales order,Main
Order - 1145,CUST - 036,Customer 36,US,External,1775.9,USD,ST - Services / Tooling,Company 2,NULL,NULL,Create Sales Order,2024-05-15 21:21:08.000,USER - 02130,Department 2222,Manual,Order - 1145,Sales order,Main
Order - 1146,CUST - 036,Customer 36,US,External,7463.36,USD,ST - Services / Tooling,Company 2,NULL,NULL,Create Sales Order,2024-05-15 21:50:01.000,USER - 02130,Department 2222,Manual,Order - 1146,Sales order,Main
Order - 1147,CUST - 036,Customer 36,US,External,1807.48,USD,ST - Services / Tooling,Company 2,NULL,NULL,Create Sales Order,2024-05-15 21:57:24.000,USER - 02130,Department 2222,Manual,Order - 1147,Sales order,Main
Order - 1148,CUST - 036,Customer 36,US,External,446.65,USD,ST - Services / Tooling,Company 2,NULL,NULL,Create Sales Order,2024-05-15 22:08:54.000,USER - 02130,Department 2222,Manual,Order - 1148,Sales order,Main
Order - 1150,CUST - 036,Customer 36,US,External,6008.35,USD,ST - Services / Tooling,Company 2,NULL,NULL,Create Sales Order,2024-05-15 22:38:18.000,USER - 02130,Department 2222,Manual,Order - 1150,Sales order,Main
Order - 0773,CUST - 036,Customer 36,US,External,410.03,USD,ST - Services / Tooling,Company 2,NULL,NULL,Create Sales Order,2024-02-21 14:32:53.000,USER - 02130,Department 2222,Manual,Order - 0773,Sales order,Main
Order - 0779,CUST - 036,Customer 36,US,External,600.51,USD,ST - Services / Tooling,Company 2,NULL,NULL,Create Sales Order,2024-02-21 16:11:29.000,USER - 02130,Department 2222,Manual,Order - 0779,Sales order,Main
Order - 0780,CUST - 036,Customer 36,US,External,737.16,USD,ST - Services / Tooling,Company 2,NULL,NULL,Create Sales Order,2024-02-21 16:17:20.000,USER - 02130,Department 2222,Manual,Order - 0780,Sales order,Main
Order - 1203,CUST - 036,Customer 36,US,External,62406.67,USD,ST - Services / Tooling,Company 2,NULL,NULL,Create Sales Order,2024-05-29 20:48:27.000,USER - 02130,Department 2222,Manual,Order - 1203,Sales order,Main
Order - 1208,CUST - 036,Customer 36,US,External,879.35,USD,ST - Services / Tooling,Company 2,NULL,NULL,Create Sales Order,2024-05-29 21:24:22.000,USER - 02130,Department 2222,Manual,Order - 1208,Sales order,Main
Order - 1211,CUST - 036,Customer 36,US,External,629.19,USD,ST - Services / Tooling,Company 2,NULL,NULL,Create Sales Order,2024-05-29 21:52:04.000,USER - 02130,Department 2222,Manual,Order - 1211,Sales order,Main
Order - 0730,CUST - 036,Customer 36,US,External,1821.65,USD,ST - Services / Tooling,Company 2,NULL,NULL,Create Sales Order,2024-02-14 18:02:39.000,USER - 02130,Department 2222,Manual,Order - 0730,Sales order,Main
Order - 0867,CUST - 036,Customer 36,US,External,3907.71,USD,ST - Services / Tooling,Company 2,NULL,NULL,Create Sales Order,2024-03-19 19:12:48.000,USER - 02130,Department 2222,Manual,Order - 0867,Sales order,Main
Order - 1323,CUST - 036,Customer 36,US,External,800.88,USD,ST - Services / Tooling,Company 2,NULL,NULL,Create Sales Order,2024-06-28 19:21:10.000,USER - 02130,Department 2222,Manual,Order - 1323,Sales order,Main
Order - 1324,CUST - 036,Customer 36,US,External,2313.3,USD,ST - Services / Tooling,Company 2,NULL,NULL,Create Sales Order,2024-06-28 19:31:56.000,USER - 02130,Department 2222,Manual,Order - 1324,Sales order,Main
Order - 1329,CUST - 036,Customer 36,US,External,1558.22,USD,ST - Services / Tooling,Company 2,NULL,NULL,Create Sales Order,2024-06-28 20:14:52.000,USER - 02130,Department 2222,Manual,Order - 1329,Sales order,Main
Order - 1330,CUST - 036,Customer 36,US,External,1217.8,USD,ST - Services / Tooling,Company 2,NULL,NULL,Create Sales Order,2024-06-28 20:23:25.000,USER - 02130,Department 2222,Manual,Order - 1330,Sales order,Main
Order - 1331,CUST - 036,Customer 36,US,External,582.1,USD,ST - Services / Tooling,Company 2,NULL,NULL,Create Sales Order,2024-06-28 20:31:42.000,USER - 02130,Department 2222,Manual,Order - 1331,Sales order,Main
Order - 1336,CUST - 036,Customer 36,US,External,3068.76,USD,ST - Services / Tooling,Company 2,NULL,NULL,Create Sales Order,2024-07-02 19:53:21.000,USER - 02130,Department 2222,Manual,Order - 1336,Sales order,Main
Order - 1339,CUST - 036,Customer 36,US,External,5482.63,USD,ST - Services / Tooling,Company 2,NULL,NULL,Create Sales Order,2024-07-02 20:14:04.000,USER - 02130,Department 2222,Manual,Order - 1339,Sales order,Main
Order - 1341,CUST - 036,Customer 36,US,External,5482.63,USD,ST - Services / Tooling,Company 2,NULL,NULL,Create Sales Order,2024-07-02 20:31:54.000,USER - 02130,Department 2222,Manual,Order - 1341,Sales order,Main
Order - 0872,CUST - 036,Customer 36,US,External,502.65,USD,ST - Services / Tooling,Company 2,NULL,NULL,Create Sales Order,2024-03-19 21:22:50.000,USER - 02130,Department 2222,Manual,Order - 0872,Sales order,Main
Order - 0875,CUST - 036,Customer 36,US,External,429.46,USD,ST - Services / Tooling,Company 2,NULL,NULL,Create Sales Order,2024-03-19 21:45:19.000,USER - 02130,Department 2222,Manual,Order - 0875,Sales order,Main
Order - 0879,CUST - 036,Customer 36,US,External,8498.14,USD,ST - Services / Tooling,Company 2,NULL,NULL,Create Sales Order,2024-03-19 22:14:37.000,USER - 02130,Department 2222,Manual,Order - 0879,Sales order,Main
Order - 0885,CUST - 036,Customer 36,US,External,714.12,USD,ST - Services / Tooling,Company 2,NULL,NULL,Create Sales Order,2024-03-19 22:58:08.000,USER - 02130,Department 2222,Manual,Order - 0885,Sales order,Main
Order - 0886,CUST - 036,Customer 36,US,External,4672.3,USD,ST - Services / Tooling,Company 2,NULL,NULL,Create Sales Order,2024-03-19 23:05:01.000,USER - 02130,Department 2222,Manual,Order - 0886,Sales order,Main
Order - 0834,CUST - 036,Customer 36,US,External,3321.8,USD,ST - Services / Tooling,Company 2,NULL,NULL,Create Sales Order,2024-03-06 21:58:46.000,USER - 02130,Department 2222,Manual,Order - 0834,Sales order,Main
Order - 0837,CUST - 036,Customer 36,US,External,0,USD,ST - Services / Tooling,Company 2,NULL,NULL,Create Sales Order,2024-03-06 22:23:04.000,USER - 02130,Department 2222,Manual,Order - 0837,Sales order,Main
Order - 1223,CUST - 036,Customer 36,US,External,1962.58,USD,ST - Services / Tooling,Company 2,NULL,NULL,Create Sales Order,2024-06-04 19:40:45.000,USER - 02130,Department 2222,Manual,Order - 1223,Sales order,Main
Order - 1224,CUST - 036,Customer 36,US,External,88,USD,ST - Services / Tooling,Company 2,NULL,NULL,Create Sales Order,2024-06-04 19:50:56.000,USER - 02130,Department 2222,Manual,Order - 1224,Sales order,Main
Order - 1225,CUST - 036,Customer 36,US,External,481.4,USD,ST - Services / Tooling,Company 2,NULL,NULL,Create Sales Order,2024-06-04 20:04:39.000,USER - 02130,Department 2222,Manual,Order - 1225,Sales order,Main
Order - 0693,CUST - 036,Customer 36,US,External,1267.04,USD,ST - Services / Tooling,Company 2,NULL,NULL,Create Sales Order,2024-02-08 14:59:13.000,USER - 02130,Department 2222,Manual,Order - 0693,Sales order,Main
Order - 1249,CUST - 036,Customer 36,US,External,733.55,USD,ST - Services / Tooling,Company 2,NULL,NULL,Create Sales Order,2024-06-11 18:14:35.000,USER - 02130,Department 2222,Manual,Order - 1249,Sales order,Main
Order - 1250,CUST - 036,Customer 36,US,External,2373.73,USD,ST - Services / Tooling,Company 2,NULL,NULL,Create Sales Order,2024-06-11 18:40:41.000,USER - 02130,Department 2222,Manual,Order - 1250,Sales order,Main
Order - 1252,CUST - 036,Customer 36,US,External,3758.01,USD,ST - Services / Tooling,Company 2,NULL,NULL,Create Sales Order,2024-06-11 19:04:42.000,USER - 02130,Department 2222,Manual,Order - 1252,Sales order,Main
Order - 1253,CUST - 036,Customer 36,US,External,769.82,USD,ST - Services / Tooling,Company 2,NULL,NULL,Create Sales Order,2024-06-11 19:12:06.000,USER - 02130,Department 2222,Manual,Order - 1253,Sales order,Main
Order - 1255,CUST - 036,Customer 36,US,External,1382.77,USD,ST - Services / Tooling,Company 2,NULL,NULL,Create Sales Order,2024-06-11 19:27:51.000,USER - 02130,Department 2222,Manual,Order - 1255,Sales order,Main
Order - 1256,CUST - 036,Customer 36,US,External,485.8,USD,ST - Services / Tooling,Company 2,NULL,NULL,Create Sales Order,2024-06-11 19:35:12.000,USER - 02130,Department 2222,Manual,Order - 1256,Sales order,Main
Order - 1257,CUST - 036,Customer 36,US,External,781.25,USD,ST - Services / Tooling,Company 2,NULL,NULL,Create Sales Order,2024-06-11 19:41:57.000,USER - 02130,Department 2222,Manual,Order - 1257,Sales order,Main
Order - 1259,CUST - 036,Customer 36,US,External,151.19,USD,ST - Services / Tooling,Company 2,NULL,NULL,Create Sales Order,2024-06-11 20:31:43.000,USER - 02130,Department 2222,Manual,Order - 1259,Sales order,Main
Order - 1260,CUST - 036,Customer 36,US,External,1817.7,USD,ST - Services / Tooling,Company 2,NULL,NULL,Create Sales Order,2024-06-11 20:40:14.000,USER - 02130,Department 2222,Manual,Order - 1260,Sales order,Main
Order - 1405,CUST - 036,Customer 36,US,External,1454.26,USD,ST - Services / Tooling,Company 2,NULL,NULL,Create Sales Order,2024-07-17 19:13:55.000,USER - 02130,Department 2222,Manual,Order - 1405,Sales order,Main
Order - 1412,CUST - 036,Customer 36,US,External,1775.87,USD,ST - Services / Tooling,Company 2,NULL,NULL,Create Sales Order,2024-07-17 20:12:13.000,USER - 02130,Department 2222,Manual,Order - 1412,Sales order,Main
Order - 1413,CUST - 036,Customer 36,US,External,827.03,USD,ST - Services / Tooling,Company 2,NULL,NULL,Create Sales Order,2024-07-17 21:21:09.000,USER - 02130,Department 2222,Manual,Order - 1413,Sales order,Main
Order - 1415,CUST - 036,Customer 36,US,External,4028.97,USD,ST - Services / Tooling,Company 2,NULL,NULL,Create Sales Order,2024-07-17 21:34:54.000,USER - 02130,Department 2222,Manual,Order - 1415,Sales order,Main
Order - 0952,CUST - 011,Customer 11,DE,External,18010.08,EUR,SO - Standard Order,Company 1,NULL,NULL,Create Sales Order,2024-04-03 15:32:35.000,USER - 03676,Department 751,Manual,Order - 0952,Sales order,Main
Order - 0953,CUST - 011,Customer 11,DE,External,18010.08,EUR,SO - Standard Order,Company 1,NULL,NULL,Create Sales Order,2024-04-03 15:35:31.000,USER - 03676,Department 751,Manual,Order - 0953,Sales order,Main
Order - 0984,CUST - 011,Customer 11,DE,External,48960,EUR,SO - Standard Order,Company 1,NULL,NULL,Create Sales Order,2024-04-04 13:18:00.000,USER - 03676,Department 751,Manual,Order - 0984,Sales order,Main
Order - 0987,CUST - 011,Customer 11,DE,External,33872.78,EUR,SO - Standard Order,Company 1,NULL,NULL,Create Sales Order,2024-04-08 15:06:11.000,USER - 03676,Department 751,Manual,Order - 0987,Sales order,Main
Order - 0988,CUST - 011,Customer 11,DE,External,25015.82,EUR,SO - Standard Order,Company 1,NULL,NULL,Create Sales Order,2024-04-09 14:40:33.000,USER - 03676,Department 751,Manual,Order - 0988,Sales order,Main
Order - 0989,CUST - 011,Customer 11,DE,External,13271.6,EUR,SO - Standard Order,Company 1,NULL,NULL,Create Sales Order,2024-04-09 14:46:18.000,USER - 03676,Department 751,Manual,Order - 0989,Sales order,Main
Order - 1064,CUST - 011,Customer 11,DE,External,42166.4,EUR,SO - Standard Order,Company 1,NULL,NULL,Create Sales Order,2024-04-25 10:44:19.000,USER - 03676,Department 751,Manual,Order - 1064,Sales order,Main
Order - 1065,CUST - 011,Customer 11,DE,External,18213.7,EUR,SO - Standard Order,Company 1,NULL,NULL,Create Sales Order,2024-04-25 10:47:07.000,USER - 03676,Department 751,Manual,Order - 1065,Sales order,Main
Order - 1070,CUST - 011,Customer 11,DE,External,13089.6,EUR,SO - Standard Order,Company 1,NULL,NULL,Create Sales Order,2024-04-29 14:50:18.000,USER - 03676,Department 751,Manual,Order - 1070,Sales order,Main
Order - 1554,CUST - 011,Customer 11,DE,External,48960,EUR,SO - Standard Order,Company 1,NULL,NULL,Create Sales Order,2024-08-22 09:27:18.000,USER - 03676,Department 751,Manual,Order - 1554,Sales order,Main
Order - 1555,CUST - 011,Customer 11,DE,External,18278.15,EUR,SO - Standard Order,Company 1,NULL,NULL,Create Sales Order,2024-08-26 12:53:13.000,USER - 03676,Department 751,Manual,Order - 1555,Sales order,Main
Order - 1556,CUST - 011,Customer 11,DE,External,26253.48,EUR,SO - Standard Order,Company 1,NULL,NULL,Create Sales Order,2024-08-26 13:06:21.000,USER - 03676,Department 751,Manual,Order - 1556,Sales order,Main
Order - 1557,CUST - 011,Customer 11,DE,External,20257.24,EUR,SO - Standard Order,Company 1,NULL,NULL,Create Sales Order,2024-08-26 13:13:05.000,USER - 03676,Department 751,Manual,Order - 1557,Sales order,Main
Order - 1558,CUST - 011,Customer 11,DE,External,48960,EUR,SO - Standard Order,Company 1,NULL,NULL,Create Sales Order,2024-08-27 09:22:06.000,USER - 03676,Department 751,Manual,Order - 1558,Sales order,Main
Order - 1571,CUST - 011,Customer 11,DE,External,29057.66,EUR,SO - Standard Order,Company 1,NULL,NULL,Create Sales Order,2024-08-29 10:57:16.000,USER - 03676,Department 751,Manual,Order - 1571,Sales order,Main
Order - 0592,CUST - 011,Customer 11,DE,External,48960,EUR,SO - Standard Order,Company 1,NULL,NULL,Create Sales Order,2024-01-11 14:42:27.000,USER - 03676,Department 751,Manual,Order - 0592,Sales order,Main
Order - 0593,CUST - 011,Customer 11,DE,External,25007.1,EUR,SO - Standard Order,Company 1,NULL,NULL,Create Sales Order,2024-01-11 14:45:01.000,USER - 03676,Department 751,Manual,Order - 0593,Sales order,Main
Order - 0595,CUST - 011,Customer 11,DE,External,19376.68,EUR,SO - Standard Order,Company 1,NULL,NULL,Create Sales Order,2024-01-12 08:26:45.000,USER - 03676,Department 751,Manual,Order - 0595,Sales order,Main
Order - 0596,CUST - 011,Customer 11,DE,External,48960,EUR,SO - Standard Order,Company 1,NULL,NULL,Create Sales Order,2024-01-15 13:22:17.000,USER - 03676,Department 751,Manual,Order - 0596,Sales order,Main
Order - 0597,CUST - 011,Customer 11,DE,External,20524.8,EUR,SO - Standard Order,Company 1,NULL,NULL,Create Sales Order,2024-01-16 11:04:05.000,USER - 03676,Department 751,Manual,Order - 0597,Sales order,Main
Order - 0598,CUST - 011,Customer 11,DE,External,28536.96,EUR,SO - Standard Order,Company 1,NULL,NULL,Create Sales Order,2024-01-16 11:08:27.000,USER - 03676,Department 751,Manual,Order - 0598,Sales order,Main
Order - 0600,CUST - 011,Customer 11,DE,External,13107.6,EUR,SO - Standard Order,Company 1,NULL,NULL,Create Sales Order,2024-01-17 13:39:15.000,USER - 03676,Department 751,Manual,Order - 0600,Sales order,Main
Order - 0601,CUST - 011,Customer 11,DE,External,48960,EUR,SO - Standard Order,Company 1,NULL,NULL,Create Sales Order,2024-01-18 12:24:50.000,USER - 03676,Department 751,Manual,Order - 0601,Sales order,Main
Order - 0602,CUST - 011,Customer 11,DE,External,25170.12,EUR,SO - Standard Order,Company 1,NULL,NULL,Create Sales Order,2024-01-18 13:05:39.000,USER - 03676,Department 751,Manual,Order - 0602,Sales order,Main
Order - 0913,CUST - 011,Customer 11,DE,External,16164.44,EUR,SO - Standard Order,Company 1,NULL,NULL,Create Sales Order,2024-03-22 14:23:37.000,USER - 03676,Department 751,Manual,Order - 0913,Sales order,Main
Order - 0914,CUST - 011,Customer 11,DE,External,26253.48,EUR,SO - Standard Order,Company 1,NULL,NULL,Create Sales Order,2024-03-22 14:26:40.000,USER - 03676,Department 751,Manual,Order - 0914,Sales order,Main
Order - 0915,CUST - 011,Customer 11,DE,External,30361.12,EUR,SO - Standard Order,Company 1,NULL,NULL,Create Sales Order,2024-03-25 13:23:18.000,USER - 05664,Department 751,Manual,Order - 0915,Sales order,Main
Order - 0916,CUST - 011,Customer 11,DE,External,14853.36,EUR,SO - Standard Order,Company 1,NULL,NULL,Create Sales Order,2024-03-25 13:34:37.000,USER - 05664,Department 751,Manual,Order - 0916,Sales order,Main
Order - 0917,CUST - 011,Customer 11,DE,External,27073.32,EUR,SO - Standard Order,Company 1,NULL,NULL,Create Sales Order,2024-03-25 13:38:48.000,USER - 05664,Department 751,Manual,Order - 0917,Sales order,Main
Order - 0125,CUST - 011,Customer 11,DE,External,38858.8,EUR,SO - Standard Order,Company 1,NULL,NULL,Create Sales Order,2023-07-27 09:12:12.000,USER - 05664,Department 751,Manual,Order - 0125,Sales order,Main
Order - 0133,CUST - 011,Customer 11,DE,External,22216.8,EUR,SO - Standard Order,Company 1,NULL,NULL,Create Sales Order,2023-08-01 14:25:49.000,USER - 05664,Department 751,Manual,Order - 0133,Sales order,Main
Order - 0136,CUST - 011,Customer 11,DE,External,21515.9,EUR,SO - Standard Order,Company 1,NULL,NULL,Create Sales Order,2023-08-03 13:15:36.000,USER - 05664,Department 751,Manual,Order - 0136,Sales order,Main
Order - 0142,CUST - 011,Customer 11,DE,External,13107.6,EUR,SO - Standard Order,Company 1,NULL,NULL,Create Sales Order,2023-08-08 12:27:43.000,USER - 05664,Department 751,Manual,Order - 0142,Sales order,Main
Order - 0143,CUST - 011,Customer 11,DE,External,19550.07,EUR,SO - Standard Order,Company 1,NULL,NULL,Create Sales Order,2023-08-08 12:33:37.000,USER - 05664,Department 751,Manual,Order - 0143,Sales order,Main
Order - 0144,CUST - 011,Customer 11,DE,External,48960,EUR,SO - Standard Order,Company 1,NULL,NULL,Create Sales Order,2023-08-08 12:40:06.000,USER - 05664,Department 751,Manual,Order - 0144,Sales order,Main
Order - 0148,CUST - 011,Customer 11,DE,External,3317.76,EUR,SO - Standard Order,Company 1,NULL,NULL,Create Sales Order,2023-08-09 14:26:32.000,USER - 05664,Department 751,Manual,Order - 0148,Sales order,Main
Order - 0149,CUST - 011,Customer 11,DE,External,27325.72,EUR,SO - Standard Order,Company 1,NULL,NULL,Create Sales Order,2023-08-10 14:20:15.000,USER - 05664,Department 751,Manual,Order - 0149,Sales order,Main
Order - 0151,CUST - 011,Customer 11,DE,External,21804.44,EUR,SO - Standard Order,Company 1,NULL,NULL,Create Sales Order,2023-08-11 10:00:31.000,USER - 05664,Department 751,Manual,Order - 0151,Sales order,Main
Order - 0615,CUST - 011,Customer 11,DE,External,48960,EUR,SO - Standard Order,Company 1,NULL,NULL,Create Sales Order,2024-01-26 11:35:03.000,USER - 05664,Department 751,Manual,Order - 0615,Sales order,Main
Order - 0616,CUST - 011,Customer 11,DE,External,41818.1,EUR,SO - Standard Order,Company 1,NULL,NULL,Create Sales Order,2024-01-26 11:39:13.000,USER - 05664,Department 751,Manual,Order - 0616,Sales order,Main
Order - 1480,CUST - 011,Customer 11,DE,External,13908.02,EUR,SO - Standard Order,Company 1,NULL,NULL,Create Sales Order,2024-08-02 13:12:52.000,USER - 05664,Department 751,Manual,Order - 1480,Sales order,Main
Order - 1481,CUST - 011,Customer 11,DE,External,26253.48,EUR,SO - Standard Order,Company 1,NULL,NULL,Create Sales Order,2024-08-02 13:24:46.000,USER - 05664,Department 751,Manual,Order - 1481,Sales order,Main
Order - 0197,CUST - 011,Customer 11,DE,External,18366.48,EUR,SO - Standard Order,Company 1,NULL,NULL,Create Sales Order,2023-09-05 13:04:18.000,USER - 05664,Department 751,Manual,Order - 0197,Sales order,Main
Order - 0198,CUST - 011,Customer 11,DE,External,13423.82,EUR,SO - Standard Order,Company 1,NULL,NULL,Create Sales Order,2023-09-05 13:14:40.000,USER - 05664,Department 751,Manual,Order - 0198,Sales order,Main
Order - 1399,CUST - 011,Customer 11,DE,External,18053.88,EUR,SO - Standard Order,Company 1,NULL,NULL,Create Sales Order,2024-07-17 12:32:25.000,USER - 05664,Department 751,Manual,Order - 1399,Sales order,Main
Order - 1400,CUST - 011,Customer 11,DE,External,25457.92,EUR,SO - Standard Order,Company 1,NULL,NULL,Create Sales Order,2024-07-17 12:39:15.000,USER - 05664,Department 751,Manual,Order - 1400,Sales order,Main
Order - 0236,CUST - 011,Customer 11,DE,External,48960,EUR,SO - Standard Order,Company 1,NULL,NULL,Create Sales Order,2023-09-22 11:54:13.000,USER - 05664,Department 751,Manual,Order - 0236,Sales order,Main
Order - 1425,CUST - 011,Customer 11,DE,External,48960,EUR,SO - Standard Order,Company 1,NULL,NULL,Create Sales Order,2024-07-19 11:52:53.000,USER - 05664,Department 751,Manual,Order - 1425,Sales order,Main
Order - 1855,,,,,0,,SC - Scrap Sales,,,,Requested Delivery Date,2024-10-31 23:59:59.000,USER - 06647,Department 953,Manual,Order - 1855,Sales order,Main
Order - 1817,,,,,0,,ST - Services / Tooling,,,,Requested Delivery Date,2024-10-29 23:59:59.000,USER - 06647,Department 953,Manual,Order - 1817,Sales order,Main
Order - 1854,,,,,0,,ST - Services / Tooling,,,,Requested Delivery Date,2024-10-31 23:59:59.000,USER - 06647,Department 953,Manual,Order - 1854,Sales order,Main
Order - 1815,,,,,0,,ST - Services / Tooling,,,,Requested Delivery Date,2024-10-29 23:59:59.000,USER - 06647,Department 953,Manual,Order - 1815,Sales order,Main
Order - 1816,,,,,0,,ST - Services / Tooling,,,,Requested Delivery Date,2024-10-29 23:59:59.000,USER - 06647,Department 953,Manual,Order - 1816,Sales order,Main
Order - 0033,,,,,0,,SO - Standard Order,,,,Requested Delivery Date,2023-06-05 23:59:59.000,USER - 03676,Department 751,Manual,Order - 0033,Sales order,Main
Order - 0035,,,,,0,,SO - Standard Order,,,,Requested Delivery Date,2023-06-06 23:59:59.000,USER - 03676,Department 751,Manual,Order - 0035,Sales order,Main
Order - 0039,,,,,0,,SO - Standard Order,,,,Requested Delivery Date,2023-06-07 23:59:59.000,USER - 03676,Department 751,Manual,Order - 0039,Sales order,Main
Order - 1720,,,,,0,,ST - Services / Tooling,,,,Requested Delivery Date,2024-10-09 23:59:59.000,USER - 03676,Department 751,Manual,Order - 1720,Sales order,Main
Order - 1922,,,,,0,,ST - Services / Tooling,,,,Requested Delivery Date,2024-11-20 23:59:59.000,USER - 03676,Department 751,Manual,Order - 1922,Sales order,Main
Order - 1927,,,,,0,,ST - Services / Tooling,,,,Requested Delivery Date,2024-11-20 23:59:59.000,USER - 03676,Department 751,Manual,Order - 1927,Sales order,Main
Order - 0200,,,,,0,,SO - Standard Order,,,,Requested Delivery Date,2023-09-07 23:59:59.000,USER - 03676,Department 751,Manual,Order - 0200,Sales order,Main
Order - 0201,,,,,0,,SO - Standard Order,,,,Requested Delivery Date,2023-09-07 23:59:59.000,USER - 03676,Department 751,Manual,Order - 0201,Sales order,Main
Order - 0202,,,,,0,,SO - Standard Order,,,,Requested Delivery Date,2023-09-07 23:59:59.000,USER - 03676,Department 751,Manual,Order - 0202,Sales order,Main
Order - 0673,,,,,0,,SO - Standard Order,,,,Requested Delivery Date,2024-02-01 23:59:59.000,USER - 03676,Department 751,Manual,Order - 0673,Sales order,Main
Order - 0674,,,,,0,,SO - Standard Order,,,,Requested Delivery Date,2024-02-01 23:59:59.000,USER - 03676,Department 751,Manual,Order - 0674,Sales order,Main
Order - 0679,,,,,0,,SO - Standard Order,,,,Requested Delivery Date,2024-02-06 23:59:59.000,USER - 03676,Department 751,Manual,Order - 0679,Sales order,Main
Order - 0680,,,,,0,,SO - Standard Order,,,,Requested Delivery Date,2024-02-06 23:59:59.000,USER - 03676,Department 751,Manual,Order - 0680,Sales order,Main
Order - 0684,,,,,0,,SO - Standard Order,,,,Requested Delivery Date,2024-02-07 23:59:59.000,USER - 03676,Department 751,Manual,Order - 0684,Sales order,Main
Order - 0685,,,,,0,,SO - Standard Order,,,,Requested Delivery Date,2024-02-07 23:59:59.000,USER - 03676,Department 751,Manual,Order - 0685,Sales order,Main
Order - 0686,,,,,0,,SO - Standard Order,,,,Requested Delivery Date,2024-02-08 23:59:59.000,USER - 03676,Department 751,Manual,Order - 0686,Sales order,Main
Order - 0688,,,,,0,,SO - Standard Order,,,,Requested Delivery Date,2024-02-08 23:59:59.000,USER - 03676,Department 751,Manual,Order - 0688,Sales order,Main
Order - 0695,,,,,0,,SO - Standard Order,,,,Requested Delivery Date,2024-02-09 23:59:59.000,USER - 03676,Department 751,Manual,Order - 0695,Sales order,Main
Order - 0696,,,,,0,,SO - Standard Order,,,,Requested Delivery Date,2024-02-09 23:59:59.000,USER - 03676,Department 751,Manual,Order - 0696,Sales order,Main
Order - 0701,,,,,0,,SO - Standard Order,,,,Requested Delivery Date,2024-02-13 23:59:59.000,USER - 03676,Department 751,Manual,Order - 0701,Sales order,Main
Order - 0702,,,,,0,,SO - Standard Order,,,,Requested Delivery Date,2024-02-13 23:59:59.000,USER - 03676,Department 751,Manual,Order - 0702,Sales order,Main
Order - 0703,,,,,0,,SO - Standard Order,,,,Requested Delivery Date,2024-02-13 23:59:59.000,USER - 03676,Department 751,Manual,Order - 0703,Sales order,Main
Order - 1160,,,,,0,,SO - Standard Order,,,,Requested Delivery Date,2024-05-16 23:59:59.000,USER - 03676,Department 751,Manual,Order - 1160,Sales order,Main
Order - 1162,,,,,0,,SO - Standard Order,,,,Requested Delivery Date,2024-05-17 23:59:59.000,USER - 03676,Department 751,Manual,Order - 1162,Sales order,Main
Order - 1172,,,,,0,,SO - Standard Order,,,,Requested Delivery Date,2024-05-21 23:59:59.000,USER - 03676,Department 751,Manual,Order - 1172,Sales order,Main
Order - 1190,,,,,0,,SO - Standard Order,,,,Requested Delivery Date,2024-05-23 23:59:59.000,USER - 03676,Department 751,Manual,Order - 1190,Sales order,Main
Order - 1191,,,,,0,,SO - Standard Order,,,,Requested Delivery Date,2024-05-23 23:59:59.000,USER - 03676,Department 751,Manual,Order - 1191,Sales order,Main
Order - 1782,CUST - 036,Customer 36,US,External,1686.5,USD,ST - Services / Tooling,Company 2,NULL,NULL,Create Sales Order,2024-10-22 20:36:07.000,USER - 01037,Department 2177,Manual,Order - 1782,Sales order,Main
Order - 1821,CUST - 040,Customer 40,SK,External,39226.94,EUR,ST - Services / Tooling,Company 1,NULL,NULL,Create Sales Order,2024-10-29 13:59:44.000,USER - 06647,Department 953,Manual,Order - 1821,Sales order,Main
Order - 1779,CUST - 038,Customer 38,US,External,526.49,USD,ST - Services / Tooling,Company 2,NULL,NULL,Create Sales Order,2024-10-22 20:12:43.000,USER - 06647,Department 953,Manual,Order - 1779,Sales order,Main
Order - 1755,CUST - 011,Customer 11,DE,External,6.69,EUR,SO - Standard Order,Company 1,NULL,NULL,Create Sales Order,2024-10-17 08:37:32.000,USER - 06647,Department 953,Manual,Order - 1755,Sales order,Main
Order - 1781,CUST - 051,Customer 51,DE,Internal,16825,USD,ST - Services / Tooling,Company 2,NULL,NULL,Create Sales Order,2024-10-22 20:28:27.000,USER - 06647,Department 953,Manual,Order - 1781,Sales order,Main
Order - 1780,CUST - 036,Customer 36,US,External,1102.58,USD,ST - Services / Tooling,Company 2,NULL,NULL,Create Sales Order,2024-10-22 20:19:21.000,USER - 06647,Department 953,Manual,Order - 1780,Sales order,Main
Order - 1811,CUST - 011,Customer 11,DE,External,13726.96,EUR,SO - Standard Order,Company 1,NULL,NULL,Create Sales Order,2024-10-28 12:41:11.000,USER - 06647,Department 953,Manual,Order - 1811,Sales order,Main
Order - 1783,CUST - 026,Customer 26,DE,External,41152.16,EUR,ST - Services / Tooling,Company 1,NULL,NULL,Create Sales Order,2024-10-22 21:04:48.000,USER - 06647,Department 953,Manual,Order - 1783,Sales order,Main
Order - 1855,CUST - 026,Customer 26,DE,External,36959.58,EUR,SC - Scrap Sales,Company 1,NULL,NULL,Create Sales Order,2024-10-31 13:14:30.000,USER - 06647,Department 953,Manual,Order - 1855,Sales order,Main
Order - 1891,CUST - 034,Customer 34,US,External,319.8,USD,ST - Services / Tooling,Company 2,NULL,NULL,Create Sales Order,2024-11-12 19:30:23.000,USER - 06647,Department 953,Manual,Order - 1891,Sales order,Main
Order - 1815,CUST - 077,Customer 77,GB,External,5971.89,GBP,ST - Services / Tooling,Company 3,NULL,NULL,Create Sales Order,2024-10-29 11:04:03.000,USER - 06647,Department 953,Manual,Order - 1815,Sales order,Main
Order - 1816,CUST - 077,Customer 77,GB,External,7170,GBP,ST - Services / Tooling,Company 3,NULL,NULL,Create Sales Order,2024-10-29 11:15:48.000,USER - 06647,Department 953,Manual,Order - 1816,Sales order,Main
Order - 1817,CUST - 075,Customer 75,US,External,12474,GBP,ST - Services / Tooling,Company 3,NULL,NULL,Create Sales Order,2024-10-29 12:29:03.000,USER - 06647,Department 953,Manual,Order - 1817,Sales order,Main
Order - 1854,CUST - 058,Customer 58,PL,External,500,PLN,ST - Services / Tooling,Company 1,NULL,NULL,Create Sales Order,2024-10-31 08:48:53.000,USER - 06647,Department 953,Manual,Order - 1854,Sales order,Main
Order - 1607,CUST - 026,Customer 26,DE,External,38644.63,EUR,ST - Services / Tooling,Company 1,NULL,NULL,Create Sales Order,2024-09-10 15:34:38.000,USER - 10897,Department 2178,Manual,Order - 1607,Sales order,Main
Order - 1648,CUST - 026,Customer 26,DE,External,40371.55,EUR,ST - Services / Tooling,Company 1,NULL,NULL,Create Sales Order,2024-09-19 17:54:34.000,USER - 10897,Department 2178,Manual,Order - 1648,Sales order,Main
Order - 1649,CUST - 026,Customer 26,DE,External,37435.78,EUR,ST - Services / Tooling,Company 1,NULL,NULL,Create Sales Order,2024-09-24 15:29:38.000,USER - 10897,Department 2178,Manual,Order - 1649,Sales order,Main
Order - 1239,CUST - 026,Customer 26,DE,External,40289.31,EUR,ST - Services / Tooling,Company 1,NULL,NULL,Create Sales Order,2024-06-06 15:51:51.000,USER - 10897,Department 2178,Manual,Order - 1239,Sales order,Main
Order - 1686,CUST - 026,Customer 26,DE,External,38124.99,EUR,ST - Services / Tooling,Company 1,NULL,NULL,Create Sales Order,2024-10-01 14:20:31.000,USER - 10897,Department 2178,Manual,Order - 1686,Sales order,Main
Order - 1436,CUST - 026,Customer 26,DE,External,41897.17,EUR,ST - Services / Tooling,Company 1,NULL,NULL,Create Sales Order,2024-07-23 13:58:45.000,USER - 10897,Department 2178,Manual,Order - 1436,Sales order,Main
Order - 1442,CUST - 026,Customer 26,DE,External,40818.88,EUR,ST - Services / Tooling,Company 1,NULL,NULL,Create Sales Order,2024-07-29 15:25:42.000,USER - 10897,Department 2178,Manual,Order - 1442,Sales order,Main
Order - 1448,CUST - 026,Customer 26,DE,External,40890.44,EUR,ST - Services / Tooling,Company 1,NULL,NULL,Create Sales Order,2024-07-30 15:29:40.000,USER - 10897,Department 2178,Manual,Order - 1448,Sales order,Main
Order - 1307,CUST - 026,Customer 26,DE,External,46769.81,EUR,ST - Services / Tooling,Company 1,NULL,NULL,Create Sales Order,2024-06-25 14:38:14.000,USER - 10897,Department 2178,Manual,Order - 1307,Sales order,Main
Order - 1315,CUST - 026,Customer 26,DE,External,43836.37,EUR,ST - Services / Tooling,Company 1,NULL,NULL,Create Sales Order,2024-06-27 16:11:24.000,USER - 10897,Department 2178,Manual,Order - 1315,Sales order,Main
Order - 1385,CUST - 026,Customer 26,DE,External,40863.18,EUR,ST - Services / Tooling,Company 1,NULL,NULL,Create Sales Order,2024-07-10 10:24:33.000,USER - 10897,Department 2178,Manual,Order - 1385,Sales order,Main
Order - 1386,CUST - 026,Customer 26,DE,External,45427.59,EUR,ST - Services / Tooling,Company 1,NULL,NULL,Create Sales Order,2024-07-10 10:26:47.000,USER - 10897,Department 2178,Manual,Order - 1386,Sales order,Main
Order - 1165,CUST - 026,Customer 26,DE,External,43883.8,EUR,ST - Services / Tooling,Company 1,NULL,NULL,Create Sales Order,2024-05-20 09:11:34.000,USER - 10897,Department 2178,Manual,Order - 1165,Sales order,Main
Order - 1175,CUST - 026,Customer 26,DE,External,44452.39,EUR,ST - Services / Tooling,Company 1,NULL,NULL,Create Sales Order,2024-05-21 17:57:49.000,USER - 10897,Department 2178,Manual,Order - 1175,Sales order,Main
Order - 1176,CUST - 026,Customer 26,DE,External,33136.13,EUR,ST - Services / Tooling,Company 1,NULL,NULL,Create Sales Order,2024-05-21 18:00:21.000,USER - 10897,Department 2178,Manual,Order - 1176,Sales order,Main
Order - 0814,CUST - 026,Customer 26,DE,External,40433.57,EUR,ST - Services / Tooling,Company 1,NULL,NULL,Create Sales Order,2024-03-01 08:08:46.000,USER - 10897,Department 2178,Manual,Order - 0814,Sales order,Main
Order - 0815,CUST - 026,Customer 26,DE,External,34594.97,EUR,ST - Services / Tooling,Company 1,NULL,NULL,Create Sales Order,2024-03-01 09:42:31.000,USER - 10897,Department 2178,Manual,Order - 0815,Sales order,Main
Order - 0816,CUST - 026,Customer 26,DE,External,39183.61,EUR,ST - Services / Tooling,Company 1,NULL,NULL,Create Sales Order,2024-03-01 09:56:49.000,USER - 10897,Department 2178,Manual,Order - 0816,Sales order,Main
Order - 0825,CUST - 026,Customer 26,DE,External,41809.34,EUR,ST - Services / Tooling,Company 1,NULL,NULL,Create Sales Order,2024-03-05 20:41:40.000,USER - 10897,Department 2178,Manual,Order - 0825,Sales order,Main
Order - 0295,CUST - 026,Customer 26,DE,External,33297.96,EUR,ST - Services / Tooling,Company 1,NULL,NULL,Create Sales Order,2023-10-24 15:51:46.000,USER - 10897,Department 2178,Manual,Order - 0295,Sales order,Main
Order - 0297,CUST - 026,Customer 26,DE,External,37684.08,EUR,ST - Services / Tooling,Company 1,NULL,NULL,Create Sales Order,2023-10-24 20:51:15.000,USER - 10897,Department 2178,Manual,Order - 0297,Sales order,Main
Order - 0298,CUST - 026,Customer 26,DE,External,34074.51,EUR,ST - Services / Tooling,Company 1,NULL,NULL,Create Sales Order,2023-10-24 20:58:03.000,USER - 10897,Department 2178,Manual,Order - 0298,Sales order,Main
Order - 0306,CUST - 026,Customer 26,DE,External,36404.8,EUR,ST - Services / Tooling,Company 1,NULL,NULL,Create Sales Order,2023-10-31 09:02:40.000,USER - 10897,Department 2178,Manual,Order - 0306,Sales order,Main
Order - 0474,CUST - 045,Customer 45,PL,External,-35357.47,EUR,ST - Services / Tooling,Company 1,NULL,NULL,Create Sales Order,2023-12-15 13:44:03.000,USER - 10897,Department 2178,Manual,Order - 0474,Sales order,Main
Order - 0475,CUST - 045,Customer 45,PL,External,35357.47,EUR,ST - Services / Tooling,Company 1,NULL,NULL,Create Sales Order,2023-12-15 13:46:18.000,USER - 10897,Department 2178,Manual,Order - 0475,Sales order,Main
Order - 0476,CUST - 045,Customer 45,PL,External,-35357.47,EUR,ST - Services / Tooling,Company 1,NULL,NULL,Create Sales Order,2023-12-15 13:47:47.000,USER - 10897,Department 2178,Manual,Order - 0476,Sales order,Main
Order - 0477,CUST - 045,Customer 45,PL,External,35357.47,EUR,ST - Services / Tooling,Company 1,NULL,NULL,Create Sales Order,2023-12-15 13:49:18.000,USER - 10897,Department 2178,Manual,Order - 0477,Sales order,Main
Order - 0478,CUST - 045,Customer 45,PL,External,-49500.46,EUR,ST - Services / Tooling,Company 1,NULL,NULL,Create Sales Order,2023-12-15 13:50:22.000,USER - 10897,Department 2178,Manual,Order - 0478,Sales order,Main
Order - 0479,CUST - 045,Customer 45,PL,External,49500.46,EUR,ST - Services / Tooling,Company 1,NULL,NULL,Create Sales Order,2023-12-15 13:53:09.000,USER - 10897,Department 2178,Manual,Order - 0479,Sales order,Main
Order - 0480,CUST - 045,Customer 45,PL,External,-30201.06,EUR,ST - Services / Tooling,Company 1,NULL,NULL,Create Sales Order,2023-12-15 13:55:11.000,USER - 10897,Department 2178,Manual,Order - 0480,Sales order,Main
Order - 0481,CUST - 045,Customer 45,PL,External,30201.06,EUR,ST - Services / Tooling,Company 1,NULL,NULL,Create Sales Order,2023-12-15 13:57:36.000,USER - 10897,Department 2178,Manual,Order - 0481,Sales order,Main
Order - 0485,CUST - 045,Customer 45,PL,External,16787.64,EUR,ST - Services / Tooling,Company 1,NULL,NULL,Create Sales Order,2023-12-15 14:45:13.000,USER - 10897,Department 2178,Manual,Order - 0485,Sales order,Main
Order - 1276,CUST - 045,Customer 45,PL,External,-27784.98,EUR,ST - Services / Tooling,Company 1,NULL,NULL,Create Sales Order,2024-06-19 13:41:56.000,USER - 10897,Department 2178,Manual,Order - 1276,Sales order,Main
Order - 1277,CUST - 045,Customer 45,PL,External,-41073.44,EUR,ST - Services / Tooling,Company 1,NULL,NULL,Create Sales Order,2024-06-19 13:52:28.000,USER - 10897,Department 2178,Manual,Order - 1277,Sales order,Main
Order - 1278,CUST - 045,Customer 45,PL,External,-43489.53,EUR,ST - Services / Tooling,Company 1,NULL,NULL,Create Sales Order,2024-06-19 14:26:16.000,USER - 10897,Department 2178,Manual,Order - 1278,Sales order,Main
Order - 1279,CUST - 045,Customer 45,PL,External,27784.98,EUR,ST - Services / Tooling,Company 1,NULL,NULL,Create Sales Order,2024-06-19 14:31:36.000,USER - 10897,Department 2178,Manual,Order - 1279,Sales order,Main
Order - 1280,CUST - 045,Customer 45,PL,External,41073.44,EUR,ST - Services / Tooling,Company 1,NULL,NULL,Create Sales Order,2024-06-19 15:03:26.000,USER - 10897,Department 2178,Manual,Order - 1280,Sales order,Main
Order - 1281,CUST - 045,Customer 45,PL,External,43489.53,EUR,ST - Services / Tooling,Company 1,NULL,NULL,Create Sales Order,2024-06-19 15:06:24.000,USER - 10897,Department 2178,Manual,Order - 1281,Sales order,Main
Order - 1285,CUST - 045,Customer 45,PL,External,-18120.64,EUR,ST - Services / Tooling,Company 1,NULL,NULL,Create Sales Order,2024-06-19 15:56:50.000,USER - 10897,Department 2178,Manual,Order - 1285,Sales order,Main
Order - 1286,CUST - 045,Customer 45,PL,External,18120.64,EUR,ST - Services / Tooling,Company 1,NULL,NULL,Create Sales Order,2024-06-19 16:01:27.000,USER - 10897,Department 2178,Manual,Order - 1286,Sales order,Main
Order - 0617,CUST - 045,Customer 45,PL,External,37147.3,EUR,ST - Services / Tooling,Company 1,X,X,Create Sales Order,2024-01-26 14:20:04.000,USER - 10897,Department 2178,Manual,Order - 0617,Sales order,Main
Order - 0618,CUST - 045,Customer 45,PL,External,-37147.3,EUR,ST - Services / Tooling,Company 1,NULL,NULL,Create Sales Order,2024-01-26 15:07:53.000,USER - 10897,Department 2178,Manual,Order - 0618,Sales order,Main
Order - 0619,CUST - 045,Customer 45,PL,External,45691.18,EUR,ST - Services / Tooling,Company 1,NULL,NULL,Create Sales Order,2024-01-28 21:59:37.000,USER - 10897,Department 2178,Manual,Order - 0619,Sales order,Main
Order - 0620,CUST - 045,Customer 45,PL,External,-45691.18,EUR,ST - Services / Tooling,Company 1,NULL,NULL,Create Sales Order,2024-01-28 22:04:35.000,USER - 10897,Department 2178,Manual,Order - 0620,Sales order,Main
Order - 0621,CUST - 045,Customer 45,PL,External,37147.3,EUR,ST - Services / Tooling,Company 1,NULL,NULL,Create Sales Order,2024-01-28 22:07:34.000,USER - 10897,Department 2178,Manual,Order - 0621,Sales order,Main
Order - 1574,CUST - 054,Customer 54,CN,Internal,-131.84,EUR,ST - Services / Tooling,Company 1,NULL,NULL,Create Sales Order,2024-08-29 14:48:56.000,USER - 10897,Department 2178,Manual,Order - 1574,Sales order,Main
Order - 0488,CUST - 037,Customer 37,US,External,568.15,USD,ST - Services / Tooling,Company 2,NULL,NULL,Create Sales Order,2023-12-15 15:47:08.000,USER - 02130,Department 2222,Manual,Order - 0488,Sales order,Main
Order - 0489,CUST - 037,Customer 37,US,External,352.97,USD,ST - Services / Tooling,Company 2,NULL,NULL,Create Sales Order,2023-12-15 16:21:35.000,USER - 02130,Department 2222,Manual,Order - 0489,Sales order,Main
Order - 0490,CUST - 037,Customer 37,US,External,849.75,USD,ST - Services / Tooling,Company 2,NULL,NULL,Create Sales Order,2023-12-15 16:28:03.000,USER - 02130,Department 2222,Manual,Order - 0490,Sales order,Main
Order - 0491,CUST - 037,Customer 37,US,External,295.56,USD,ST - Services / Tooling,Company 2,NULL,NULL,Create Sales Order,2023-12-15 16:56:11.000,USER - 02130,Department 2222,Manual,Order - 0491,Sales order,Main
Order - 0492,CUST - 037,Customer 37,US,External,299.41,USD,ST - Services / Tooling,Company 2,NULL,NULL,Create Sales Order,2023-12-15 17:03:03.000,USER - 02130,Department 2222,Manual,Order - 0492,Sales order,Main
Order - 1880,CUST - 057,Customer 57,PL,External,1452.11,EUR,SC - Scrap Sales,Company 1,NULL,NULL,Create Sales Order,2024-11-07 21:09:19.000,USER - 02130,Department 2222,Manual,Order - 1880,Sales order,Main
Order - 1905,CUST - 057,Customer 57,PL,External,2509.19,EUR,SC - Scrap Sales,Company 1,NULL,NULL,Create Sales Order,2024-11-14 17:15:26.000,USER - 02130,Department 2222,Manual,Order - 1905,Sales order,Main
Order - 1733,CUST - 057,Customer 57,PL,External,2232.25,EUR,ST - Services / Tooling,Company 1,NULL,NULL,Create Sales Order,2024-10-10 09:24:35.000,USER - 02130,Department 2222,Manual,Order - 1733,Sales order,Main
Order - 1941,CUST - 075,Customer 75,US,External,114081,GBP,ST - Services / Tooling,Company 3,NULL,NULL,Create Sales Order,2024-11-21 16:05:19.000,USER - 02130,Department 2222,Manual,Order - 1941,Sales order,Main
Order - 1908,CUST - 082,Customer 82,KR,External,147703,EUR,FA - Fixed Asset Sale,Company 1,NULL,X,Create Sales Order,2024-11-15 14:04:15.000,USER - 02130,Department 2222,Manual,Order - 1908,Sales order,Main
Order - 1715,CUST - 026,Customer 26,DE,External,42369.6,EUR,ST - Services / Tooling,Company 1,NULL,NULL,Create Sales Order,2024-10-08 08:44:28.000,USER - 02130,Department 2222,Manual,Order - 1715,Sales order,Main
Order - 1732,CUST - 026,Customer 26,DE,External,39302.59,EUR,ST - Services / Tooling,Company 1,NULL,NULL,Create Sales Order,2024-10-10 09:12:12.000,USER - 02130,Department 2222,Manual,Order - 1732,Sales order,Main
Order - 0544,CUST - 026,Customer 26,DE,External,35080.68,EUR,ST - Services / Tooling,Company 1,NULL,NULL,Create Sales Order,2023-12-19 20:55:42.000,USER - 02130,Department 2222,Manual,Order - 0544,Sales order,Main
Order - 1882,CUST - 026,Customer 26,DE,External,43642.28,EUR,SC - Scrap Sales,Company 1,NULL,NULL,Create Sales Order,2024-11-07 21:18:19.000,USER - 02130,Department 2222,Manual,Order - 1882,Sales order,Main
Order - 1904,CUST - 026,Customer 26,DE,External,41075.69,EUR,SC - Scrap Sales,Company 1,NULL,NULL,Create Sales Order,2024-11-14 16:56:02.000,USER - 02130,Department 2222,Manual,Order - 1904,Sales order,Main
Order - 1035,CUST - 036,Customer 36,US,External,501.85,USD,ST - Services / Tooling,Company 2,NULL,NULL,Create Sales Order,2024-04-16 19:36:31.000,USER - 02130,Department 2222,Manual,Order - 1035,Sales order,Main
Order - 1038,CUST - 036,Customer 36,US,External,1058.36,USD,ST - Services / Tooling,Company 2,NULL,NULL,Create Sales Order,2024-04-16 19:58:27.000,USER - 02130,Department 2222,Manual,Order - 1038,Sales order,Main
Order - 0918,CUST - 036,Customer 36,US,External,5603.32,USD,ST - Services / Tooling,Company 2,NULL,NULL,Create Sales Order,2024-03-26 13:50:22.000,USER - 02130,Department 2222,Manual,Order - 0918,Sales order,Main
Order - 1139,CUST - 036,Customer 36,US,External,202.53,USD,ST - Services / Tooling,Company 2,NULL,NULL,Create Sales Order,2024-05-15 19:56:17.000,USER - 02130,Department 2222,Manual,Order - 1139,Sales order,Main
Order - 1140,CUST - 036,Customer 36,US,External,573.8,USD,ST - Services / Tooling,Company 2,NULL,NULL,Create Sales Order,2024-05-15 20:22:40.000,USER - 02130,Department 2222,Manual,Order - 1140,Sales order,Main
Order - 1141,CUST - 036,Customer 36,US,External,1735.83,USD,ST - Services / Tooling,Company 2,NULL,NULL,Create Sales Order,2024-05-15 20:32:26.000,USER - 02130,Department 2222,Manual,Order - 1141,Sales order,Main
Order - 1142,CUST - 036,Customer 36,US,External,667.6,USD,ST - Services / Tooling,Company 2,NULL,NULL,Create Sales Order,2024-05-15 20:55:07.000,USER - 02130,Department 2222,Manual,Order - 1142,Sales order,Main
Order - 1143,CUST - 036,Customer 36,US,External,3374.5,USD,ST - Services / Tooling,Company 2,NULL,NULL,Create Sales Order,2024-05-15 21:03:56.000,USER - 02130,Department 2222,Manual,Order - 1143,Sales order,Main
Order - 1482,CUST - 038,Customer 38,US,External,2072.73,USD,ST - Services / Tooling,Company 2,NULL,NULL,Create Sales Order,2024-08-07 18:39:26.000,USER - 02130,Department 2222,Manual,Order - 1482,Sales order,Main
Order - 1483,CUST - 038,Customer 38,US,External,116.02,USD,ST - Services / Tooling,Company 2,NULL,NULL,Create Sales Order,2024-08-07 18:47:16.000,USER - 02130,Department 2222,Manual,Order - 1483,Sales order,Main
Order - 1061,CUST - 038,Customer 38,US,External,328.93,USD,ST - Services / Tooling,Company 2,NULL,NULL,Create Sales Order,2024-04-23 22:32:22.000,USER - 02130,Department 2222,Manual,Order - 1061,Sales order,Main
Order - 1471,CUST - 038,Customer 38,US,External,1118.38,USD,ST - Services / Tooling,Company 2,NULL,NULL,Create Sales Order,2024-07-31 16:36:04.000,USER - 02130,Department 2222,Manual,Order - 1471,Sales order,Main
Order - 1469,CUST - 038,Customer 38,US,External,577.95,USD,ST - Services / Tooling,Company 2,NULL,NULL,Create Sales Order,2024-07-30 21:17:18.000,USER - 02130,Department 2222,Manual,Order - 1469,Sales order,Main
Order - 1453,CUST - 038,Customer 38,US,External,1217.97,USD,ST - Services / Tooling,Company 2,NULL,NULL,Create Sales Order,2024-07-30 18:07:28.000,USER - 02130,Department 2222,Manual,Order - 1453,Sales order,Main
Order - 1459,CUST - 038,Customer 38,US,External,315.14,USD,ST - Services / Tooling,Company 2,NULL,NULL,Create Sales Order,2024-07-30 19:26:39.000,USER - 02130,Department 2222,Manual,Order - 1459,Sales order,Main
Order - 1463,CUST - 038,Customer 38,US,External,694.09,USD,ST - Services / Tooling,Company 2,NULL,NULL,Create Sales Order,2024-07-30 20:28:22.000,USER - 02130,Department 2222,Manual,Order - 1463,Sales order,Main
Order - 1466,CUST - 038,Customer 38,US,External,365.78,USD,ST - Services / Tooling,Company 2,NULL,NULL,Create Sales Order,2024-07-30 21:00:55.000,USER - 02130,Department 2222,Manual,Order - 1466,Sales order,Main
Order - 1467,CUST - 038,Customer 38,US,External,347.29,USD,ST - Services / Tooling,Company 2,NULL,NULL,Create Sales Order,2024-07-30 21:06:58.000,USER - 02130,Department 2222,Manual,Order - 1467,Sales order,Main
Order - 1494,CUST - 038,Customer 38,US,External,1227.42,USD,ST - Services / Tooling,Company 2,NULL,NULL,Create Sales Order,2024-08-07 22:13:12.000,USER - 02130,Department 2222,Manual,Order - 1494,Sales order,Main
Order - 1029,CUST - 038,Customer 38,US,External,1218.18,USD,ST - Services / Tooling,Company 2,NULL,NULL,Create Sales Order,2024-04-16 18:34:28.000,USER - 02130,Department 2222,Manual,Order - 1029,Sales order,Main
Order - 1008,CUST - 038,Customer 38,US,External,676.14,USD,ST - Services / Tooling,Company 2,NULL,NULL,Create Sales Order,2024-04-10 22:35:04.000,USER - 02130,Department 2222,Manual,Order - 1008,Sales order,Main
Order - 1258,CUST - 038,Customer 38,US,External,603.36,USD,ST - Services / Tooling,Company 2,NULL,NULL,Create Sales Order,2024-06-11 20:05:51.000,USER - 02130,Department 2222,Manual,Order - 1258,Sales order,Main
Order - 1410,CUST - 038,Customer 38,US,External,361.32,USD,ST - Services / Tooling,Company 2,NULL,NULL,Create Sales Order,2024-07-17 19:54:23.000,USER - 02130,Department 2222,Manual,Order - 1410,Sales order,Main
Order - 1411,CUST - 038,Customer 38,US,External,350.72,USD,ST - Services / Tooling,Company 2,NULL,NULL,Create Sales Order,2024-07-17 20:03:12.000,USER - 02130,Department 2222,Manual,Order - 1411,Sales order,Main
Order - 1406,CUST - 038,Customer 38,US,External,1987.75,USD,ST - Services / Tooling,Company 2,NULL,NULL,Create Sales Order,2024-07-17 19:19:57.000,USER - 02130,Department 2222,Manual,Order - 1406,Sales order,Main
Order - 1407,CUST - 038,Customer 38,US,External,362.03,USD,ST - Services / Tooling,Company 2,NULL,NULL,Create Sales Order,2024-07-17 19:25:33.000,USER - 02130,Department 2222,Manual,Order - 1407,Sales order,Main
Order - 0927,CUST - 038,Customer 38,US,External,86.86,USD,ST - Services / Tooling,Company 2,NULL,NULL,Create Sales Order,2024-03-26 17:36:36.000,USER - 02130,Department 2222,Manual,Order - 0927,Sales order,Main
Order - 0658,CUST - 036,Customer 36,US,External,419.62,USD,ST - Services / Tooling,Company 2,NULL,NULL,Create Sales Order,2024-01-31 14:41:58.000,USER - 02130,Department 2222,Manual,Order - 0658,Sales order,Main
Order - 0659,CUST - 036,Customer 36,US,External,1172.04,USD,ST - Services / Tooling,Company 2,NULL,NULL,Create Sales Order,2024-01-31 14:54:18.000,USER - 02130,Department 2222,Manual,Order - 0659,Sales order,Main
Order - 0661,CUST - 036,Customer 36,US,External,64.03,USD,ST - Services / Tooling,Company 2,NULL,NULL,Create Sales Order,2024-01-31 18:09:49.000,USER - 02130,Department 2222,Manual,Order - 0661,Sales order,Main
Order - 0662,CUST - 036,Customer 36,US,External,114.33,USD,ST - Services / Tooling,Company 2,NULL,NULL,Create Sales Order,2024-01-31 18:24:01.000,USER - 02130,Department 2222,Manual,Order - 0662,Sales order,Main
Order - 0503,CUST - 036,Customer 36,US,External,145.6,USD,ST - Services / Tooling,Company 2,NULL,NULL,Create Sales Order,2023-12-18 18:02:40.000,USER - 02130,Department 2222,Manual,Order - 0503,Sales order,Main
Order - 0504,CUST - 036,Customer 36,US,External,43600.45,USD,ST - Services / Tooling,Company 2,NULL,NULL,Create Sales Order,2023-12-18 18:32:41.000,USER - 02130,Department 2222,Manual,Order - 0504,Sales order,Main
Order - 0505,CUST - 036,Customer 36,US,External,1060.34,USD,ST - Services / Tooling,Company 2,NULL,NULL,Create Sales Order,2023-12-18 18:53:08.000,USER - 02130,Department 2222,Manual,Order - 0505,Sales order,Main
Order - 0506,CUST - 036,Customer 36,US,External,355.28,USD,ST - Services / Tooling,Company 2,NULL,NULL,Create Sales Order,2023-12-18 19:05:19.000,USER - 02130,Department 2222,Manual,Order - 0506,Sales order,Main
Order - 0507,CUST - 036,Customer 36,US,External,486.37,USD,ST - Services / Tooling,Company 2,NULL,NULL,Create Sales Order,2023-12-18 19:14:42.000,USER - 02130,Department 2222,Manual,Order - 0507,Sales order,Main
Order - 0508,CUST - 036,Customer 36,US,External,2665.69,USD,ST - Services / Tooling,Company 2,NULL,NULL,Create Sales Order,2023-12-18 19:21:57.000,USER - 02130,Department 2222,Manual,Order - 0508,Sales order,Main
Order - 0542,CUST - 036,Customer 36,US,External,651.6,USD,ST - Services / Tooling,Company 2,NULL,NULL,Create Sales Order,2023-12-19 20:53:12.000,USER - 02130,Department 2222,Manual,Order - 0542,Sales order,Main
Order - 0663,CUST - 036,Customer 36,US,External,694.03,USD,ST - Services / Tooling,Company 2,NULL,NULL,Create Sales Order,2024-01-31 18:36:35.000,USER - 02130,Department 2222,Manual,Order - 0663,Sales order,Main
Order - 1036,CUST - 038,Customer 38,US,External,526.45,USD,ST - Services / Tooling,Company 2,NULL,NULL,Create Sales Order,2024-04-16 19:42:16.000,USER - 02130,Department 2222,Manual,Order - 1036,Sales order,Main
Order - 0646,CUST - 038,Customer 38,US,External,622.87,USD,ST - Services / Tooling,Company 2,NULL,NULL,Create Sales Order,2024-01-30 20:15:57.000,USER - 02130,Department 2222,Manual,Order - 0646,Sales order,Main
Order - 0652,CUST - 038,Customer 38,US,External,622.86,USD,ST - Services / Tooling,Company 2,NULL,NULL,Create Sales Order,2024-01-30 22:24:16.000,USER - 02130,Department 2222,Manual,Order - 0652,Sales order,Main
Order - 0639,CUST - 038,Customer 38,US,External,622.87,USD,ST - Services / Tooling,Company 2,NULL,NULL,Create Sales Order,2024-01-30 19:00:26.000,USER - 02130,Department 2222,Manual,Order - 0639,Sales order,Main
Order - 0641,CUST - 038,Customer 38,US,External,622.87,USD,ST - Services / Tooling,Company 2,NULL,NULL,Create Sales Order,2024-01-30 19:30:13.000,USER - 02130,Department 2222,Manual,Order - 0641,Sales order,Main
Order - 1056,CUST - 038,Customer 38,US,External,358.7,USD,ST - Services / Tooling,Company 2,NULL,NULL,Create Sales Order,2024-04-23 20:44:30.000,USER - 02130,Department 2222,Manual,Order - 1056,Sales order,Main
Order - 1057,CUST - 038,Customer 38,US,External,342.71,USD,ST - Services / Tooling,Company 2,NULL,NULL,Create Sales Order,2024-04-23 20:49:52.000,USER - 02130,Department 2222,Manual,Order - 1057,Sales order,Main
Order - 0983,CUST - 038,Customer 38,US,External,629.22,USD,ST - Services / Tooling,Company 2,NULL,NULL,Create Sales Order,2024-04-04 00:03:11.000,USER - 02130,Department 2222,Manual,Order - 0983,Sales order,Main
Order - 0979,CUST - 038,Customer 38,US,External,334.36,USD,ST - Services / Tooling,Company 2,NULL,NULL,Create Sales Order,2024-04-03 23:33:57.000,USER - 02130,Department 2222,Manual,Order - 0979,Sales order,Main
Order - 0975,CUST - 038,Customer 38,US,External,3543.88,USD,ST - Services / Tooling,Company 2,NULL,NULL,Create Sales Order,2024-04-03 23:10:19.000,USER - 02130,Department 2222,Manual,Order - 0975,Sales order,Main
Order - 0976,CUST - 038,Customer 38,US,External,1181.92,USD,ST - Services / Tooling,Company 2,NULL,NULL,Create Sales Order,2024-04-03 23:16:23.000,USER - 02130,Department 2222,Manual,Order - 0976,Sales order,Main
Order - 0972,CUST - 038,Customer 38,US,External,86.86,USD,ST - Services / Tooling,Company 2,NULL,NULL,Create Sales Order,2024-04-03 22:52:06.000,USER - 02130,Department 2222,Manual,Order - 0972,Sales order,Main
Order - 0973,CUST - 038,Customer 38,US,External,328.93,USD,ST - Services / Tooling,Company 2,NULL,NULL,Create Sales Order,2024-04-03 22:57:57.000,USER - 02130,Department 2222,Manual,Order - 0973,Sales order,Main
Order - 0968,CUST - 038,Customer 38,US,External,2925.52,USD,ST - Services / Tooling,Company 2,NULL,NULL,Create Sales Order,2024-04-03 22:27:15.000,USER - 02130,Department 2222,Manual,Order - 0968,Sales order,Main
Order - 0969,CUST - 038,Customer 38,US,External,2589.4,USD,ST - Services / Tooling,Company 2,NULL,NULL,Create Sales Order,2024-04-03 22:35:49.000,USER - 02130,Department 2222,Manual,Order - 0969,Sales order,Main
Order - 0173,,,,,0,,SO - Standard Order,,,,Requested Delivery Date,2023-08-22 23:59:59.000,USER - 05682,Department 2070,Manual,Order - 0173,Sales order,Main
Order - 0176,,,,,0,,SO - Standard Order,,,,Requested Delivery Date,2023-08-22 23:59:59.000,USER - 05682,Department 2070,Manual,Order - 0176,Sales order,Main
Order - 0177,,,,,0,,SO - Standard Order,,,,Requested Delivery Date,2023-08-24 23:59:59.000,USER - 05682,Department 2070,Manual,Order - 0177,Sales order,Main
Order - 0001,,,,,0,,SO - Standard Order,,,,Requested Delivery Date,2023-05-09 23:59:59.000,USER - 05682,Department 2070,Manual,Order - 0001,Sales order,Main
Order - 0185,,,,,0,,SO - Standard Order,,,,Requested Delivery Date,2023-08-29 23:59:59.000,USER - 05682,Department 2070,Manual,Order - 0185,Sales order,Main
Order - 0012,,,,,0,,SO - Standard Order,,,,Requested Delivery Date,2023-05-17 23:59:59.000,USER - 05682,Department 2070,Manual,Order - 0012,Sales order,Main
Order - 0018,,,,,0,,SO - Standard Order,,,,Requested Delivery Date,2023-05-30 23:59:59.000,USER - 05682,Department 2070,Manual,Order - 0018,Sales order,Main
Order - 0041,,,,,0,,SO - Standard Order,,,,Requested Delivery Date,2023-06-07 23:59:59.000,USER - 05682,Department 2070,Manual,Order - 0041,Sales order,Main
Order - 0219,,,,,0,,SO - Standard Order,,,,Requested Delivery Date,2023-09-13 23:59:59.000,USER - 05682,Department 2070,Manual,Order - 0219,Sales order,Main
Order - 0227,,,,,0,,SO - Standard Order,,,,Requested Delivery Date,2023-09-19 23:59:59.000,USER - 05682,Department 2070,Manual,Order - 0227,Sales order,Main
Order - 0228,,,,,0,,SO - Standard Order,,,,Requested Delivery Date,2023-09-19 23:59:59.000,USER - 05682,Department 2070,Manual,Order - 0228,Sales order,Main
Order - 0235,,,,,0,,SO - Standard Order,,,,Requested Delivery Date,2023-09-22 23:59:59.000,USER - 05682,Department 2070,Manual,Order - 0235,Sales order,Main
Order - 0003,,,,,0,,SO - Standard Order,,,,Requested Delivery Date,2023-05-15 23:59:59.000,USER - 05682,Department 2070,Manual,Order - 0003,Sales order,Main
Order - 0004,,,,,0,,SO - Standard Order,,,,Requested Delivery Date,2023-05-15 23:59:59.000,USER - 05682,Department 2070,Manual,Order - 0004,Sales order,Main
Order - 0005,,,,,0,,SO - Standard Order,,,,Requested Delivery Date,2023-05-15 23:59:59.000,USER - 05682,Department 2070,Manual,Order - 0005,Sales order,Main
Order - 0034,,,,,0,,SO - Standard Order,,,,Requested Delivery Date,2023-06-06 23:59:59.000,USER - 05682,Department 2070,Manual,Order - 0034,Sales order,Main
Order - 0210,,,,,0,,SO - Standard Order,,,,Requested Delivery Date,2023-09-08 23:59:59.000,USER - 05682,Department 2070,Manual,Order - 0210,Sales order,Main
Order - 0002,,,,,0,,SO - Standard Order,,,,Requested Delivery Date,2023-05-15 23:59:59.000,USER - 05682,Department 2070,Manual,Order - 0002,Sales order,Main
Order - 0223,,,,,0,,SO - Standard Order,,,,Requested Delivery Date,2023-09-15 23:59:59.000,USER - 05682,Department 2070,Manual,Order - 0223,Sales order,Main
Order - 0252,,,,,0,,SO - Standard Order,,,,Requested Delivery Date,2023-09-29 23:59:59.000,USER - 05682,Department 2070,Manual,Order - 0252,Sales order,Main
Order - 0259,,,,,0,,SO - Standard Order,,,,Requested Delivery Date,2023-10-05 23:59:59.000,USER - 05682,Department 2070,Manual,Order - 0259,Sales order,Main
Order - 0424,,,,,0,,SO - Standard Order,,,,Requested Delivery Date,2023-12-07 23:59:59.000,USER - 05682,Department 2070,Manual,Order - 0424,Sales order,Main
Order - 1020,,,,,0,,ST - Services / Tooling,,,,Requested Delivery Date,2024-04-12 23:59:59.000,USER - 10897,Department 2178,Manual,Order - 1020,Sales order,Main
Order - 1021,,,,,0,,ST - Services / Tooling,,,,Requested Delivery Date,2024-04-12 23:59:59.000,USER - 10897,Department 2178,Manual,Order - 1021,Sales order,Main
Order - 1167,,,,,0,,ST - Services / Tooling,,,,Requested Delivery Date,2024-05-20 23:59:59.000,USER - 10897,Department 2178,Manual,Order - 1167,Sales order,Main
Order - 0400,,,,,0,,ST - Services / Tooling,,,,Requested Delivery Date,2023-11-29 23:59:59.000,USER - 10897,Department 2178,Manual,Order - 0400,Sales order,Main
Order - 1826,,,,,0,,ST - Services / Tooling,,,,Requested Delivery Date,2024-10-30 23:59:59.000,USER - 10897,Department 2178,Manual,Order - 1826,Sales order,Main
Order - 1863,,,,,0,,SO - Standard Order,,,,Requested Delivery Date,2024-11-05 23:59:59.000,USER - 10897,Department 2178,Manual,Order - 1863,Sales order,Main
Order - 0141,,,,,0,,ST - Services / Tooling,,,,Requested Delivery Date,2023-08-08 23:59:59.000,USER - 10897,Department 2178,Manual,Order - 0141,Sales order,Main
Order - 0153,,,,,0,,ST - Services / Tooling,,,,Requested Delivery Date,2023-08-16 23:59:59.000,USER - 10897,Department 2178,Manual,Order - 0153,Sales order,Main
Order - 0154,,,,,0,,ST - Services / Tooling,,,,Requested Delivery Date,2023-08-16 23:59:59.000,USER - 10897,Department 2178,Manual,Order - 0154,Sales order,Main
Order - 1646,,,,,0,,ST - Services / Tooling,,,,Requested Delivery Date,2024-09-19 23:59:59.000,USER - 10897,Department 2178,Manual,Order - 1646,Sales order,Main
Order - 1317,,,,,0,,ST - Services / Tooling,,,,Requested Delivery Date,2024-06-28 23:59:59.000,USER - 10897,Department 2178,Manual,Order - 1317,Sales order,Main
Order - 0290,,,,,0,,ST - Services / Tooling,,,,Requested Delivery Date,2023-10-23 23:59:59.000,USER - 10897,Department 2178,Manual,Order - 0290,Sales order,Main
Order - 0020,,,,,0,,ST - Services / Tooling,,,,Requested Delivery Date,2023-05-30 23:59:59.000,USER - 10897,Department 2178,Manual,Order - 0020,Sales order,Main
Order - 0042,,,,,0,,ST - Services / Tooling,,,,Requested Delivery Date,2023-06-07 23:59:59.000,USER - 10897,Department 2178,Manual,Order - 0042,Sales order,Main
Order - 0164,,,,,0,,ST - Services / Tooling,,,,Requested Delivery Date,2023-08-18 23:59:59.000,USER - 10897,Department 2178,Manual,Order - 0164,Sales order,Main
Order - 0268,,,,,0,,ST - Services / Tooling,,,,Requested Delivery Date,2023-10-10 23:59:59.000,USER - 10897,Department 2178,Manual,Order - 0268,Sales order,Main
Order - 1243,,,,,0,,ST - Services / Tooling,,,,Requested Delivery Date,2024-06-10 23:59:59.000,USER - 10897,Department 2178,Manual,Order - 1243,Sales order,Main
Order - 0683,,,,,0,,ST - Services / Tooling,,,,Requested Delivery Date,2024-02-06 23:59:59.000,USER - 10897,Department 2178,Manual,Order - 0683,Sales order,Main
Order - 0222,,,,,0,,ST - Services / Tooling,,,,Requested Delivery Date,2023-09-14 23:59:59.000,USER - 10897,Department 2178,Manual,Order - 0222,Sales order,Main
Order - 0102,,,,,0,,ST - Services / Tooling,,,,Requested Delivery Date,2023-07-11 23:59:59.000,USER - 10897,Department 2178,Manual,Order - 0102,Sales order,Main
Order - 0587,,,,,0,,ST - Services / Tooling,,,,Requested Delivery Date,2024-01-04 23:59:59.000,USER - 10897,Department 2178,Manual,Order - 0587,Sales order,Main
Order - 0328,,,,,0,,ST - Services / Tooling,,,,Requested Delivery Date,2023-11-13 23:59:59.000,USER - 10897,Department 2178,Manual,Order - 0328,Sales order,Main
Order - 0840,,,,,0,,ST - Services / Tooling,,,,Requested Delivery Date,2024-03-07 23:59:59.000,USER - 10897,Department 2178,Manual,Order - 0840,Sales order,Main
Order - 0433,,,,,0,,ST - Services / Tooling,,,,Requested Delivery Date,2023-12-13 23:59:59.000,USER - 10897,Department 2178,Manual,Order - 0433,Sales order,Main
Order - 1121,,,,,0,,ST - Services / Tooling,,,,Requested Delivery Date,2024-05-10 23:59:59.000,USER - 10897,Department 2178,Manual,Order - 1121,Sales order,Main
Order - 1368,,,,,0,,ST - Services / Tooling,,,,Requested Delivery Date,2024-07-05 23:59:59.000,USER - 10897,Department 2178,Manual,Order - 1368,Sales order,Main
Order - 1602,,,,,0,,ST - Services / Tooling,,,,Requested Delivery Date,2024-09-09 23:59:59.000,USER - 10897,Department 2178,Manual,Order - 1602,Sales order,Main
Order - 1479,,,,,0,,ST - Services / Tooling,,,,Requested Delivery Date,2024-08-01 23:59:59.000,USER - 10897,Department 2178,Manual,Order - 1479,Sales order,Main
Order - 1577,,,,,0,,ST - Services / Tooling,,,,Requested Delivery Date,2024-09-02 23:59:59.000,USER - 10897,Department 2178,Manual,Order - 1577,Sales order,Main
Order - 0321,,,,,0,,ST - Services / Tooling,,,,Requested Delivery Date,2023-11-09 23:59:59.000,USER - 10897,Department 2178,Manual,Order - 0321,Sales order,Main
Order - 0611,,,,,0,,ST - Services / Tooling,,,,Requested Delivery Date,2024-01-26 23:59:59.000,USER - 10897,Department 2178,Manual,Order - 0611,Sales order,Main
Order - 1666,,,,,0,,SO - Standard Order,,,,Requested Delivery Date,2024-09-26 23:59:59.000,USER - 03676,Department 751,Manual,Order - 1666,Sales order,Main
Order - 1667,,,,,0,,SO - Standard Order,,,,Requested Delivery Date,2024-09-26 23:59:59.000,USER - 03676,Department 751,Manual,Order - 1667,Sales order,Main
Order - 1668,,,,,0,,SO - Standard Order,,,,Requested Delivery Date,2024-09-26 23:59:59.000,USER - 03676,Department 751,Manual,Order - 1668,Sales order,Main
Order - 1670,,,,,0,,SO - Standard Order,,,,Requested Delivery Date,2024-09-26 23:59:59.000,USER - 03676,Department 751,Manual,Order - 1670,Sales order,Main
Order - 1671,,,,,0,,SO - Standard Order,,,,Requested Delivery Date,2024-09-26 23:59:59.000,USER - 03676,Department 751,Manual,Order - 1671,Sales order,Main
Order - 1672,,,,,0,,SO - Standard Order,,,,Requested Delivery Date,2024-09-26 23:59:59.000,USER - 03676,Department 751,Manual,Order - 1672,Sales order,Main
Order - 1673,,,,,0,,SO - Standard Order,,,,Requested Delivery Date,2024-09-26 23:59:59.000,USER - 03676,Department 751,Manual,Order - 1673,Sales order,Main
Order - 1674,,,,,0,,SO - Standard Order,,,,Requested Delivery Date,2024-09-26 23:59:59.000,USER - 03676,Department 751,Manual,Order - 1674,Sales order,Main
Order - 1675,,,,,0,,SO - Standard Order,,,,Requested Delivery Date,2024-09-26 23:59:59.000,USER - 03676,Department 751,Manual,Order - 1675,Sales order,Main
Order - 0951,,,,,0,,SO - Standard Order,,,,Requested Delivery Date,2024-04-03 23:59:59.000,USER - 03676,Department 751,Manual,Order - 0951,Sales order,Main
Order - 0952,,,,,0,,SO - Standard Order,,,,Requested Delivery Date,2024-04-03 23:59:59.000,USER - 03676,Department 751,Manual,Order - 0952,Sales order,Main
Order - 0953,,,,,0,,SO - Standard Order,,,,Requested Delivery Date,2024-04-03 23:59:59.000,USER - 03676,Department 751,Manual,Order - 0953,Sales order,Main
Order - 0984,,,,,0,,SO - Standard Order,,,,Requested Delivery Date,2024-04-04 23:59:59.000,USER - 03676,Department 751,Manual,Order - 0984,Sales order,Main
Order - 0987,,,,,0,,SO - Standard Order,,,,Requested Delivery Date,2024-04-08 23:59:59.000,USER - 03676,Department 751,Manual,Order - 0987,Sales order,Main
Order - 0988,,,,,0,,SO - Standard Order,,,,Requested Delivery Date,2024-04-09 23:59:59.000,USER - 03676,Department 751,Manual,Order - 0988,Sales order,Main
Order - 0989,,,,,0,,SO - Standard Order,,,,Requested Delivery Date,2024-04-09 23:59:59.000,USER - 03676,Department 751,Manual,Order - 0989,Sales order,Main
Order - 1923,,,,,0,,ST - Services / Tooling,,,,Requested Delivery Date,2024-11-20 23:59:59.000,USER - 03676,Department 751,Manual,Order - 1923,Sales order,Main
Order - 1894,,,,,0,,ST - Services / Tooling,,,,Requested Delivery Date,2024-11-12 23:59:59.000,USER - 03676,Department 751,Manual,Order - 1894,Sales order,Main
Order - 1741,,,,,0,,ST - Services / Tooling,,,,Requested Delivery Date,2024-10-14 23:59:59.000,USER - 03676,Department 751,Manual,Order - 1741,Sales order,Main
Order - 1721,,,,,0,,ST - Services / Tooling,,,,Requested Delivery Date,2024-10-09 23:59:59.000,USER - 03676,Department 751,Manual,Order - 1721,Sales order,Main
Order - 0040,,,,,0,,SO - Standard Order,,,,Requested Delivery Date,2023-06-07 23:59:59.000,USER - 03676,Department 751,Manual,Order - 0040,Sales order,Main
Order - 0513,,,,,0,,SO - Standard Order,,,,Requested Delivery Date,2023-12-19 23:59:59.000,USER - 03676,Department 751,Manual,Order - 0513,Sales order,Main
Order - 1315,,,,,0,,ST - Services / Tooling,,,,Requested Delivery Date,2024-06-27 23:59:59.000,USER - 10897,Department 2178,Manual,Order - 1315,Sales order,Main
Order - 1436,,,,,0,,ST - Services / Tooling,,,,Requested Delivery Date,2024-07-23 23:59:59.000,USER - 10897,Department 2178,Manual,Order - 1436,Sales order,Main
Order - 1442,,,,,0,,ST - Services / Tooling,,,,Requested Delivery Date,2024-07-29 23:59:59.000,USER - 10897,Department 2178,Manual,Order - 1442,Sales order,Main
Order - 1448,,,,,0,,ST - Services / Tooling,,,,Requested Delivery Date,2024-07-30 23:59:59.000,USER - 10897,Department 2178,Manual,Order - 1448,Sales order,Main
Order - 0682,,,,,0,,ST - Services / Tooling,,,,Requested Delivery Date,2024-02-06 23:59:59.000,USER - 10897,Department 2178,Manual,Order - 0682,Sales order,Main
Order - 0594,,,,,0,,ST - Services / Tooling,,,,Requested Delivery Date,2024-01-11 23:59:59.000,USER - 10897,Department 2178,Manual,Order - 0594,Sales order,Main
Order - 0599,,,,,0,,ST - Services / Tooling,,,,Requested Delivery Date,2024-01-17 23:59:59.000,USER - 10897,Department 2178,Manual,Order - 0599,Sales order,Main
Order - 0291,,,,,0,,ST - Services / Tooling,,,,Requested Delivery Date,2023-10-23 23:59:59.000,USER - 10897,Department 2178,Manual,Order - 0291,Sales order,Main
Order - 0514,,,,,0,,ST - Services / Tooling,,,,Requested Delivery Date,2023-12-19 23:59:59.000,USER - 10897,Department 2178,Manual,Order - 0514,Sales order,Main
Order - 1276,,,,,0,,ST - Services / Tooling,,,,Requested Delivery Date,2024-06-19 23:59:59.000,USER - 10897,Department 2178,Manual,Order - 1276,Sales order,Main
Order - 1277,,,,,0,,ST - Services / Tooling,,,,Requested Delivery Date,2024-06-19 23:59:59.000,USER - 10897,Department 2178,Manual,Order - 1277,Sales order,Main
Order - 1278,,,,,0,,ST - Services / Tooling,,,,Requested Delivery Date,2024-06-19 23:59:59.000,USER - 10897,Department 2178,Manual,Order - 1278,Sales order,Main
Order - 1279,,,,,0,,ST - Services / Tooling,,,,Requested Delivery Date,2024-06-19 23:59:59.000,USER - 10897,Department 2178,Manual,Order - 1279,Sales order,Main
Order - 1280,,,,,0,,ST - Services / Tooling,,,,Requested Delivery Date,2024-06-19 23:59:59.000,USER - 10897,Department 2178,Manual,Order - 1280,Sales order,Main
Order - 0458,,,,,0,,ST - Services / Tooling,,,,Requested Delivery Date,2023-12-15 23:59:59.000,USER - 10897,Department 2178,Manual,Order - 0458,Sales order,Main
Order - 0459,,,,,0,,ST - Services / Tooling,,,,Requested Delivery Date,2023-12-15 23:59:59.000,USER - 10897,Department 2178,Manual,Order - 0459,Sales order,Main
Order - 0460,,,,,0,,ST - Services / Tooling,,,,Requested Delivery Date,2023-12-15 23:59:59.000,USER - 10897,Department 2178,Manual,Order - 0460,Sales order,Main
Order - 0461,,,,,0,,ST - Services / Tooling,,,,Requested Delivery Date,2023-12-15 23:59:59.000,USER - 10897,Department 2178,Manual,Order - 0461,Sales order,Main
Order - 0462,,,,,0,,ST - Services / Tooling,,,,Requested Delivery Date,2023-12-15 23:59:59.000,USER - 10897,Department 2178,Manual,Order - 0462,Sales order,Main
Order - 0463,,,,,0,,ST - Services / Tooling,,,,Requested Delivery Date,2023-12-15 23:59:59.000,USER - 10897,Department 2178,Manual,Order - 0463,Sales order,Main
Order - 0464,,,,,0,,ST - Services / Tooling,,,,Requested Delivery Date,2023-12-15 23:59:59.000,USER - 10897,Department 2178,Manual,Order - 0464,Sales order,Main
Order - 0465,,,,,0,,ST - Services / Tooling,,,,Requested Delivery Date,2023-12-15 23:59:59.000,USER - 10897,Department 2178,Manual,Order - 0465,Sales order,Main
Order - 0466,,,,,0,,ST - Services / Tooling,,,,Requested Delivery Date,2023-12-15 23:59:59.000,USER - 10897,Department 2178,Manual,Order - 0466,Sales order,Main
Order - 0467,,,,,0,,ST - Services / Tooling,,,,Requested Delivery Date,2023-12-15 23:59:59.000,USER - 10897,Department 2178,Manual,Order - 0467,Sales order,Main
Order - 1475,,,,,0,,ST - Services / Tooling,,,,Requested Delivery Date,2024-07-31 23:59:59.000,USER - 02130,Department 2222,Manual,Order - 1475,Sales order,Main
Order - 1478,,,,,0,,ST - Services / Tooling,,,,Requested Delivery Date,2024-07-31 23:59:59.000,USER - 02130,Department 2222,Manual,Order - 1478,Sales order,Main
Order - 1028,,,,,0,,ST - Services / Tooling,,,,Requested Delivery Date,2024-04-16 23:59:59.000,USER - 02130,Department 2222,Manual,Order - 1028,Sales order,Main
Order - 1030,,,,,0,,ST - Services / Tooling,,,,Requested Delivery Date,2024-04-16 23:59:59.000,USER - 02130,Department 2222,Manual,Order - 1030,Sales order,Main
Order - 1032,,,,,0,,ST - Services / Tooling,,,,Requested Delivery Date,2024-04-16 23:59:59.000,USER - 02130,Department 2222,Manual,Order - 1032,Sales order,Main
Order - 1491,,,,,0,,ST - Services / Tooling,,,,Requested Delivery Date,2024-08-07 23:59:59.000,USER - 02130,Department 2222,Manual,Order - 1491,Sales order,Main
Order - 1493,,,,,0,,ST - Services / Tooling,,,,Requested Delivery Date,2024-08-07 23:59:59.000,USER - 02130,Department 2222,Manual,Order - 1493,Sales order,Main
Order - 1496,,,,,0,,ST - Services / Tooling,,,,Requested Delivery Date,2024-08-07 23:59:59.000,USER - 02130,Department 2222,Manual,Order - 1496,Sales order,Main
Order - 1497,,,,,0,,ST - Services / Tooling,,,,Requested Delivery Date,2024-08-07 23:59:59.000,USER - 02130,Department 2222,Manual,Order - 1497,Sales order,Main
Order - 1373,,,,,0,,ST - Services / Tooling,,,,Requested Delivery Date,2024-07-09 23:59:59.000,USER - 02130,Department 2222,Manual,Order - 1373,Sales order,Main
Order - 1379,,,,,0,,ST - Services / Tooling,,,,Requested Delivery Date,2024-07-09 23:59:59.000,USER - 02130,Department 2222,Manual,Order - 1379,Sales order,Main
Order - 1380,,,,,0,,ST - Services / Tooling,,,,Requested Delivery Date,2024-07-09 23:59:59.000,USER - 02130,Department 2222,Manual,Order - 1380,Sales order,Main
Order - 1381,,,,,0,,ST - Services / Tooling,,,,Requested Delivery Date,2024-07-09 23:59:59.000,USER - 02130,Department 2222,Manual,Order - 1381,Sales order,Main
Order - 1139,,,,,0,,ST - Services / Tooling,,,,Requested Delivery Date,2024-05-15 23:59:59.000,USER - 02130,Department 2222,Manual,Order - 1139,Sales order,Main
Order - 1140,,,,,0,,ST - Services / Tooling,,,,Requested Delivery Date,2024-05-15 23:59:59.000,USER - 02130,Department 2222,Manual,Order - 1140,Sales order,Main
Order - 1141,,,,,0,,ST - Services / Tooling,,,,Requested Delivery Date,2024-05-15 23:59:59.000,USER - 02130,Department 2222,Manual,Order - 1141,Sales order,Main
Order - 1142,,,,,0,,ST - Services / Tooling,,,,Requested Delivery Date,2024-05-15 23:59:59.000,USER - 02130,Department 2222,Manual,Order - 1142,Sales order,Main
Order - 1143,,,,,0,,ST - Services / Tooling,,,,Requested Delivery Date,2024-05-15 23:59:59.000,USER - 02130,Department 2222,Manual,Order - 1143,Sales order,Main
Order - 1144,,,,,0,,ST - Services / Tooling,,,,Requested Delivery Date,2024-05-15 23:59:59.000,USER - 02130,Department 2222,Manual,Order - 1144,Sales order,Main
Order - 1145,,,,,0,,ST - Services / Tooling,,,,Requested Delivery Date,2024-05-15 23:59:59.000,USER - 02130,Department 2222,Manual,Order - 1145,Sales order,Main
Order - 1146,,,,,0,,ST - Services / Tooling,,,,Requested Delivery Date,2024-05-15 23:59:59.000,USER - 02130,Department 2222,Manual,Order - 1146,Sales order,Main
Order - 1147,,,,,0,,ST - Services / Tooling,,,,Requested Delivery Date,2024-05-15 23:59:59.000,USER - 02130,Department 2222,Manual,Order - 1147,Sales order,Main
Order - 1148,,,,,0,,ST - Services / Tooling,,,,Requested Delivery Date,2024-05-15 23:59:59.000,USER - 02130,Department 2222,Manual,Order - 1148,Sales order,Main
Order - 1150,,,,,0,,ST - Services / Tooling,,,,Requested Delivery Date,2024-05-15 23:59:59.000,USER - 02130,Department 2222,Manual,Order - 1150,Sales order,Main
Order - 1614,,,,,0,,ST - Services / Tooling,,,,Requested Delivery Date,2024-09-11 23:59:59.000,USER - 02130,Department 2222,Manual,Order - 1614,Sales order,Main
Order - 1615,,,,,0,,ST - Services / Tooling,,,,Requested Delivery Date,2024-09-11 23:59:59.000,USER - 02130,Department 2222,Manual,Order - 1615,Sales order,Main
Order - 1616,,,,,0,,ST - Services / Tooling,,,,Requested Delivery Date,2024-09-11 23:59:59.000,USER - 02130,Department 2222,Manual,Order - 1616,Sales order,Main
Order - 1625,,,,,0,,ST - Services / Tooling,,,,Requested Delivery Date,2024-09-17 23:59:59.000,USER - 02130,Department 2222,Manual,Order - 1625,Sales order,Main
Order - 1626,,,,,0,,ST - Services / Tooling,,,,Requested Delivery Date,2024-09-17 23:59:59.000,USER - 02130,Department 2222,Manual,Order - 1626,Sales order,Main
Order - 1627,,,,,0,,ST - Services / Tooling,,,,Requested Delivery Date,2024-09-17 23:59:59.000,USER - 02130,Department 2222,Manual,Order - 1627,Sales order,Main
Order - 1632,,,,,0,,ST - Services / Tooling,,,,Requested Delivery Date,2024-09-17 23:59:59.000,USER - 02130,Department 2222,Manual,Order - 1632,Sales order,Main
Order - 1393,,,,,0,,,,,,Create Delivery,2024-07-12 13:10:42.000,USER - 03676,Department 751,Manual,Delivery - 0493,Delivery,Main
Order - 1394,,,,,0,,,,,,Create Delivery,2024-07-15 15:11:58.000,USER - 03676,Department 751,Manual,Delivery - 0494,Delivery,Main
Order - 1395,,,,,0,,,,,,Create Delivery,2024-07-16 14:02:40.000,USER - 03676,Department 751,Manual,Delivery - 0495,Delivery,Main
Order - 1396,,,,,0,,,,,,Create Delivery,2024-07-16 14:11:21.000,USER - 03676,Department 751,Manual,Delivery - 0496,Delivery,Main
Order - 1718,,,,,0,,,,,,Create Delivery,2024-10-09 13:25:30.000,USER - 03676,Department 751,Manual,Delivery - 0565,Delivery,Main
Order - 1240,,,,,0,,,,,,Create Delivery,2024-07-09 11:11:15.000,USER - 03676,Department 751,Manual,Delivery - 0486,Delivery,Main
Order - 1189,,,,,0,,,,,,Create Delivery,2024-07-09 11:17:31.000,USER - 03676,Department 751,Manual,Delivery - 0487,Delivery,Main
Order - 1369,,,,,0,,,,,,Create Delivery,2024-07-09 14:58:55.000,USER - 03676,Department 751,Manual,Delivery - 0488,Delivery,Main
Order - 1370,,,,,0,,,,,,Create Delivery,2024-07-09 15:02:30.000,USER - 03676,Department 751,Manual,Delivery - 0489,Delivery,Main
Order - 1387,,,,,0,,,,,,Create Delivery,2024-07-10 12:54:33.000,USER - 03676,Department 751,Manual,Delivery - 0490,Delivery,Main
Order - 1388,,,,,0,,,,,,Create Delivery,2024-07-10 12:55:51.000,USER - 03676,Department 751,Manual,Delivery - 0491,Delivery,Main
Order - 1334,,,,,0,,,,,,Create Delivery,2024-07-01 14:41:27.000,USER - 03676,Department 751,Manual,Delivery - 0480,Delivery,Main
Order - 1335,,,,,0,,,,,,Create Delivery,2024-07-02 12:11:58.000,USER - 03676,Department 751,Manual,Delivery - 0481,Delivery,Main
Order - 1362,,,,,0,,,,,,Create Delivery,2024-07-03 15:11:41.000,USER - 03676,Department 751,Manual,Delivery - 0482,Delivery,Main
Order - 1363,,,,,0,,,,,,Create Delivery,2024-07-04 09:39:22.000,USER - 03676,Department 751,Manual,Delivery - 0483,Delivery,Main
Order - 1364,,,,,0,,,,,,Create Delivery,2024-07-04 09:42:40.000,USER - 03676,Department 751,Manual,Delivery - 0484,Delivery,Main
Order - 1365,,,,,0,,,,,,Create Delivery,2024-07-05 08:28:02.000,USER - 03676,Department 751,Manual,Delivery - 0485,Delivery,Main
Order - 0854,,,,,0,,,,,,Create Delivery,2024-06-26 09:59:56.000,USER - 03676,Department 751,Manual,Delivery - 0474,Delivery,Main
Order - 0768,,,,,0,,,,,,Create Delivery,2024-06-26 11:03:41.000,USER - 03676,Department 751,Manual,Delivery - 0475,Delivery,Main
Order - 1309,,,,,0,,,,,,Create Delivery,2024-06-26 11:58:26.000,USER - 03676,Department 751,Manual,Delivery - 0476,Delivery,Main
Order - 1310,,,,,0,,,,,,Create Delivery,2024-06-26 12:33:02.000,USER - 03676,Department 751,Manual,Delivery - 0477,Delivery,Main
Order - 1311,,,,,0,,,,,,Create Delivery,2024-06-27 08:40:32.000,USER - 03676,Department 751,Manual,Delivery - 0478,Delivery,Main
Order - 1275,,,,,0,,,,,,Create Delivery,2024-06-28 08:30:54.000,USER - 03676,Department 751,Manual,Delivery - 0479,Delivery,Main
Order - 1302,,,,,0,,,,,,Create Delivery,2024-06-24 09:58:19.000,USER - 03676,Department 751,Manual,Delivery - 0468,Delivery,Main
Order - 1303,,,,,0,,,,,,Create Delivery,2024-06-24 10:01:43.000,USER - 03676,Department 751,Manual,Delivery - 0469,Delivery,Main
Order - 1304,,,,,0,,,,,,Create Delivery,2024-06-25 11:58:40.000,USER - 03676,Department 751,Manual,Delivery - 0470,Delivery,Main
Order - 1305,,,,,0,,,,,,Create Delivery,2024-06-25 12:02:32.000,USER - 03676,Department 751,Manual,Delivery - 0471,Delivery,Main
Order - 1306,,,,,0,,,,,,Create Delivery,2024-06-25 12:06:03.000,USER - 03676,Department 751,Manual,Delivery - 0472,Delivery,Main
Order - 1308,,,,,0,,,,,,Create Delivery,2024-06-26 09:43:44.000,USER - 03676,Department 751,Manual,Delivery - 0473,Delivery,Main
Order - 1269,,,,,0,,,,,,Create Delivery,2024-06-17 13:45:25.000,USER - 03676,Department 751,Manual,Delivery - 0462,Delivery,Main
Order - 1282,,,,,0,,,,,,Create Delivery,2024-06-19 15:33:05.000,USER - 03676,Department 751,Manual,Delivery - 0463,Delivery,Main
Order - 1283,,,,,0,,,,,,Create Delivery,2024-06-19 15:36:00.000,USER - 03676,Department 751,Manual,Delivery - 0464,Delivery,Main
Order - 1284,,,,,0,,,,,,Create Delivery,2024-06-19 15:40:42.000,USER - 03676,Department 751,Manual,Delivery - 0465,Delivery,Main
Order - 0850,,,,,0,,,,,,Create Delivery,2024-06-20 11:06:54.000,USER - 03676,Department 751,Manual,Delivery - 0466,Delivery,Main
Order - 1189,,,,,0,,,,,,Create Delivery,2024-06-20 12:03:00.000,USER - 03676,Department 751,Manual,Delivery - 0467,Delivery,Main
Order - 1674,,,,,0,,,,,,Create Delivery,2024-09-26 15:35:01.000,USER - 03676,Department 751,Manual,Delivery - 0548,Delivery,Main
Order - 1675,,,,,0,,,,,,Create Delivery,2024-09-26 15:37:55.000,USER - 03676,Department 751,Manual,Delivery - 0549,Delivery,Main
Order - 1676,,,,,0,,,,,,Create Delivery,2024-09-26 15:40:02.000,USER - 03676,Department 751,Manual,Delivery - 0550,Delivery,Main
Order - 1677,,,,,0,,,,,,Create Delivery,2024-09-26 15:43:19.000,USER - 03676,Department 751,Manual,Delivery - 0551,Delivery,Main
Order - 1673,,,,,0,,,,,,Create Delivery,2024-09-26 15:59:28.000,USER - 03676,Department 751,Manual,Delivery - 0552,Delivery,Main
Order - 0182,,,,,0,,,,,,Create Delivery,2023-08-28 12:47:58.000,USER - 03676,Department 751,Manual,Delivery - 0117,Delivery,Main
Order - 0041,,,,,0,,,,,,Create Delivery,2023-08-28 13:11:10.000,USER - 03676,Department 751,Manual,Delivery - 0118,Delivery,Main
Order - 0183,,,,,0,,,,,,Create Delivery,2023-08-29 09:52:41.000,USER - 03676,Department 751,Manual,Delivery - 0119,Delivery,Main
Order - 0135,,,,,0,,,,,,Create Delivery,2023-08-23 09:08:28.000,USER - 03676,Department 751,Manual,Delivery - 0108,Delivery,Main
Order - 0176,,,,,0,,,,,,Create Delivery,2023-08-23 12:33:55.000,USER - 03676,Department 751,Manual,Delivery - 0109,Delivery,Main
Order - 0173,,,,,0,,,,,,Create Delivery,2023-08-23 15:33:52.000,USER - 03676,Department 751,Manual,Delivery - 0110,Delivery,Main
Order - 0178,,,,,0,,,,,,Create Delivery,2023-08-24 13:52:58.000,USER - 03676,Department 751,Manual,Delivery - 0111,Delivery,Main
Order - 0015,,,,,0,,,,,,Create Delivery,2023-08-24 14:42:09.000,USER - 03676,Department 751,Manual,Delivery - 0112,Delivery,Main
Order - 0177,,,,,0,,,,,,Create Delivery,2023-08-24 15:02:39.000,USER - 03676,Department 751,Manual,Delivery - 0113,Delivery,Main
Order - 0161,,,,,0,,,,,,Create Delivery,2023-08-17 13:00:02.000,USER - 03676,Department 751,Manual,Delivery - 0102,Delivery,Main
Order - 0162,,,,,0,,,,,,Create Delivery,2023-08-17 13:06:17.000,USER - 03676,Department 751,Manual,Delivery - 0103,Delivery,Main
Order - 0015,,,,,0,,,,,,Create Delivery,2023-08-18 11:59:01.000,USER - 03676,Department 751,Manual,Delivery - 0104,Delivery,Main
Order - 0170,,,,,0,,,,,,Create Delivery,2023-08-21 15:22:32.000,USER - 03676,Department 751,Manual,Delivery - 0105,Delivery,Main
Order - 0135,,,,,0,,,,,,Create Delivery,2023-08-21 16:12:08.000,USER - 03676,Department 751,Manual,Delivery - 0106,Delivery,Main
Order - 0171,,,,,0,,,,,,Create Delivery,2023-08-22 13:12:58.000,USER - 03676,Department 751,Manual,Delivery - 0107,Delivery,Main
Order - 1597,,,,,0,,,,,,Create Delivery,2024-10-03 12:25:16.000,USER - 03676,Department 751,Manual,Delivery - 0559,Delivery,Main
Order - 1691,,,,,0,,,,,,Create Delivery,2024-10-03 13:18:14.000,USER - 03676,Department 751,Manual,Delivery - 0560,Delivery,Main
Order - 1597,,,,,0,,,,,,Create Delivery,2024-10-08 08:35:34.000,USER - 03676,Department 751,Manual,Delivery - 0561,Delivery,Main
Order - 1719,,,,,0,,,,,,Create Delivery,2024-10-08 13:20:00.000,USER - 03676,Department 751,Manual,Delivery - 0562,Delivery,Main
Order - 0854,,,,,0,,,,,,Create Delivery,2024-10-09 10:48:06.000,USER - 03676,Department 751,Manual,Delivery - 0563,Delivery,Main
Order - 0792,,,,,0,,,,,,Create Delivery,2024-10-09 11:05:55.000,USER - 03676,Department 751,Manual,Delivery - 0564,Delivery,Main
Order - 1597,,,,,0,,,,,,Create Delivery,2024-09-27 09:20:30.000,USER - 03676,Department 751,Manual,Delivery - 0553,Delivery,Main
Order - 1679,,,,,0,,,,,,Create Delivery,2024-09-27 11:03:54.000,USER - 03676,Department 751,Manual,Delivery - 0554,Delivery,Main
Order - 1662,,,,,0,,,,,,Create Delivery,2024-09-27 11:25:33.000,USER - 03676,Department 751,Manual,Delivery - 0555,Delivery,Main
Order - 1682,,,,,0,,,,,,Create Delivery,2024-09-30 12:44:34.000,USER - 03676,Department 751,Manual,Delivery - 0556,Delivery,Main
Order - 1683,,,,,0,,,,,,Create Delivery,2024-09-30 12:52:40.000,USER - 03676,Department 751,Manual,Delivery - 0557,Delivery,Main
Order - 1684,,,,,0,,,,,,Create Delivery,2024-10-01 11:30:28.000,USER - 03676,Department 751,Manual,Delivery - 0558,Delivery,Main
Order - 0041,,,,,0,,,,,,Create Delivery,2023-06-28 15:54:49.000,USER - 03676,Department 751,Manual,Delivery - 0041,Delivery,Main
Order - 0074,,,,,0,,,,,,Create Delivery,2023-06-29 11:04:55.000,USER - 03676,Department 751,Manual,Delivery - 0042,Delivery,Main
Order - 0075,,,,,0,,,,,,Create Delivery,2023-06-29 11:08:40.000,USER - 03676,Department 751,Manual,Delivery - 0043,Delivery,Main
Order - 0076,,,,,0,,,,,,Create Delivery,2023-06-29 11:12:40.000,USER - 03676,Department 751,Manual,Delivery - 0044,Delivery,Main
Order - 0081,,,,,0,,,,,,Create Delivery,2023-06-30 12:35:35.000,USER - 03676,Department 751,Manual,Delivery - 0045,Delivery,Main
Order - 0084,,,,,0,,,,,,Create Delivery,2023-07-03 15:23:48.000,USER - 03676,Department 751,Manual,Delivery - 0046,Delivery,Main
Order - 0067,,,,,0,,,,,,Create Delivery,2023-06-26 15:38:32.000,USER - 03676,Department 751,Manual,Delivery - 0035,Delivery,Main
Order - 0069,,,,,0,,,,,,Create Delivery,2023-06-27 14:12:58.000,USER - 03676,Department 751,Manual,Delivery - 0036,Delivery,Main
Order - 0041,,,,,0,,,,,,Create Delivery,2023-06-27 15:22:15.000,USER - 03676,Department 751,Manual,Delivery - 0037,Delivery,Main
Order - 0071,,,,,0,,,,,,Create Delivery,2023-06-27 16:22:26.000,USER - 03676,Department 751,Manual,Delivery - 0038,Delivery,Main
Order - 0072,,,,,0,,,,,,Create Delivery,2023-06-28 13:28:42.000,USER - 03676,Department 751,Manual,Delivery - 0039,Delivery,Main
Order - 0041,,,,,0,,,,,,Create Delivery,2023-06-28 15:16:32.000,USER - 03676,Department 751,Manual,Delivery - 0040,Delivery,Main
Order - 0015,,,,,0,,,,,,Create Delivery,2023-06-21 09:28:52.000,USER - 03676,Department 751,Manual,Delivery - 0029,Delivery,Main
Order - 0135,,,,,0,,,,,,Create Freight Order,2023-09-01 09:15:49.000,USER - 03676,Department 751,Manual,FREIGHT - 00157,Freight Order,Main
Order - 0185,,,,,0,,,,,,Create Freight Order,2023-09-01 09:42:18.000,USER - 03676,Department 751,Manual,FREIGHT - 00158,Freight Order,Main
Order - 0196,,,,,0,,,,,,Create Freight Order,2023-09-04 11:42:17.000,USER - 03676,Department 751,Manual,FREIGHT - 00159,Freight Order,Main
Order - 0200,,,,,0,,,,,,Create Freight Order,2023-09-07 11:20:49.000,USER - 03676,Department 751,Manual,FREIGHT - 00162,Freight Order,Main
Order - 0201,,,,,0,,,,,,Create Freight Order,2023-09-07 11:50:21.000,USER - 03676,Department 751,Manual,FREIGHT - 00163,Freight Order,Main
Order - 0184,,,,,0,,,,,,Create Freight Order,2023-08-29 09:58:17.000,USER - 03676,Department 751,Manual,FREIGHT - 00150,Freight Order,Main
Order - 0193,,,,,0,,,,,,Create Freight Order,2023-08-30 14:16:12.000,USER - 03676,Department 751,Manual,FREIGHT - 00151,Freight Order,Main
Order - 0194,,,,,0,,,,,,Create Freight Order,2023-08-30 14:22:02.000,USER - 03676,Department 751,Manual,FREIGHT - 00152,Freight Order,Main
Order - 0186,,,,,0,,,,,,Create Freight Order,2023-08-31 11:15:19.000,USER - 03676,Department 751,Manual,FREIGHT - 00153,Freight Order,Main
Order - 0195,,,,,0,,,,,,Create Freight Order,2023-08-31 15:22:42.000,USER - 03676,Department 751,Manual,FREIGHT - 00154,Freight Order,Main
Order - 0015,,,,,0,,,,,,Create Freight Order,2023-09-01 08:21:30.000,USER - 03676,Department 751,Manual,FREIGHT - 00155,Freight Order,Main
Order - 0179,,,,,0,,,,,,Create Freight Order,2023-08-24 16:05:29.000,USER - 03676,Department 751,Manual,FREIGHT - 00144,Freight Order,Main
Order - 0180,,,,,0,,,,,,Create Freight Order,2023-08-24 16:10:11.000,USER - 03676,Department 751,Manual,FREIGHT - 00145,Freight Order,Main
Order - 0181,,,,,0,,,,,,Create Freight Order,2023-08-28 12:43:24.000,USER - 03676,Department 751,Manual,FREIGHT - 00146,Freight Order,Main
Order - 0182,,,,,0,,,,,,Create Freight Order,2023-08-28 12:48:23.000,USER - 03676,Department 751,Manual,FREIGHT - 00147,Freight Order,Main
Order - 0041,,,,,0,,,,,,Create Freight Order,2023-08-28 13:17:02.000,USER - 03676,Department 751,Manual,FREIGHT - 00148,Freight Order,Main
Order - 0183,,,,,0,,,,,,Create Freight Order,2023-08-29 09:53:08.000,USER - 03676,Department 751,Manual,FREIGHT - 00149,Freight Order,Main
Order - 0173,,,,,0,,,,,,Create Freight Order,2023-08-24 09:28:44.000,USER - 03676,Department 751,Manual,FREIGHT - 00138,Freight Order,Main
Order - 0178,,,,,0,,,,,,Create Freight Order,2023-08-24 13:53:45.000,USER - 03676,Department 751,Manual,FREIGHT - 00139,Freight Order,Main
Order - 0015,,,,,0,,,,,,Create Freight Order,2023-08-24 14:55:24.000,USER - 03676,Department 751,Manual,FREIGHT - 00140,Freight Order,Main
Order - 0015,,,,,0,,,,,,Create Freight Order,2023-08-24 14:57:41.000,USER - 03676,Department 751,Manual,FREIGHT - 00141,Freight Order,Main
Order - 0177,,,,,0,,,,,,Create Freight Order,2023-08-24 15:03:00.000,USER - 03676,Department 751,Manual,FREIGHT - 00142,Freight Order,Main
Order - 0177,,,,,0,,,,,,Create Freight Order,2023-08-24 15:03:27.000,USER - 03676,Department 751,Manual,FREIGHT - 00143,Freight Order,Main
Order - 0171,,,,,0,,,,,,Create Freight Order,2023-08-22 13:13:23.000,USER - 03676,Department 751,Manual,FREIGHT - 00132,Freight Order,Main
Order - 0135,,,,,0,,,,,,Create Freight Order,2023-08-23 09:10:40.000,USER - 03676,Department 751,Manual,FREIGHT - 00133,Freight Order,Main
Order - 0176,,,,,0,,,,,,Create Freight Order,2023-08-23 12:39:29.000,USER - 03676,Department 751,Manual,FREIGHT - 00134,Freight Order,Main
Order - 0176,,,,,0,,,,,,Create Freight Order,2023-08-23 15:13:38.000,USER - 03676,Department 751,Manual,FREIGHT - 00135,Freight Order,Main
Order - 0135,,,,,0,,,,,,Create Freight Order,2023-08-23 15:15:15.000,USER - 03676,Department 751,Manual,FREIGHT - 00136,Freight Order,Main
Order - 0173,,,,,0,,,,,,Create Freight Order,2023-08-23 15:48:38.000,USER - 03676,Department 751,Manual,FREIGHT - 00137,Freight Order,Main
Order - 0161,,,,,0,,,,,,Create Freight Order,2023-08-17 13:00:30.000,USER - 03676,Department 751,Manual,FREIGHT - 00126,Freight Order,Main
Order - 0162,,,,,0,,,,,,Create Freight Order,2023-08-17 13:07:44.000,USER - 03676,Department 751,Manual,FREIGHT - 00127,Freight Order,Main
Order - 0015,,,,,0,,,,,,Create Freight Order,2023-08-18 11:59:47.000,USER - 03676,Department 751,Manual,FREIGHT - 00128,Freight Order,Main
Order - 0015,,,,,0,,,,,,Create Freight Order,2023-08-18 12:02:43.000,USER - 03676,Department 751,Manual,FREIGHT - 00129,Freight Order,Main
Order - 0170,,,,,0,,,,,,Create Freight Order,2023-08-21 15:23:50.000,USER - 03676,Department 751,Manual,FREIGHT - 00130,Freight Order,Main
Order - 0135,,,,,0,,,,,,Create Freight Order,2023-08-21 16:15:31.000,USER - 03676,Department 751,Manual,FREIGHT - 00131,Freight Order,Main
Order - 0074,,,,,0,,,,,,Create Freight Order,2023-06-29 11:05:45.000,USER - 03676,Department 751,Manual,FREIGHT - 00056,Freight Order,Main
Order - 0075,,,,,0,,,,,,Create Freight Order,2023-06-29 11:09:11.000,USER - 03676,Department 751,Manual,FREIGHT - 00057,Freight Order,Main
Order - 0076,,,,,0,,,,,,Create Freight Order,2023-06-29 11:13:11.000,USER - 03676,Department 751,Manual,FREIGHT - 00058,Freight Order,Main
Order - 0379,,,,,0,,,,,,Create Goods Issue,2024-02-15 12:51:52.000,No user information,,,GI - 000529,Goods Issue is created,Main
Order - 0012,,,,,0,,,,,,Create Goods Issue,2024-02-16 12:21:03.000,No user information,,,GI - 000530,Goods Issue is created,Main
Order - 0012,,,,,0,,,,,,Create Goods Issue,2024-02-16 12:21:03.000,No user information,,,GI - 000531,Goods Issue is created,Main
Order - 0739,,,,,0,,,,,,Create Goods Issue,2024-02-16 12:48:24.000,No user information,,,GI - 000532,Goods Issue is created,Main
Order - 0740,,,,,0,,,,,,Create Goods Issue,2024-02-16 12:53:10.000,No user information,,,GI - 000533,Goods Issue is created,Main
Order - 0741,,,,,0,,,,,,Create Goods Issue,2024-02-19 14:00:09.000,No user information,,,GI - 000534,Goods Issue is created,Main
Order - 0746,,,,,0,,,,,,Create Goods Issue,2024-02-20 13:03:51.000,No user information,,,GI - 000535,Goods Issue is created,Main
Order - 0748,,,,,0,,,,,,Create Goods Issue,2024-02-20 13:06:34.000,No user information,,,GI - 000536,Goods Issue is created,Main
Order - 0749,,,,,0,,,,,,Create Goods Issue,2024-02-20 14:55:16.000,No user information,,,GI - 000537,Goods Issue is created,Main
Order - 0767,,,,,0,,,,,,Create Goods Issue,2024-02-21 11:56:58.000,No user information,,,GI - 000538,Goods Issue is created,Main
Order - 0768,,,,,0,,,,,,Create Goods Issue,2024-02-22 08:39:26.000,No user information,,,GI - 000539,Goods Issue is created,Main
Order - 0768,,,,,0,,,,,,Create Goods Issue,2024-02-22 08:39:26.000,No user information,,,GI - 000540,Goods Issue is created,Main
Order - 0785,,,,,0,,,,,,Create Goods Issue,2024-02-22 11:51:11.000,No user information,,,GI - 000541,Goods Issue is created,Main
Order - 0786,,,,,0,,,,,,Create Goods Issue,2024-02-22 11:55:21.000,No user information,,,GI - 000542,Goods Issue is created,Main
Order - 0687,,,,,0,,,,,,Create Goods Issue,2024-02-22 13:16:51.000,No user information,,,GI - 000543,Goods Issue is created,Main
Order - 0687,,,,,0,,,,,,Create Goods Issue,2024-02-22 13:16:51.000,No user information,,,GI - 000544,Goods Issue is created,Main
Order - 0687,,,,,0,,,,,,Create Goods Issue,2024-02-22 13:16:51.000,No user information,,,GI - 000545,Goods Issue is created,Main
Order - 0787,,,,,0,,,,,,Create Goods Issue,2024-02-23 10:52:35.000,No user information,,,GI - 000546,Goods Issue is created,Main
Order - 0787,,,,,0,,,,,,Create Goods Issue,2024-02-23 10:52:35.000,No user information,,,GI - 000547,Goods Issue is created,Main
Order - 0379,,,,,0,,,,,,Create Goods Issue,2024-02-23 11:32:00.000,No user information,,,GI - 000548,Goods Issue is created,Main
Order - 0379,,,,,0,,,,,,Create Goods Issue,2024-02-23 11:32:00.000,No user information,,,GI - 000549,Goods Issue is created,Main
Order - 0789,,,,,0,,,,,,Create Goods Issue,2024-02-26 15:07:54.000,No user information,,,GI - 000550,Goods Issue is created,Main
Order - 0790,,,,,0,,,,,,Create Goods Issue,2024-02-27 09:57:02.000,No user information,,,GI - 000551,Goods Issue is created,Main
Order - 0791,,,,,0,,,,,,Create Goods Issue,2024-02-27 10:01:46.000,No user information,,,GI - 000552,Goods Issue is created,Main
Order - 0792,,,,,0,,,,,,Create Goods Issue,2024-02-27 10:41:02.000,No user information,,,GI - 000553,Goods Issue is created,Main
Order - 0792,,,,,0,,,,,,Create Goods Issue,2024-02-27 10:41:02.000,No user information,,,GI - 000554,Goods Issue is created,Main
Order - 0793,,,,,0,,,,,,Create Goods Issue,2024-02-27 12:33:25.000,No user information,,,GI - 000555,Goods Issue is created,Main
Order - 0794,,,,,0,,,,,,Create Goods Issue,2024-02-27 12:36:46.000,No user information,,,GI - 000556,Goods Issue is created,Main
Order - 0795,,,,,0,,,,,,Create Goods Issue,2024-02-29 12:24:00.000,No user information,,,GI - 000557,Goods Issue is created,Main
Order - 0795,,,,,0,,,,,,Create Goods Issue,2024-02-29 12:24:00.000,No user information,,,GI - 000558,Goods Issue is created,Main
Order - 0795,,,,,0,,,,,,Create Goods Issue,2024-02-29 12:24:00.000,No user information,,,GI - 000559,Goods Issue is created,Main
Order - 0795,,,,,0,,,,,,Create Goods Issue,2024-02-29 12:24:00.000,No user information,,,GI - 000560,Goods Issue is created,Main
Order - 0809,,,,,0,,,,,,Create Goods Issue,2024-02-29 14:01:09.000,No user information,,,GI - 000561,Goods Issue is created,Main
Order - 0768,,,,,0,,,,,,Create Goods Issue,2024-03-01 11:58:46.000,No user information,,,GI - 000562,Goods Issue is created,Main
Order - 0768,,,,,0,,,,,,Create Goods Issue,2024-03-01 11:58:46.000,No user information,,,GI - 000563,Goods Issue is created,Main
Order - 0818,,,,,0,,,,,,Create Goods Issue,2024-03-01 12:03:32.000,No user information,,,GI - 000564,Goods Issue is created,Main
Order - 0819,,,,,0,,,,,,Create Goods Issue,2024-03-01 12:06:12.000,No user information,,,GI - 000565,Goods Issue is created,Main
Order - 0820,,,,,0,,,,,,Create Goods Issue,2024-03-04 11:57:04.000,No user information,,,GI - 000566,Goods Issue is created,Main
Order - 0821,,,,,0,,,,,,Create Goods Issue,2024-03-04 12:00:54.000,No user information,,,GI - 000567,Goods Issue is created,Main
Order - 0822,,,,,0,,,,,,Create Goods Issue,2024-03-05 08:10:33.000,No user information,,,GI - 000568,Goods Issue is created,Main
Order - 0823,,,,,0,,,,,,Create Goods Issue,2024-03-05 08:17:27.000,No user information,,,GI - 000569,Goods Issue is created,Main
Order - 0838,,,,,0,,,,,,Create Goods Issue,2024-03-07 08:19:00.000,No user information,,,GI - 000570,Goods Issue is created,Main
Order - 0839,,,,,0,,,,,,Create Goods Issue,2024-03-07 08:21:59.000,No user information,,,GI - 000571,Goods Issue is created,Main
Order - 0843,,,,,0,,,,,,Create Goods Issue,2024-03-08 08:24:35.000,No user information,,,GI - 000572,Goods Issue is created,Main
Order - 0844,,,,,0,,,,,,Create Goods Issue,2024-03-11 08:24:04.000,No user information,,,GI - 000573,Goods Issue is created,Main
Order - 0845,,,,,0,,,,,,Create Goods Issue,2024-03-12 14:12:15.000,No user information,,,GI - 000574,Goods Issue is created,Main
Order - 0846,,,,,0,,,,,,Create Goods Issue,2024-03-12 14:21:18.000,No user information,,,GI - 000575,Goods Issue is created,Main
Order - 0379,,,,,0,,,,,,Create Goods Issue,2024-03-14 12:18:57.000,No user information,,,GI - 000576,Goods Issue is created,Main
Order - 1531,,,,,0,,,,,,Create Goods Issue,2024-08-21 15:22:48.000,No user information,,,GI - 000865,Goods Issue is created,Main
Order - 1554,,,,,0,,,,,,Create Goods Issue,2024-08-22 09:30:02.000,No user information,,,GI - 000866,Goods Issue is created,Main
Order - 1555,,,,,0,,,,,,Create Goods Issue,2024-08-26 12:54:47.000,No user information,,,GI - 000867,Goods Issue is created,Main
Order - 1556,,,,,0,,,,,,Create Goods Issue,2024-08-26 13:08:57.000,No user information,,,GI - 000868,Goods Issue is created,Main
Order - 1557,,,,,0,,,,,,Create Goods Issue,2024-08-26 13:15:07.000,No user information,,,GI - 000869,Goods Issue is created,Main
Order - 1558,,,,,0,,,,,,Create Goods Issue,2024-08-27 09:23:17.000,No user information,,,GI - 000870,Goods Issue is created,Main
Order - 1571,,,,,0,,,,,,Create Goods Issue,2024-08-29 11:00:16.000,No user information,,,GI - 000871,Goods Issue is created,Main
Order - 1275,,,,,0,,,,,,Create Goods Issue,2024-08-30 09:23:26.000,No user information,,,GI - 000872,Goods Issue is created,Main
Order - 1275,,,,,0,,,,,,Create Goods Issue,2024-08-30 09:23:26.000,No user information,,,GI - 000873,Goods Issue is created,Main
Order - 1312,,,,,0,,,,,,Create Goods Issue,2024-08-30 11:34:02.000,No user information,,,GI - 000874,Goods Issue is created,Main
Order - 1312,,,,,0,,,,,,Create Goods Issue,2024-08-30 11:34:02.000,No user information,,,GI - 000875,Goods Issue is created,Main
Order - 1312,,,,,0,,,,,,Create Goods Issue,2024-08-30 11:34:02.000,No user information,,,GI - 000876,Goods Issue is created,Main
Order - 1597,,,,,0,,,,,,Create Goods Issue,2024-09-05 10:19:05.000,No user information,,,GI - 000877,Goods Issue is created,Main
Order - 1597,,,,,0,,,,,,Create Goods Issue,2024-09-05 10:19:05.000,No user information,,,GI - 000878,Goods Issue is created,Main
Order - 1597,,,,,0,,,,,,Create Goods Issue,2024-09-05 10:19:05.000,No user information,,,GI - 000879,Goods Issue is created,Main
Order - 1275,,,,,0,,,,,,Create Goods Issue,2024-09-09 08:42:57.000,No user information,,,GI - 000880,Goods Issue is created,Main
Order - 1275,,,,,0,,,,,,Create Goods Issue,2024-09-09 08:42:57.000,No user information,,,GI - 000881,Goods Issue is created,Main
Order - 1275,,,,,0,,,,,,Create Goods Issue,2024-09-09 08:42:57.000,No user information,,,GI - 000882,Goods Issue is created,Main
Order - 1275,,,,,0,,,,,,Create Goods Issue,2024-09-09 08:42:57.000,No user information,,,GI - 000883,Goods Issue is created,Main
Order - 1597,,,,,0,,,,,,Create Goods Issue,2024-09-13 11:09:38.000,No user information,,,GI - 000884,Goods Issue is created,Main
Order - 1597,,,,,0,,,,,,Create Goods Issue,2024-09-13 11:09:38.000,No user information,,,GI - 000885,Goods Issue is created,Main
Order - 1597,,,,,0,,,,,,Create Goods Issue,2024-09-13 11:09:38.000,No user information,,,GI - 000886,Goods Issue is created,Main
Order - 1597,,,,,0,,,,,,Create Goods Issue,2024-09-13 11:19:36.000,No user information,,,GI - 000887,Goods Issue is created,Main
Order - 1597,,,,,0,,,,,,Create Goods Issue,2024-09-13 11:19:36.000,No user information,,,GI - 000888,Goods Issue is created,Main
Order - 1597,,,,,0,,,,,,Create Goods Issue,2024-09-13 11:19:36.000,No user information,,,GI - 000889,Goods Issue is created,Main
Order - 1597,,,,,0,,,,,,Create Goods Issue,2024-09-17 15:06:15.000,No user information,,,GI - 000890,Goods Issue is created,Main
Order - 1597,,,,,0,,,,,,Create Goods Issue,2024-09-17 15:06:15.000,No user information,,,GI - 000891,Goods Issue is created,Main
Order - 1597,,,,,0,,,,,,Create Goods Issue,2024-09-17 15:06:15.000,No user information,,,GI - 000892,Goods Issue is created,Main
Order - 1275,,,,,0,,,,,,Create Goods Issue,2024-09-24 10:51:53.000,No user information,,,GI - 000893,Goods Issue is created,Main
Order - 1275,,,,,0,,,,,,Create Goods Issue,2024-09-24 10:51:53.000,No user information,,,GI - 000894,Goods Issue is created,Main
Order - 1596,,,,,0,,,,,,Create Goods Issue,2024-09-26 11:16:59.000,No user information,,,GI - 000895,Goods Issue is created,Main
Order - 1596,,,,,0,,,,,,Create Goods Issue,2024-09-26 14:20:03.000,No user information,,,GI - 000896,Goods Issue is created,Main
Order - 1664,,,,,0,,,,,,Create Goods Issue,2024-09-26 14:23:46.000,No user information,,,GI - 000897,Goods Issue is created,Main
Order - 1624,,,,,0,,,,,,Create Goods Issue,2024-09-26 14:31:10.000,No user information,,,GI - 000898,Goods Issue is created,Main
Order - 1608,,,,,0,,,,,,Create Goods Issue,2024-09-26 14:39:53.000,No user information,,,GI - 000899,Goods Issue is created,Main
Order - 1665,,,,,0,,,,,,Create Goods Issue,2024-09-26 14:53:21.000,No user information,,,GI - 000900,Goods Issue is created,Main
Order - 1666,,,,,0,,,,,,Create Goods Issue,2024-09-26 15:01:59.000,No user information,,,GI - 000901,Goods Issue is created,Main
Order - 1667,,,,,0,,,,,,Create Goods Issue,2024-09-26 15:05:15.000,No user information,,,GI - 000902,Goods Issue is created,Main
Order - 1668,,,,,0,,,,,,Create Goods Issue,2024-09-26 15:12:10.000,No user information,,,GI - 000903,Goods Issue is created,Main
Order - 1670,,,,,0,,,,,,Create Goods Issue,2024-09-26 15:16:25.000,No user information,,,GI - 000904,Goods Issue is created,Main
Order - 1671,,,,,0,,,,,,Create Goods Issue,2024-09-26 15:22:17.000,No user information,,,GI - 000905,Goods Issue is created,Main
Order - 1672,,,,,0,,,,,,Create Goods Issue,2024-09-26 15:24:11.000,No user information,,,GI - 000906,Goods Issue is created,Main
Order - 1674,,,,,0,,,,,,Create Goods Issue,2024-09-26 15:35:41.000,No user information,,,GI - 000907,Goods Issue is created,Main
Order - 1675,,,,,0,,,,,,Create Goods Issue,2024-09-26 15:38:23.000,No user information,,,GI - 000908,Goods Issue is created,Main
Order - 1676,,,,,0,,,,,,Create Goods Issue,2024-09-26 15:40:34.000,No user information,,,GI - 000909,Goods Issue is created,Main
Order - 1677,,,,,0,,,,,,Create Goods Issue,2024-09-26 15:44:06.000,No user information,,,GI - 000910,Goods Issue is created,Main
Order - 1673,,,,,0,,,,,,Create Goods Issue,2024-09-26 16:00:21.000,No user information,,,GI - 000911,Goods Issue is created,Main
Order - 1597,,,,,0,,,,,,Create Goods Issue,2024-09-27 09:38:24.000,No user information,,,GI - 000912,Goods Issue is created,Main
Order - 0148,,,,,0,,,,,,Invoice is paid,2023-09-06 23:59:59.000,USER - 04201,Department 1601,Manual,Invoice - 106,Invoice is paid,Main
Order - 0135,,,,,0,,,,,,Invoice is paid,2023-09-20 23:59:59.000,USER - 04201,Department 1601,Manual,Invoice - 107,Invoice is paid,Main
Order - 0171,,,,,0,,,,,,Invoice is paid,2023-09-21 23:59:59.000,USER - 04201,Department 1601,Manual,Invoice - 108,Invoice is paid,Main
Order - 0176,,,,,0,,,,,,Invoice is paid,2023-09-15 23:59:59.000,USER - 04201,Department 1601,Manual,Invoice - 109,Invoice is paid,Main
Order - 0135,,,,,0,,,,,,Invoice is paid,2023-09-20 23:59:59.000,USER - 04201,Department 1601,Manual,Invoice - 110,Invoice is paid,Main
Order - 0173,,,,,0,,,,,,Invoice is paid,2023-10-25 23:59:59.000,USER - 04201,Department 1601,Manual,Invoice - 112,Invoice is paid,Main
Order - 0005,,,,,0,,,,,,Invoice is paid,2023-09-13 23:59:59.000,USER - 04201,Department 1601,Manual,Invoice - 007,Invoice is paid,Main
Order - 0025,,,,,0,,,,,,Invoice is paid,2023-06-29 23:59:59.000,USER - 04201,Department 1601,Manual,Invoice - 008,Invoice is paid,Main
Order - 0026,,,,,0,,,,,,Invoice is paid,2023-06-29 23:59:59.000,USER - 04201,Department 1601,Manual,Invoice - 009,Invoice is paid,Main
Order - 0032,,,,,0,,,,,,Invoice is paid,2023-07-31 23:59:59.000,USER - 04201,Department 1601,Manual,Invoice - 011,Invoice is paid,Main
Order - 0015,,,,,0,,,,,,Invoice is paid,2024-01-12 23:59:59.000,USER - 04201,Department 1601,Manual,Invoice - 043,Invoice is paid,Main
Order - 0015,,,,,0,,,,,,Invoice is paid,2023-09-27 23:59:59.000,USER - 04201,Department 1601,Manual,Invoice - 044,Invoice is paid,Main
Order - 0126,,,,,0,,,,,,Invoice is paid,2023-09-20 23:59:59.000,USER - 04201,Department 1601,Manual,Invoice - 081,Invoice is paid,Main
Order - 0114,,,,,0,,,,,,Invoice is paid,2023-09-20 23:59:59.000,USER - 04201,Department 1601,Manual,Invoice - 084,Invoice is paid,Main
Order - 0134,,,,,0,,,,,,Invoice is paid,2023-09-22 23:59:59.000,USER - 04201,Department 1601,Manual,Invoice - 087,Invoice is paid,Main
Order - 0138,,,,,0,,,,,,Invoice is paid,2023-09-28 23:59:59.000,USER - 04201,Department 1601,Manual,Invoice - 090,Invoice is paid,Main
Order - 0003,,,,,0,,,,,,Invoice is paid,2023-09-13 23:59:59.000,USER - 04201,Department 1601,Manual,Invoice - 005,Invoice is paid,Main
Order - 0004,,,,,0,,,,,,Invoice is paid,2023-09-13 23:59:59.000,USER - 04201,Department 1601,Manual,Invoice - 006,Invoice is paid,Main
Order - 0598,,,,,0,,,,,,Invoice is paid,2024-02-14 23:59:59.000,USER - 04201,Department 1601,Manual,Invoice - 296,Invoice is paid,Main
Order - 0135,,,,,0,,,,,,Invoice is paid,2024-03-20 23:59:59.000,USER - 04201,Department 1601,Manual,Invoice - 323,Invoice is paid,Main
Order - 0186,,,,,0,,,,,,Invoice is paid,2024-03-20 23:59:59.000,USER - 04201,Department 1601,Manual,Invoice - 332,Invoice is paid,Main
Order - 0795,,,,,0,,,,,,Invoice is paid,2024-03-20 23:59:59.000,USER - 04201,Department 1601,Manual,Invoice - 354,Invoice is paid,Main
Order - 0077,,,,,0,,,,,,Invoice is paid,2023-11-13 23:59:59.000,USER - 04201,Department 1601,Manual,Invoice - 048,Invoice is paid,Main
Order - 0100,,,,,0,,,,,,Invoice is paid,2023-08-17 23:59:59.000,USER - 04201,Department 1601,Manual,Invoice - 058,Invoice is paid,Main
Order - 0337,,,,,0,,,,,,Invoice is paid,2023-12-13 23:59:59.000,USER - 04201,Department 1601,Manual,Invoice - 263,Invoice is paid,Main
Order - 0424,,,,,0,,,,,,Invoice is paid,2024-01-31 23:59:59.000,USER - 04201,Department 1601,Manual,Invoice - 276,Invoice is paid,Main
Order - 0554,,,,,0,,,,,,Invoice is paid,2024-01-08 23:59:59.000,USER - 04201,Department 1601,Manual,Invoice - 279,Invoice is paid,Main
Order - 0555,,,,,0,,,,,,Invoice is paid,2024-01-11 23:59:59.000,USER - 04201,Department 1601,Manual,Invoice - 280,Invoice is paid,Main
Order - 0583,,,,,0,,,,,,Invoice is paid,2024-01-25 23:59:59.000,USER - 04201,Department 1601,Manual,Invoice - 281,Invoice is paid,Main
Order - 1791,CUST - 069,Customer 69,GB,External,2260,GBP,ST - Services / Tooling,Company 3,NULL,NULL,Create Sales Order,2024-10-23 11:15:51.000,USER - 10897,Department 2178,Manual,Order - 1791,Sales order,Main
Order - 1167,CUST - 028,Customer 28,DE,External,24400,EUR,ST - Services / Tooling,Company 1,NULL,NULL,Create Sales Order,2024-05-20 13:47:14.000,USER - 10897,Department 2178,Manual,Order - 1167,Sales order,Main
Order - 1372,CUST - 028,Customer 28,DE,External,74800,EUR,ST - Services / Tooling,Company 1,NULL,NULL,Create Sales Order,2024-07-09 15:12:50.000,USER - 10897,Department 2178,Manual,Order - 1372,Sales order,Main
Order - 1529,CUST - 028,Customer 28,DE,External,74800,EUR,ST - Services / Tooling,Company 1,NULL,NULL,Create Sales Order,2024-08-21 13:53:46.000,USER - 10897,Department 2178,Manual,Order - 1529,Sales order,Main
Order - 1716,CUST - 028,Customer 28,DE,External,2704.32,EUR,ST - Services / Tooling,Company 1,NULL,NULL,Create Sales Order,2024-10-08 11:28:21.000,USER - 10897,Department 2178,Manual,Order - 1716,Sales order,Main
Order - 1717,CUST - 028,Customer 28,DE,External,14774.4,EUR,ST - Services / Tooling,Company 1,NULL,NULL,Create Sales Order,2024-10-08 11:35:34.000,USER - 10897,Department 2178,Manual,Order - 1717,Sales order,Main
Order - 0305,CUST - 028,Customer 28,DE,External,30000,EUR,ST - Services / Tooling,Company 1,NULL,NULL,Create Sales Order,2023-10-30 15:17:23.000,USER - 10897,Department 2178,Manual,Order - 0305,Sales order,Main
Order - 0563,CUST - 049,Customer 49,BE,External,238.75,EUR,ST - Services / Tooling,Company 1,NULL,NULL,Create Sales Order,2023-12-20 13:54:26.000,USER - 10897,Department 2178,Manual,Order - 0563,Sales order,Main
Order - 1579,CUST - 058,Customer 58,PL,External,500,PLN,ST - Services / Tooling,Company 1,NULL,NULL,Create Sales Order,2024-09-02 15:37:17.000,USER - 10897,Department 2178,Manual,Order - 1579,Sales order,Main
Order - 0579,CUST - 010,Customer 10,DE,External,-636.82,EUR,ST - Services / Tooling,Company 1,NULL,NULL,Create Sales Order,2023-12-22 15:20:30.000,USER - 10897,Department 2178,Manual,Order - 0579,Sales order,Main
Order - 0778,CUST - 010,Customer 10,DE,External,35350,EUR,ST - Services / Tooling,Company 1,NULL,NULL,Create Sales Order,2024-02-21 15:29:29.000,USER - 10897,Department 2178,Manual,Order - 0778,Sales order,Main
Order - 1266,CUST - 010,Customer 10,DE,External,15803.04,EUR,ST - Services / Tooling,Company 1,NULL,NULL,Create Sales Order,2024-06-13 11:20:10.000,USER - 10897,Department 2178,Manual,Order - 1266,Sales order,Main
Order - 0842,CUST - 010,Customer 10,DE,External,2353.44,EUR,ST - Services / Tooling,Company 1,NULL,NULL,Create Sales Order,2024-03-08 08:10:20.000,USER - 10897,Department 2178,Manual,Order - 0842,Sales order,Main
Order - 0199,CUST - 026,Customer 26,DE,External,33355.27,EUR,ST - Services / Tooling,Company 1,NULL,NULL,Create Sales Order,2023-09-05 14:42:07.000,USER - 10897,Department 2178,Manual,Order - 0199,Sales order,Main
Order - 0204,CUST - 026,Customer 26,DE,External,35732.8,EUR,ST - Services / Tooling,Company 1,NULL,NULL,Create Sales Order,2023-09-07 15:26:28.000,USER - 10897,Department 2178,Manual,Order - 0204,Sales order,Main
Order - 1920,CUST - 026,Customer 26,DE,External,45242.64,EUR,SC - Scrap Sales,Company 1,NULL,NULL,Create Sales Order,2024-11-19 20:10:53.000,USER - 10897,Department 2178,Manual,Order - 1920,Sales order,Main
Order - 0525,CUST - 026,Customer 26,DE,External,36673.22,EUR,ST - Services / Tooling,Company 1,NULL,NULL,Create Sales Order,2023-12-19 14:46:20.000,USER - 10897,Department 2178,Manual,Order - 0525,Sales order,Main
Order - 0322,CUST - 026,Customer 26,DE,External,33517.36,EUR,ST - Services / Tooling,Company 1,NULL,NULL,Create Sales Order,2023-11-09 17:54:35.000,USER - 10897,Department 2178,Manual,Order - 0322,Sales order,Main
Order - 0262,CUST - 026,Customer 26,DE,External,33937.6,EUR,ST - Services / Tooling,Company 1,NULL,NULL,Create Sales Order,2023-10-06 10:33:23.000,USER - 10897,Department 2178,Manual,Order - 0262,Sales order,Main
Order - 0267,CUST - 026,Customer 26,DE,External,31320.49,EUR,ST - Services / Tooling,Company 1,NULL,NULL,Create Sales Order,2023-10-10 08:43:39.000,USER - 10897,Department 2178,Manual,Order - 0267,Sales order,Main
Order - 0274,CUST - 026,Customer 26,DE,External,36002.74,EUR,ST - Services / Tooling,Company 1,NULL,NULL,Create Sales Order,2023-10-12 10:08:18.000,USER - 10897,Department 2178,Manual,Order - 0274,Sales order,Main
Order - 0521,CUST - 014,Customer 14,DE,External,31671.6,EUR,ST - Services / Tooling,Company 1,NULL,NULL,Create Sales Order,2023-12-19 14:08:46.000,USER - 10897,Department 2178,Manual,Order - 0521,Sales order,Main
Order - 0522,CUST - 014,Customer 14,DE,External,57657.6,EUR,ST - Services / Tooling,Company 1,NULL,NULL,Create Sales Order,2023-12-19 14:29:05.000,USER - 10897,Department 2178,Manual,Order - 0522,Sales order,Main
Order - 0271,CUST - 010,Customer 10,DE,External,491.4,EUR,ST - Services / Tooling,Company 1,NULL,NULL,Create Sales Order,2023-10-10 15:47:59.000,USER - 10897,Department 2178,Manual,Order - 0271,Sales order,Main
Order - 0745,CUST - 010,Customer 10,DE,External,39000,EUR,ST - Services / Tooling,Company 1,NULL,NULL,Create Sales Order,2024-02-20 12:05:07.000,USER - 10897,Department 2178,Manual,Order - 0745,Sales order,Main
Order - 0300,CUST - 010,Customer 10,DE,External,36000,EUR,ST - Services / Tooling,Company 1,NULL,NULL,Create Sales Order,2023-10-26 10:57:12.000,USER - 10897,Department 2178,Manual,Order - 0300,Sales order,Main
Order - 0205,CUST - 010,Customer 10,DE,External,8823.75,EUR,ST - Services / Tooling,Company 1,NULL,NULL,Create Sales Order,2023-09-07 19:43:58.000,USER - 10897,Department 2178,Manual,Order - 0205,Sales order,Main
Order - 0323,CUST - 026,Customer 26,DE,External,40386.53,EUR,ST - Services / Tooling,Company 1,NULL,NULL,Create Sales Order,2023-11-09 20:15:12.000,USER - 10897,Department 2178,Manual,Order - 0323,Sales order,Main
Order - 0333,CUST - 026,Customer 26,DE,External,36096.38,EUR,ST - Services / Tooling,Company 1,NULL,NULL,Create Sales Order,2023-11-14 19:39:01.000,USER - 10897,Department 2178,Manual,Order - 0333,Sales order,Main
Order - 0334,CUST - 026,Customer 26,DE,External,35259.97,EUR,ST - Services / Tooling,Company 1,NULL,NULL,Create Sales Order,2023-11-14 19:42:47.000,USER - 10897,Department 2178,Manual,Order - 0334,Sales order,Main
Order - 0991,CUST - 026,Customer 26,DE,External,42657.38,EUR,ST - Services / Tooling,Company 1,NULL,NULL,Create Sales Order,2024-04-09 16:24:26.000,USER - 10897,Department 2178,Manual,Order - 0991,Sales order,Main
Order - 0426,CUST - 026,Customer 26,DE,External,39502.6,EUR,ST - Services / Tooling,Company 1,NULL,NULL,Create Sales Order,2023-12-07 16:38:38.000,USER - 10897,Department 2178,Manual,Order - 0426,Sales order,Main
Order - 0429,CUST - 026,Customer 26,DE,External,36945.27,EUR,ST - Services / Tooling,Company 1,NULL,NULL,Create Sales Order,2023-12-08 14:44:26.000,USER - 10897,Department 2178,Manual,Order - 0429,Sales order,Main
Order - 0431,CUST - 026,Customer 26,DE,External,33909.87,EUR,ST - Services / Tooling,Company 1,NULL,NULL,Create Sales Order,2023-12-13 08:41:08.000,USER - 10897,Department 2178,Manual,Order - 0431,Sales order,Main
Order - 0682,CUST - 026,Customer 26,DE,External,39407.02,EUR,ST - Services / Tooling,Company 1,NULL,NULL,Create Sales Order,2024-02-06 15:37:32.000,USER - 10897,Department 2178,Manual,Order - 0682,Sales order,Main
Order - 0393,CUST - 026,Customer 26,DE,External,37316.86,EUR,ST - Services / Tooling,Company 1,NULL,NULL,Create Sales Order,2023-11-29 09:17:46.000,USER - 10897,Department 2178,Manual,Order - 0393,Sales order,Main
Order - 0413,CUST - 026,Customer 26,DE,External,35319.72,EUR,ST - Services / Tooling,Company 1,NULL,NULL,Create Sales Order,2023-11-30 10:06:14.000,USER - 10897,Department 2178,Manual,Order - 0413,Sales order,Main
Order - 0414,CUST - 026,Customer 26,DE,External,35466.44,EUR,ST - Services / Tooling,Company 1,NULL,NULL,Create Sales Order,2023-11-30 10:13:45.000,USER - 10897,Department 2178,Manual,Order - 0414,Sales order,Main
Order - 1164,CUST - 026,Customer 26,DE,External,44950.87,EUR,ST - Services / Tooling,Company 1,NULL,NULL,Create Sales Order,2024-05-20 08:43:49.000,USER - 10897,Department 2178,Manual,Order - 1164,Sales order,Main
Order - 0734,CUST - 026,Customer 26,DE,External,39001.62,EUR,ST - Services / Tooling,Company 1,NULL,NULL,Create Sales Order,2024-02-15 07:35:59.000,USER - 10897,Department 2178,Manual,Order - 0734,Sales order,Main
Order - 0738,CUST - 026,Customer 26,DE,External,41844.24,EUR,ST - Services / Tooling,Company 1,NULL,NULL,Create Sales Order,2024-02-15 20:52:01.000,USER - 10897,Department 2178,Manual,Order - 0738,Sales order,Main
Order - 1120,CUST - 026,Customer 26,DE,External,44612.57,EUR,ST - Services / Tooling,Company 1,NULL,NULL,Create Sales Order,2024-05-10 08:05:21.000,USER - 10897,Department 2178,Manual,Order - 1120,Sales order,Main
Order - 0594,CUST - 026,Customer 26,DE,External,34014.16,EUR,ST - Services / Tooling,Company 1,NULL,NULL,Create Sales Order,2024-01-11 18:20:56.000,USER - 10897,Department 2178,Manual,Order - 0594,Sales order,Main
Order - 0599,CUST - 026,Customer 26,DE,External,32570.61,EUR,ST - Services / Tooling,Company 1,NULL,NULL,Create Sales Order,2024-01-17 09:28:19.000,USER - 10897,Department 2178,Manual,Order - 0599,Sales order,Main
Order - 0608,CUST - 026,Customer 26,DE,External,36851.66,EUR,ST - Services / Tooling,Company 1,NULL,NULL,Create Sales Order,2024-01-22 10:04:51.000,USER - 10897,Department 2178,Manual,Order - 0608,Sales order,Main
Order - 0609,CUST - 026,Customer 26,DE,External,37174.92,EUR,ST - Services / Tooling,Company 1,NULL,NULL,Create Sales Order,2024-01-25 16:11:03.000,USER - 10897,Department 2178,Manual,Order - 0609,Sales order,Main
Order - 0173,CUST - 023,Customer 23,DE,External,7980,EUR,SO - Standard Order,Company 1,NULL,NULL,Create Sales Order,2023-08-22 15:15:32.000,USER - 05682,Department 2070,Manual,Order - 0173,Sales order,Main
Order - 0176,CUST - 024,Customer 24,MX,External,284.2,EUR,SO - Standard Order,Company 1,NULL,NULL,Create Sales Order,2023-08-22 16:10:18.000,USER - 05682,Department 2070,Manual,Order - 0176,Sales order,Main
Order - 0177,CUST - 001,Customer 1,FR,External,23940,EUR,SO - Standard Order,Company 1,NULL,NULL,Create Sales Order,2023-08-24 12:44:40.000,USER - 05682,Department 2070,Manual,Order - 0177,Sales order,Main
Order - 0001,CUST - 001,Customer 1,FR,External,718.2,EUR,SO - Standard Order,Company 1,NULL,X,Create Sales Order,2023-05-09 16:26:58.000,USER - 05682,Department 2070,Manual,Order - 0001,Sales order,Main
Order - 0185,CUST - 005,Customer 5,DE,Internal,22052.4,EUR,SO - Standard Order,Company 1,X,X,Create Sales Order,2023-08-29 11:36:48.000,USER - 05682,Department 2070,Manual,Order - 0185,Sales order,Main
Order - 0219,CUST - 005,Customer 5,DE,Internal,274.5,EUR,SO - Standard Order,Company 1,NULL,NULL,Create Sales Order,2023-09-13 14:23:42.000,USER - 05682,Department 2070,Manual,Order - 0219,Sales order,Main
Order - 0227,CUST - 005,Customer 5,DE,Internal,175,EUR,SO - Standard Order,Company 1,NULL,NULL,Create Sales Order,2023-09-19 14:53:20.000,USER - 05682,Department 2070,Manual,Order - 0227,Sales order,Main
Order - 0228,CUST - 005,Customer 5,DE,Internal,22596.2,EUR,SO - Standard Order,Company 1,X,X,Create Sales Order,2023-09-19 15:07:29.000,USER - 05682,Department 2070,Manual,Order - 0228,Sales order,Main
Order - 0235,CUST - 005,Customer 5,DE,Internal,97.7,EUR,SO - Standard Order,Company 1,NULL,NULL,Create Sales Order,2023-09-22 08:35:31.000,USER - 05682,Department 2070,Manual,Order - 0235,Sales order,Main
Order - 0012,CUST - 005,Customer 5,DE,Internal,73694.9,EUR,SO - Standard Order,Company 1,X,X,Create Sales Order,2023-05-17 16:12:14.000,USER - 05682,Department 2070,Manual,Order - 0012,Sales order,Main
Order - 0018,CUST - 005,Customer 5,DE,Internal,10883.35,EUR,SO - Standard Order,Company 1,NULL,NULL,Create Sales Order,2023-05-30 14:09:07.000,USER - 05682,Department 2070,Manual,Order - 0018,Sales order,Main
Order - 0041,CUST - 005,Customer 5,DE,Internal,35213.56,EUR,SO - Standard Order,Company 1,NULL,X,Create Sales Order,2023-06-07 11:11:34.000,USER - 05682,Department 2070,Manual,Order - 0041,Sales order,Main
Order - 0003,CUST - 003,Customer 3,ES,External,4780.8,EUR,SO - Standard Order,Company 1,NULL,NULL,Create Sales Order,2023-05-15 15:25:17.000,USER - 05682,Department 2070,Manual,Order - 0003,Sales order,Main
Order - 0004,CUST - 003,Customer 3,ES,External,34547.7,EUR,SO - Standard Order,Company 1,NULL,NULL,Create Sales Order,2023-05-15 15:29:36.000,USER - 05682,Department 2070,Manual,Order - 0004,Sales order,Main
Order - 0005,CUST - 003,Customer 3,ES,External,12089.22,EUR,SO - Standard Order,Company 1,NULL,NULL,Create Sales Order,2023-05-15 15:31:15.000,USER - 05682,Department 2070,Manual,Order - 0005,Sales order,Main
Order - 0034,CUST - 007,Customer 7,US,Internal,1841.1,EUR,SO - Standard Order,Company 1,NULL,NULL,Create Sales Order,2023-06-06 09:38:15.000,USER - 05682,Department 2070,Manual,Order - 0034,Sales order,Main
Order - 0210,CUST - 028,Customer 28,DE,External,175,EUR,SO - Standard Order,Company 1,NULL,NULL,Create Sales Order,2023-09-08 15:28:56.000,USER - 05682,Department 2070,Manual,Order - 0210,Sales order,Main
Order - 0002,CUST - 002,Customer 2,SK,External,2472.6,EUR,SO - Standard Order,Company 1,NULL,NULL,Create Sales Order,2023-05-15 10:09:49.000,USER - 05682,Department 2070,Manual,Order - 0002,Sales order,Main
Order - 0223,CUST - 002,Customer 2,SK,External,5439.72,EUR,SO - Standard Order,Company 1,NULL,NULL,Create Sales Order,2023-09-15 09:49:01.000,USER - 05682,Department 2070,Manual,Order - 0223,Sales order,Main
Order - 0424,CUST - 032,Customer 32,CN,Internal,16470,EUR,SO - Standard Order,Company 1,NULL,NULL,Create Sales Order,2023-12-07 11:09:37.000,USER - 05682,Department 2070,Manual,Order - 0424,Sales order,Main
Order - 0252,CUST - 032,Customer 32,CN,Internal,5190,EUR,SO - Standard Order,Company 1,NULL,NULL,Create Sales Order,2023-09-29 09:35:30.000,USER - 05682,Department 2070,Manual,Order - 0252,Sales order,Main
Order - 0259,CUST - 032,Customer 32,CN,Internal,27450,EUR,SO - Standard Order,Company 1,NULL,NULL,Create Sales Order,2023-10-05 10:53:44.000,USER - 05682,Department 2070,Manual,Order - 0259,Sales order,Main
Order - 1473,CUST - 034,Customer 34,US,External,909.4,USD,ST - Services / Tooling,Company 2,NULL,NULL,Create Sales Order,2024-07-31 16:49:34.000,USER - 02130,Department 2222,Manual,Order - 1473,Sales order,Main
Order - 1535,CUST - 034,Customer 34,US,External,2292.1,USD,ST - Services / Tooling,Company 2,NULL,NULL,Create Sales Order,2024-08-21 19:19:26.000,USER - 02130,Department 2222,Manual,Order - 1535,Sales order,Main
Order - 1536,CUST - 034,Customer 34,US,External,1158.55,USD,ST - Services / Tooling,Company 2,NULL,NULL,Create Sales Order,2024-08-21 19:24:40.000,USER - 02130,Department 2222,Manual,Order - 1536,Sales order,Main
Order - 1537,CUST - 034,Customer 34,US,External,271.95,USD,ST - Services / Tooling,Company 2,NULL,NULL,Create Sales Order,2024-08-21 19:29:34.000,USER - 02130,Department 2222,Manual,Order - 1537,Sales order,Main
Order - 1063,CUST - 034,Customer 34,US,External,92.65,USD,ST - Services / Tooling,Company 2,NULL,NULL,Create Sales Order,2024-04-24 19:51:46.000,USER - 02130,Department 2222,Manual,Order - 1063,Sales order,Main
Order - 1532,CUST - 034,Customer 34,US,External,1683.8,USD,ST - Services / Tooling,Company 2,NULL,NULL,Create Sales Order,2024-08-21 18:52:14.000,USER - 02130,Department 2222,Manual,Order - 1532,Sales order,Main
Order - 1551,CUST - 034,Customer 34,US,External,319.8,USD,ST - Services / Tooling,Company 2,NULL,NULL,Create Sales Order,2024-08-22 00:04:03.000,USER - 02130,Department 2222,Manual,Order - 1551,Sales order,Main
Order - 1088,CUST - 034,Customer 34,US,External,869.8,USD,ST - Services / Tooling,Company 2,NULL,NULL,Create Sales Order,2024-04-30 20:47:09.000,USER - 02130,Department 2222,Manual,Order - 1088,Sales order,Main
Order - 1089,CUST - 034,Customer 34,US,External,337.4,USD,ST - Services / Tooling,Company 2,NULL,NULL,Create Sales Order,2024-04-30 20:53:25.000,USER - 02130,Department 2222,Manual,Order - 1089,Sales order,Main
Order - 1105,CUST - 034,Customer 34,US,External,1158.55,USD,ST - Services / Tooling,Company 2,NULL,NULL,Create Sales Order,2024-05-08 21:56:54.000,USER - 02130,Department 2222,Manual,Order - 1105,Sales order,Main
Order - 1106,CUST - 034,Customer 34,US,External,1158.55,USD,ST - Services / Tooling,Company 2,NULL,NULL,Create Sales Order,2024-05-08 22:09:01.000,USER - 02130,Department 2222,Manual,Order - 1106,Sales order,Main
Order - 1094,CUST - 034,Customer 34,US,External,305.5,USD,ST - Services / Tooling,Company 2,NULL,NULL,Create Sales Order,2024-04-30 22:19:53.000,USER - 02130,Department 2222,Manual,Order - 1094,Sales order,Main
Order - 1099,CUST - 034,Customer 34,US,External,319.8,USD,ST - Services / Tooling,Company 2,NULL,NULL,Create Sales Order,2024-05-08 16:30:06.000,USER - 02130,Department 2222,Manual,Order - 1099,Sales order,Main
Order - 1100,CUST - 034,Customer 34,US,External,337.4,USD,ST - Services / Tooling,Company 2,NULL,NULL,Create Sales Order,2024-05-08 20:40:33.000,USER - 02130,Department 2222,Manual,Order - 1100,Sales order,Main
Order - 1563,CUST - 034,Customer 34,US,External,1221.8,USD,ST - Services / Tooling,Company 2,NULL,NULL,Create Sales Order,2024-08-27 23:59:02.000,USER - 02130,Department 2222,Manual,Order - 1563,Sales order,Main
Order - 1564,CUST - 034,Customer 34,US,External,308.25,USD,ST - Services / Tooling,Company 2,NULL,NULL,Create Sales Order,2024-08-28 00:04:18.000,USER - 02130,Department 2222,Manual,Order - 1564,Sales order,Main
Order - 1114,CUST - 034,Customer 34,US,External,909.4,USD,ST - Services / Tooling,Company 2,NULL,NULL,Create Sales Order,2024-05-08 23:03:54.000,USER - 02130,Department 2222,Manual,Order - 1114,Sales order,Main
Order - 1181,CUST - 034,Customer 34,US,External,299.45,USD,ST - Services / Tooling,Company 2,NULL,NULL,Create Sales Order,2024-05-21 20:37:09.000,USER - 02130,Department 2222,Manual,Order - 1181,Sales order,Main
Order - 1184,CUST - 034,Customer 34,US,External,940.2,USD,ST - Services / Tooling,Company 2,NULL,NULL,Create Sales Order,2024-05-21 20:57:03.000,USER - 02130,Department 2222,Manual,Order - 1184,Sales order,Main
Order - 1186,CUST - 034,Customer 34,US,External,588.2,USD,ST - Services / Tooling,Company 2,NULL,NULL,Create Sales Order,2024-05-21 21:10:44.000,USER - 02130,Department 2222,Manual,Order - 1186,Sales order,Main
Order - 1617,CUST - 034,Customer 34,US,External,765.85,USD,ST - Services / Tooling,Company 2,NULL,NULL,Create Sales Order,2024-09-11 18:59:08.000,USER - 02130,Department 2222,Manual,Order - 1617,Sales order,Main
Order - 1618,CUST - 034,Customer 34,US,External,2678.2,USD,ST - Services / Tooling,Company 2,NULL,NULL,Create Sales Order,2024-09-11 19:07:11.000,USER - 02130,Department 2222,Manual,Order - 1618,Sales order,Main
Order - 1619,CUST - 034,Customer 34,US,External,1908.2,USD,ST - Services / Tooling,Company 2,NULL,NULL,Create Sales Order,2024-09-11 19:12:38.000,USER - 02130,Department 2222,Manual,Order - 1619,Sales order,Main
Order - 0047,CUST - 011,Customer 11,DE,External,30421.24,EUR,SO - Standard Order,Company 1,NULL,NULL,Create Sales Order,2023-06-12 15:44:47.000,USER - 03676,Department 751,Manual,Order - 0047,Sales order,Main
Order - 0050,CUST - 011,Customer 11,DE,External,16613.52,EUR,SO - Standard Order,Company 1,NULL,NULL,Create Sales Order,2023-06-13 13:24:49.000,USER - 03676,Department 751,Manual,Order - 0050,Sales order,Main
Order - 0051,CUST - 011,Customer 11,DE,External,48960,EUR,SO - Standard Order,Company 1,NULL,NULL,Create Sales Order,2023-06-13 13:46:56.000,USER - 03676,Department 751,Manual,Order - 0051,Sales order,Main
Order - 0052,CUST - 011,Customer 11,DE,External,26212.32,EUR,SO - Standard Order,Company 1,NULL,NULL,Create Sales Order,2023-06-13 13:51:45.000,USER - 03676,Department 751,Manual,Order - 0052,Sales order,Main
Order - 0053,CUST - 011,Customer 11,DE,External,48960,EUR,SO - Standard Order,Company 1,NULL,NULL,Create Sales Order,2023-06-15 10:19:10.000,USER - 03676,Department 751,Manual,Order - 0053,Sales order,Main
Order - 0054,CUST - 011,Customer 11,DE,External,30430.6,EUR,SO - Standard Order,Company 1,NULL,NULL,Create Sales Order,2023-06-15 10:26:30.000,USER - 03676,Department 751,Manual,Order - 0054,Sales order,Main
Order - 0059,CUST - 011,Customer 11,DE,External,29851.52,EUR,SO - Standard Order,Company 1,NULL,NULL,Create Sales Order,2023-06-20 13:02:44.000,USER - 03676,Department 751,Manual,Order - 0059,Sales order,Main
Order - 0060,CUST - 011,Customer 11,DE,External,21035.82,EUR,SO - Standard Order,Company 1,NULL,NULL,Create Sales Order,2023-06-20 13:10:29.000,USER - 03676,Department 751,Manual,Order - 0060,Sales order,Main
Order - 0061,CUST - 011,Customer 11,DE,External,48960,EUR,SO - Standard Order,Company 1,NULL,NULL,Create Sales Order,2023-06-22 13:12:53.000,USER - 03676,Department 751,Manual,Order - 0061,Sales order,Main
Order - 0062,CUST - 011,Customer 11,DE,External,18898.32,EUR,SO - Standard Order,Company 1,NULL,NULL,Create Sales Order,2023-06-22 13:21:11.000,USER - 03676,Department 751,Manual,Order - 0062,Sales order,Main
Order - 0063,CUST - 011,Customer 11,DE,External,34115.14,EUR,SO - Standard Order,Company 1,NULL,NULL,Create Sales Order,2023-06-23 09:34:58.000,USER - 03676,Department 751,Manual,Order - 0063,Sales order,Main
Order - 0067,CUST - 011,Customer 11,DE,External,18010.08,EUR,SO - Standard Order,Company 1,NULL,NULL,Create Sales Order,2023-06-26 15:36:18.000,USER - 03676,Department 751,Manual,Order - 0067,Sales order,Main
Order - 0068,CUST - 011,Customer 11,DE,External,13492.62,EUR,SO - Standard Order,Company 1,NULL,X,Create Sales Order,2023-06-27 13:25:18.000,USER - 03676,Department 751,Manual,Order - 0068,Sales order,Main
Order - 0071,CUST - 011,Customer 11,DE,External,13492.62,EUR,SO - Standard Order,Company 1,NULL,NULL,Create Sales Order,2023-06-27 16:19:57.000,USER - 03676,Department 751,Manual,Order - 0071,Sales order,Main
Order - 0072,CUST - 011,Customer 11,DE,External,48960,EUR,SO - Standard Order,Company 1,NULL,NULL,Create Sales Order,2023-06-28 13:28:02.000,USER - 03676,Department 751,Manual,Order - 0072,Sales order,Main
Order - 0074,CUST - 011,Customer 11,DE,External,18680.4,EUR,SO - Standard Order,Company 1,NULL,NULL,Create Sales Order,2023-06-29 11:00:56.000,USER - 03676,Department 751,Manual,Order - 0074,Sales order,Main
Order - 0075,CUST - 011,Customer 11,DE,External,26253.48,EUR,SO - Standard Order,Company 1,NULL,NULL,Create Sales Order,2023-06-29 11:07:54.000,USER - 03676,Department 751,Manual,Order - 0075,Sales order,Main
Order - 0076,CUST - 011,Customer 11,DE,External,28757.84,EUR,SO - Standard Order,Company 1,NULL,NULL,Create Sales Order,2023-06-29 11:11:15.000,USER - 03676,Department 751,Manual,Order - 0076,Sales order,Main
Order - 0081,CUST - 011,Customer 11,DE,External,13177,EUR,SO - Standard Order,Company 1,NULL,NULL,Create Sales Order,2023-06-30 12:34:47.000,USER - 03676,Department 751,Manual,Order - 0081,Sales order,Main
Order - 0554,CUST - 011,Customer 11,DE,External,18172.08,EUR,SO - Standard Order,Company 1,NULL,NULL,Create Sales Order,2023-12-20 11:25:44.000,USER - 03676,Department 751,Manual,Order - 0554,Sales order,Main
Order - 0555,CUST - 011,Customer 11,DE,External,40562.68,EUR,SO - Standard Order,Company 1,NULL,NULL,Create Sales Order,2023-12-20 11:33:49.000,USER - 03676,Department 751,Manual,Order - 0555,Sales order,Main
Order - 1040,CUST - 011,Customer 11,DE,External,18118.08,EUR,SO - Standard Order,Company 1,NULL,NULL,Create Sales Order,2024-04-17 14:47:30.000,USER - 03676,Department 751,Manual,Order - 1040,Sales order,Main
Order - 1041,CUST - 011,Customer 11,DE,External,35489.94,EUR,SO - Standard Order,Company 1,NULL,NULL,Create Sales Order,2024-04-17 14:52:50.000,USER - 03676,Department 751,Manual,Order - 1041,Sales order,Main
Order - 1042,CUST - 011,Customer 11,DE,External,11910.12,EUR,SO - Standard Order,Company 1,NULL,NULL,Create Sales Order,2024-04-17 15:01:08.000,USER - 03676,Department 751,Manual,Order - 1042,Sales order,Main
Order - 0039,CUST - 011,Customer 11,DE,External,29383.8,EUR,SO - Standard Order,Company 1,NULL,NULL,Create Sales Order,2023-06-07 08:39:49.000,USER - 03676,Department 751,Manual,Order - 0039,Sales order,Main
Order - 0040,CUST - 011,Customer 11,DE,External,35900.72,EUR,SO - Standard Order,Company 1,NULL,NULL,Create Sales Order,2023-06-07 08:54:16.000,USER - 03676,Department 751,Manual,Order - 0040,Sales order,Main
Order - 0513,CUST - 011,Customer 11,DE,External,18366.48,EUR,SO - Standard Order,Company 1,NULL,NULL,Create Sales Order,2023-12-19 13:01:57.000,USER - 03676,Department 751,Manual,Order - 0513,Sales order,Main
Order - 0994,CUST - 011,Customer 11,DE,External,33945.02,EUR,SO - Standard Order,Company 1,NULL,NULL,Create Sales Order,2024-04-10 11:34:09.000,USER - 03676,Department 751,Manual,Order - 0994,Sales order,Main
Order - 1013,CUST - 011,Customer 11,DE,External,48960,EUR,SO - Standard Order,Company 1,NULL,NULL,Create Sales Order,2024-04-11 15:24:10.000,USER - 03676,Department 751,Manual,Order - 1013,Sales order,Main
Order - 1022,CUST - 011,Customer 11,DE,External,14296.08,EUR,SO - Standard Order,Company 1,NULL,NULL,Create Sales Order,2024-04-15 10:17:58.000,USER - 03676,Department 751,Manual,Order - 1022,Sales order,Main
Order - 1023,CUST - 011,Customer 11,DE,External,33943.61,EUR,SO - Standard Order,Company 1,NULL,NULL,Create Sales Order,2024-04-15 10:21:48.000,USER - 03676,Department 751,Manual,Order - 1023,Sales order,Main
Order - 1024,CUST - 011,Customer 11,DE,External,17410.32,EUR,SO - Standard Order,Company 1,NULL,NULL,Create Sales Order,2024-04-15 10:30:21.000,USER - 03676,Department 751,Manual,Order - 1024,Sales order,Main
Order - 1025,CUST - 011,Customer 11,DE,External,49644.19,EUR,SO - Standard Order,Company 1,NULL,NULL,Create Sales Order,2024-04-15 13:01:55.000,USER - 03676,Department 751,Manual,Order - 1025,Sales order,Main
Order - 1026,CUST - 011,Customer 11,DE,External,48960,EUR,SO - Standard Order,Company 1,NULL,NULL,Create Sales Order,2024-04-16 11:33:17.000,USER - 03676,Department 751,Manual,Order - 1026,Sales order,Main
Order - 1521,CUST - 011,Customer 11,DE,External,421.72,EUR,SO - Standard Order,Company 1,NULL,NULL,Create Sales Order,2024-08-14 15:05:39.000,USER - 03676,Department 751,Manual,Order - 1521,Sales order,Main
Order - 1522,CUST - 011,Customer 11,DE,External,14709.36,EUR,SO - Standard Order,Company 1,NULL,NULL,Create Sales Order,2024-08-14 15:46:10.000,USER - 03676,Department 751,Manual,Order - 1522,Sales order,Main
Order - 1523,CUST - 011,Customer 11,DE,External,31229.28,EUR,SO - Standard Order,Company 1,NULL,NULL,Create Sales Order,2024-08-14 15:50:46.000,USER - 03676,Department 751,Manual,Order - 1523,Sales order,Main
Order - 1524,CUST - 011,Customer 11,DE,External,17132.18,EUR,SO - Standard Order,Company 1,NULL,NULL,Create Sales Order,2024-08-14 15:56:58.000,USER - 03676,Department 751,Manual,Order - 1524,Sales order,Main
Order - 1527,CUST - 011,Customer 11,DE,External,11046.58,EUR,SO - Standard Order,Company 1,NULL,NULL,Create Sales Order,2024-08-20 12:14:46.000,USER - 03676,Department 751,Manual,Order - 1527,Sales order,Main
Order - 1530,CUST - 011,Customer 11,DE,External,20400.52,EUR,SO - Standard Order,Company 1,NULL,NULL,Create Sales Order,2024-08-21 15:15:26.000,USER - 03676,Department 751,Manual,Order - 1530,Sales order,Main
Order - 1531,CUST - 011,Customer 11,DE,External,35752.05,EUR,SO - Standard Order,Company 1,NULL,NULL,Create Sales Order,2024-08-21 15:20:25.000,USER - 03676,Department 751,Manual,Order - 1531,Sales order,Main
Order - 0378,CUST - 011,Customer 11,DE,External,42166.4,EUR,SO - Standard Order,Company 1,NULL,NULL,Create Sales Order,2023-11-23 08:27:58.000,USER - 03676,Department 751,Manual,Order - 0378,Sales order,Main
Order - 0389,CUST - 011,Customer 11,DE,External,16792.8,EUR,SO - Standard Order,Company 1,NULL,NULL,Create Sales Order,2023-11-24 08:19:21.000,USER - 03676,Department 751,Manual,Order - 0389,Sales order,Main
Order - 0390,CUST - 011,Customer 11,DE,External,16022.52,EUR,SO - Standard Order,Company 1,NULL,NULL,Create Sales Order,2023-11-27 09:26:20.000,USER - 03676,Department 751,Manual,Order - 0390,Sales order,Main
Order - 0391,CUST - 011,Customer 11,DE,External,14629.64,EUR,SO - Standard Order,Company 1,NULL,NULL,Create Sales Order,2023-11-28 08:39:59.000,USER - 03676,Department 751,Manual,Order - 0391,Sales order,Main
Order - 0395,CUST - 011,Customer 11,DE,External,48960,EUR,SO - Standard Order,Company 1,NULL,NULL,Create Sales Order,2023-11-29 11:15:02.000,USER - 03676,Department 751,Manual,Order - 0395,Sales order,Main
Order - 0396,CUST - 011,Customer 11,DE,External,22439.74,EUR,SO - Standard Order,Company 1,NULL,NULL,Create Sales Order,2023-11-29 11:34:32.000,USER - 03676,Department 751,Manual,Order - 0396,Sales order,Main
Order - 0887,CUST - 011,Customer 11,DE,External,42166.4,EUR,SO - Standard Order,Company 1,NULL,NULL,Create Sales Order,2024-03-20 10:02:34.000,USER - 03676,Department 751,Manual,Order - 0887,Sales order,Main
Order - 0970,CUST - 038,Customer 38,US,External,525.76,USD,ST - Services / Tooling,Company 2,NULL,NULL,Create Sales Order,2024-04-03 22:41:37.000,USER - 02130,Department 2222,Manual,Order - 0970,Sales order,Main
Order - 0966,CUST - 038,Customer 38,US,External,1266.61,USD,ST - Services / Tooling,Company 2,NULL,NULL,Create Sales Order,2024-04-03 20:31:28.000,USER - 02130,Department 2222,Manual,Order - 0966,Sales order,Main
Order - 0963,CUST - 038,Customer 38,US,External,525.76,USD,ST - Services / Tooling,Company 2,NULL,NULL,Create Sales Order,2024-04-03 19:48:24.000,USER - 02130,Department 2222,Manual,Order - 0963,Sales order,Main
Order - 0956,CUST - 038,Customer 38,US,External,622.89,USD,ST - Services / Tooling,Company 2,NULL,NULL,Create Sales Order,2024-04-03 17:23:32.000,USER - 02130,Department 2222,Manual,Order - 0956,Sales order,Main
Order - 0919,CUST - 038,Customer 38,US,External,581.31,USD,ST - Services / Tooling,Company 2,NULL,NULL,Create Sales Order,2024-03-26 14:04:51.000,USER - 02130,Department 2222,Manual,Order - 0919,Sales order,Main
Order - 0996,CUST - 038,Customer 38,US,External,2500.45,USD,ST - Services / Tooling,Company 2,NULL,NULL,Create Sales Order,2024-04-10 17:38:23.000,USER - 02130,Department 2222,Manual,Order - 0996,Sales order,Main
Order - 0998,CUST - 038,Customer 38,US,External,369.75,USD,ST - Services / Tooling,Company 2,NULL,NULL,Create Sales Order,2024-04-10 17:52:59.000,USER - 02130,Department 2222,Manual,Order - 0998,Sales order,Main
Order - 1002,CUST - 038,Customer 38,US,External,343.82,USD,ST - Services / Tooling,Company 2,NULL,NULL,Create Sales Order,2024-04-10 20:15:22.000,USER - 02130,Department 2222,Manual,Order - 1002,Sales order,Main
Order - 1006,CUST - 038,Customer 38,US,External,1826.46,USD,ST - Services / Tooling,Company 2,NULL,NULL,Create Sales Order,2024-04-10 22:15:18.000,USER - 02130,Department 2222,Manual,Order - 1006,Sales order,Main
Order - 0532,CUST - 038,Customer 38,US,External,841.19,USD,ST - Services / Tooling,Company 2,NULL,NULL,Create Sales Order,2023-12-19 18:32:50.000,USER - 02130,Department 2222,Manual,Order - 0532,Sales order,Main
Order - 0438,CUST - 038,Customer 38,US,External,510.21,USD,ST - Services / Tooling,Company 2,NULL,NULL,Create Sales Order,2023-12-14 17:18:14.000,USER - 02130,Department 2222,Manual,Order - 0438,Sales order,Main
Order - 0440,CUST - 038,Customer 38,US,External,100.31,USD,ST - Services / Tooling,Company 2,NULL,NULL,Create Sales Order,2023-12-14 19:44:37.000,USER - 02130,Department 2222,Manual,Order - 0440,Sales order,Main
Order - 0664,CUST - 036,Customer 36,US,External,284.03,USD,ST - Services / Tooling,Company 2,NULL,NULL,Create Sales Order,2024-01-31 18:52:22.000,USER - 02130,Department 2222,Manual,Order - 0664,Sales order,Main
Order - 0665,CUST - 036,Customer 36,US,External,3519.83,USD,ST - Services / Tooling,Company 2,NULL,NULL,Create Sales Order,2024-01-31 19:00:19.000,USER - 02130,Department 2222,Manual,Order - 0665,Sales order,Main
Order - 0666,CUST - 036,Customer 36,US,External,424.58,USD,ST - Services / Tooling,Company 2,NULL,NULL,Create Sales Order,2024-01-31 19:09:54.000,USER - 02130,Department 2222,Manual,Order - 0666,Sales order,Main
Order - 0668,CUST - 036,Customer 36,US,External,10269.84,USD,ST - Services / Tooling,Company 2,NULL,NULL,Create Sales Order,2024-01-31 19:26:13.000,USER - 02130,Department 2222,Manual,Order - 0668,Sales order,Main
Order - 0669,CUST - 036,Customer 36,US,External,754.96,USD,ST - Services / Tooling,Company 2,NULL,NULL,Create Sales Order,2024-01-31 19:33:15.000,USER - 02130,Department 2222,Manual,Order - 0669,Sales order,Main
Order - 0670,CUST - 036,Customer 36,US,External,956.05,USD,ST - Services / Tooling,Company 2,NULL,NULL,Create Sales Order,2024-01-31 19:39:49.000,USER - 02130,Department 2222,Manual,Order - 0670,Sales order,Main
Order - 0631,CUST - 036,Customer 36,US,External,373.06,USD,ST - Services / Tooling,Company 2,NULL,NULL,Create Sales Order,2024-01-30 17:06:51.000,USER - 02130,Department 2222,Manual,Order - 0631,Sales order,Main
Order - 0751,CUST - 036,Customer 36,US,External,7988.89,USD,ST - Services / Tooling,Company 2,NULL,NULL,Create Sales Order,2024-02-20 18:24:52.000,USER - 02130,Department 2222,Manual,Order - 0751,Sales order,Main
Order - 0756,CUST - 036,Customer 36,US,External,1558.91,USD,ST - Services / Tooling,Company 2,NULL,NULL,Create Sales Order,2024-02-20 21:03:38.000,USER - 02130,Department 2222,Manual,Order - 0756,Sales order,Main
Order - 0757,CUST - 036,Customer 36,US,External,1995.49,USD,ST - Services / Tooling,Company 2,NULL,NULL,Create Sales Order,2024-02-20 21:13:38.000,USER - 02130,Department 2222,Manual,Order - 0757,Sales order,Main
Order - 0759,CUST - 036,Customer 36,US,External,1696.11,USD,ST - Services / Tooling,Company 2,NULL,NULL,Create Sales Order,2024-02-20 21:29:23.000,USER - 02130,Department 2222,Manual,Order - 0759,Sales order,Main
Order - 0129,,,,,0,,ST - Services / Tooling,,,,Requested Delivery Date,2023-07-28 23:59:59.000,USER - 04201,Department 1601,Manual,Order - 0129,Sales order,Main
Order - 0015,,,,,0,,SO - Standard Order,,,,Requested Delivery Date,2023-05-25 23:59:59.000,USER - 04201,Department 1601,Manual,Order - 0015,Sales order,Main
Order - 0027,,,,,0,,ST - Services / Tooling,,,,Requested Delivery Date,2023-05-31 23:59:59.000,USER - 04201,Department 1601,Manual,Order - 0027,Sales order,Main
Order - 0028,,,,,0,,ST - Services / Tooling,,,,Requested Delivery Date,2023-05-31 23:59:59.000,USER - 04201,Department 1601,Manual,Order - 0028,Sales order,Main
Order - 0167,,,,,0,,ST - Services / Tooling,,,,Requested Delivery Date,2023-08-21 23:59:59.000,USER - 04201,Department 1601,Manual,Order - 0167,Sales order,Main
Order - 0168,,,,,0,,ST - Services / Tooling,,,,Requested Delivery Date,2023-08-21 23:59:59.000,USER - 04201,Department 1601,Manual,Order - 0168,Sales order,Main
Order - 0172,,,,,0,,ST - Services / Tooling,,,,Requested Delivery Date,2023-08-22 23:59:59.000,USER - 04201,Department 1601,Manual,Order - 0172,Sales order,Main
Order - 0254,,,,,0,,ST - Services / Tooling,,,,Requested Delivery Date,2023-09-29 23:59:59.000,USER - 04201,Department 1601,Manual,Order - 0254,Sales order,Main
Order - 0246,,,,,0,,ST - Services / Tooling,,,,Requested Delivery Date,2023-09-28 23:59:59.000,USER - 04201,Department 1601,Manual,Order - 0246,Sales order,Main
Order - 0249,,,,,0,,ST - Services / Tooling,,,,Requested Delivery Date,2023-09-28 23:59:59.000,USER - 04201,Department 1601,Manual,Order - 0249,Sales order,Main
Order - 0434,,,,,0,,ST - Services / Tooling,,,,Requested Delivery Date,2023-12-14 23:59:59.000,USER - 04201,Department 1601,Manual,Order - 0434,Sales order,Main
Order - 0423,,,,,0,,ST - Services / Tooling,,,,Requested Delivery Date,2023-12-06 23:59:59.000,USER - 04201,Department 1601,Manual,Order - 0423,Sales order,Main
Order - 0570,,,,,0,,ST - Services / Tooling,,,,Requested Delivery Date,2023-12-20 23:59:59.000,USER - 04201,Department 1601,Manual,Order - 0570,Sales order,Main
Order - 0571,,,,,0,,ST - Services / Tooling,,,,Requested Delivery Date,2023-12-20 23:59:59.000,USER - 04201,Department 1601,Manual,Order - 0571,Sales order,Main
Order - 0572,,,,,0,,ST - Services / Tooling,,,,Requested Delivery Date,2023-12-20 23:59:59.000,USER - 04201,Department 1601,Manual,Order - 0572,Sales order,Main
Order - 0573,,,,,0,,ST - Services / Tooling,,,,Requested Delivery Date,2023-12-21 23:59:59.000,USER - 04201,Department 1601,Manual,Order - 0573,Sales order,Main
Order - 0770,,,,,0,,FA - Fixed Asset Sale,,,,Requested Delivery Date,2024-02-21 23:59:59.000,USER - 04201,Department 1601,Manual,Order - 0770,Sales order,Main
Order - 0404,,,,,0,,ST - Services / Tooling,,,,Requested Delivery Date,2023-11-29 23:59:59.000,USER - 04201,Department 1601,Manual,Order - 0404,Sales order,Main
Order - 0286,,,,,0,,ST - Services / Tooling,,,,Requested Delivery Date,2023-10-19 23:59:59.000,USER - 04201,Department 1601,Manual,Order - 0286,Sales order,Main
Order - 0253,,,,,0,,ST - Services / Tooling,,,,Requested Delivery Date,2023-09-29 23:59:59.000,USER - 04201,Department 1601,Manual,Order - 0253,Sales order,Main
Order - 0019,,,,,0,,ST - Services / Tooling,,,,Requested Delivery Date,2023-05-30 23:59:59.000,USER - 04201,Department 1601,Manual,Order - 0019,Sales order,Main
Order - 0245,,,,,0,,ST - Services / Tooling,,,,Requested Delivery Date,2023-09-28 23:59:59.000,USER - 04201,Department 1601,Manual,Order - 0245,Sales order,Main
Order - 0255,,,,,0,,ST - Services / Tooling,,,,Requested Delivery Date,2023-09-29 23:59:59.000,USER - 04201,Department 1601,Manual,Order - 0255,Sales order,Main
Order - 0016,,,,,0,,SO - Standard Order,,,,Requested Delivery Date,2023-05-25 23:59:59.000,USER - 04201,Department 1601,Manual,Order - 0016,Sales order,Main
Order - 0192,,,,,0,,ST - Services / Tooling,,,,Requested Delivery Date,2023-08-30 23:59:59.000,USER - 04201,Department 1601,Manual,Order - 0192,Sales order,Main
Order - 1242,,,,,0,,ST - Services / Tooling,,,,Requested Delivery Date,2024-06-07 23:59:59.000,USER - 10897,Department 2178,Manual,Order - 1242,Sales order,Main
Order - 0734,,,,,0,,ST - Services / Tooling,,,,Requested Delivery Date,2024-02-15 23:59:59.000,USER - 10897,Department 2178,Manual,Order - 0734,Sales order,Main
Order - 0738,,,,,0,,ST - Services / Tooling,,,,Requested Delivery Date,2024-02-15 23:59:59.000,USER - 10897,Department 2178,Manual,Order - 0738,Sales order,Main
Order - 0393,,,,,0,,ST - Services / Tooling,,,,Requested Delivery Date,2023-11-29 23:59:59.000,USER - 10897,Department 2178,Manual,Order - 0393,Sales order,Main
Order - 0814,,,,,0,,ST - Services / Tooling,,,,Requested Delivery Date,2024-03-01 23:59:59.000,USER - 10897,Department 2178,Manual,Order - 0814,Sales order,Main
Order - 0815,,,,,0,,ST - Services / Tooling,,,,Requested Delivery Date,2024-03-01 23:59:59.000,USER - 10897,Department 2178,Manual,Order - 0815,Sales order,Main
Order - 0816,,,,,0,,ST - Services / Tooling,,,,Requested Delivery Date,2024-03-01 23:59:59.000,USER - 10897,Department 2178,Manual,Order - 0816,Sales order,Main
Order - 0825,,,,,0,,ST - Services / Tooling,,,,Requested Delivery Date,2024-03-05 23:59:59.000,USER - 10897,Department 2178,Manual,Order - 0825,Sales order,Main
Order - 0295,,,,,0,,ST - Services / Tooling,,,,Requested Delivery Date,2023-10-24 23:59:59.000,USER - 10897,Department 2178,Manual,Order - 0295,Sales order,Main
Order - 1518,CUST - 057,Customer 57,PL,External,2098.9,EUR,ST - Services / Tooling,Company 1,NULL,NULL,Create Sales Order,2024-08-13 09:38:31.000,USER - 08479,NULL,NULL,Order - 1518,Sales order,Main
Order - 1519,CUST - 057,Customer 57,PL,External,1277.29,EUR,ST - Services / Tooling,Company 1,NULL,NULL,Create Sales Order,2024-08-13 10:17:57.000,USER - 08479,NULL,NULL,Order - 1519,Sales order,Main
Order - 0629,CUST - 038,Customer 38,US,External,1218.18,USD,ST - Services / Tooling,Company 2,NULL,NULL,Create Sales Order,2024-01-30 16:19:44.000,USER - 08479,NULL,NULL,Order - 0629,Sales order,Main
Order - 1507,CUST - 010,Customer 10,DE,External,97179.71,EUR,ST - Services / Tooling,Company 1,NULL,NULL,Create Sales Order,2024-08-09 21:33:48.000,USER - 08479,NULL,NULL,Order - 1507,Sales order,Main
Order - 0553,CUST - 029,Customer 29,PL,External,6989,EUR,ST - Services / Tooling,Company 1,NULL,NULL,Create Sales Order,2023-12-20 08:48:56.000,USER - 08479,NULL,NULL,Order - 0553,Sales order,Main
Order - 1930,CUST - 037,Customer 37,US,External,1398.96,USD,ST - Services / Tooling,Company 2,NULL,NULL,Create Sales Order,2024-11-20 18:09:01.000,USER - 08479,NULL,NULL,Order - 1930,Sales order,Main
Order - 1124,CUST - 029,Customer 29,PL,External,5892.13,EUR,ST - Services / Tooling,Company 1,NULL,NULL,Create Sales Order,2024-05-10 12:27:55.000,USER - 08479,NULL,NULL,Order - 1124,Sales order,Main
Order - 1870,CUST - 034,Customer 34,US,External,909.4,USD,ST - Services / Tooling,Company 2,NULL,NULL,Create Sales Order,2024-11-05 17:44:57.000,USER - 08479,NULL,NULL,Order - 1870,Sales order,Main
Order - 1925,CUST - 034,Customer 34,US,External,319.8,USD,ST - Services / Tooling,Company 2,NULL,NULL,Create Sales Order,2024-11-20 17:16:53.000,USER - 08479,NULL,NULL,Order - 1925,Sales order,Main
Order - 1872,CUST - 036,Customer 36,US,External,1777.31,USD,ST - Services / Tooling,Company 2,NULL,NULL,Create Sales Order,2024-11-05 18:06:37.000,USER - 08479,NULL,NULL,Order - 1872,Sales order,Main
Order - 1924,CUST - 036,Customer 36,US,External,1171.25,USD,ST - Services / Tooling,Company 2,NULL,NULL,Create Sales Order,2024-11-20 16:58:21.000,USER - 08479,NULL,NULL,Order - 1924,Sales order,Main
Order - 0549,CUST - 040,Customer 40,SK,External,117315.4,EUR,ST - Services / Tooling,Company 1,NULL,NULL,Create Sales Order,2023-12-20 08:26:49.000,USER - 08479,NULL,NULL,Order - 0549,Sales order,Main
Order - 0889,CUST - 055,Customer 55,DE,Internal,500,EUR,ST - Services / Tooling,Company 1,NULL,NULL,Create Sales Order,2024-03-20 13:18:34.000,USER - 08479,NULL,NULL,Order - 0889,Sales order,Main
Order - 1170,CUST - 011,Customer 11,DE,External,48960,EUR,SO - Standard Order,Company 1,NULL,NULL,Create Sales Order,2024-05-21 15:42:32.000,USER - 08479,NULL,NULL,Order - 1170,Sales order,Main
Order - 1197,CUST - 011,Customer 11,DE,External,48960,EUR,SO - Standard Order,Company 1,NULL,NULL,Create Sales Order,2024-05-27 11:43:58.000,USER - 08479,NULL,NULL,Order - 1197,Sales order,Main
Order - 1501,CUST - 039,Customer 39,CZ,External,1412.16,EUR,ST - Services / Tooling,Company 1,NULL,NULL,Create Sales Order,2024-08-09 19:49:19.000,USER - 08479,NULL,NULL,Order - 1501,Sales order,Main
Order - 1505,CUST - 039,Customer 39,CZ,External,802.83,EUR,ST - Services / Tooling,Company 1,NULL,NULL,Create Sales Order,2024-08-09 21:19:56.000,USER - 08479,NULL,NULL,Order - 1505,Sales order,Main
Order - 1046,CUST - 055,Customer 55,DE,Internal,500,EUR,ST - Services / Tooling,Company 1,NULL,NULL,Create Sales Order,2024-04-19 13:38:29.000,USER - 08479,NULL,NULL,Order - 1046,Sales order,Main
Order - 1047,CUST - 055,Customer 55,DE,Internal,500,EUR,ST - Services / Tooling,Company 1,NULL,NULL,Create Sales Order,2024-04-19 14:26:30.000,USER - 08479,NULL,NULL,Order - 1047,Sales order,Main
Order - 0550,CUST - 012,Customer 12,IT,External,6919.46,EUR,ST - Services / Tooling,Company 1,NULL,NULL,Create Sales Order,2023-12-20 08:35:24.000,USER - 08479,NULL,NULL,Order - 0550,Sales order,Main
Order - 1516,CUST - 055,Customer 55,DE,Internal,500,EUR,ST - Services / Tooling,Company 1,NULL,NULL,Create Sales Order,2024-08-13 08:16:26.000,USER - 08479,NULL,NULL,Order - 1516,Sales order,Main
Order - 1173,CUST - 055,Customer 55,DE,Internal,500,EUR,ST - Services / Tooling,Company 1,NULL,NULL,Create Sales Order,2024-05-21 16:04:20.000,USER - 08479,NULL,NULL,Order - 1173,Sales order,Main
Order - 1300,CUST - 055,Customer 55,DE,Internal,500,EUR,ST - Services / Tooling,Company 1,NULL,NULL,Create Sales Order,2024-06-20 12:41:59.000,USER - 08479,NULL,NULL,Order - 1300,Sales order,Main
Order - 0394,CUST - 039,Customer 39,CZ,External,157013.85,EUR,ST - Services / Tooling,Company 1,NULL,NULL,Create Sales Order,2023-11-29 09:27:22.000,USER - 10897,Department 2178,Manual,Order - 0394,Sales order,Main
Order - 0576,CUST - 039,Customer 39,CZ,External,-1412.16,EUR,ST - Services / Tooling,Company 1,NULL,NULL,Create Sales Order,2023-12-22 15:11:55.000,USER - 10897,Department 2178,Manual,Order - 0576,Sales order,Main
Order - 1937,CUST - 055,Customer 55,DE,Internal,56736.36,EUR,ST - Services / Tooling,Company 1,NULL,NULL,Create Sales Order,2024-11-21 14:59:59.000,USER - 10897,Department 2178,Manual,Order - 1937,Sales order,Main
Order - 0529,CUST - 034,Customer 34,US,External,283.25,USD,ST - Services / Tooling,Company 2,NULL,NULL,Create Sales Order,2023-12-19 17:05:57.000,USER - 02130,Department 2222,Manual,Order - 0529,Sales order,Main
Order - 0530,CUST - 034,Customer 34,US,External,1133.55,USD,ST - Services / Tooling,Company 2,NULL,NULL,Create Sales Order,2023-12-19 17:12:11.000,USER - 02130,Department 2222,Manual,Order - 0530,Sales order,Main
Order - 0531,CUST - 034,Customer 34,US,External,294.8,USD,ST - Services / Tooling,Company 2,NULL,NULL,Create Sales Order,2023-12-19 17:22:52.000,USER - 02130,Department 2222,Manual,Order - 0531,Sales order,Main
Order - 0534,CUST - 034,Customer 34,US,External,987.8,USD,ST - Services / Tooling,Company 2,NULL,NULL,Create Sales Order,2023-12-19 18:59:13.000,USER - 02130,Department 2222,Manual,Order - 0534,Sales order,Main
Order - 0539,CUST - 034,Customer 34,US,External,283.25,USD,ST - Services / Tooling,Company 2,NULL,NULL,Create Sales Order,2023-12-19 20:29:51.000,USER - 02130,Department 2222,Manual,Order - 0539,Sales order,Main
Order - 0443,CUST - 034,Customer 34,US,External,987.8,USD,ST - Services / Tooling,Company 2,NULL,NULL,Create Sales Order,2023-12-14 21:47:23.000,USER - 02130,Department 2222,Manual,Order - 0443,Sales order,Main
Order - 0954,CUST - 034,Customer 34,US,External,319.8,USD,ST - Services / Tooling,Company 2,NULL,NULL,Create Sales Order,2024-04-03 17:05:21.000,USER - 02130,Department 2222,Manual,Order - 0954,Sales order,Main
Order - 0959,CUST - 034,Customer 34,US,External,95.4,USD,ST - Services / Tooling,Company 2,NULL,NULL,Create Sales Order,2024-04-03 18:21:33.000,USER - 02130,Department 2222,Manual,Order - 0959,Sales order,Main
Order - 0964,CUST - 034,Customer 34,US,External,765.85,USD,ST - Services / Tooling,Company 2,NULL,NULL,Create Sales Order,2024-04-03 19:57:23.000,USER - 02130,Department 2222,Manual,Order - 0964,Sales order,Main
Order - 0967,CUST - 034,Customer 34,US,External,1221.8,USD,ST - Services / Tooling,Company 2,NULL,NULL,Create Sales Order,2024-04-03 22:21:45.000,USER - 02130,Department 2222,Manual,Order - 0967,Sales order,Main
Order - 0971,CUST - 034,Customer 34,US,External,765.85,USD,ST - Services / Tooling,Company 2,NULL,NULL,Create Sales Order,2024-04-03 22:46:46.000,USER - 02130,Department 2222,Manual,Order - 0971,Sales order,Main
Order - 0974,CUST - 034,Customer 34,US,External,3729.25,USD,ST - Services / Tooling,Company 2,NULL,NULL,Create Sales Order,2024-04-03 23:03:14.000,USER - 02130,Department 2222,Manual,Order - 0974,Sales order,Main
Order - 0977,CUST - 034,Customer 34,US,External,1206.4,USD,ST - Services / Tooling,Company 2,NULL,NULL,Create Sales Order,2024-04-03 23:22:13.000,USER - 02130,Department 2222,Manual,Order - 0977,Sales order,Main
Order - 0978,CUST - 034,Customer 34,US,External,799.4,USD,ST - Services / Tooling,Company 2,NULL,NULL,Create Sales Order,2024-04-03 23:28:13.000,USER - 02130,Department 2222,Manual,Order - 0978,Sales order,Main
Order - 1458,CUST - 037,Customer 37,US,External,285.82,USD,ST - Services / Tooling,Company 2,NULL,NULL,Create Sales Order,2024-07-30 19:21:34.000,USER - 02130,Department 2222,Manual,Order - 1458,Sales order,Main
Order - 1460,CUST - 037,Customer 37,US,External,2337.13,USD,ST - Services / Tooling,Company 2,NULL,NULL,Create Sales Order,2024-07-30 19:37:43.000,USER - 02130,Department 2222,Manual,Order - 1460,Sales order,Main
Order - 1476,CUST - 037,Customer 37,US,External,884.18,USD,ST - Services / Tooling,Company 2,NULL,NULL,Create Sales Order,2024-07-31 17:15:41.000,USER - 02130,Department 2222,Manual,Order - 1476,Sales order,Main
Order - 1477,CUST - 037,Customer 37,US,External,8849.75,USD,ST - Services / Tooling,Company 2,NULL,NULL,Create Sales Order,2024-07-31 17:22:01.000,USER - 02130,Department 2222,Manual,Order - 1477,Sales order,Main
Order - 1103,CUST - 037,Customer 37,US,External,1673.92,USD,ST - Services / Tooling,Company 2,NULL,NULL,Create Sales Order,2024-05-08 21:42:00.000,USER - 02130,Department 2222,Manual,Order - 1103,Sales order,Main
Order - 1726,CUST - 037,Customer 37,US,External,1125.16,USD,ST - Services / Tooling,Company 2,NULL,NULL,Create Sales Order,2024-10-09 19:04:23.000,USER - 02130,Department 2222,Manual,Order - 1726,Sales order,Main
Order - 1727,CUST - 037,Customer 37,US,External,7378.53,USD,ST - Services / Tooling,Company 2,NULL,NULL,Create Sales Order,2024-10-09 19:18:03.000,USER - 02130,Department 2222,Manual,Order - 1727,Sales order,Main
Order - 1728,CUST - 037,Customer 37,US,External,1014.69,USD,ST - Services / Tooling,Company 2,NULL,NULL,Create Sales Order,2024-10-09 19:24:43.000,USER - 02130,Department 2222,Manual,Order - 1728,Sales order,Main
Order - 1729,CUST - 037,Customer 37,US,External,803.87,USD,ST - Services / Tooling,Company 2,NULL,NULL,Create Sales Order,2024-10-09 19:30:44.000,USER - 02130,Department 2222,Manual,Order - 1729,Sales order,Main
Order - 0129,CUST - 015,Customer 15,DE,External,95,EUR,ST - Services / Tooling,Company 1,NULL,NULL,Create Sales Order,2023-07-28 08:32:51.000,USER - 04201,Department 1601,Manual,Order - 0129,Sales order,Main
Order - 0015,CUST - 001,Customer 1,FR,External,23940,EUR,SO - Standard Order,Company 1,NULL,NULL,Create Sales Order,2023-05-25 12:05:06.000,USER - 04201,Department 1601,Manual,Order - 0015,Sales order,Main
Order - 0027,CUST - 001,Customer 1,FR,External,55000,EUR,ST - Services / Tooling,Company 1,NULL,NULL,Create Sales Order,2023-05-31 13:49:51.000,USER - 04201,Department 1601,Manual,Order - 0027,Sales order,Main
Order - 0028,CUST - 001,Customer 1,FR,External,11000,EUR,ST - Services / Tooling,Company 1,NULL,NULL,Create Sales Order,2023-05-31 14:14:05.000,USER - 04201,Department 1601,Manual,Order - 0028,Sales order,Main
Order - 0167,CUST - 001,Customer 1,FR,External,340000,EUR,ST - Services / Tooling,Company 1,NULL,NULL,Create Sales Order,2023-08-21 08:07:23.000,USER - 04201,Department 1601,Manual,Order - 0167,Sales order,Main
Order - 0168,CUST - 001,Customer 1,FR,External,140000,EUR,ST - Services / Tooling,Company 1,NULL,X,Create Sales Order,2023-08-21 11:21:43.000,USER - 04201,Department 1601,Manual,Order - 0168,Sales order,Main
Order - 0172,CUST - 001,Customer 1,FR,External,140000,EUR,ST - Services / Tooling,Company 1,NULL,NULL,Create Sales Order,2023-08-22 13:55:27.000,USER - 04201,Department 1601,Manual,Order - 0172,Sales order,Main
Order - 0254,CUST - 001,Customer 1,FR,External,189958,EUR,ST - Services / Tooling,Company 1,NULL,NULL,Create Sales Order,2023-09-29 14:39:17.000,USER - 04201,Department 1601,Manual,Order - 0254,Sales order,Main
Order - 0246,CUST - 030,Customer 30,IT,External,119274,EUR,ST - Services / Tooling,Company 1,NULL,NULL,Create Sales Order,2023-09-28 08:18:46.000,USER - 04201,Department 1601,Manual,Order - 0246,Sales order,Main
Order - 0249,CUST - 031,Customer 31,PL,Internal,146000,EUR,ST - Services / Tooling,Company 1,NULL,X,Create Sales Order,2023-09-28 10:42:49.000,USER - 04201,Department 1601,Manual,Order - 0249,Sales order,Main
Order - 0434,CUST - 020,Customer 20,ES,External,132000,EUR,ST - Services / Tooling,Company 1,NULL,NULL,Create Sales Order,2023-12-14 12:02:34.000,USER - 04201,Department 1601,Manual,Order - 0434,Sales order,Main
Order - 0770,CUST - 010,Customer 10,DE,External,98000,EUR,FA - Fixed Asset Sale,Company 1,NULL,NULL,Create Sales Order,2024-02-21 13:31:31.000,USER - 04201,Department 1601,Manual,Order - 0770,Sales order,Main
Order - 0404,CUST - 010,Customer 10,DE,External,13100,EUR,ST - Services / Tooling,Company 1,NULL,NULL,Create Sales Order,2023-11-29 15:34:20.000,USER - 04201,Department 1601,Manual,Order - 0404,Sales order,Main
Order - 0286,CUST - 010,Customer 10,DE,External,394000,EUR,ST - Services / Tooling,Company 1,NULL,NULL,Create Sales Order,2023-10-19 14:36:03.000,USER - 04201,Department 1601,Manual,Order - 0286,Sales order,Main
Order - 0423,CUST - 010,Customer 10,DE,External,110000,EUR,ST - Services / Tooling,Company 1,NULL,X,Create Sales Order,2023-12-06 19:25:45.000,USER - 04201,Department 1601,Manual,Order - 0423,Sales order,Main
Order - 0570,CUST - 010,Customer 10,DE,External,282850,EUR,ST - Services / Tooling,Company 1,NULL,NULL,Create Sales Order,2023-12-20 19:04:13.000,USER - 04201,Department 1601,Manual,Order - 0570,Sales order,Main
Order - 0571,CUST - 010,Customer 10,DE,External,89750,EUR,ST - Services / Tooling,Company 1,NULL,NULL,Create Sales Order,2023-12-20 19:11:24.000,USER - 04201,Department 1601,Manual,Order - 0571,Sales order,Main
Order - 0572,CUST - 010,Customer 10,DE,External,16400,EUR,ST - Services / Tooling,Company 1,NULL,X,Create Sales Order,2023-12-20 19:13:45.000,USER - 04201,Department 1601,Manual,Order - 0572,Sales order,Main
Order - 0573,CUST - 010,Customer 10,DE,External,2405.76,EUR,ST - Services / Tooling,Company 1,NULL,NULL,Create Sales Order,2023-12-21 15:07:11.000,USER - 04201,Department 1601,Manual,Order - 0573,Sales order,Main
Order - 0253,CUST - 003,Customer 3,ES,External,840515,EUR,ST - Services / Tooling,Company 1,NULL,NULL,Create Sales Order,2023-09-29 14:32:11.000,USER - 04201,Department 1601,Manual,Order - 0253,Sales order,Main
Order - 0019,CUST - 008,Customer 8,PL,External,6,PLN,ST - Services / Tooling,Company 1,NULL,NULL,Create Sales Order,2023-05-30 14:33:10.000,USER - 04201,Department 1601,Manual,Order - 0019,Sales order,Main
Order - 0245,CUST - 029,Customer 29,PL,External,166811,EUR,ST - Services / Tooling,Company 1,NULL,NULL,Create Sales Order,2023-09-28 08:11:53.000,USER - 04201,Department 1601,Manual,Order - 0245,Sales order,Main
Order - 0192,CUST - 025,Customer 25,SK,Internal,341000,EUR,ST - Services / Tooling,Company 1,NULL,NULL,Create Sales Order,2023-08-30 07:24:35.000,USER - 04201,Department 1601,Manual,Order - 0192,Sales order,Main
Order - 0898,CUST - 034,Customer 34,US,External,337.4,USD,ST - Services / Tooling,Company 2,NULL,NULL,Create Sales Order,2024-03-20 18:29:12.000,USER - 02130,Department 2222,Manual,Order - 0898,Sales order,Main
Order - 0899,CUST - 034,Customer 34,US,External,337.4,USD,ST - Services / Tooling,Company 2,NULL,NULL,Create Sales Order,2024-03-20 18:49:52.000,USER - 02130,Department 2222,Manual,Order - 0899,Sales order,Main
Order - 0900,CUST - 034,Customer 34,US,External,319.8,USD,ST - Services / Tooling,Company 2,NULL,NULL,Create Sales Order,2024-03-20 19:05:18.000,USER - 02130,Department 2222,Manual,Order - 0900,Sales order,Main
Order - 0901,CUST - 034,Customer 34,US,External,271.95,USD,ST - Services / Tooling,Company 2,NULL,NULL,Create Sales Order,2024-03-20 19:11:19.000,USER - 02130,Department 2222,Manual,Order - 0901,Sales order,Main
Order - 0904,CUST - 034,Customer 34,US,External,319.8,USD,ST - Services / Tooling,Company 2,NULL,NULL,Create Sales Order,2024-03-20 19:35:18.000,USER - 02130,Department 2222,Manual,Order - 0904,Sales order,Main
Order - 1337,CUST - 034,Customer 34,US,External,591.5,USD,ST - Services / Tooling,Company 2,NULL,NULL,Create Sales Order,2024-07-02 19:59:30.000,USER - 02130,Department 2222,Manual,Order - 1337,Sales order,Main
Order - 0923,CUST - 034,Customer 34,US,External,92.65,USD,ST - Services / Tooling,Company 2,NULL,NULL,Create Sales Order,2024-03-26 16:43:10.000,USER - 02130,Department 2222,Manual,Order - 0923,Sales order,Main
Order - 0924,CUST - 034,Customer 34,US,External,319.8,USD,ST - Services / Tooling,Company 2,NULL,NULL,Create Sales Order,2024-03-26 16:47:49.000,USER - 02130,Department 2222,Manual,Order - 0924,Sales order,Main
Order - 0926,CUST - 034,Customer 34,US,External,869.8,USD,ST - Services / Tooling,Company 2,NULL,NULL,Create Sales Order,2024-03-26 17:12:14.000,USER - 02130,Department 2222,Manual,Order - 0926,Sales order,Main
Order - 0928,CUST - 034,Customer 34,US,External,92.65,USD,ST - Services / Tooling,Company 2,NULL,NULL,Create Sales Order,2024-03-26 17:42:08.000,USER - 02130,Department 2222,Manual,Order - 0928,Sales order,Main
Order - 0932,CUST - 034,Customer 34,US,External,319.8,USD,ST - Services / Tooling,Company 2,NULL,NULL,Create Sales Order,2024-03-26 18:10:12.000,USER - 02130,Department 2222,Manual,Order - 0932,Sales order,Main
Order - 1408,CUST - 034,Customer 34,US,External,1158.55,USD,ST - Services / Tooling,Company 2,NULL,NULL,Create Sales Order,2024-07-17 19:32:02.000,USER - 02130,Department 2222,Manual,Order - 1408,Sales order,Main
Order - 1409,CUST - 034,Customer 34,US,External,1158.55,USD,ST - Services / Tooling,Company 2,NULL,NULL,Create Sales Order,2024-07-17 19:43:11.000,USER - 02130,Department 2222,Manual,Order - 1409,Sales order,Main
Order - 1251,CUST - 034,Customer 34,US,External,1158.55,USD,ST - Services / Tooling,Company 2,NULL,NULL,Create Sales Order,2024-06-11 18:48:21.000,USER - 02130,Department 2222,Manual,Order - 1251,Sales order,Main
Order - 1254,CUST - 034,Customer 34,US,External,337.4,USD,ST - Services / Tooling,Company 2,NULL,NULL,Create Sales Order,2024-06-11 19:18:36.000,USER - 02130,Department 2222,Manual,Order - 1254,Sales order,Main
Order - 1414,CUST - 034,Customer 34,US,External,909.4,USD,ST - Services / Tooling,Company 2,NULL,NULL,Create Sales Order,2024-07-17 21:26:40.000,USER - 02130,Department 2222,Manual,Order - 1414,Sales order,Main
Order - 1007,CUST - 034,Customer 34,US,External,909.4,USD,ST - Services / Tooling,Company 2,NULL,NULL,Create Sales Order,2024-04-10 22:22:44.000,USER - 02130,Department 2222,Manual,Order - 1007,Sales order,Main
Order - 1027,CUST - 034,Customer 34,US,External,591.5,USD,ST - Services / Tooling,Company 2,NULL,NULL,Create Sales Order,2024-04-16 18:06:44.000,USER - 02130,Department 2222,Manual,Order - 1027,Sales order,Main
Order - 1031,CUST - 034,Customer 34,US,External,620.65,USD,ST - Services / Tooling,Company 2,NULL,NULL,Create Sales Order,2024-04-16 18:59:09.000,USER - 02130,Department 2222,Manual,Order - 1031,Sales order,Main
Order - 1495,CUST - 034,Customer 34,US,External,1259.75,USD,ST - Services / Tooling,Company 2,NULL,NULL,Create Sales Order,2024-08-07 22:18:38.000,USER - 02130,Department 2222,Manual,Order - 1495,Sales order,Main
Order - 1468,CUST - 034,Customer 34,US,External,1259.75,USD,ST - Services / Tooling,Company 2,NULL,NULL,Create Sales Order,2024-07-30 21:12:13.000,USER - 02130,Department 2222,Manual,Order - 1468,Sales order,Main
Order - 1470,CUST - 034,Customer 34,US,External,909.4,USD,ST - Services / Tooling,Company 2,NULL,NULL,Create Sales Order,2024-07-30 21:24:18.000,USER - 02130,Department 2222,Manual,Order - 1470,Sales order,Main
Order - 1472,CUST - 034,Customer 34,US,External,1307.6,USD,ST - Services / Tooling,Company 2,NULL,NULL,Create Sales Order,2024-07-31 16:42:07.000,USER - 02130,Department 2222,Manual,Order - 1472,Sales order,Main
Order - 1043,CUST - 011,Customer 11,DE,External,17985.38,EUR,SO - Standard Order,Company 1,NULL,NULL,Create Sales Order,2024-04-17 15:04:27.000,USER - 03676,Department 751,Manual,Order - 1043,Sales order,Main
Order - 1044,CUST - 011,Customer 11,DE,External,5802.56,EUR,SO - Standard Order,Company 1,NULL,NULL,Create Sales Order,2024-04-18 13:26:12.000,USER - 03676,Department 751,Manual,Order - 1044,Sales order,Main
Order - 1048,CUST - 011,Customer 11,DE,External,9771.96,EUR,SO - Standard Order,Company 1,NULL,NULL,Create Sales Order,2024-04-22 13:35:20.000,USER - 03676,Department 751,Manual,Order - 1048,Sales order,Main
Order - 1049,CUST - 011,Customer 11,DE,External,19390.34,EUR,SO - Standard Order,Company 1,NULL,NULL,Create Sales Order,2024-04-22 13:46:09.000,USER - 03676,Department 751,Manual,Order - 1049,Sales order,Main
Order - 1050,CUST - 011,Customer 11,DE,External,48960,EUR,SO - Standard Order,Company 1,NULL,NULL,Create Sales Order,2024-04-23 13:00:33.000,USER - 03676,Department 751,Manual,Order - 1050,Sales order,Main
Order - 0208,CUST - 011,Customer 11,DE,External,48960,EUR,SO - Standard Order,Company 1,NULL,NULL,Create Sales Order,2023-09-08 08:48:34.000,USER - 03676,Department 751,Manual,Order - 0208,Sales order,Main
Order - 0209,CUST - 011,Customer 11,DE,External,15183.4,EUR,SO - Standard Order,Company 1,NULL,NULL,Create Sales Order,2023-09-08 09:12:26.000,USER - 03676,Department 751,Manual,Order - 0209,Sales order,Main
Order - 0211,CUST - 011,Customer 11,DE,External,9771.96,EUR,SO - Standard Order,Company 1,NULL,NULL,Create Sales Order,2023-09-11 12:11:22.000,USER - 03676,Department 751,Manual,Order - 0211,Sales order,Main
Order - 0212,CUST - 011,Customer 11,DE,External,14980.32,EUR,SO - Standard Order,Company 1,NULL,NULL,Create Sales Order,2023-09-11 15:28:23.000,USER - 03676,Department 751,Manual,Order - 0212,Sales order,Main
Order - 0213,CUST - 011,Customer 11,DE,External,26538.64,EUR,SO - Standard Order,Company 1,NULL,NULL,Create Sales Order,2023-09-11 15:44:30.000,USER - 03676,Department 751,Manual,Order - 0213,Sales order,Main
Order - 0214,CUST - 011,Customer 11,DE,External,9771.96,EUR,SO - Standard Order,Company 1,NULL,NULL,Create Sales Order,2023-09-12 09:44:41.000,USER - 03676,Department 751,Manual,Order - 0214,Sales order,Main
Order - 0215,CUST - 011,Customer 11,DE,External,24882.96,EUR,SO - Standard Order,Company 1,NULL,NULL,Create Sales Order,2023-09-12 09:47:09.000,USER - 03676,Department 751,Manual,Order - 0215,Sales order,Main
Order - 0216,CUST - 011,Customer 11,DE,External,515.44,EUR,SO - Standard Order,Company 1,NULL,NULL,Create Sales Order,2023-09-12 16:36:14.000,USER - 03676,Department 751,Manual,Order - 0216,Sales order,Main
Order - 0217,CUST - 011,Customer 11,DE,External,2677.53,EUR,SO - Standard Order,Company 1,NULL,NULL,Create Sales Order,2023-09-12 16:39:09.000,USER - 03676,Department 751,Manual,Order - 0217,Sales order,Main
Order - 0221,CUST - 011,Customer 11,DE,External,48960,EUR,SO - Standard Order,Company 1,NULL,NULL,Create Sales Order,2023-09-14 09:48:58.000,USER - 03676,Department 751,Manual,Order - 0221,Sales order,Main
Order - 0224,CUST - 011,Customer 11,DE,External,30488.12,EUR,SO - Standard Order,Company 1,NULL,NULL,Create Sales Order,2023-09-15 11:10:19.000,USER - 03676,Department 751,Manual,Order - 0224,Sales order,Main
Order - 0226,CUST - 011,Customer 11,DE,External,48960,EUR,SO - Standard Order,Company 1,NULL,NULL,Create Sales Order,2023-09-19 10:11:35.000,USER - 03676,Department 751,Manual,Order - 0226,Sales order,Main
Order - 0232,CUST - 011,Customer 11,DE,External,28663.36,EUR,SO - Standard Order,Company 1,NULL,NULL,Create Sales Order,2023-09-20 08:20:57.000,USER - 03676,Department 751,Manual,Order - 0232,Sales order,Main
Order - 0233,CUST - 011,Customer 11,DE,External,19247.06,EUR,SO - Standard Order,Company 1,NULL,NULL,Create Sales Order,2023-09-21 13:15:12.000,USER - 03676,Department 751,Manual,Order - 0233,Sales order,Main
Order - 0234,CUST - 011,Customer 11,DE,External,26685.6,EUR,SO - Standard Order,Company 1,NULL,NULL,Create Sales Order,2023-09-21 13:19:35.000,USER - 03676,Department 751,Manual,Order - 0234,Sales order,Main
Order - 0238,CUST - 011,Customer 11,DE,External,13107.6,EUR,SO - Standard Order,Company 1,NULL,NULL,Create Sales Order,2023-09-26 11:03:00.000,USER - 03676,Department 751,Manual,Order - 0238,Sales order,Main
Order - 0239,CUST - 011,Customer 11,DE,External,23817.28,EUR,SO - Standard Order,Company 1,NULL,NULL,Create Sales Order,2023-09-26 11:06:42.000,USER - 03676,Department 751,Manual,Order - 0239,Sales order,Main
Order - 0242,CUST - 011,Customer 11,DE,External,48960,EUR,SO - Standard Order,Company 1,NULL,NULL,Create Sales Order,2023-09-27 08:26:05.000,USER - 03676,Department 751,Manual,Order - 0242,Sales order,Main
Order - 0243,CUST - 011,Customer 11,DE,External,34087.58,EUR,SO - Standard Order,Company 1,NULL,NULL,Create Sales Order,2023-09-27 10:01:13.000,USER - 03676,Department 751,Manual,Order - 0243,Sales order,Main
Order - 0888,CUST - 011,Customer 11,DE,External,33314.28,EUR,SO - Standard Order,Company 1,NULL,NULL,Create Sales Order,2024-03-20 10:56:30.000,USER - 03676,Department 751,Manual,Order - 0888,Sales order,Main
Order - 1363,CUST - 011,Customer 11,DE,External,40622.52,EUR,SO - Standard Order,Company 1,NULL,NULL,Create Sales Order,2024-07-04 09:37:37.000,USER - 03676,Department 751,Manual,Order - 1363,Sales order,Main
Order - 1364,CUST - 011,Customer 11,DE,External,16778.14,EUR,SO - Standard Order,Company 1,NULL,NULL,Create Sales Order,2024-07-04 09:41:17.000,USER - 03676,Department 751,Manual,Order - 1364,Sales order,Main
Order - 1365,CUST - 011,Customer 11,DE,External,17491.46,EUR,SO - Standard Order,Company 1,NULL,NULL,Create Sales Order,2024-07-05 08:13:45.000,USER - 03676,Department 751,Manual,Order - 1365,Sales order,Main
Order - 1370,CUST - 011,Customer 11,DE,External,23265.38,EUR,SO - Standard Order,Company 1,NULL,NULL,Create Sales Order,2024-07-09 15:00:56.000,USER - 03676,Department 751,Manual,Order - 1370,Sales order,Main
Order - 1387,CUST - 011,Customer 11,DE,External,7365.12,EUR,SO - Standard Order,Company 1,NULL,NULL,Create Sales Order,2024-07-10 12:22:07.000,USER - 03676,Department 751,Manual,Order - 1387,Sales order,Main
Order - 1388,CUST - 011,Customer 11,DE,External,1317.7,EUR,SO - Standard Order,Company 1,NULL,NULL,Create Sales Order,2024-07-10 12:25:14.000,USER - 03676,Department 751,Manual,Order - 1388,Sales order,Main
Order - 1392,CUST - 011,Customer 11,DE,External,18150,EUR,SO - Standard Order,Company 1,NULL,NULL,Create Sales Order,2024-07-12 11:28:33.000,USER - 03676,Department 751,Manual,Order - 1392,Sales order,Main
Order - 1393,CUST - 011,Customer 11,DE,External,27379.74,EUR,SO - Standard Order,Company 1,NULL,NULL,Create Sales Order,2024-07-12 13:05:24.000,USER - 03676,Department 751,Manual,Order - 1393,Sales order,Main
Order - 1394,CUST - 011,Customer 11,DE,External,15501.64,EUR,SO - Standard Order,Company 1,NULL,NULL,Create Sales Order,2024-07-15 15:04:59.000,USER - 03676,Department 751,Manual,Order - 1394,Sales order,Main
Order - 1395,CUST - 011,Customer 11,DE,External,11046.58,EUR,SO - Standard Order,Company 1,NULL,NULL,Create Sales Order,2024-07-16 14:00:34.000,USER - 03676,Department 751,Manual,Order - 1395,Sales order,Main
Order - 1396,CUST - 011,Customer 11,DE,External,24569.86,EUR,SO - Standard Order,Company 1,NULL,NULL,Create Sales Order,2024-07-16 14:06:10.000,USER - 03676,Department 751,Manual,Order - 1396,Sales order,Main
Order - 0747,CUST - 010,Customer 10,DE,External,473000,EUR,ST - Services / Tooling,Company 1,NULL,NULL,Create Sales Order,2024-02-20 12:49:42.000,USER - 03676,Department 751,Manual,Order - 0747,Sales order,Main
Order - 1819,CUST - 028,Customer 28,DE,External,14212.54,EUR,ST - Services / Tooling,Company 1,NULL,NULL,Create Sales Order,2024-10-29 13:46:18.000,USER - 03676,Department 751,Manual,Order - 1819,Sales order,Main
Order - 1199,CUST - 028,Customer 28,DE,External,226510.32,EUR,ST - Services / Tooling,Company 1,NULL,NULL,Create Sales Order,2024-05-27 10:13:07.000,USER - 03676,Department 751,Manual,Order - 1199,Sales order,Main
Order - 1931,CUST - 037,Customer 37,US,External,6534.57,USD,ST - Services / Tooling,Company 2,NULL,NULL,Create Sales Order,2024-11-20 18:17:16.000,USER - 03676,Department 751,Manual,Order - 1931,Sales order,Main
Order - 1932,CUST - 037,Customer 37,US,External,1619.48,USD,ST - Services / Tooling,Company 2,NULL,NULL,Create Sales Order,2024-11-20 18:30:50.000,USER - 03676,Department 751,Manual,Order - 1932,Sales order,Main
Order - 1933,CUST - 037,Customer 37,US,External,597.93,USD,ST - Services / Tooling,Company 2,NULL,NULL,Create Sales Order,2024-11-20 18:39:43.000,USER - 03676,Department 751,Manual,Order - 1933,Sales order,Main
Order - 1759,CUST - 057,Customer 57,PL,External,2324.92,EUR,ST - Services / Tooling,Company 1,NULL,NULL,Create Sales Order,2024-10-17 15:32:47.000,USER - 03676,Department 751,Manual,Order - 1759,Sales order,Main
Order - 0084,CUST - 011,Customer 11,DE,External,26512.34,EUR,SO - Standard Order,Company 1,NULL,NULL,Create Sales Order,2023-07-03 15:21:34.000,USER - 03676,Department 751,Manual,Order - 0084,Sales order,Main
Order - 0085,CUST - 011,Customer 11,DE,External,14212.34,EUR,SO - Standard Order,Company 1,NULL,NULL,Create Sales Order,2023-07-03 15:26:55.000,USER - 03676,Department 751,Manual,Order - 0085,Sales order,Main
Order - 0086,CUST - 011,Customer 11,DE,External,9771.96,EUR,SO - Standard Order,Company 1,NULL,NULL,Create Sales Order,2023-07-04 11:58:48.000,USER - 03676,Department 751,Manual,Order - 0086,Sales order,Main
Order - 0087,CUST - 011,Customer 11,DE,External,11046.58,EUR,SO - Standard Order,Company 1,NULL,NULL,Create Sales Order,2023-07-04 12:01:42.000,USER - 03676,Department 751,Manual,Order - 0087,Sales order,Main
Order - 0088,CUST - 011,Customer 11,DE,External,48960,EUR,SO - Standard Order,Company 1,NULL,NULL,Create Sales Order,2023-07-04 12:33:48.000,USER - 03676,Department 751,Manual,Order - 0088,Sales order,Main
Order - 0760,CUST - 036,Customer 36,US,External,1775.83,USD,ST - Services / Tooling,Company 2,NULL,NULL,Create Sales Order,2024-02-20 21:46:56.000,USER - 02130,Department 2222,Manual,Order - 0760,Sales order,Main
Order - 0761,CUST - 036,Customer 36,US,External,502.44,USD,ST - Services / Tooling,Company 2,NULL,NULL,Create Sales Order,2024-02-20 22:45:35.000,USER - 02130,Department 2222,Manual,Order - 0761,Sales order,Main
Order - 0765,CUST - 036,Customer 36,US,External,317.12,USD,ST - Services / Tooling,Company 2,NULL,NULL,Create Sales Order,2024-02-20 23:14:47.000,USER - 02130,Department 2222,Manual,Order - 0765,Sales order,Main
Order - 0344,CUST - 036,Customer 36,US,External,113.93,USD,ST - Services / Tooling,Company 2,NULL,NULL,Create Sales Order,2023-11-17 16:56:59.000,USER - 02130,Department 2222,Manual,Order - 0344,Sales order,Main
Order - 0345,CUST - 036,Customer 36,US,External,2579.08,USD,ST - Services / Tooling,Company 2,NULL,NULL,Create Sales Order,2023-11-17 18:30:41.000,USER - 02130,Department 2222,Manual,Order - 0345,Sales order,Main
Order - 0346,CUST - 036,Customer 36,US,External,566.89,USD,ST - Services / Tooling,Company 2,NULL,NULL,Create Sales Order,2023-11-17 19:37:22.000,USER - 02130,Department 2222,Manual,Order - 0346,Sales order,Main
Order - 0348,CUST - 036,Customer 36,US,External,14340.83,USD,ST - Services / Tooling,Company 2,NULL,NULL,Create Sales Order,2023-11-17 20:30:30.000,USER - 02130,Department 2222,Manual,Order - 0348,Sales order,Main
Order - 0349,CUST - 036,Customer 36,US,External,3507.73,USD,ST - Services / Tooling,Company 2,NULL,NULL,Create Sales Order,2023-11-20 14:30:17.000,USER - 02130,Department 2222,Manual,Order - 0349,Sales order,Main
Order - 0350,CUST - 036,Customer 36,US,External,1760.2,USD,ST - Services / Tooling,Company 2,NULL,NULL,Create Sales Order,2023-11-20 14:48:38.000,USER - 02130,Department 2222,Manual,Order - 0350,Sales order,Main
Order - 0352,CUST - 036,Customer 36,US,External,418.38,USD,ST - Services / Tooling,Company 2,NULL,NULL,Create Sales Order,2023-11-20 15:27:03.000,USER - 02130,Department 2222,Manual,Order - 0352,Sales order,Main
Order - 0359,CUST - 036,Customer 36,US,External,938.75,USD,ST - Services / Tooling,Company 2,NULL,NULL,Create Sales Order,2023-11-20 18:08:34.000,USER - 02130,Department 2222,Manual,Order - 0359,Sales order,Main
Order - 0370,CUST - 036,Customer 36,US,External,1978.19,USD,ST - Services / Tooling,Company 2,NULL,NULL,Create Sales Order,2023-11-22 16:11:42.000,USER - 02130,Department 2222,Manual,Order - 0370,Sales order,Main
Order - 0371,CUST - 036,Customer 36,US,External,113.9,USD,ST - Services / Tooling,Company 2,NULL,NULL,Create Sales Order,2023-11-22 16:22:37.000,USER - 02130,Department 2222,Manual,Order - 0371,Sales order,Main
Order - 0372,CUST - 036,Customer 36,US,External,466.25,USD,ST - Services / Tooling,Company 2,NULL,NULL,Create Sales Order,2023-11-22 16:31:04.000,USER - 02130,Department 2222,Manual,Order - 0372,Sales order,Main
Order - 0373,CUST - 036,Customer 36,US,External,531.83,USD,ST - Services / Tooling,Company 2,NULL,NULL,Create Sales Order,2023-11-22 16:39:21.000,USER - 02130,Department 2222,Manual,Order - 0373,Sales order,Main
Order - 0829,CUST - 036,Customer 36,US,External,210.97,USD,ST - Services / Tooling,Company 2,NULL,NULL,Create Sales Order,2024-03-06 17:20:47.000,USER - 02130,Department 2222,Manual,Order - 0829,Sales order,Main
Order - 0441,CUST - 038,Customer 38,US,External,1251.01,USD,ST - Services / Tooling,Company 2,NULL,NULL,Create Sales Order,2023-12-14 20:11:03.000,USER - 02130,Department 2222,Manual,Order - 0441,Sales order,Main
Order - 0376,CUST - 038,Customer 38,US,External,1484.85,USD,ST - Services / Tooling,Company 2,NULL,NULL,Create Sales Order,2023-11-22 17:23:14.000,USER - 02130,Department 2222,Manual,Order - 0376,Sales order,Main
Order - 0831,CUST - 038,Customer 38,US,External,1922.86,USD,ST - Services / Tooling,Company 2,NULL,NULL,Create Sales Order,2024-03-06 17:44:25.000,USER - 02130,Department 2222,Manual,Order - 0831,Sales order,Main
Order - 0764,CUST - 038,Customer 38,US,External,622.86,USD,ST - Services / Tooling,Company 2,NULL,NULL,Create Sales Order,2024-02-20 23:01:09.000,USER - 02130,Department 2222,Manual,Order - 0764,Sales order,Main
Order - 0717,CUST - 038,Customer 38,US,External,525.73,USD,ST - Services / Tooling,Company 2,NULL,NULL,Create Sales Order,2024-02-14 14:45:54.000,USER - 02130,Department 2222,Manual,Order - 0717,Sales order,Main
Order - 0719,CUST - 038,Customer 38,US,External,525.73,USD,ST - Services / Tooling,Company 2,NULL,NULL,Create Sales Order,2024-02-14 15:07:16.000,USER - 02130,Department 2222,Manual,Order - 0719,Sales order,Main
Order - 0720,CUST - 038,Customer 38,US,External,525.73,USD,ST - Services / Tooling,Company 2,NULL,NULL,Create Sales Order,2024-02-14 15:54:06.000,USER - 02130,Department 2222,Manual,Order - 0720,Sales order,Main
Order - 1333,,,,,0,,ST - Services / Tooling,,,,Requested Delivery Date,2024-07-01 23:59:59.000,USER - 08479,NULL,NULL,Order - 1333,Sales order,Main
Order - 0855,,,,,0,,ST - Services / Tooling,,,,Requested Delivery Date,2024-03-15 23:59:59.000,USER - 08479,NULL,NULL,Order - 0855,Sales order,Main
Order - 0856,,,,,0,,ST - Services / Tooling,,,,Requested Delivery Date,2024-03-15 23:59:59.000,USER - 08479,NULL,NULL,Order - 0856,Sales order,Main
Order - 0857,,,,,0,,ST - Services / Tooling,,,,Requested Delivery Date,2024-03-15 23:59:59.000,USER - 08479,NULL,NULL,Order - 0857,Sales order,Main
Order - 0941,,,,,0,,ST - Services / Tooling,,,,Requested Delivery Date,2024-03-28 23:59:59.000,USER - 08479,NULL,NULL,Order - 0941,Sales order,Main
Order - 0949,,,,,0,,ST - Services / Tooling,,,,Requested Delivery Date,2024-04-02 23:59:59.000,USER - 08479,NULL,NULL,Order - 0949,Sales order,Main
Order - 0950,,,,,0,,ST - Services / Tooling,,,,Requested Delivery Date,2024-04-02 23:59:59.000,USER - 08479,NULL,NULL,Order - 0950,Sales order,Main
Order - 1216,,,,,0,,ST - Services / Tooling,,,,Requested Delivery Date,2024-05-31 23:59:59.000,USER - 08479,NULL,NULL,Order - 1216,Sales order,Main
Order - 1273,,,,,0,,ST - Services / Tooling,,,,Requested Delivery Date,2024-06-19 23:59:59.000,USER - 08479,NULL,NULL,Order - 1273,Sales order,Main
Order - 0698,,,,,0,,ST - Services / Tooling,,,,Requested Delivery Date,2024-02-12 23:59:59.000,USER - 08479,NULL,NULL,Order - 0698,Sales order,Main
Order - 0699,,,,,0,,ST - Services / Tooling,,,,Requested Delivery Date,2024-02-12 23:59:59.000,USER - 08479,NULL,NULL,Order - 0699,Sales order,Main
Order - 0486,,,,,0,,ST - Services / Tooling,,,,Requested Delivery Date,2023-12-15 23:59:59.000,USER - 08479,NULL,NULL,Order - 0486,Sales order,Main
Order - 0552,,,,,0,,ST - Services / Tooling,,,,Requested Delivery Date,2023-12-20 23:59:59.000,USER - 08479,NULL,NULL,Order - 0552,Sales order,Main
Order - 0237,,,,,0,,ST - Services / Tooling,,,,Requested Delivery Date,2023-09-26 23:59:59.000,USER - 08479,NULL,NULL,Order - 0237,Sales order,Main
Order - 0241,,,,,0,,ST - Services / Tooling,,,,Requested Delivery Date,2023-09-26 23:59:59.000,USER - 08479,NULL,NULL,Order - 0241,Sales order,Main
Order - 0625,,,,,0,,ST - Services / Tooling,,,,Requested Delivery Date,2024-01-30 23:59:59.000,USER - 08479,NULL,NULL,Order - 0625,Sales order,Main
Order - 1274,,,,,0,,ST - Services / Tooling,,,,Requested Delivery Date,2024-06-19 23:59:59.000,USER - 08479,NULL,NULL,Order - 1274,Sales order,Main
Order - 0672,,,,,0,,ST - Services / Tooling,,,,Requested Delivery Date,2024-02-01 23:59:59.000,USER - 08479,NULL,NULL,Order - 0672,Sales order,Main
Order - 1515,,,,,0,,ST - Services / Tooling,,,,Requested Delivery Date,2024-08-13 23:59:59.000,USER - 08479,NULL,NULL,Order - 1515,Sales order,Main
Order - 1322,,,,,0,,ST - Services / Tooling,,,,Requested Delivery Date,2024-06-28 23:59:59.000,USER - 08479,NULL,NULL,Order - 1322,Sales order,Main
Order - 0626,,,,,0,,ST - Services / Tooling,,,,Requested Delivery Date,2024-01-30 23:59:59.000,USER - 08479,NULL,NULL,Order - 0626,Sales order,Main
Order - 0251,,,,,0,,ST - Services / Tooling,,,,Requested Delivery Date,2023-09-28 23:59:59.000,USER - 08479,NULL,NULL,Order - 0251,Sales order,Main
Order - 1506,,,,,0,,ST - Services / Tooling,,,,Requested Delivery Date,2024-08-09 23:59:59.000,USER - 08479,NULL,NULL,Order - 1506,Sales order,Main
Order - 1507,,,,,0,,ST - Services / Tooling,,,,Requested Delivery Date,2024-08-09 23:59:59.000,USER - 08479,NULL,NULL,Order - 1507,Sales order,Main
Order - 0939,,,,,0,,ST - Services / Tooling,,,,Requested Delivery Date,2024-03-28 23:59:59.000,USER - 08479,NULL,NULL,Order - 0939,Sales order,Main
Order - 0940,,,,,0,,ST - Services / Tooling,,,,Requested Delivery Date,2024-03-28 23:59:59.000,USER - 08479,NULL,NULL,Order - 0940,Sales order,Main
Order - 1500,,,,,0,,ST - Services / Tooling,,,,Requested Delivery Date,2024-08-08 23:59:59.000,USER - 08479,NULL,NULL,Order - 1500,Sales order,Main
Order - 1502,,,,,0,,ST - Services / Tooling,,,,Requested Delivery Date,2024-08-09 23:59:59.000,USER - 08479,NULL,NULL,Order - 1502,Sales order,Main
Order - 1503,,,,,0,,ST - Services / Tooling,,,,Requested Delivery Date,2024-08-09 23:59:59.000,USER - 08479,NULL,NULL,Order - 1503,Sales order,Main
Order - 1499,,,,,0,,ST - Services / Tooling,,,,Requested Delivery Date,2024-08-08 23:59:59.000,USER - 08479,NULL,NULL,Order - 1499,Sales order,Main
Order - 0990,,,,,0,,ST - Services / Tooling,,,,Requested Delivery Date,2024-04-09 23:59:59.000,USER - 08479,NULL,NULL,Order - 0990,Sales order,Main
Order - 1605,,,,,0,,ST - Services / Tooling,,,,Requested Delivery Date,2024-09-09 23:59:59.000,USER - 08479,NULL,NULL,Order - 1605,Sales order,Main
Order - 1195,,,,,0,,ST - Services / Tooling,,,,Requested Delivery Date,2024-05-24 23:59:59.000,USER - 08479,NULL,NULL,Order - 1195,Sales order,Main
Order - 1196,,,,,0,,ST - Services / Tooling,,,,Requested Delivery Date,2024-05-24 23:59:59.000,USER - 08479,NULL,NULL,Order - 1196,Sales order,Main
Order - 1871,,,,,0,,ST - Services / Tooling,,,,Requested Delivery Date,2024-11-05 23:59:59.000,USER - 08479,NULL,NULL,Order - 1871,Sales order,Main
Order - 1236,,,,,0,,ST - Services / Tooling,,,,Requested Delivery Date,2024-06-06 23:59:59.000,USER - 08479,NULL,NULL,Order - 1236,Sales order,Main
Order - 1237,,,,,0,,ST - Services / Tooling,,,,Requested Delivery Date,2024-06-06 23:59:59.000,USER - 08479,NULL,NULL,Order - 1237,Sales order,Main
Order - 0552,CUST - 030,Customer 30,IT,External,3940,EUR,ST - Services / Tooling,Company 1,NULL,NULL,Create Sales Order,2023-12-20 08:44:04.000,USER - 08479,NULL,NULL,Order - 0552,Sales order,Main
Order - 0672,CUST - 006,Customer 6,PL,External,4152,PLN,ST - Services / Tooling,Company 1,NULL,NULL,Create Sales Order,2024-02-01 11:00:16.000,USER - 08479,NULL,NULL,Order - 0672,Sales order,Main
Order - 0697,CUST - 003,Customer 3,ES,External,-370231,EUR,ST - Services / Tooling,Company 1,NULL,NULL,Create Sales Order,2024-02-12 08:52:54.000,USER - 08479,NULL,NULL,Order - 0697,Sales order,Main
Order - 1525,CUST - 003,Customer 3,ES,External,74861,EUR,ST - Services / Tooling,Company 1,NULL,NULL,Create Sales Order,2024-08-19 10:48:15.000,USER - 08479,NULL,NULL,Order - 1525,Sales order,Main
Order - 1526,CUST - 003,Customer 3,ES,External,7412,EUR,ST - Services / Tooling,Company 1,NULL,NULL,Create Sales Order,2024-08-19 10:59:20.000,USER - 08479,NULL,NULL,Order - 1526,Sales order,Main
Order - 0742,CUST - 020,Customer 20,ES,External,-388986,EUR,ST - Services / Tooling,Company 1,NULL,NULL,Create Sales Order,2024-02-19 15:44:35.000,USER - 08479,NULL,NULL,Order - 0742,Sales order,Main
Order - 0743,CUST - 020,Customer 20,ES,External,311493,EUR,ST - Services / Tooling,Company 1,NULL,NULL,Create Sales Order,2024-02-19 16:29:43.000,USER - 08479,NULL,NULL,Order - 0743,Sales order,Main
Order - 0744,CUST - 020,Customer 20,ES,External,77493,EUR,ST - Services / Tooling,Company 1,NULL,NULL,Create Sales Order,2024-02-19 17:45:36.000,USER - 08479,NULL,NULL,Order - 0744,Sales order,Main
Order - 0992,CUST - 020,Customer 20,ES,External,36368,EUR,ST - Services / Tooling,Company 1,NULL,NULL,Create Sales Order,2024-04-09 16:27:49.000,USER - 08479,NULL,NULL,Order - 0992,Sales order,Main
Order - 1515,CUST - 020,Customer 20,ES,External,47149,EUR,ST - Services / Tooling,Company 1,NULL,NULL,Create Sales Order,2024-08-13 07:57:34.000,USER - 08479,NULL,NULL,Order - 1515,Sales order,Main
Order - 1322,CUST - 020,Customer 20,ES,External,70400,EUR,ST - Services / Tooling,Company 1,NULL,NULL,Create Sales Order,2024-06-28 19:17:18.000,USER - 08479,NULL,NULL,Order - 1322,Sales order,Main
Order - 0251,CUST - 009,Customer 9,PL,External,500,PLN,ST - Services / Tooling,Company 1,NULL,NULL,Create Sales Order,2023-09-28 13:31:43.000,USER - 08479,NULL,NULL,Order - 0251,Sales order,Main
Order - 0626,CUST - 009,Customer 9,PL,External,500,PLN,ST - Services / Tooling,Company 1,NULL,NULL,Create Sales Order,2024-01-30 13:54:08.000,USER - 08479,NULL,NULL,Order - 0626,Sales order,Main
Order - 1517,CUST - 026,Customer 26,DE,External,35798.48,EUR,ST - Services / Tooling,Company 1,NULL,NULL,Create Sales Order,2024-08-13 09:02:17.000,USER - 08479,NULL,NULL,Order - 1517,Sales order,Main
Order - 0939,CUST - 010,Customer 10,DE,External,19700,EUR,ST - Services / Tooling,Company 1,NULL,X,Create Sales Order,2024-03-28 13:31:17.000,USER - 08479,NULL,NULL,Order - 0939,Sales order,Main
Order - 0940,CUST - 010,Customer 10,DE,External,19700,EUR,ST - Services / Tooling,Company 1,NULL,NULL,Create Sales Order,2024-03-28 13:59:40.000,USER - 08479,NULL,NULL,Order - 0940,Sales order,Main
Order - 1506,CUST - 010,Customer 10,DE,External,87.93,EUR,ST - Services / Tooling,Company 1,NULL,NULL,Create Sales Order,2024-08-09 21:25:56.000,USER - 08479,NULL,NULL,Order - 1506,Sales order,Main
Order - 0240,CUST - 026,Customer 26,DE,External,34176.92,EUR,ST - Services / Tooling,Company 1,NULL,NULL,Create Sales Order,2023-09-26 11:22:37.000,USER - 08479,NULL,NULL,Order - 0240,Sales order,Main
Order - 0250,CUST - 026,Customer 26,DE,External,33722.39,EUR,ST - Services / Tooling,Company 1,NULL,NULL,Create Sales Order,2023-09-28 13:01:12.000,USER - 08479,NULL,NULL,Order - 0250,Sales order,Main
Order - 0627,CUST - 026,Customer 26,DE,External,37591.04,EUR,ST - Services / Tooling,Company 1,NULL,NULL,Create Sales Order,2024-01-30 14:11:32.000,USER - 08479,NULL,NULL,Order - 0627,Sales order,Main
Order - 0628,CUST - 026,Customer 26,DE,External,38827.14,EUR,ST - Services / Tooling,Company 1,NULL,NULL,Create Sales Order,2024-01-30 14:46:46.000,USER - 08479,NULL,NULL,Order - 0628,Sales order,Main
Order - 1500,CUST - 010,Customer 10,DE,External,33789.6,EUR,ST - Services / Tooling,Company 1,NULL,NULL,Create Sales Order,2024-08-08 13:15:20.000,USER - 08479,NULL,NULL,Order - 1500,Sales order,Main
Order - 1502,CUST - 010,Customer 10,DE,External,636.82,EUR,ST - Services / Tooling,Company 1,NULL,NULL,Create Sales Order,2024-08-09 20:04:17.000,USER - 08479,NULL,NULL,Order - 1502,Sales order,Main
Order - 1503,CUST - 010,Customer 10,DE,External,326982.84,EUR,ST - Services / Tooling,Company 1,NULL,NULL,Create Sales Order,2024-08-09 20:20:26.000,USER - 08479,NULL,NULL,Order - 1503,Sales order,Main
Order - 1504,CUST - 048,Customer 48,DE,External,12747.84,EUR,ST - Services / Tooling,Company 1,NULL,NULL,Create Sales Order,2024-08-09 20:35:15.000,USER - 08479,NULL,NULL,Order - 1504,Sales order,Main
Order - 1508,CUST - 048,Customer 48,DE,External,1923.99,EUR,ST - Services / Tooling,Company 1,NULL,NULL,Create Sales Order,2024-08-09 21:57:06.000,USER - 08479,NULL,NULL,Order - 1508,Sales order,Main
Order - 1520,CUST - 058,Customer 58,PL,External,500,PLN,ST - Services / Tooling,Company 1,NULL,NULL,Create Sales Order,2024-08-13 17:03:21.000,USER - 08479,NULL,NULL,Order - 1520,Sales order,Main
Order - 0435,CUST - 010,Customer 10,DE,External,8237.88,EUR,ST - Services / Tooling,Company 1,NULL,NULL,Create Sales Order,2023-12-14 14:26:17.000,USER - 02130,Department 2222,Manual,Order - 0435,Sales order,Main
Order - 0810,CUST - 053,Customer 53,US,Internal,3022,USD,ST - Services / Tooling,Company 2,NULL,NULL,Create Sales Order,2024-02-29 14:43:26.000,USER - 02130,Department 2222,Manual,Order - 0810,Sales order,Main
Order - 0772,CUST - 053,Customer 53,US,Internal,975,USD,ST - Services / Tooling,Company 2,NULL,NULL,Create Sales Order,2024-02-21 14:25:02.000,USER - 02130,Department 2222,Manual,Order - 0772,Sales order,Main
Order - 1789,CUST - 068,Customer 68,GB,External,2730,GBP,ST - Services / Tooling,Company 3,NULL,NULL,Create Sales Order,2024-10-23 10:35:17.000,USER - 02130,Department 2222,Manual,Order - 1789,Sales order,Main
Order - 1790,CUST - 069,Customer 69,GB,External,2000,GBP,ST - Services / Tooling,Company 3,NULL,NULL,Create Sales Order,2024-10-23 10:40:35.000,USER - 02130,Department 2222,Manual,Order - 1790,Sales order,Main
Order - 1795,CUST - 071,Customer 71,GB,External,1000,GBP,ST - Services / Tooling,Company 3,NULL,NULL,Create Sales Order,2024-10-23 11:35:00.000,USER - 02130,Department 2222,Manual,Order - 1795,Sales order,Main
Order - 1881,CUST - 008,Customer 8,PL,External,6769.92,PLN,SC - Scrap Sales,Company 1,NULL,NULL,Create Sales Order,2024-11-07 21:12:44.000,USER - 02130,Department 2222,Manual,Order - 1881,Sales order,Main
Order - 1714,CUST - 028,Customer 28,DE,External,5800,EUR,ST - Services / Tooling,Company 1,NULL,NULL,Create Sales Order,2024-10-08 08:10:34.000,USER - 02130,Department 2222,Manual,Order - 1714,Sales order,Main
Order - 1909,CUST - 028,Customer 28,DE,External,23500,EUR,FA - Fixed Asset Sale,Company 1,NULL,NULL,Create Sales Order,2024-11-15 14:30:29.000,USER - 02130,Department 2222,Manual,Order - 1909,Sales order,Main
Order - 1865,CUST - 037,Customer 37,US,External,714.22,USD,ST - Services / Tooling,Company 2,NULL,NULL,Create Sales Order,2024-11-05 14:47:47.000,USER - 02130,Department 2222,Manual,Order - 1865,Sales order,Main
Order - 1869,CUST - 037,Customer 37,US,External,4145.01,USD,ST - Services / Tooling,Company 2,NULL,NULL,Create Sales Order,2024-11-05 17:31:41.000,USER - 02130,Department 2222,Manual,Order - 1869,Sales order,Main
Order - 1628,CUST - 037,Customer 37,US,External,951.07,USD,ST - Services / Tooling,Company 2,NULL,NULL,Create Sales Order,2024-09-17 20:20:12.000,USER - 02130,Department 2222,Manual,Order - 1628,Sales order,Main
Order - 1629,CUST - 037,Customer 37,US,External,7516.42,USD,ST - Services / Tooling,Company 2,NULL,NULL,Create Sales Order,2024-09-17 20:26:06.000,USER - 02130,Department 2222,Manual,Order - 1629,Sales order,Main
Order - 1584,CUST - 037,Customer 37,US,External,19170.25,USD,ST - Services / Tooling,Company 2,NULL,NULL,Create Sales Order,2024-09-03 19:50:46.000,USER - 02130,Department 2222,Manual,Order - 1584,Sales order,Main
Order - 1585,CUST - 037,Customer 37,US,External,2880.11,USD,ST - Services / Tooling,Company 2,NULL,NULL,Create Sales Order,2024-09-03 20:26:50.000,USER - 02130,Department 2222,Manual,Order - 1585,Sales order,Main
Order - 0784,CUST - 037,Customer 37,US,External,312.54,USD,ST - Services / Tooling,Company 2,NULL,NULL,Create Sales Order,2024-02-21 18:17:18.000,USER - 02130,Department 2222,Manual,Order - 0784,Sales order,Main
Order - 1246,CUST - 037,Customer 37,US,External,1633.96,USD,ST - Services / Tooling,Company 2,NULL,NULL,Create Sales Order,2024-06-11 17:32:36.000,USER - 02130,Department 2222,Manual,Order - 1246,Sales order,Main
Order - 1247,CUST - 037,Customer 37,US,External,3109.36,USD,ST - Services / Tooling,Company 2,NULL,NULL,Create Sales Order,2024-06-11 17:43:22.000,USER - 02130,Department 2222,Manual,Order - 1247,Sales order,Main
Order - 1248,CUST - 037,Customer 37,US,External,7394.77,USD,ST - Services / Tooling,Company 2,NULL,NULL,Create Sales Order,2024-06-11 18:02:29.000,USER - 02130,Department 2222,Manual,Order - 1248,Sales order,Main
Order - 0868,CUST - 037,Customer 37,US,External,4927.73,USD,ST - Services / Tooling,Company 2,NULL,NULL,Create Sales Order,2024-03-19 19:23:18.000,USER - 02130,Department 2222,Manual,Order - 0868,Sales order,Main
Order - 1326,CUST - 037,Customer 37,US,External,2114.33,USD,ST - Services / Tooling,Company 2,NULL,NULL,Create Sales Order,2024-06-28 19:46:25.000,USER - 02130,Department 2222,Manual,Order - 1326,Sales order,Main
Order - 1327,CUST - 037,Customer 37,US,External,2083.14,USD,ST - Services / Tooling,Company 2,NULL,NULL,Create Sales Order,2024-06-28 20:02:10.000,USER - 02130,Department 2222,Manual,Order - 1327,Sales order,Main
Order - 1328,CUST - 037,Customer 37,US,External,4124.81,USD,ST - Services / Tooling,Company 2,NULL,NULL,Create Sales Order,2024-06-28 20:08:16.000,USER - 02130,Department 2222,Manual,Order - 1328,Sales order,Main
Order - 0014,CUST - 006,Customer 6,PL,External,9908.4,PLN,ST - Services / Tooling,Company 1,NULL,NULL,Create Sales Order,2023-05-23 15:39:14.000,USER - 10897,Department 2178,Manual,Order - 0014,Sales order,Main
Order - 0022,CUST - 006,Customer 6,PL,External,7364.8,PLN,ST - Services / Tooling,Company 1,NULL,NULL,Create Sales Order,2023-05-30 15:13:28.000,USER - 10897,Department 2178,Manual,Order - 0022,Sales order,Main
Order - 0029,CUST - 006,Customer 6,PL,External,4830.5,PLN,ST - Services / Tooling,Company 1,NULL,NULL,Create Sales Order,2023-05-31 18:52:39.000,USER - 10897,Department 2178,Manual,Order - 0029,Sales order,Main
Order - 0336,CUST - 006,Customer 6,PL,External,6281.05,PLN,ST - Services / Tooling,Company 1,NULL,NULL,Create Sales Order,2023-11-15 11:28:52.000,USER - 10897,Department 2178,Manual,Order - 0336,Sales order,Main
Order - 0302,CUST - 006,Customer 6,PL,External,6142.3,PLN,ST - Services / Tooling,Company 1,NULL,NULL,Create Sales Order,2023-10-30 08:30:09.000,USER - 10897,Department 2178,Manual,Order - 0302,Sales order,Main
Order - 0310,CUST - 006,Customer 6,PL,External,4224.3,PLN,ST - Services / Tooling,Company 1,NULL,NULL,Create Sales Order,2023-11-02 08:30:06.000,USER - 10897,Department 2178,Manual,Order - 0310,Sales order,Main
Order - 0788,CUST - 006,Customer 6,PL,External,4157.45,PLN,ST - Services / Tooling,Company 1,NULL,NULL,Create Sales Order,2024-02-22 15:34:41.000,USER - 10897,Department 2178,Manual,Order - 0788,Sales order,Main
Order - 0812,CUST - 006,Customer 6,PL,External,6104.4,PLN,ST - Services / Tooling,Company 1,NULL,NULL,Create Sales Order,2024-02-29 17:23:39.000,USER - 10897,Department 2178,Manual,Order - 0812,Sales order,Main
Order - 1863,CUST - 013,Customer 13,MX,Internal,582.2,EUR,SO - Standard Order,Company 1,NULL,NULL,Create Sales Order,2024-11-05 13:38:00.000,USER - 10897,Department 2178,Manual,Order - 1863,Sales order,Main
Order - 0141,CUST - 018,Customer 18,FI,External,-2740.8,EUR,ST - Services / Tooling,Company 1,NULL,NULL,Create Sales Order,2023-08-08 11:01:28.000,USER - 10897,Department 2178,Manual,Order - 0141,Sales order,Main
Order - 1602,CUST - 008,Customer 8,PL,External,4896.24,PLN,ST - Services / Tooling,Company 1,NULL,NULL,Create Sales Order,2024-09-09 10:10:39.000,USER - 10897,Department 2178,Manual,Order - 1602,Sales order,Main
Order - 1018,CUST - 028,Customer 28,DE,External,8112.96,EUR,ST - Services / Tooling,Company 1,NULL,NULL,Create Sales Order,2024-04-12 12:26:59.000,USER - 10897,Department 2178,Manual,Order - 1018,Sales order,Main
Order - 1019,CUST - 028,Customer 28,DE,External,5909.76,EUR,ST - Services / Tooling,Company 1,NULL,NULL,Create Sales Order,2024-04-12 12:57:58.000,USER - 10897,Department 2178,Manual,Order - 1019,Sales order,Main
Order - 1020,CUST - 028,Customer 28,DE,External,5408.64,EUR,ST - Services / Tooling,Company 1,NULL,NULL,Create Sales Order,2024-04-12 14:02:47.000,USER - 10897,Department 2178,Manual,Order - 1020,Sales order,Main
Order - 1021,CUST - 028,Customer 28,DE,External,8864.64,EUR,ST - Services / Tooling,Company 1,NULL,NULL,Create Sales Order,2024-04-12 14:11:27.000,USER - 10897,Department 2178,Manual,Order - 1021,Sales order,Main
Order - 0392,CUST - 006,Customer 6,PL,External,10428.1,PLN,ST - Services / Tooling,Company 1,NULL,NULL,Create Sales Order,2023-11-29 09:05:29.000,USER - 10897,Department 2178,Manual,Order - 0392,Sales order,Main
Order - 0425,CUST - 006,Customer 6,PL,External,2359.1,PLN,ST - Services / Tooling,Company 1,NULL,NULL,Create Sales Order,2023-12-07 16:35:27.000,USER - 10897,Department 2178,Manual,Order - 0425,Sales order,Main
Order - 0432,CUST - 006,Customer 6,PL,External,6230.5,PLN,ST - Services / Tooling,Company 1,NULL,NULL,Create Sales Order,2023-12-13 09:49:25.000,USER - 10897,Department 2178,Manual,Order - 0432,Sales order,Main
Order - 0447,CUST - 006,Customer 6,PL,External,7057.25,PLN,ST - Services / Tooling,Company 1,NULL,NULL,Create Sales Order,2023-12-15 09:26:09.000,USER - 10897,Department 2178,Manual,Order - 0447,Sales order,Main
Order - 0985,CUST - 006,Customer 6,PL,External,6090.2,PLN,ST - Services / Tooling,Company 1,NULL,NULL,Create Sales Order,2024-04-05 14:13:44.000,USER - 10897,Department 2178,Manual,Order - 0985,Sales order,Main
Order - 0580,CUST - 006,Customer 6,PL,External,5033.45,PLN,ST - Services / Tooling,Company 1,NULL,NULL,Create Sales Order,2023-12-22 15:41:04.000,USER - 10897,Department 2178,Manual,Order - 0580,Sales order,Main
Order - 0091,CUST - 006,Customer 6,PL,External,6799.05,PLN,ST - Services / Tooling,Company 1,NULL,NULL,Create Sales Order,2023-07-06 11:45:11.000,USER - 10897,Department 2178,Manual,Order - 0091,Sales order,Main
Order - 0104,CUST - 006,Customer 6,PL,External,4463.4,PLN,ST - Services / Tooling,Company 1,NULL,NULL,Create Sales Order,2023-07-13 15:34:08.000,USER - 10897,Department 2178,Manual,Order - 0104,Sales order,Main
Order - 0163,CUST - 006,Customer 6,PL,External,10202.95,PLN,ST - Services / Tooling,Company 1,NULL,NULL,Create Sales Order,2023-08-18 13:15:09.000,USER - 10897,Department 2178,Manual,Order - 0163,Sales order,Main
Order - 1598,CUST - 014,Customer 14,DE,External,70400,EUR,ST - Services / Tooling,Company 1,NULL,NULL,Create Sales Order,2024-09-05 13:11:31.000,USER - 10897,Department 2178,Manual,Order - 1598,Sales order,Main
Order - 1599,CUST - 014,Customer 14,DE,External,70400,EUR,ST - Services / Tooling,Company 1,NULL,NULL,Create Sales Order,2024-09-05 14:00:46.000,USER - 10897,Department 2178,Manual,Order - 1599,Sales order,Main
Order - 1316,CUST - 002,Customer 2,SK,External,114960,EUR,ST - Services / Tooling,Company 1,NULL,NULL,Create Sales Order,2024-06-28 14:33:22.000,USER - 10897,Department 2178,Manual,Order - 1316,Sales order,Main
Order - 1646,CUST - 002,Customer 2,SK,External,25000,EUR,ST - Services / Tooling,Company 1,NULL,NULL,Create Sales Order,2024-09-19 17:19:07.000,USER - 10897,Department 2178,Manual,Order - 1646,Sales order,Main
Order - 1685,CUST - 015,Customer 15,DE,External,25000,EUR,ST - Services / Tooling,Company 1,NULL,NULL,Create Sales Order,2024-10-01 13:39:41.000,USER - 10897,Department 2178,Manual,Order - 1685,Sales order,Main
Order - 1428,CUST - 015,Customer 15,DE,External,1150,EUR,ST - Services / Tooling,Company 1,NULL,NULL,Create Sales Order,2024-07-19 14:21:10.000,USER - 10897,Department 2178,Manual,Order - 1428,Sales order,Main
Order - 0515,CUST - 047,Customer 47,HU,External,205017.36,EUR,ST - Services / Tooling,Company 1,NULL,NULL,Create Sales Order,2023-12-19 13:21:52.000,USER - 10897,Department 2178,Manual,Order - 0515,Sales order,Main
Order - 1603,CUST - 059,Customer 59,PL,External,22481.4,PLN,ST - Services / Tooling,Company 1,NULL,NULL,Create Sales Order,2024-09-09 10:57:38.000,USER - 10897,Department 2178,Manual,Order - 1603,Sales order,Main
Order - 0546,CUST - 015,Customer 15,DE,External,127009.46,EUR,ST - Services / Tooling,Company 1,NULL,NULL,Create Sales Order,2023-12-20 08:16:56.000,USER - 10897,Department 2178,Manual,Order - 0546,Sales order,Main
Order - 0397,CUST - 015,Customer 15,DE,External,33681.12,EUR,ST - Services / Tooling,Company 1,NULL,NULL,Create Sales Order,2023-11-29 13:49:47.000,USER - 10897,Department 2178,Manual,Order - 0397,Sales order,Main
Order - 0847,CUST - 015,Customer 15,DE,External,10483.75,EUR,ST - Services / Tooling,Company 1,NULL,NULL,Create Sales Order,2024-03-13 15:25:14.000,USER - 10897,Department 2178,Manual,Order - 0847,Sales order,Main
Order - 0510,CUST - 015,Customer 15,DE,External,5899.26,EUR,ST - Services / Tooling,Company 1,NULL,NULL,Create Sales Order,2023-12-19 10:34:38.000,USER - 10897,Department 2178,Manual,Order - 0510,Sales order,Main
Order - 0007,CUST - 004,Customer 4,DE,External,34964.5,EUR,ST - Services / Tooling,Company 1,NULL,NULL,Create Sales Order,2023-05-16 14:34:02.000,USER - 10897,Department 2178,Manual,Order - 0007,Sales order,Main
Order - 0008,CUST - 004,Customer 4,DE,External,37899.6,EUR,ST - Services / Tooling,Company 1,NULL,NULL,Create Sales Order,2023-05-16 15:38:05.000,USER - 10897,Department 2178,Manual,Order - 0008,Sales order,Main
Order - 0009,CUST - 004,Customer 4,DE,External,38815.58,EUR,ST - Services / Tooling,Company 1,NULL,NULL,Create Sales Order,2023-05-16 15:41:13.000,USER - 10897,Department 2178,Manual,Order - 0009,Sales order,Main
Order - 0010,CUST - 004,Customer 4,DE,External,34342.76,EUR,ST - Services / Tooling,Company 1,NULL,NULL,Create Sales Order,2023-05-16 16:09:50.000,USER - 10897,Department 2178,Manual,Order - 0010,Sales order,Main
Order - 0011,CUST - 004,Customer 4,DE,External,37976.69,EUR,ST - Services / Tooling,Company 1,NULL,NULL,Create Sales Order,2023-05-17 15:36:45.000,USER - 10897,Department 2178,Manual,Order - 0011,Sales order,Main
Order - 0013,CUST - 004,Customer 4,DE,External,33289.27,EUR,ST - Services / Tooling,Company 1,NULL,NULL,Create Sales Order,2023-05-23 13:04:18.000,USER - 10897,Department 2178,Manual,Order - 0013,Sales order,Main
Order - 0017,CUST - 004,Customer 4,DE,External,37289.33,EUR,ST - Services / Tooling,Company 1,NULL,NULL,Create Sales Order,2023-05-26 17:00:32.000,USER - 10897,Department 2178,Manual,Order - 0017,Sales order,Main
Order - 0024,CUST - 004,Customer 4,DE,External,32292.64,EUR,ST - Services / Tooling,Company 1,NULL,NULL,Create Sales Order,2023-05-30 20:42:28.000,USER - 10897,Department 2178,Manual,Order - 0024,Sales order,Main
Order - 0030,CUST - 004,Customer 4,DE,External,31837.36,EUR,ST - Services / Tooling,Company 1,NULL,NULL,Create Sales Order,2023-05-31 19:30:14.000,USER - 10897,Department 2178,Manual,Order - 0030,Sales order,Main
Order - 0043,CUST - 004,Customer 4,DE,External,35841.67,EUR,ST - Services / Tooling,Company 1,NULL,NULL,Create Sales Order,2023-06-07 13:53:07.000,USER - 10897,Department 2178,Manual,Order - 0043,Sales order,Main
Order - 0023,CUST - 010,Customer 10,DE,External,301.85,EUR,SO - Standard Order,Company 1,NULL,NULL,Create Sales Order,2023-05-30 16:07:51.000,USER - 03640,Department 2979,Manual,Order - 0023,Sales order,Main
Order - 1874,CUST - 036,Customer 36,US,External,116.23,USD,ST - Services / Tooling,Company 2,NULL,NULL,Create Sales Order,2024-11-05 18:21:46.000,USER - 03676,Department 751,Manual,Order - 1874,Sales order,Main
Order - 0365,CUST - 011,Customer 11,DE,External,48960,EUR,SO - Standard Order,Company 1,NULL,NULL,Create Sales Order,2023-11-22 13:51:51.000,USER - 03676,Department 751,Manual,Order - 0365,Sales order,Main
Order - 0838,CUST - 011,Customer 11,DE,External,26253.48,EUR,SO - Standard Order,Company 1,NULL,NULL,Create Sales Order,2024-03-07 08:16:47.000,USER - 03676,Department 751,Manual,Order - 0838,Sales order,Main
Order - 0839,CUST - 011,Customer 11,DE,External,48960,EUR,SO - Standard Order,Company 1,NULL,NULL,Create Sales Order,2024-03-07 08:20:14.000,USER - 03676,Department 751,Manual,Order - 0839,Sales order,Main
Order - 0843,CUST - 011,Customer 11,DE,External,15038.9,EUR,SO - Standard Order,Company 1,NULL,NULL,Create Sales Order,2024-03-08 08:21:52.000,USER - 03676,Department 751,Manual,Order - 0843,Sales order,Main
Order - 0844,CUST - 011,Customer 11,DE,External,18366.48,EUR,SO - Standard Order,Company 1,NULL,NULL,Create Sales Order,2024-03-11 08:19:23.000,USER - 03676,Department 751,Manual,Order - 0844,Sales order,Main
Order - 1778,CUST - 036,Customer 36,US,External,1399.18,USD,ST - Services / Tooling,Company 2,NULL,NULL,Create Sales Order,2024-10-22 20:05:30.000,USER - 03676,Department 751,Manual,Order - 1778,Sales order,Main
Order - 1742,CUST - 036,Customer 36,US,External,3129.25,USD,ST - Services / Tooling,Company 2,NULL,NULL,Create Sales Order,2024-10-14 21:36:33.000,USER - 03676,Department 751,Manual,Order - 1742,Sales order,Main
Order - 1926,CUST - 036,Customer 36,US,External,1511.24,USD,ST - Services / Tooling,Company 2,NULL,NULL,Create Sales Order,2024-11-20 17:25:52.000,USER - 03676,Department 751,Manual,Order - 1926,Sales order,Main
Order - 1827,CUST - 079,Customer 79,GB,External,5445,GBP,ST - Services / Tooling,Company 3,NULL,NULL,Create Sales Order,2024-10-30 10:29:51.000,USER - 03676,Department 751,Manual,Order - 1827,Sales order,Main
Order - 0161,CUST - 011,Customer 11,DE,External,48960,EUR,SO - Standard Order,Company 1,NULL,NULL,Create Sales Order,2023-08-17 12:58:28.000,USER - 03676,Department 751,Manual,Order - 0161,Sales order,Main
Order - 0162,CUST - 011,Customer 11,DE,External,29451.77,EUR,SO - Standard Order,Company 1,NULL,NULL,Create Sales Order,2023-08-17 13:03:56.000,USER - 03676,Department 751,Manual,Order - 0162,Sales order,Main
Order - 1935,CUST - 011,Customer 11,DE,External,20780.2,EUR,SO - Standard Order,Company 1,NULL,NULL,Create Sales Order,2024-11-21 11:22:46.000,USER - 03676,Department 751,Manual,Order - 1935,Sales order,Main
Order - 0338,CUST - 011,Customer 11,DE,External,48960,EUR,SO - Standard Order,Company 1,NULL,NULL,Create Sales Order,2023-11-16 12:24:00.000,USER - 03676,Department 751,Manual,Order - 0338,Sales order,Main
Order - 0339,CUST - 011,Customer 11,DE,External,14243.94,EUR,SO - Standard Order,Company 1,NULL,NULL,Create Sales Order,2023-11-16 12:25:48.000,USER - 03676,Department 751,Manual,Order - 0339,Sales order,Main
Order - 0340,CUST - 011,Customer 11,DE,External,1200.24,EUR,SO - Standard Order,Company 1,NULL,NULL,Create Sales Order,2023-11-16 15:26:41.000,USER - 03676,Department 751,Manual,Order - 0340,Sales order,Main
Order - 0341,CUST - 011,Customer 11,DE,External,48960,EUR,SO - Standard Order,Company 1,NULL,NULL,Create Sales Order,2023-11-17 08:44:55.000,USER - 03676,Department 751,Manual,Order - 0341,Sales order,Main
Order - 1769,CUST - 002,Customer 2,SK,External,1436.16,EUR,ST - Services / Tooling,Company 1,NULL,NULL,Create Sales Order,2024-10-22 11:37:12.000,USER - 03676,Department 751,Manual,Order - 1769,Sales order,Main
Order - 1371,CUST - 014,Customer 14,DE,External,70400,EUR,ST - Services / Tooling,Company 1,NULL,NULL,Create Sales Order,2024-07-09 14:56:30.000,USER - 03676,Department 751,Manual,Order - 1371,Sales order,Main
Order - 1678,CUST - 026,Customer 26,DE,External,39450.53,EUR,ST - Services / Tooling,Company 1,NULL,NULL,Create Sales Order,2024-09-27 11:02:20.000,USER - 03676,Department 751,Manual,Order - 1678,Sales order,Main
Order - 1750,CUST - 026,Customer 26,DE,External,41458,EUR,ST - Services / Tooling,Company 1,NULL,NULL,Create Sales Order,2024-10-15 15:20:03.000,USER - 03676,Department 751,Manual,Order - 1750,Sales order,Main
Order - 1758,CUST - 026,Customer 26,DE,External,39384.39,EUR,ST - Services / Tooling,Company 1,NULL,NULL,Create Sales Order,2024-10-17 15:29:24.000,USER - 03676,Department 751,Manual,Order - 1758,Sales order,Main
Order - 1938,CUST - 026,Customer 26,DE,External,41032.83,EUR,SC - Scrap Sales,Company 1,NULL,NULL,Create Sales Order,2024-11-21 15:01:13.000,USER - 03676,Department 751,Manual,Order - 1938,Sales order,Main
Order - 1631,CUST - 038,Customer 38,US,External,344.29,USD,ST - Services / Tooling,Company 2,NULL,NULL,Create Sales Order,2024-09-17 20:37:25.000,USER - 02130,Department 2222,Manual,Order - 1631,Sales order,Main
Order - 1639,CUST - 038,Customer 38,US,External,1182.81,USD,ST - Services / Tooling,Company 2,NULL,NULL,Create Sales Order,2024-09-17 23:02:08.000,USER - 02130,Department 2222,Manual,Order - 1639,Sales order,Main
Order - 1375,CUST - 038,Customer 38,US,External,362.97,USD,ST - Services / Tooling,Company 2,NULL,NULL,Create Sales Order,2024-07-09 22:46:13.000,USER - 02130,Department 2222,Manual,Order - 1375,Sales order,Main
Order - 1475,CUST - 036,Customer 36,US,External,914.75,USD,ST - Services / Tooling,Company 2,NULL,NULL,Create Sales Order,2024-07-31 17:04:11.000,USER - 02130,Department 2222,Manual,Order - 1475,Sales order,Main
Order - 1478,CUST - 036,Customer 36,US,External,5623.76,USD,ST - Services / Tooling,Company 2,NULL,NULL,Create Sales Order,2024-07-31 17:37:55.000,USER - 02130,Department 2222,Manual,Order - 1478,Sales order,Main
Order - 1534,CUST - 036,Customer 36,US,External,2979.43,USD,ST - Services / Tooling,Company 2,NULL,NULL,Create Sales Order,2024-08-21 19:12:35.000,USER - 02130,Department 2222,Manual,Order - 1534,Sales order,Main
Order - 1540,CUST - 036,Customer 36,US,External,7676.8,USD,ST - Services / Tooling,Company 2,NULL,NULL,Create Sales Order,2024-08-21 20:13:18.000,USER - 02130,Department 2222,Manual,Order - 1540,Sales order,Main
Order - 1541,CUST - 036,Customer 36,US,External,1513.66,USD,ST - Services / Tooling,Company 2,NULL,NULL,Create Sales Order,2024-08-21 20:37:14.000,USER - 02130,Department 2222,Manual,Order - 1541,Sales order,Main
Order - 1542,CUST - 036,Customer 36,US,External,1100,USD,ST - Services / Tooling,Company 2,NULL,NULL,Create Sales Order,2024-08-21 22:10:57.000,USER - 02130,Department 2222,Manual,Order - 1542,Sales order,Main
Order - 1543,CUST - 036,Customer 36,US,External,4196.3,USD,ST - Services / Tooling,Company 2,NULL,NULL,Create Sales Order,2024-08-21 22:51:13.000,USER - 02130,Department 2222,Manual,Order - 1543,Sales order,Main
Order - 1544,CUST - 036,Customer 36,US,External,2133.68,USD,ST - Services / Tooling,Company 2,NULL,NULL,Create Sales Order,2024-08-21 23:08:32.000,USER - 02130,Department 2222,Manual,Order - 1544,Sales order,Main
Order - 1545,CUST - 036,Customer 36,US,External,840.46,USD,ST - Services / Tooling,Company 2,NULL,NULL,Create Sales Order,2024-08-21 23:16:16.000,USER - 02130,Department 2222,Manual,Order - 1545,Sales order,Main
Order - 1546,CUST - 036,Customer 36,US,External,153.87,USD,ST - Services / Tooling,Company 2,NULL,NULL,Create Sales Order,2024-08-21 23:23:55.000,USER - 02130,Department 2222,Manual,Order - 1546,Sales order,Main
Order - 1547,CUST - 036,Customer 36,US,External,488.4,USD,ST - Services / Tooling,Company 2,NULL,NULL,Create Sales Order,2024-08-21 23:30:11.000,USER - 02130,Department 2222,Manual,Order - 1547,Sales order,Main
Order - 1548,CUST - 036,Customer 36,US,External,667.6,USD,ST - Services / Tooling,Company 2,NULL,NULL,Create Sales Order,2024-08-21 23:35:40.000,USER - 02130,Department 2222,Manual,Order - 1548,Sales order,Main
Order - 1549,CUST - 036,Customer 36,US,External,1775.87,USD,ST - Services / Tooling,Company 2,NULL,NULL,Create Sales Order,2024-08-21 23:52:04.000,USER - 02130,Department 2222,Manual,Order - 1549,Sales order,Main
Order - 1552,CUST - 036,Customer 36,US,External,2032.68,USD,ST - Services / Tooling,Company 2,NULL,NULL,Create Sales Order,2024-08-22 00:09:53.000,USER - 02130,Department 2222,Manual,Order - 1552,Sales order,Main
Order - 1553,CUST - 036,Customer 36,US,External,724.15,USD,ST - Services / Tooling,Company 2,NULL,NULL,Create Sales Order,2024-08-22 00:15:49.000,USER - 02130,Department 2222,Manual,Order - 1553,Sales order,Main
Order - 1559,CUST - 036,Customer 36,US,External,775.39,USD,ST - Services / Tooling,Company 2,NULL,NULL,Create Sales Order,2024-08-27 23:21:37.000,USER - 02130,Department 2222,Manual,Order - 1559,Sales order,Main
Order - 1561,CUST - 036,Customer 36,US,External,8736.1,USD,ST - Services / Tooling,Company 2,NULL,NULL,Create Sales Order,2024-08-27 23:34:20.000,USER - 02130,Department 2222,Manual,Order - 1561,Sales order,Main
Order - 1562,CUST - 036,Customer 36,US,External,1652.71,USD,ST - Services / Tooling,Company 2,NULL,NULL,Create Sales Order,2024-08-27 23:41:25.000,USER - 02130,Department 2222,Manual,Order - 1562,Sales order,Main
Order - 1565,CUST - 036,Customer 36,US,External,1578.14,USD,ST - Services / Tooling,Company 2,NULL,NULL,Create Sales Order,2024-08-28 00:10:48.000,USER - 02130,Department 2222,Manual,Order - 1565,Sales order,Main
Order - 1091,CUST - 036,Customer 36,US,External,4209.13,USD,ST - Services / Tooling,Company 2,NULL,NULL,Create Sales Order,2024-04-30 22:01:28.000,USER - 02130,Department 2222,Manual,Order - 1091,Sales order,Main
Order - 1268,CUST - 011,Customer 11,DE,External,25653.5,EUR,SO - Standard Order,Company 1,NULL,NULL,Create Sales Order,2024-06-13 13:29:05.000,USER - 03676,Department 751,Manual,Order - 1268,Sales order,Main
Order - 1269,CUST - 011,Customer 11,DE,External,13680.24,EUR,SO - Standard Order,Company 1,NULL,NULL,Create Sales Order,2024-06-17 13:44:29.000,USER - 03676,Department 751,Manual,Order - 1269,Sales order,Main
Order - 1756,CUST - 011,Customer 11,DE,External,17480.66,EUR,SO - Standard Order,Company 1,NULL,NULL,Create Sales Order,2024-10-17 11:44:44.000,USER - 03676,Department 751,Manual,Order - 1756,Sales order,Main
Order - 1757,CUST - 011,Customer 11,DE,External,38781.02,EUR,SO - Standard Order,Company 1,NULL,NULL,Create Sales Order,2024-10-17 11:49:07.000,USER - 03676,Department 751,Manual,Order - 1757,Sales order,Main
Order - 1770,CUST - 011,Customer 11,DE,External,34555,EUR,SO - Standard Order,Company 1,NULL,NULL,Create Sales Order,2024-10-22 11:43:04.000,USER - 03676,Department 751,Manual,Order - 1770,Sales order,Main
Order - 1282,CUST - 011,Customer 11,DE,External,20561.18,EUR,SO - Standard Order,Company 1,NULL,NULL,Create Sales Order,2024-06-19 15:28:40.000,USER - 03676,Department 751,Manual,Order - 1282,Sales order,Main
Order - 1283,CUST - 011,Customer 11,DE,External,29386.92,EUR,SO - Standard Order,Company 1,NULL,NULL,Create Sales Order,2024-06-19 15:34:37.000,USER - 03676,Department 751,Manual,Order - 1283,Sales order,Main
Order - 1284,CUST - 011,Customer 11,DE,External,26469.72,EUR,SO - Standard Order,Company 1,NULL,NULL,Create Sales Order,2024-06-19 15:37:16.000,USER - 03676,Department 751,Manual,Order - 1284,Sales order,Main
Order - 1302,CUST - 011,Customer 11,DE,External,18366.48,EUR,SO - Standard Order,Company 1,NULL,NULL,Create Sales Order,2024-06-24 09:56:52.000,USER - 03676,Department 751,Manual,Order - 1302,Sales order,Main
Order - 1303,CUST - 011,Customer 11,DE,External,48960,EUR,SO - Standard Order,Company 1,NULL,NULL,Create Sales Order,2024-06-24 10:01:11.000,USER - 03676,Department 751,Manual,Order - 1303,Sales order,Main
Order - 1304,CUST - 011,Customer 11,DE,External,14873.56,EUR,SO - Standard Order,Company 1,NULL,NULL,Create Sales Order,2024-06-25 11:56:42.000,USER - 03676,Department 751,Manual,Order - 1304,Sales order,Main
Order - 1305,CUST - 011,Customer 11,DE,External,9771.96,EUR,SO - Standard Order,Company 1,NULL,NULL,Create Sales Order,2024-06-25 12:00:48.000,USER - 03676,Department 751,Manual,Order - 1305,Sales order,Main
Order - 1306,CUST - 011,Customer 11,DE,External,8910.8,EUR,SO - Standard Order,Company 1,NULL,NULL,Create Sales Order,2024-06-25 12:03:51.000,USER - 03676,Department 751,Manual,Order - 1306,Sales order,Main
Order - 1309,CUST - 011,Customer 11,DE,External,39153.7,EUR,SO - Standard Order,Company 1,NULL,NULL,Create Sales Order,2024-06-26 11:54:23.000,USER - 03676,Department 751,Manual,Order - 1309,Sales order,Main
Order - 1310,CUST - 011,Customer 11,DE,External,16702.56,EUR,SO - Standard Order,Company 1,NULL,NULL,Create Sales Order,2024-06-26 12:00:44.000,USER - 03676,Department 751,Manual,Order - 1310,Sales order,Main
Order - 1311,CUST - 011,Customer 11,DE,External,48960,EUR,SO - Standard Order,Company 1,NULL,NULL,Create Sales Order,2024-06-27 08:39:50.000,USER - 03676,Department 751,Manual,Order - 1311,Sales order,Main
Order - 0417,CUST - 011,Customer 11,DE,External,48960,EUR,SO - Standard Order,Company 1,NULL,NULL,Create Sales Order,2023-12-04 11:39:04.000,USER - 03676,Department 751,Manual,Order - 0417,Sales order,Main
Order - 0418,CUST - 011,Customer 11,DE,External,15338.64,EUR,SO - Standard Order,Company 1,NULL,NULL,Create Sales Order,2023-12-06 09:13:26.000,USER - 03676,Department 751,Manual,Order - 0418,Sales order,Main
Order - 0419,CUST - 011,Customer 11,DE,External,9771.96,EUR,SO - Standard Order,Company 1,NULL,NULL,Create Sales Order,2023-12-06 09:18:03.000,USER - 03676,Department 751,Manual,Order - 0419,Sales order,Main
Order - 0420,CUST - 011,Customer 11,DE,External,9771.96,EUR,SO - Standard Order,Company 1,NULL,NULL,Create Sales Order,2023-12-06 09:20:29.000,USER - 03676,Department 751,Manual,Order - 0420,Sales order,Main
Order - 0421,CUST - 011,Customer 11,DE,External,48960,EUR,SO - Standard Order,Company 1,NULL,NULL,Create Sales Order,2023-12-06 11:03:28.000,USER - 03676,Department 751,Manual,Order - 0421,Sales order,Main
Order - 0427,CUST - 011,Customer 11,DE,External,48960,EUR,SO - Standard Order,Company 1,NULL,NULL,Create Sales Order,2023-12-08 11:12:56.000,USER - 03676,Department 751,Manual,Order - 0427,Sales order,Main
Order - 0428,CUST - 011,Customer 11,DE,External,9113.55,EUR,SO - Standard Order,Company 1,NULL,NULL,Create Sales Order,2023-12-08 11:15:56.000,USER - 03676,Department 751,Manual,Order - 0428,Sales order,Main
Order - 0912,CUST - 011,Customer 11,DE,External,13897.08,EUR,SO - Standard Order,Company 1,NULL,NULL,Create Sales Order,2024-03-21 16:47:17.000,USER - 03676,Department 751,Manual,Order - 0912,Sales order,Main
Order - 1228,CUST - 036,Customer 36,US,External,1941.05,USD,ST - Services / Tooling,Company 2,NULL,NULL,Create Sales Order,2024-06-04 22:12:02.000,USER - 02130,Department 2222,Manual,Order - 1228,Sales order,Main
Order - 1229,CUST - 036,Customer 36,US,External,2786.99,USD,ST - Services / Tooling,Company 2,NULL,NULL,Create Sales Order,2024-06-04 22:29:59.000,USER - 02130,Department 2222,Manual,Order - 1229,Sales order,Main
Order - 1698,CUST - 036,Customer 36,US,External,1107.87,USD,ST - Services / Tooling,Company 2,NULL,NULL,Create Sales Order,2024-10-04 17:41:44.000,USER - 02130,Department 2222,Manual,Order - 1698,Sales order,Main
Order - 1660,CUST - 036,Customer 36,US,External,1256.79,USD,ST - Services / Tooling,Company 2,NULL,NULL,Create Sales Order,2024-09-25 00:34:46.000,USER - 02130,Department 2222,Manual,Order - 1660,Sales order,Main
Order - 1650,CUST - 036,Customer 36,US,External,799.01,USD,ST - Services / Tooling,Company 2,NULL,NULL,Create Sales Order,2024-09-24 19:13:04.000,USER - 02130,Department 2222,Manual,Order - 1650,Sales order,Main
Order - 1652,CUST - 036,Customer 36,US,External,2032.84,USD,ST - Services / Tooling,Company 2,NULL,NULL,Create Sales Order,2024-09-24 19:26:50.000,USER - 02130,Department 2222,Manual,Order - 1652,Sales order,Main
Order - 1583,CUST - 036,Customer 36,US,External,539.46,USD,ST - Services / Tooling,Company 2,NULL,NULL,Create Sales Order,2024-09-03 19:36:26.000,USER - 02130,Department 2222,Manual,Order - 1583,Sales order,Main
Order - 1589,CUST - 036,Customer 36,US,External,1781.63,USD,ST - Services / Tooling,Company 2,NULL,NULL,Create Sales Order,2024-09-03 22:22:31.000,USER - 02130,Department 2222,Manual,Order - 1589,Sales order,Main
Order - 1590,CUST - 036,Customer 36,US,External,769.41,USD,ST - Services / Tooling,Company 2,NULL,NULL,Create Sales Order,2024-09-03 22:30:25.000,USER - 02130,Department 2222,Manual,Order - 1590,Sales order,Main
Order - 1592,CUST - 036,Customer 36,US,External,543.91,USD,ST - Services / Tooling,Company 2,NULL,NULL,Create Sales Order,2024-09-03 22:46:20.000,USER - 02130,Department 2222,Manual,Order - 1592,Sales order,Main
Order - 1609,CUST - 036,Customer 36,US,External,170.38,USD,ST - Services / Tooling,Company 2,NULL,NULL,Create Sales Order,2024-09-11 18:06:26.000,USER - 02130,Department 2222,Manual,Order - 1609,Sales order,Main
Order - 1613,CUST - 036,Customer 36,US,External,1775.9,USD,ST - Services / Tooling,Company 2,NULL,NULL,Create Sales Order,2024-09-11 18:32:59.000,USER - 02130,Department 2222,Manual,Order - 1613,Sales order,Main
Order - 1743,CUST - 036,Customer 36,US,External,484.72,USD,ST - Services / Tooling,Company 2,NULL,NULL,Create Sales Order,2024-10-14 21:43:34.000,USER - 02130,Department 2222,Manual,Order - 1743,Sales order,Main
Order - 1746,CUST - 036,Customer 36,US,External,1176.26,USD,ST - Services / Tooling,Company 2,NULL,NULL,Create Sales Order,2024-10-14 22:10:22.000,USER - 02130,Department 2222,Manual,Order - 1746,Sales order,Main
Order - 1632,CUST - 036,Customer 36,US,External,1480.28,USD,ST - Services / Tooling,Company 2,NULL,NULL,Create Sales Order,2024-09-17 20:43:35.000,USER - 02130,Department 2222,Manual,Order - 1632,Sales order,Main
Order - 1633,CUST - 036,Customer 36,US,External,724.18,USD,ST - Services / Tooling,Company 2,NULL,NULL,Create Sales Order,2024-09-17 20:50:21.000,USER - 02130,Department 2222,Manual,Order - 1633,Sales order,Main
Order - 1634,CUST - 036,Customer 36,US,External,121.49,USD,ST - Services / Tooling,Company 2,NULL,NULL,Create Sales Order,2024-09-17 22:29:00.000,USER - 02130,Department 2222,Manual,Order - 1634,Sales order,Main
Order - 1635,CUST - 036,Customer 36,US,External,687.09,USD,ST - Services / Tooling,Company 2,NULL,NULL,Create Sales Order,2024-09-17 22:35:11.000,USER - 02130,Department 2222,Manual,Order - 1635,Sales order,Main
Order - 1636,CUST - 036,Customer 36,US,External,1006.89,USD,ST - Services / Tooling,Company 2,NULL,NULL,Create Sales Order,2024-09-17 22:41:22.000,USER - 02130,Department 2222,Manual,Order - 1636,Sales order,Main
Order - 1637,CUST - 036,Customer 36,US,External,768.99,USD,ST - Services / Tooling,Company 2,NULL,NULL,Create Sales Order,2024-09-17 22:47:57.000,USER - 02130,Department 2222,Manual,Order - 1637,Sales order,Main
Order - 1638,CUST - 036,Customer 36,US,External,899.74,USD,ST - Services / Tooling,Company 2,NULL,NULL,Create Sales Order,2024-09-17 22:54:48.000,USER - 02130,Department 2222,Manual,Order - 1638,Sales order,Main
Order - 1643,CUST - 036,Customer 36,US,External,117.89,USD,ST - Services / Tooling,Company 2,NULL,NULL,Create Sales Order,2024-09-17 23:29:29.000,USER - 02130,Department 2222,Manual,Order - 1643,Sales order,Main
Order - 1884,CUST - 011,Customer 11,DE,External,18366.48,EUR,SO - Standard Order,Company 1,NULL,NULL,Create Sales Order,2024-11-12 13:29:35.000,USER - 02130,Department 2222,Manual,Order - 1884,Sales order,Main
Order - 1828,CUST - 077,Customer 77,GB,External,10577,GBP,ST - Services / Tooling,Company 3,NULL,NULL,Create Sales Order,2024-10-30 10:32:32.000,USER - 01037,Department 2177,Manual,Order - 1828,Sales order,Main
Order - 1829,CUST - 077,Customer 77,GB,External,4826,GBP,ST - Services / Tooling,Company 3,NULL,NULL,Create Sales Order,2024-10-30 10:35:23.000,USER - 01037,Department 2177,Manual,Order - 1829,Sales order,Main
Order - 1830,CUST - 077,Customer 77,GB,External,10577,GBP,ST - Services / Tooling,Company 3,NULL,NULL,Create Sales Order,2024-10-30 10:39:15.000,USER - 01037,Department 2177,Manual,Order - 1830,Sales order,Main
Order - 1798,CUST - 062,Customer 62,JP,External,0,USD,SO - Standard Order,Company 4,NULL,NULL,Create Sales Order,2024-10-24 12:37:18.000,USER - 01037,Department 2177,Manual,Order - 1798,Sales order,Main
Order - 1799,CUST - 062,Customer 62,JP,External,0,USD,SO - Standard Order,Company 4,NULL,NULL,Create Sales Order,2024-10-24 12:37:18.000,USER - 01037,Department 2177,Manual,Order - 1799,Sales order,Main
Order - 1851,CUST - 020,Customer 20,ES,External,65000,EUR,ST - Services / Tooling,Company 1,NULL,NULL,Create Sales Order,2024-10-30 19:17:01.000,USER - 01037,Department 2177,Manual,Order - 1851,Sales order,Main
Order - 1848,CUST - 010,Customer 10,DE,External,46600,EUR,ST - Services / Tooling,Company 1,NULL,NULL,Create Sales Order,2024-10-30 18:57:05.000,USER - 01037,Department 2177,Manual,Order - 1848,Sales order,Main
Order - 1800,CUST - 028,Customer 28,DE,External,49000,EUR,ST - Services / Tooling,Company 1,NULL,NULL,Create Sales Order,2024-10-24 14:45:36.000,USER - 01037,Department 2177,Manual,Order - 1800,Sales order,Main
Order - 1808,CUST - 028,Customer 28,DE,External,80000,EUR,FA - Fixed Asset Sale,Company 1,NULL,NULL,Create Sales Order,2024-10-25 12:22:10.000,USER - 01037,Department 2177,Manual,Order - 1808,Sales order,Main
Order - 1842,CUST - 037,Customer 37,US,External,1588.38,USD,ST - Services / Tooling,Company 2,NULL,NULL,Create Sales Order,2024-10-30 18:19:15.000,USER - 01037,Department 2177,Manual,Order - 1842,Sales order,Main
Order - 1843,CUST - 037,Customer 37,US,External,2297.08,USD,ST - Services / Tooling,Company 2,NULL,NULL,Create Sales Order,2024-10-30 18:25:52.000,USER - 01037,Department 2177,Manual,Order - 1843,Sales order,Main
Order - 1844,CUST - 037,Customer 37,US,External,591.5,USD,ST - Services / Tooling,Company 2,NULL,NULL,Create Sales Order,2024-10-30 18:31:55.000,USER - 01037,Department 2177,Manual,Order - 1844,Sales order,Main
Order - 1809,CUST - 013,Customer 13,MX,Internal,582.2,EUR,SO - Standard Order,Company 1,NULL,X,Create Sales Order,2024-10-28 10:56:41.000,USER - 01037,Department 2177,Manual,Order - 1809,Sales order,Main
Order - 1847,CUST - 034,Customer 34,US,External,729,USD,ST - Services / Tooling,Company 2,NULL,NULL,Create Sales Order,2024-10-30 18:59:33.000,USER - 01037,Department 2177,Manual,Order - 1847,Sales order,Main
Order - 1853,CUST - 034,Customer 34,US,External,165.8,USD,ST - Services / Tooling,Company 2,NULL,NULL,Create Sales Order,2024-10-30 21:14:53.000,USER - 01037,Department 2177,Manual,Order - 1853,Sales order,Main
Order - 1805,CUST - 011,Customer 11,DE,External,48960,EUR,SO - Standard Order,Company 1,NULL,NULL,Create Sales Order,2024-10-25 11:44:34.000,USER - 01037,Department 2177,Manual,Order - 1805,Sales order,Main
Order - 1806,CUST - 011,Customer 11,DE,External,31130.8,EUR,SO - Standard Order,Company 1,NULL,NULL,Create Sales Order,2024-10-25 11:49:43.000,USER - 01037,Department 2177,Manual,Order - 1806,Sales order,Main
Order - 1845,CUST - 036,Customer 36,US,External,593.49,USD,ST - Services / Tooling,Company 2,NULL,NULL,Create Sales Order,2024-10-30 18:43:21.000,USER - 01037,Department 2177,Manual,Order - 1845,Sales order,Main
Order - 1846,CUST - 036,Customer 36,US,External,3123.77,USD,ST - Services / Tooling,Company 2,NULL,NULL,Create Sales Order,2024-10-30 18:50:29.000,USER - 01037,Department 2177,Manual,Order - 1846,Sales order,Main
Order - 1849,CUST - 036,Customer 36,US,External,898.09,USD,ST - Services / Tooling,Company 2,NULL,NULL,Create Sales Order,2024-10-30 19:07:37.000,USER - 01037,Department 2177,Manual,Order - 1849,Sales order,Main
Order - 1850,CUST - 036,Customer 36,US,External,528.68,USD,ST - Services / Tooling,Company 2,NULL,NULL,Create Sales Order,2024-10-30 19:15:39.000,USER - 01037,Department 2177,Manual,Order - 1850,Sales order,Main
Order - 1852,CUST - 036,Customer 36,US,External,1775.89,USD,ST - Services / Tooling,Company 2,NULL,NULL,Create Sales Order,2024-10-30 20:58:43.000,USER - 01037,Department 2177,Manual,Order - 1852,Sales order,Main
Order - 1873,CUST - 034,Customer 34,US,External,354.45,USD,ST - Services / Tooling,Company 2,NULL,NULL,Create Sales Order,2024-11-05 18:15:02.000,USER - 01037,Department 2177,Manual,Order - 1873,Sales order,Main
Order - 0220,CUST - 026,Customer 26,DE,External,33757.36,EUR,ST - Services / Tooling,Company 1,NULL,NULL,Create Sales Order,2023-09-14 08:33:41.000,USER - 10897,Department 2178,Manual,Order - 0220,Sales order,Main
Order - 0229,CUST - 026,Customer 26,DE,External,29556.84,EUR,ST - Services / Tooling,Company 1,NULL,NULL,Create Sales Order,2023-09-19 21:22:44.000,USER - 10897,Department 2178,Manual,Order - 0229,Sales order,Main
Order - 0230,CUST - 026,Customer 26,DE,External,32603.56,EUR,ST - Services / Tooling,Company 1,NULL,NULL,Create Sales Order,2023-09-19 21:26:09.000,USER - 10897,Department 2178,Manual,Order - 0230,Sales order,Main
Order - 1214,CUST - 009,Customer 9,PL,External,500,PLN,ST - Services / Tooling,Company 1,NULL,NULL,Create Sales Order,2024-05-31 10:19:07.000,USER - 10897,Department 2178,Manual,Order - 1214,Sales order,Main
Order - 0945,CUST - 009,Customer 9,PL,External,500,PLN,ST - Services / Tooling,Company 1,NULL,NULL,Create Sales Order,2024-03-29 09:09:37.000,USER - 10897,Department 2178,Manual,Order - 0945,Sales order,Main
Order - 1451,CUST - 009,Customer 9,PL,External,500,PLN,ST - Services / Tooling,Company 1,NULL,NULL,Create Sales Order,2024-07-30 17:08:19.000,USER - 10897,Department 2178,Manual,Order - 1451,Sales order,Main
Order - 1073,CUST - 009,Customer 9,PL,External,500,PLN,ST - Services / Tooling,Company 1,NULL,NULL,Create Sales Order,2024-04-30 15:43:13.000,USER - 10897,Department 2178,Manual,Order - 1073,Sales order,Main
Order - 0817,CUST - 009,Customer 9,PL,External,500,PLN,ST - Services / Tooling,Company 1,NULL,NULL,Create Sales Order,2024-03-01 10:22:32.000,USER - 10897,Department 2178,Manual,Order - 0817,Sales order,Main
Order - 1313,CUST - 009,Customer 9,PL,External,500,PLN,ST - Services / Tooling,Company 1,NULL,NULL,Create Sales Order,2024-06-27 13:52:18.000,USER - 10897,Department 2178,Manual,Order - 1313,Sales order,Main
Order - 1166,CUST - 010,Customer 10,DE,External,5704.14,EUR,ST - Services / Tooling,Company 1,NULL,NULL,Create Sales Order,2024-05-20 11:27:23.000,USER - 10897,Department 2178,Manual,Order - 1166,Sales order,Main
Order - 1168,CUST - 010,Customer 10,DE,External,5698.38,EUR,ST - Services / Tooling,Company 1,NULL,NULL,Create Sales Order,2024-05-21 08:38:23.000,USER - 10897,Department 2178,Manual,Order - 1168,Sales order,Main
Order - 1374,CUST - 010,Customer 10,DE,External,310000,EUR,ST - Services / Tooling,Company 1,NULL,X,Create Sales Order,2024-07-09 16:07:32.000,USER - 10897,Department 2178,Manual,Order - 1374,Sales order,Main
Order - 1383,CUST - 010,Customer 10,DE,External,7200,EUR,ST - Services / Tooling,Company 1,NULL,NULL,Create Sales Order,2024-07-10 09:41:55.000,USER - 10897,Department 2178,Manual,Order - 1383,Sales order,Main
Order - 1384,CUST - 010,Customer 10,DE,External,52000,EUR,ST - Services / Tooling,Company 1,NULL,X,Create Sales Order,2024-07-10 09:49:48.000,USER - 10897,Department 2178,Manual,Order - 1384,Sales order,Main
Order - 1389,CUST - 010,Customer 10,DE,External,310000,EUR,ST - Services / Tooling,Company 1,NULL,NULL,Create Sales Order,2024-07-10 13:25:13.000,USER - 10897,Department 2178,Manual,Order - 1389,Sales order,Main
Order - 1390,CUST - 010,Customer 10,DE,External,82000,EUR,ST - Services / Tooling,Company 1,NULL,NULL,Create Sales Order,2024-07-10 14:36:49.000,USER - 10897,Department 2178,Manual,Order - 1390,Sales order,Main
Order - 1397,CUST - 010,Customer 10,DE,External,2962.44,EUR,ST - Services / Tooling,Company 1,NULL,NULL,Create Sales Order,2024-07-16 16:00:53.000,USER - 10897,Department 2178,Manual,Order - 1397,Sales order,Main
Order - 1570,CUST - 010,Customer 10,DE,External,35500,EUR,ST - Services / Tooling,Company 1,NULL,NULL,Create Sales Order,2024-08-28 20:57:58.000,USER - 10897,Department 2178,Manual,Order - 1570,Sales order,Main
Order - 1604,CUST - 010,Customer 10,DE,External,4047.48,EUR,ST - Services / Tooling,Company 1,NULL,NULL,Create Sales Order,2024-09-09 11:01:44.000,USER - 10897,Department 2178,Manual,Order - 1604,Sales order,Main
Order - 1694,CUST - 010,Customer 10,DE,External,5500,EUR,ST - Services / Tooling,Company 1,NULL,NULL,Create Sales Order,2024-10-04 13:41:51.000,USER - 10897,Department 2178,Manual,Order - 1694,Sales order,Main
Order - 0307,CUST - 009,Customer 9,PL,External,500,PLN,ST - Services / Tooling,Company 1,NULL,NULL,Create Sales Order,2023-10-31 10:45:37.000,USER - 10897,Department 2178,Manual,Order - 0307,Sales order,Main
Order - 0130,CUST - 009,Customer 9,PL,External,500,PLN,ST - Services / Tooling,Company 1,NULL,NULL,Create Sales Order,2023-07-31 15:53:28.000,USER - 10897,Department 2178,Manual,Order - 0130,Sales order,Main
Order - 0082,CUST - 009,Customer 9,PL,External,500,PLN,ST - Services / Tooling,Company 1,NULL,NULL,Create Sales Order,2023-06-30 18:50:07.000,USER - 10897,Department 2178,Manual,Order - 0082,Sales order,Main
Order - 1308,CUST - 005,Customer 5,DE,Internal,3643.5,EUR,SO - Standard Order,Company 1,NULL,NULL,Create Sales Order,2024-06-25 16:33:13.000,USER - 00934,Department 486,Manual,Order - 1308,Sales order,Main
Order - 1312,CUST - 005,Customer 5,DE,Internal,7287,EUR,SO - Standard Order,Company 1,NULL,NULL,Create Sales Order,2024-06-27 12:20:30.000,USER - 00934,Department 486,Manual,Order - 1312,Sales order,Main
Order - 0337,CUST - 005,Customer 5,DE,Internal,175,EUR,SO - Standard Order,Company 1,NULL,NULL,Create Sales Order,2023-11-16 11:41:29.000,USER - 00934,Department 486,Manual,Order - 0337,Sales order,Main
Order - 0841,CUST - 005,Customer 5,DE,Internal,27953.1,EUR,SO - Standard Order,Company 1,NULL,NULL,Create Sales Order,2024-03-07 14:40:27.000,USER - 00934,Department 486,Manual,Order - 0841,Sales order,Main
Order - 0854,CUST - 005,Customer 5,DE,Internal,8460,EUR,SO - Standard Order,Company 1,NULL,NULL,Create Sales Order,2024-03-15 11:00:55.000,USER - 00934,Department 486,Manual,Order - 0854,Sales order,Main
Order - 0911,CUST - 005,Customer 5,DE,Internal,954.8,EUR,SO - Standard Order,Company 1,NULL,NULL,Create Sales Order,2024-03-21 10:20:43.000,USER - 00934,Department 486,Manual,Order - 0911,Sales order,Main
Order - 0942,CUST - 056,Customer 56,RS,External,6179.58,EUR,SO - Standard Order,Company 1,NULL,NULL,Create Sales Order,2024-03-28 15:31:01.000,USER - 00934,Department 486,Manual,Order - 0942,Sales order,Main
Order - 1401,CUST - 007,Customer 7,US,Internal,570,EUR,SO - Standard Order,Company 1,NULL,X,Create Sales Order,2024-07-17 16:02:09.000,USER - 00934,Department 486,Manual,Order - 1401,Sales order,Main
Order - 0296,CUST - 007,Customer 7,US,Internal,388.8,EUR,SO - Standard Order,Company 1,NULL,NULL,Create Sales Order,2023-10-24 16:33:11.000,USER - 00934,Department 486,Manual,Order - 0296,Sales order,Main
Order - 1823,CUST - 057,Customer 57,PL,External,2369.45,EUR,SC - Scrap Sales,Company 1,NULL,NULL,Create Sales Order,2024-10-29 20:46:48.000,USER - 00934,Department 486,Manual,Order - 1823,Sales order,Main
Order - 1936,CUST - 057,Customer 57,PL,External,2852.13,EUR,SC - Scrap Sales,Company 1,NULL,NULL,Create Sales Order,2024-11-21 14:55:53.000,USER - 00934,Department 486,Manual,Order - 1936,Sales order,Main
Order - 1768,CUST - 011,Customer 11,DE,External,14134.8,EUR,SO - Standard Order,Company 1,NULL,NULL,Create Sales Order,2024-10-22 11:34:26.000,USER - 00934,Department 486,Manual,Order - 1768,Sales order,Main
Order - 0655,CUST - 002,Customer 2,SK,External,10879.44,EUR,SO - Standard Order,Company 1,NULL,NULL,Create Sales Order,2024-01-31 14:03:48.000,USER - 00934,Department 486,Manual,Order - 0655,Sales order,Main
Order - 1822,CUST - 026,Customer 26,DE,External,40427.5,EUR,SC - Scrap Sales,Company 1,NULL,NULL,Create Sales Order,2024-10-29 20:44:44.000,USER - 00934,Department 486,Manual,Order - 1822,Sales order,Main
Order - 1892,CUST - 036,Customer 36,US,External,852.11,USD,ST - Services / Tooling,Company 2,NULL,NULL,Create Sales Order,2024-11-12 19:36:01.000,USER - 00934,Department 486,Manual,Order - 1892,Sales order,Main
Order - 1879,CUST - 055,Customer 55,DE,Internal,500,EUR,ST - Services / Tooling,Company 1,NULL,NULL,Create Sales Order,2024-11-07 13:40:49.000,USER - 00934,Department 486,Manual,Order - 1879,Sales order,Main
Order - 1361,CUST - 034,Customer 34,US,External,1331.8,USD,ST - Services / Tooling,Company 2,NULL,NULL,Create Sales Order,2024-07-02 23:05:55.000,USER - 02130,Department 2222,Manual,Order - 1361,Sales order,Main
Order - 1490,CUST - 034,Customer 34,US,External,556.85,USD,ST - Services / Tooling,Company 2,NULL,NULL,Create Sales Order,2024-08-07 20:31:19.000,USER - 02130,Department 2222,Manual,Order - 1490,Sales order,Main
Order - 1345,CUST - 034,Customer 34,US,External,319.8,USD,ST - Services / Tooling,Company 2,NULL,NULL,Create Sales Order,2024-07-02 21:02:47.000,USER - 02130,Department 2222,Manual,Order - 1345,Sales order,Main
Order - 1883,CUST - 034,Customer 34,US,External,591.5,USD,ST - Services / Tooling,Company 2,NULL,NULL,Create Sales Order,2024-11-11 20:08:53.000,USER - 02130,Department 2222,Manual,Order - 1883,Sales order,Main
Order - 1890,CUST - 034,Customer 34,US,External,2137,USD,ST - Services / Tooling,Company 2,NULL,NULL,Create Sales Order,2024-11-12 19:23:55.000,USER - 02130,Department 2222,Manual,Order - 1890,Sales order,Main
Order - 1641,CUST - 034,Customer 34,US,External,271.95,USD,ST - Services / Tooling,Company 2,NULL,NULL,Create Sales Order,2024-09-17 23:16:57.000,USER - 02130,Department 2222,Manual,Order - 1641,Sales order,Main
Order - 1642,CUST - 034,Customer 34,US,External,308.25,USD,ST - Services / Tooling,Company 2,NULL,NULL,Create Sales Order,2024-09-17 23:22:14.000,USER - 02130,Department 2222,Manual,Order - 1642,Sales order,Main
Order - 1651,CUST - 034,Customer 34,US,External,799.4,USD,ST - Services / Tooling,Company 2,NULL,NULL,Create Sales Order,2024-09-24 19:19:43.000,USER - 02130,Department 2222,Manual,Order - 1651,Sales order,Main
Order - 1654,CUST - 034,Customer 34,US,External,1158.55,USD,ST - Services / Tooling,Company 2,NULL,NULL,Create Sales Order,2024-09-24 19:38:07.000,USER - 02130,Department 2222,Manual,Order - 1654,Sales order,Main
Order - 1586,CUST - 034,Customer 34,US,External,765.85,USD,ST - Services / Tooling,Company 2,NULL,NULL,Create Sales Order,2024-09-03 22:01:10.000,USER - 02130,Department 2222,Manual,Order - 1586,Sales order,Main
Order - 1588,CUST - 034,Customer 34,US,External,319.8,USD,ST - Services / Tooling,Company 2,NULL,NULL,Create Sales Order,2024-09-03 22:16:18.000,USER - 02130,Department 2222,Manual,Order - 1588,Sales order,Main
Order - 1591,CUST - 034,Customer 34,US,External,909.4,USD,ST - Services / Tooling,Company 2,NULL,NULL,Create Sales Order,2024-09-03 22:39:37.000,USER - 02130,Department 2222,Manual,Order - 1591,Sales order,Main
Order - 1593,CUST - 034,Customer 34,US,External,588.2,USD,ST - Services / Tooling,Company 2,NULL,NULL,Create Sales Order,2024-09-03 22:52:55.000,USER - 02130,Department 2222,Manual,Order - 1593,Sales order,Main
Order - 1594,CUST - 034,Customer 34,US,External,290.65,USD,ST - Services / Tooling,Company 2,NULL,NULL,Create Sales Order,2024-09-03 22:59:14.000,USER - 02130,Department 2222,Manual,Order - 1594,Sales order,Main
Order - 1595,CUST - 034,Customer 34,US,External,319.8,USD,ST - Services / Tooling,Company 2,NULL,NULL,Create Sales Order,2024-09-03 23:15:18.000,USER - 02130,Department 2222,Manual,Order - 1595,Sales order,Main
Order - 1610,CUST - 034,Customer 34,US,External,765.85,USD,ST - Services / Tooling,Company 2,NULL,NULL,Create Sales Order,2024-09-11 18:12:06.000,USER - 02130,Department 2222,Manual,Order - 1610,Sales order,Main
Order - 1787,CUST - 034,Customer 34,US,External,1060.65,USD,ST - Services / Tooling,Company 2,NULL,NULL,Create Sales Order,2024-10-22 22:32:17.000,USER - 02130,Department 2222,Manual,Order - 1787,Sales order,Main
Order - 1788,CUST - 034,Customer 34,US,External,518.9,USD,ST - Services / Tooling,Company 2,NULL,NULL,Create Sales Order,2024-10-22 22:40:58.000,USER - 02130,Department 2222,Manual,Order - 1788,Sales order,Main
Order - 1227,CUST - 034,Customer 34,US,External,1331.8,USD,ST - Services / Tooling,Company 2,NULL,NULL,Create Sales Order,2024-06-04 20:21:29.000,USER - 02130,Department 2222,Manual,Order - 1227,Sales order,Main
Order - 0357,CUST - 037,Customer 37,US,External,1879.71,USD,ST - Services / Tooling,Company 2,NULL,NULL,Create Sales Order,2023-11-20 17:12:21.000,USER - 02130,Department 2222,Manual,Order - 0357,Sales order,Main
Order - 0367,CUST - 037,Customer 37,US,External,9067.85,USD,ST - Services / Tooling,Company 2,NULL,NULL,Create Sales Order,2023-11-22 15:33:34.000,USER - 02130,Department 2222,Manual,Order - 0367,Sales order,Main
Order - 0482,CUST - 037,Customer 37,US,External,1020.37,USD,ST - Services / Tooling,Company 2,NULL,NULL,Create Sales Order,2023-12-15 14:05:51.000,USER - 02130,Department 2222,Manual,Order - 0482,Sales order,Main
Order - 0487,CUST - 037,Customer 37,US,External,678.36,USD,ST - Services / Tooling,Company 2,NULL,NULL,Create Sales Order,2023-12-15 15:25:27.000,USER - 02130,Department 2222,Manual,Order - 0487,Sales order,Main
Order - 0277,CUST - 011,Customer 11,DE,External,28866.64,EUR,SO - Standard Order,Company 1,NULL,NULL,Create Sales Order,2023-10-12 13:53:49.000,USER - 03676,Department 751,Manual,Order - 0277,Sales order,Main
Order - 0278,CUST - 011,Customer 11,DE,External,3421.44,EUR,SO - Standard Order,Company 1,NULL,NULL,Create Sales Order,2023-10-12 14:06:14.000,USER - 03676,Department 751,Manual,Order - 0278,Sales order,Main
Order - 0281,CUST - 011,Customer 11,DE,External,9771.96,EUR,SO - Standard Order,Company 1,NULL,NULL,Create Sales Order,2023-10-16 15:36:29.000,USER - 03676,Department 751,Manual,Order - 0281,Sales order,Main
Order - 0282,CUST - 011,Customer 11,DE,External,15501.64,EUR,SO - Standard Order,Company 1,NULL,NULL,Create Sales Order,2023-10-17 08:16:56.000,USER - 03676,Department 751,Manual,Order - 0282,Sales order,Main
Order - 0284,CUST - 011,Customer 11,DE,External,48960,EUR,SO - Standard Order,Company 1,NULL,NULL,Create Sales Order,2023-10-19 10:16:37.000,USER - 03676,Department 751,Manual,Order - 0284,Sales order,Main
Order - 0285,CUST - 011,Customer 11,DE,External,36560.78,EUR,SO - Standard Order,Company 1,NULL,NULL,Create Sales Order,2023-10-19 10:25:58.000,USER - 03676,Department 751,Manual,Order - 0285,Sales order,Main
Order - 0288,CUST - 011,Customer 11,DE,External,22506.48,EUR,SO - Standard Order,Company 1,NULL,NULL,Create Sales Order,2023-10-20 11:50:24.000,USER - 03676,Department 751,Manual,Order - 0288,Sales order,Main
Order - 0289,CUST - 011,Customer 11,DE,External,32903.12,EUR,SO - Standard Order,Company 1,NULL,NULL,Create Sales Order,2023-10-20 11:55:11.000,USER - 03676,Department 751,Manual,Order - 0289,Sales order,Main
Order - 0748,CUST - 011,Customer 11,DE,External,24684.92,EUR,SO - Standard Order,Company 1,NULL,NULL,Create Sales Order,2024-02-20 13:04:53.000,USER - 03676,Department 751,Manual,Order - 0748,Sales order,Main
Order - 0749,CUST - 011,Customer 11,DE,External,3317.76,EUR,SO - Standard Order,Company 1,NULL,NULL,Create Sales Order,2024-02-20 14:49:24.000,USER - 03676,Department 751,Manual,Order - 0749,Sales order,Main
Order - 0767,CUST - 011,Customer 11,DE,External,23777.96,EUR,SO - Standard Order,Company 1,NULL,NULL,Create Sales Order,2024-02-21 11:54:37.000,USER - 03676,Department 751,Manual,Order - 0767,Sales order,Main
Order - 0785,CUST - 011,Customer 11,DE,External,48960,EUR,SO - Standard Order,Company 1,NULL,NULL,Create Sales Order,2024-02-22 11:50:02.000,USER - 03676,Department 751,Manual,Order - 0785,Sales order,Main
Order - 0786,CUST - 011,Customer 11,DE,External,39445.08,EUR,SO - Standard Order,Company 1,NULL,NULL,Create Sales Order,2024-02-22 11:53:18.000,USER - 03676,Department 751,Manual,Order - 0786,Sales order,Main
Order - 1244,CUST - 011,Customer 11,DE,External,19532.94,EUR,SO - Standard Order,Company 1,NULL,NULL,Create Sales Order,2024-06-11 11:30:43.000,USER - 03676,Department 751,Manual,Order - 1244,Sales order,Main
Order - 1245,CUST - 011,Customer 11,DE,External,11046.58,EUR,SO - Standard Order,Company 1,NULL,NULL,Create Sales Order,2024-06-11 11:46:52.000,USER - 03676,Department 751,Manual,Order - 1245,Sales order,Main
Order - 1261,CUST - 011,Customer 11,DE,External,48960,EUR,SO - Standard Order,Company 1,NULL,NULL,Create Sales Order,2024-06-12 11:40:42.000,USER - 03676,Department 751,Manual,Order - 1261,Sales order,Main
Order - 1262,CUST - 011,Customer 11,DE,External,26253.48,EUR,SO - Standard Order,Company 1,NULL,NULL,Create Sales Order,2024-06-12 11:42:47.000,USER - 03676,Department 751,Manual,Order - 1262,Sales order,Main
Order - 1263,CUST - 011,Customer 11,DE,External,715.44,EUR,SO - Standard Order,Company 1,NULL,NULL,Create Sales Order,2024-06-12 14:49:15.000,USER - 03676,Department 751,Manual,Order - 1263,Sales order,Main
Order - 0025,CUST - 011,Customer 11,DE,External,13107.6,EUR,SO - Standard Order,Company 1,NULL,NULL,Create Sales Order,2023-05-31 13:17:33.000,USER - 03676,Department 751,Manual,Order - 0025,Sales order,Main
Order - 0026,CUST - 011,Customer 11,DE,External,15573.74,EUR,SO - Standard Order,Company 1,NULL,NULL,Create Sales Order,2023-05-31 13:35:32.000,USER - 03676,Department 751,Manual,Order - 0026,Sales order,Main
Order - 0031,CUST - 011,Customer 11,DE,External,26253.48,EUR,SO - Standard Order,Company 1,NULL,NULL,Create Sales Order,2023-06-02 11:44:42.000,USER - 03676,Department 751,Manual,Order - 0031,Sales order,Main
Order - 0032,CUST - 011,Customer 11,DE,External,25148.8,EUR,SO - Standard Order,Company 1,NULL,NULL,Create Sales Order,2023-06-02 13:14:38.000,USER - 03676,Department 751,Manual,Order - 0032,Sales order,Main
Order - 0033,CUST - 011,Customer 11,DE,External,48960,EUR,SO - Standard Order,Company 1,NULL,NULL,Create Sales Order,2023-06-05 12:04:24.000,USER - 03676,Department 751,Manual,Order - 0033,Sales order,Main
Order - 0035,CUST - 011,Customer 11,DE,External,3421.44,EUR,SO - Standard Order,Company 1,NULL,NULL,Create Sales Order,2023-06-06 13:02:31.000,USER - 03676,Department 751,Manual,Order - 0035,Sales order,Main
Order - 0092,CUST - 011,Customer 11,DE,External,24059.2,EUR,SO - Standard Order,Company 1,NULL,NULL,Create Sales Order,2023-07-06 15:56:13.000,USER - 03676,Department 751,Manual,Order - 0092,Sales order,Main
Order - 0093,CUST - 011,Customer 11,DE,External,3231.36,EUR,SO - Standard Order,Company 1,NULL,NULL,Create Sales Order,2023-07-06 16:05:23.000,USER - 03676,Department 751,Manual,Order - 0093,Sales order,Main
Order - 0094,CUST - 011,Customer 11,DE,External,48960,EUR,SO - Standard Order,Company 1,NULL,NULL,Create Sales Order,2023-07-07 08:29:08.000,USER - 03676,Department 751,Manual,Order - 0094,Sales order,Main
Order - 0095,CUST - 011,Customer 11,DE,External,22379.58,EUR,SO - Standard Order,Company 1,NULL,NULL,Create Sales Order,2023-07-07 08:36:53.000,USER - 03676,Department 751,Manual,Order - 0095,Sales order,Main
Order - 0098,CUST - 011,Customer 11,DE,External,48960,EUR,SO - Standard Order,Company 1,NULL,NULL,Create Sales Order,2023-07-11 09:00:07.000,USER - 03676,Department 751,Manual,Order - 0098,Sales order,Main
Order - 0099,CUST - 011,Customer 11,DE,External,31321.04,EUR,SO - Standard Order,Company 1,NULL,NULL,Create Sales Order,2023-07-11 09:05:55.000,USER - 03676,Department 751,Manual,Order - 0099,Sales order,Main
Order - 0100,CUST - 011,Customer 11,DE,External,117.84,EUR,SO - Standard Order,Company 1,NULL,NULL,Create Sales Order,2023-07-11 12:50:08.000,USER - 03676,Department 751,Manual,Order - 0100,Sales order,Main
Order - 0103,CUST - 011,Customer 11,DE,External,29613.72,EUR,SO - Standard Order,Company 1,NULL,NULL,Create Sales Order,2023-07-13 11:32:59.000,USER - 03676,Department 751,Manual,Order - 0103,Sales order,Main
Order - 0105,CUST - 011,Customer 11,DE,External,23174.98,EUR,SO - Standard Order,Company 1,NULL,NULL,Create Sales Order,2023-07-18 09:51:21.000,USER - 03676,Department 751,Manual,Order - 0105,Sales order,Main
Order - 0106,CUST - 011,Customer 11,DE,External,48960,EUR,SO - Standard Order,Company 1,NULL,NULL,Create Sales Order,2023-07-18 10:01:31.000,USER - 03676,Department 751,Manual,Order - 0106,Sales order,Main
Order - 0107,CUST - 011,Customer 11,DE,External,18306.14,EUR,SO - Standard Order,Company 1,NULL,NULL,Create Sales Order,2023-07-18 10:10:50.000,USER - 03676,Department 751,Manual,Order - 0107,Sales order,Main
Order - 0116,CUST - 011,Customer 11,DE,External,23469.36,EUR,SO - Standard Order,Company 1,NULL,NULL,Create Sales Order,2023-07-21 10:37:49.000,USER - 03676,Department 751,Manual,Order - 0116,Sales order,Main
Order - 0117,CUST - 011,Customer 11,DE,External,48960,EUR,SO - Standard Order,Company 1,NULL,NULL,Create Sales Order,2023-07-24 13:53:05.000,USER - 03676,Department 751,Manual,Order - 0117,Sales order,Main
Order - 0121,CUST - 011,Customer 11,DE,External,14032.6,EUR,SO - Standard Order,Company 1,NULL,NULL,Create Sales Order,2023-07-25 14:13:09.000,USER - 03676,Department 751,Manual,Order - 0121,Sales order,Main
Order - 0122,CUST - 011,Customer 11,DE,External,13441.7,EUR,SO - Standard Order,Company 1,NULL,NULL,Create Sales Order,2023-07-25 14:32:06.000,USER - 03676,Department 751,Manual,Order - 0122,Sales order,Main
Order - 0123,CUST - 011,Customer 11,DE,External,345.12,EUR,SO - Standard Order,Company 1,NULL,NULL,Create Sales Order,2023-07-25 14:38:04.000,USER - 03676,Department 751,Manual,Order - 0123,Sales order,Main
Order - 0124,CUST - 011,Customer 11,DE,External,1188,EUR,SO - Standard Order,Company 1,NULL,NULL,Create Sales Order,2023-07-25 14:44:16.000,USER - 03676,Department 751,Manual,Order - 0124,Sales order,Main
Order - 0583,CUST - 011,Customer 11,DE,External,18172.08,EUR,SO - Standard Order,Company 1,NULL,NULL,Create Sales Order,2024-01-03 12:06:07.000,USER - 03676,Department 751,Manual,Order - 0583,Sales order,Main
Order - 0584,CUST - 011,Customer 11,DE,External,48960,EUR,SO - Standard Order,Company 1,NULL,NULL,Create Sales Order,2024-01-03 14:03:14.000,USER - 03676,Department 751,Manual,Order - 0584,Sales order,Main
Order - 0585,CUST - 011,Customer 11,DE,External,48960,EUR,SO - Standard Order,Company 1,NULL,NULL,Create Sales Order,2024-01-04 13:22:02.000,USER - 03676,Department 751,Manual,Order - 0585,Sales order,Main
Order - 0586,CUST - 011,Customer 11,DE,External,28935.04,EUR,SO - Standard Order,Company 1,NULL,NULL,Create Sales Order,2024-01-04 13:25:04.000,USER - 03676,Department 751,Manual,Order - 0586,Sales order,Main
Order - 0588,CUST - 011,Customer 11,DE,External,13969.16,EUR,SO - Standard Order,Company 1,NULL,NULL,Create Sales Order,2024-01-04 15:06:04.000,USER - 03676,Department 751,Manual,Order - 0588,Sales order,Main
Order - 0589,CUST - 011,Customer 11,DE,External,9771.96,EUR,SO - Standard Order,Company 1,NULL,NULL,Create Sales Order,2024-01-04 15:11:30.000,USER - 03676,Department 751,Manual,Order - 0589,Sales order,Main
Order - 0590,CUST - 011,Customer 11,DE,External,9771.96,EUR,SO - Standard Order,Company 1,NULL,NULL,Create Sales Order,2024-01-04 15:17:00.000,USER - 03676,Department 751,Manual,Order - 0590,Sales order,Main
Order - 0691,CUST - 038,Customer 38,US,External,116.02,USD,ST - Services / Tooling,Company 2,NULL,NULL,Create Sales Order,2024-02-08 14:36:46.000,USER - 02130,Department 2222,Manual,Order - 0691,Sales order,Main
Order - 0632,CUST - 038,Customer 38,US,External,623.21,USD,ST - Services / Tooling,Company 2,NULL,NULL,Create Sales Order,2024-01-30 17:22:11.000,USER - 02130,Department 2222,Manual,Order - 0632,Sales order,Main
Order - 0493,CUST - 038,Customer 38,US,External,1483.16,USD,ST - Services / Tooling,Company 2,NULL,NULL,Create Sales Order,2023-12-15 18:58:51.000,USER - 02130,Department 2222,Manual,Order - 0493,Sales order,Main
Order - 0494,CUST - 038,Customer 38,US,External,582.76,USD,ST - Services / Tooling,Company 2,NULL,NULL,Create Sales Order,2023-12-15 19:28:24.000,USER - 02130,Department 2222,Manual,Order - 0494,Sales order,Main
Order - 0762,CUST - 038,Customer 38,US,External,372.91,USD,ST - Services / Tooling,Company 2,NULL,NULL,Create Sales Order,2024-02-20 22:50:30.000,USER - 02130,Department 2222,Manual,Order - 0762,Sales order,Main
Order - 0755,CUST - 038,Customer 38,US,External,622.86,USD,ST - Services / Tooling,Company 2,NULL,NULL,Create Sales Order,2024-02-20 19:31:41.000,USER - 02130,Department 2222,Manual,Order - 0755,Sales order,Main
Order - 0727,CUST - 038,Customer 38,US,External,1609.41,USD,ST - Services / Tooling,Company 2,NULL,NULL,Create Sales Order,2024-02-14 17:14:58.000,USER - 02130,Department 2222,Manual,Order - 0727,Sales order,Main
Order - 0728,CUST - 038,Customer 38,US,External,622.86,USD,ST - Services / Tooling,Company 2,NULL,NULL,Create Sales Order,2024-02-14 17:26:57.000,USER - 02130,Department 2222,Manual,Order - 0728,Sales order,Main
Order - 0725,CUST - 038,Customer 38,US,External,606.06,USD,ST - Services / Tooling,Company 2,NULL,NULL,Create Sales Order,2024-02-14 16:55:51.000,USER - 02130,Department 2222,Manual,Order - 0725,Sales order,Main
Order - 0369,CUST - 038,Customer 38,US,External,2377.73,USD,ST - Services / Tooling,Company 2,NULL,NULL,Create Sales Order,2023-11-22 16:03:35.000,USER - 02130,Department 2222,Manual,Order - 0369,Sales order,Main
Order - 0830,CUST - 036,Customer 36,US,External,3955.87,USD,ST - Services / Tooling,Company 2,NULL,NULL,Create Sales Order,2024-03-06 17:29:48.000,USER - 02130,Department 2222,Manual,Order - 0830,Sales order,Main
Order - 0704,CUST - 036,Customer 36,US,External,1154.13,USD,ST - Services / Tooling,Company 2,NULL,NULL,Create Sales Order,2024-02-13 20:00:37.000,USER - 02130,Department 2222,Manual,Order - 0704,Sales order,Main
Order - 0705,CUST - 036,Customer 36,US,External,126.5,USD,ST - Services / Tooling,Company 2,NULL,NULL,Create Sales Order,2024-02-13 20:10:13.000,USER - 02130,Department 2222,Manual,Order - 0705,Sales order,Main
Order - 0707,CUST - 036,Customer 36,US,External,358.28,USD,ST - Services / Tooling,Company 2,NULL,NULL,Create Sales Order,2024-02-13 21:32:20.000,USER - 02130,Department 2222,Manual,Order - 0707,Sales order,Main
Order - 0713,CUST - 036,Customer 36,US,External,782.43,USD,ST - Services / Tooling,Company 2,NULL,NULL,Create Sales Order,2024-02-13 22:29:08.000,USER - 02130,Department 2222,Manual,Order - 0713,Sales order,Main
Order - 0714,CUST - 036,Customer 36,US,External,135.63,USD,ST - Services / Tooling,Company 2,NULL,NULL,Create Sales Order,2024-02-13 22:38:14.000,USER - 02130,Department 2222,Manual,Order - 0714,Sales order,Main
Order - 0715,CUST - 036,Customer 36,US,External,3215.83,USD,ST - Services / Tooling,Company 2,NULL,NULL,Create Sales Order,2024-02-13 22:48:12.000,USER - 02130,Department 2222,Manual,Order - 0715,Sales order,Main
Order - 0721,CUST - 036,Customer 36,US,External,404.8,USD,ST - Services / Tooling,Company 2,NULL,NULL,Create Sales Order,2024-02-14 16:13:20.000,USER - 02130,Department 2222,Manual,Order - 0721,Sales order,Main
Order - 0722,CUST - 036,Customer 36,US,External,404.13,USD,ST - Services / Tooling,Company 2,NULL,NULL,Create Sales Order,2024-02-14 16:21:47.000,USER - 02130,Department 2222,Manual,Order - 0722,Sales order,Main
Order - 0723,CUST - 036,Customer 36,US,External,1581.94,USD,ST - Services / Tooling,Company 2,NULL,NULL,Create Sales Order,2024-02-14 16:31:22.000,USER - 02130,Department 2222,Manual,Order - 0723,Sales order,Main
Order - 0826,CUST - 036,Customer 36,US,External,381.17,USD,ST - Services / Tooling,Company 2,NULL,NULL,Create Sales Order,2024-03-06 16:52:07.000,USER - 02130,Department 2222,Manual,Order - 0826,Sales order,Main
Order - 1288,CUST - 036,Customer 36,US,External,230.51,USD,ST - Services / Tooling,Company 2,NULL,NULL,Create Sales Order,2024-06-19 17:24:56.000,USER - 02130,Department 2222,Manual,Order - 1288,Sales order,Main
Order - 1289,CUST - 036,Customer 36,US,External,8497.3,USD,ST - Services / Tooling,Company 2,NULL,NULL,Create Sales Order,2024-06-19 19:06:08.000,USER - 02130,Department 2222,Manual,Order - 1289,Sales order,Main
Order - 1525,,,,,0,,ST - Services / Tooling,,,,Requested Delivery Date,2024-08-19 23:59:59.000,USER - 08479,NULL,NULL,Order - 1525,Sales order,Main
Order - 1526,,,,,0,,ST - Services / Tooling,,,,Requested Delivery Date,2024-08-19 23:59:59.000,USER - 08479,NULL,NULL,Order - 1526,Sales order,Main
Order - 0547,,,,,0,,ST - Services / Tooling,,,,Requested Delivery Date,2023-12-20 23:59:59.000,USER - 08479,NULL,NULL,Order - 0547,Sales order,Main
Order - 0700,,,,,0,,ST - Services / Tooling,,,,Requested Delivery Date,2024-02-12 23:59:59.000,USER - 08479,NULL,NULL,Order - 0700,Sales order,Main
Order - 0992,,,,,0,,ST - Services / Tooling,,,,Requested Delivery Date,2024-04-09 23:59:59.000,USER - 08479,NULL,NULL,Order - 0992,Sales order,Main
Order - 0742,,,,,0,,ST - Services / Tooling,,,,Requested Delivery Date,2024-02-19 23:59:59.000,USER - 08479,NULL,NULL,Order - 0742,Sales order,Main
Order - 0743,,,,,0,,ST - Services / Tooling,,,,Requested Delivery Date,2024-02-19 23:59:59.000,USER - 08479,NULL,NULL,Order - 0743,Sales order,Main
Order - 0744,,,,,0,,ST - Services / Tooling,,,,Requested Delivery Date,2024-02-19 23:59:59.000,USER - 08479,NULL,NULL,Order - 0744,Sales order,Main
Order - 1498,,,,,0,,ST - Services / Tooling,,,,Requested Delivery Date,2024-08-08 23:59:59.000,USER - 08479,NULL,NULL,Order - 1498,Sales order,Main
Order - 1520,,,,,0,,ST - Services / Tooling,,,,Requested Delivery Date,2024-08-13 23:59:59.000,USER - 08479,NULL,NULL,Order - 1520,Sales order,Main
Order - 0553,,,,,0,,ST - Services / Tooling,,,,Requested Delivery Date,2023-12-20 23:59:59.000,USER - 08479,NULL,NULL,Order - 0553,Sales order,Main
Order - 1124,,,,,0,,ST - Services / Tooling,,,,Requested Delivery Date,2024-05-10 23:59:59.000,USER - 08479,NULL,NULL,Order - 1124,Sales order,Main
Order - 1930,,,,,0,,ST - Services / Tooling,,,,Requested Delivery Date,2024-11-20 23:59:59.000,USER - 08479,NULL,NULL,Order - 1930,Sales order,Main
Order - 1518,,,,,0,,ST - Services / Tooling,,,,Requested Delivery Date,2024-08-13 23:59:59.000,USER - 08479,NULL,NULL,Order - 1518,Sales order,Main
Order - 1519,,,,,0,,ST - Services / Tooling,,,,Requested Delivery Date,2024-08-13 23:59:59.000,USER - 08479,NULL,NULL,Order - 1519,Sales order,Main
Order - 1870,,,,,0,,ST - Services / Tooling,,,,Requested Delivery Date,2024-11-05 23:59:59.000,USER - 08479,NULL,NULL,Order - 1870,Sales order,Main
Order - 1504,,,,,0,,ST - Services / Tooling,,,,Requested Delivery Date,2024-08-09 23:59:59.000,USER - 08479,NULL,NULL,Order - 1504,Sales order,Main
Order - 1508,,,,,0,,ST - Services / Tooling,,,,Requested Delivery Date,2024-08-09 23:59:59.000,USER - 08479,NULL,NULL,Order - 1508,Sales order,Main
Order - 1925,,,,,0,,ST - Services / Tooling,,,,Requested Delivery Date,2024-11-20 23:59:59.000,USER - 08479,NULL,NULL,Order - 1925,Sales order,Main
Order - 0627,,,,,0,,ST - Services / Tooling,,,,Requested Delivery Date,2024-01-30 23:59:59.000,USER - 08479,NULL,NULL,Order - 0627,Sales order,Main
Order - 0628,,,,,0,,ST - Services / Tooling,,,,Requested Delivery Date,2024-01-30 23:59:59.000,USER - 08479,NULL,NULL,Order - 0628,Sales order,Main
Order - 0629,,,,,0,,ST - Services / Tooling,,,,Requested Delivery Date,2024-01-30 23:59:59.000,USER - 08479,NULL,NULL,Order - 0629,Sales order,Main
Order - 1517,,,,,0,,ST - Services / Tooling,,,,Requested Delivery Date,2024-08-13 23:59:59.000,USER - 08479,NULL,NULL,Order - 1517,Sales order,Main
Order - 0240,,,,,0,,ST - Services / Tooling,,,,Requested Delivery Date,2023-09-26 23:59:59.000,USER - 08479,NULL,NULL,Order - 0240,Sales order,Main
Order - 0250,,,,,0,,ST - Services / Tooling,,,,Requested Delivery Date,2023-09-28 23:59:59.000,USER - 08479,NULL,NULL,Order - 0250,Sales order,Main
Order - 1924,,,,,0,,ST - Services / Tooling,,,,Requested Delivery Date,2024-11-20 23:59:59.000,USER - 08479,NULL,NULL,Order - 1924,Sales order,Main
Order - 1516,,,,,0,,ST - Services / Tooling,,,,Requested Delivery Date,2024-08-13 23:59:59.000,USER - 08479,NULL,NULL,Order - 1516,Sales order,Main
Order - 1300,,,,,0,,ST - Services / Tooling,,,,Requested Delivery Date,2024-06-20 23:59:59.000,USER - 08479,NULL,NULL,Order - 1300,Sales order,Main
Order - 1046,,,,,0,,ST - Services / Tooling,,,,Requested Delivery Date,2024-04-19 23:59:59.000,USER - 08479,NULL,NULL,Order - 1046,Sales order,Main
Order - 1047,,,,,0,,ST - Services / Tooling,,,,Requested Delivery Date,2024-04-19 23:59:59.000,USER - 08479,NULL,NULL,Order - 1047,Sales order,Main
Order - 0889,,,,,0,,ST - Services / Tooling,,,,Requested Delivery Date,2024-03-20 23:59:59.000,USER - 08479,NULL,NULL,Order - 0889,Sales order,Main
Order - 1173,,,,,0,,ST - Services / Tooling,,,,Requested Delivery Date,2024-05-21 23:59:59.000,USER - 08479,NULL,NULL,Order - 1173,Sales order,Main
Order - 1170,,,,,0,,SO - Standard Order,,,,Requested Delivery Date,2024-05-21 23:59:59.000,USER - 08479,NULL,NULL,Order - 1170,Sales order,Main
Order - 1197,,,,,0,,SO - Standard Order,,,,Requested Delivery Date,2024-05-27 23:59:59.000,USER - 08479,NULL,NULL,Order - 1197,Sales order,Main
Order - 1872,,,,,0,,ST - Services / Tooling,,,,Requested Delivery Date,2024-11-05 23:59:59.000,USER - 08479,NULL,NULL,Order - 1872,Sales order,Main
Order - 0549,,,,,0,,ST - Services / Tooling,,,,Requested Delivery Date,2023-12-20 23:59:59.000,USER - 08479,NULL,NULL,Order - 0549,Sales order,Main
Order - 1501,,,,,0,,ST - Services / Tooling,,,,Requested Delivery Date,2024-08-09 23:59:59.000,USER - 08479,NULL,NULL,Order - 1501,Sales order,Main
Order - 1505,,,,,0,,ST - Services / Tooling,,,,Requested Delivery Date,2024-08-09 23:59:59.000,USER - 08479,NULL,NULL,Order - 1505,Sales order,Main
Order - 1687,,,,,0,,ST - Services / Tooling,,,,Requested Delivery Date,2024-10-01 23:59:59.000,USER - 10897,Department 2178,Manual,Order - 1687,Sales order,Main
Order - 1431,,,,,0,,ST - Services / Tooling,,,,Requested Delivery Date,2024-07-23 23:59:59.000,USER - 10897,Department 2178,Manual,Order - 1431,Sales order,Main
Order - 1434,,,,,0,,ST - Services / Tooling,,,,Requested Delivery Date,2024-07-23 23:59:59.000,USER - 10897,Department 2178,Manual,Order - 1434,Sales order,Main
Order - 1443,,,,,0,,ST - Services / Tooling,,,,Requested Delivery Date,2024-07-29 23:59:59.000,USER - 10897,Department 2178,Manual,Order - 1443,Sales order,Main
Order - 1449,,,,,0,,ST - Services / Tooling,,,,Requested Delivery Date,2024-07-30 23:59:59.000,USER - 10897,Department 2178,Manual,Order - 1449,Sales order,Main
Order - 0335,,,,,0,,ST - Services / Tooling,,,,Requested Delivery Date,2023-11-15 23:59:59.000,USER - 10897,Department 2178,Manual,Order - 0335,Sales order,Main
Order - 0543,,,,,0,,ST - Services / Tooling,,,,Requested Delivery Date,2023-12-19 23:59:59.000,USER - 10897,Department 2178,Manual,Order - 0543,Sales order,Main
Order - 0511,,,,,0,,ST - Services / Tooling,,,,Requested Delivery Date,2023-12-19 23:59:59.000,USER - 10897,Department 2178,Manual,Order - 0511,Sales order,Main
Order - 0402,,,,,0,,ST - Services / Tooling,,,,Requested Delivery Date,2023-11-29 23:59:59.000,USER - 10897,Department 2178,Manual,Order - 0402,Sales order,Main
Order - 0562,,,,,0,,ST - Services / Tooling,,,,Requested Delivery Date,2023-12-20 23:59:59.000,USER - 10897,Department 2178,Manual,Order - 0562,Sales order,Main
Order - 0943,CUST - 026,Customer 26,DE,External,41167.42,EUR,ST - Services / Tooling,Company 1,NULL,NULL,Create Sales Order,2024-03-29 08:35:03.000,USER - 10897,Department 2178,Manual,Order - 0943,Sales order,Main
Order - 0946,CUST - 026,Customer 26,DE,External,37624.53,EUR,ST - Services / Tooling,Company 1,NULL,NULL,Create Sales Order,2024-03-29 09:31:16.000,USER - 10897,Department 2178,Manual,Order - 0946,Sales order,Main
Order - 0436,CUST - 036,Customer 36,US,External,1295.3,USD,ST - Services / Tooling,Company 2,NULL,NULL,Create Sales Order,2023-12-14 14:26:05.000,USER - 10897,Department 2178,Manual,Order - 0436,Sales order,Main
Order - 1893,CUST - 036,Customer 36,US,External,1584.31,USD,ST - Services / Tooling,Company 2,NULL,NULL,Create Sales Order,2024-11-12 19:45:43.000,USER - 10897,Department 2178,Manual,Order - 1893,Sales order,Main
Order - 1867,CUST - 036,Customer 36,US,External,719.29,USD,ST - Services / Tooling,Company 2,NULL,NULL,Create Sales Order,2024-11-05 16:54:20.000,USER - 10897,Department 2178,Manual,Order - 1867,Sales order,Main
Order - 1568,CUST - 057,Customer 57,PL,External,2182.7,EUR,ST - Services / Tooling,Company 1,NULL,NULL,Create Sales Order,2024-08-28 20:40:08.000,USER - 10897,Department 2178,Manual,Order - 1568,Sales order,Main
Order - 1569,CUST - 057,Customer 57,PL,External,1497.66,EUR,ST - Services / Tooling,Company 1,NULL,NULL,Create Sales Order,2024-08-28 20:51:47.000,USER - 10897,Department 2178,Manual,Order - 1569,Sales order,Main
Order - 1623,CUST - 057,Customer 57,PL,External,2211.78,EUR,ST - Services / Tooling,Company 1,NULL,NULL,Create Sales Order,2024-09-12 19:41:20.000,USER - 10897,Department 2178,Manual,Order - 1623,Sales order,Main
Order - 1601,CUST - 057,Customer 57,PL,External,2910.96,EUR,ST - Services / Tooling,Company 1,NULL,NULL,Create Sales Order,2024-09-06 15:35:46.000,USER - 10897,Department 2178,Manual,Order - 1601,Sales order,Main
Order - 1431,CUST - 057,Customer 57,PL,External,2679.67,EUR,ST - Services / Tooling,Company 1,NULL,NULL,Create Sales Order,2024-07-23 10:55:10.000,USER - 10897,Department 2178,Manual,Order - 1431,Sales order,Main
Order - 1434,CUST - 057,Customer 57,PL,External,2961.12,EUR,ST - Services / Tooling,Company 1,NULL,NULL,Create Sales Order,2024-07-23 13:46:43.000,USER - 10897,Department 2178,Manual,Order - 1434,Sales order,Main
Order - 1443,CUST - 057,Customer 57,PL,External,2320.31,EUR,ST - Services / Tooling,Company 1,NULL,NULL,Create Sales Order,2024-07-29 15:45:16.000,USER - 10897,Department 2178,Manual,Order - 1443,Sales order,Main
Order - 1449,CUST - 057,Customer 57,PL,External,2004.79,EUR,ST - Services / Tooling,Company 1,NULL,NULL,Create Sales Order,2024-07-30 16:18:23.000,USER - 10897,Department 2178,Manual,Order - 1449,Sales order,Main
Order - 1647,CUST - 057,Customer 57,PL,External,2431.62,EUR,ST - Services / Tooling,Company 1,NULL,NULL,Create Sales Order,2024-09-19 17:48:14.000,USER - 10897,Department 2178,Manual,Order - 1647,Sales order,Main
Order - 1680,CUST - 057,Customer 57,PL,External,2427.25,EUR,ST - Services / Tooling,Company 1,NULL,NULL,Create Sales Order,2024-09-27 11:06:53.000,USER - 10897,Department 2178,Manual,Order - 1680,Sales order,Main
Order - 1687,CUST - 057,Customer 57,PL,External,2513.21,EUR,ST - Services / Tooling,Company 1,NULL,NULL,Create Sales Order,2024-10-01 15:56:39.000,USER - 10897,Department 2178,Manual,Order - 1687,Sales order,Main
Order - 1877,CUST - 057,Customer 57,PL,External,2224.91,EUR,ST - Services / Tooling,Company 1,NULL,NULL,Create Sales Order,2024-11-07 12:02:15.000,USER - 10897,Department 2178,Manual,Order - 1877,Sales order,Main
Order - 0335,CUST - 033,Customer 33,DE,External,5500.13,EUR,ST - Services / Tooling,Company 1,NULL,NULL,Create Sales Order,2023-11-15 11:09:16.000,USER - 10897,Department 2178,Manual,Order - 0335,Sales order,Main
Order - 0543,CUST - 034,Customer 34,US,External,294.8,USD,ST - Services / Tooling,Company 2,NULL,NULL,Create Sales Order,2023-12-19 20:58:25.000,USER - 10897,Department 2178,Manual,Order - 0543,Sales order,Main
Order - 1895,CUST - 034,Customer 34,US,External,1204.2,USD,ST - Services / Tooling,Company 2,NULL,NULL,Create Sales Order,2024-11-12 20:21:39.000,USER - 10897,Department 2178,Manual,Order - 1895,Sales order,Main
Order - 1896,CUST - 034,Customer 34,US,External,765.85,USD,ST - Services / Tooling,Company 2,NULL,NULL,Create Sales Order,2024-11-12 20:30:52.000,USER - 10897,Department 2178,Manual,Order - 1896,Sales order,Main
Order - 1897,CUST - 034,Customer 34,US,External,337.4,USD,ST - Services / Tooling,Company 2,NULL,NULL,Create Sales Order,2024-11-12 20:36:22.000,USER - 10897,Department 2178,Manual,Order - 1897,Sales order,Main
Order - 1681,CUST - 058,Customer 58,PL,External,500,PLN,ST - Services / Tooling,Company 1,NULL,NULL,Create Sales Order,2024-09-27 11:31:23.000,USER - 10897,Department 2178,Manual,Order - 1681,Sales order,Main
Order - 1060,CUST - 034,Customer 34,US,External,799.4,USD,ST - Services / Tooling,Company 2,NULL,NULL,Create Sales Order,2024-04-23 22:26:22.000,USER - 02130,Department 2222,Manual,Order - 1060,Sales order,Main
Order - 0637,CUST - 034,Customer 34,US,External,319.8,USD,ST - Services / Tooling,Company 2,NULL,NULL,Create Sales Order,2024-01-30 18:42:45.000,USER - 02130,Department 2222,Manual,Order - 0637,Sales order,Main
Order - 0638,CUST - 034,Customer 34,US,External,290.65,USD,ST - Services / Tooling,Company 2,NULL,NULL,Create Sales Order,2024-01-30 18:49:17.000,USER - 02130,Department 2222,Manual,Order - 0638,Sales order,Main
Order - 0642,CUST - 034,Customer 34,US,External,319.8,USD,ST - Services / Tooling,Company 2,NULL,NULL,Create Sales Order,2024-01-30 19:38:50.000,USER - 02130,Department 2222,Manual,Order - 0642,Sales order,Main
Order - 0643,CUST - 034,Customer 34,US,External,290.65,USD,ST - Services / Tooling,Company 2,NULL,NULL,Create Sales Order,2024-01-30 19:53:37.000,USER - 02130,Department 2222,Manual,Order - 0643,Sales order,Main
Order - 0645,CUST - 034,Customer 34,US,External,909.4,USD,ST - Services / Tooling,Company 2,NULL,NULL,Create Sales Order,2024-01-30 20:09:46.000,USER - 02130,Department 2222,Manual,Order - 0645,Sales order,Main
Order - 1033,CUST - 034,Customer 34,US,External,1204.2,USD,ST - Services / Tooling,Company 2,NULL,NULL,Create Sales Order,2024-04-16 19:17:16.000,USER - 02130,Department 2222,Manual,Order - 1033,Sales order,Main
Order - 0660,CUST - 034,Customer 34,US,External,91,USD,ST - Services / Tooling,Company 2,NULL,NULL,Create Sales Order,2024-01-31 18:00:38.000,USER - 02130,Department 2222,Manual,Order - 0660,Sales order,Main
Order - 1078,CUST - 034,Customer 34,US,External,319.8,USD,ST - Services / Tooling,Company 2,NULL,NULL,Create Sales Order,2024-04-30 17:54:49.000,USER - 02130,Department 2222,Manual,Order - 1078,Sales order,Main
Order - 1079,CUST - 034,Customer 34,US,External,319.8,USD,ST - Services / Tooling,Company 2,NULL,NULL,Create Sales Order,2024-04-30 18:00:01.000,USER - 02130,Department 2222,Manual,Order - 1079,Sales order,Main
Order - 1080,CUST - 034,Customer 34,US,External,319.8,USD,ST - Services / Tooling,Company 2,NULL,NULL,Create Sales Order,2024-04-30 18:05:58.000,USER - 02130,Department 2222,Manual,Order - 1080,Sales order,Main
Order - 1205,CUST - 034,Customer 34,US,External,1402.2,USD,ST - Services / Tooling,Company 2,NULL,NULL,Create Sales Order,2024-05-29 21:03:08.000,USER - 02130,Department 2222,Manual,Order - 1205,Sales order,Main
Order - 1206,CUST - 034,Customer 34,US,External,337.4,USD,ST - Services / Tooling,Company 2,NULL,NULL,Create Sales Order,2024-05-29 21:10:20.000,USER - 02130,Department 2222,Manual,Order - 1206,Sales order,Main
Order - 1207,CUST - 034,Customer 34,US,External,271.95,USD,ST - Services / Tooling,Company 2,NULL,NULL,Create Sales Order,2024-05-29 21:16:33.000,USER - 02130,Department 2222,Manual,Order - 1207,Sales order,Main
Order - 1209,CUST - 034,Customer 34,US,External,319.8,USD,ST - Services / Tooling,Company 2,NULL,NULL,Create Sales Order,2024-05-29 21:31:15.000,USER - 02130,Department 2222,Manual,Order - 1209,Sales order,Main
Order - 1210,CUST - 034,Customer 34,US,External,1554.55,USD,ST - Services / Tooling,Company 2,NULL,NULL,Create Sales Order,2024-05-29 21:44:15.000,USER - 02130,Department 2222,Manual,Order - 1210,Sales order,Main
Order - 1220,CUST - 034,Customer 34,US,External,1485.8,USD,ST - Services / Tooling,Company 2,NULL,NULL,Create Sales Order,2024-06-04 19:15:55.000,USER - 02130,Department 2222,Manual,Order - 1220,Sales order,Main
Order - 0731,CUST - 034,Customer 34,US,External,940.2,USD,ST - Services / Tooling,Company 2,NULL,NULL,Create Sales Order,2024-02-14 18:11:12.000,USER - 02130,Department 2222,Manual,Order - 0731,Sales order,Main
Order - 0692,CUST - 034,Customer 34,US,External,147.1,USD,ST - Services / Tooling,Company 2,NULL,NULL,Create Sales Order,2024-02-08 14:48:09.000,USER - 02130,Department 2222,Manual,Order - 0692,Sales order,Main
Order - 1115,CUST - 034,Customer 34,US,External,566.75,USD,ST - Services / Tooling,Company 2,NULL,NULL,Create Sales Order,2024-05-08 23:09:43.000,USER - 02130,Department 2222,Manual,Order - 1115,Sales order,Main
Order - 1158,CUST - 034,Customer 34,US,External,337.4,USD,ST - Services / Tooling,Company 2,NULL,NULL,Create Sales Order,2024-05-15 23:45:58.000,USER - 02130,Department 2222,Manual,Order - 1158,Sales order,Main
Order - 1135,CUST - 034,Customer 34,US,External,1259.75,USD,ST - Services / Tooling,Company 2,NULL,NULL,Create Sales Order,2024-05-15 18:57:55.000,USER - 02130,Department 2222,Manual,Order - 1135,Sales order,Main
Order - 0569,CUST - 037,Customer 37,US,External,878.66,USD,ST - Services / Tooling,Company 2,NULL,NULL,Create Sales Order,2023-12-20 18:05:54.000,USER - 02130,Department 2222,Manual,Order - 0569,Sales order,Main
Order - 0640,CUST - 037,Customer 37,US,External,3350.05,USD,ST - Services / Tooling,Company 2,NULL,NULL,Create Sales Order,2024-01-30 19:17:34.000,USER - 02130,Department 2222,Manual,Order - 0640,Sales order,Main
Order - 0649,CUST - 037,Customer 37,US,External,897.96,USD,ST - Services / Tooling,Company 2,NULL,NULL,Create Sales Order,2024-01-30 20:56:24.000,USER - 02130,Department 2222,Manual,Order - 0649,Sales order,Main
Order - 0650,CUST - 037,Customer 37,US,External,1529.22,USD,ST - Services / Tooling,Company 2,NULL,NULL,Create Sales Order,2024-01-30 21:05:26.000,USER - 02130,Department 2222,Manual,Order - 0650,Sales order,Main
Order - 0651,CUST - 037,Customer 37,US,External,315.1,USD,ST - Services / Tooling,Company 2,NULL,NULL,Create Sales Order,2024-01-30 21:11:53.000,USER - 02130,Department 2222,Manual,Order - 0651,Sales order,Main
Order - 0368,CUST - 037,Customer 37,US,External,3838.45,USD,ST - Services / Tooling,Company 2,NULL,NULL,Create Sales Order,2023-11-22 15:54:48.000,USER - 02130,Department 2222,Manual,Order - 0368,Sales order,Main
Order - 0439,CUST - 037,Customer 37,US,External,662.2,USD,ST - Services / Tooling,Company 2,NULL,NULL,Create Sales Order,2023-12-14 18:59:56.000,USER - 02130,Department 2222,Manual,Order - 0439,Sales order,Main
Order - 0444,CUST - 037,Customer 37,US,External,1674.32,USD,ST - Services / Tooling,Company 2,NULL,NULL,Create Sales Order,2023-12-14 21:55:34.000,USER - 02130,Department 2222,Manual,Order - 0444,Sales order,Main
Order - 0445,CUST - 037,Customer 37,US,External,7921.55,USD,ST - Services / Tooling,Company 2,NULL,NULL,Create Sales Order,2023-12-14 22:07:01.000,USER - 02130,Department 2222,Manual,Order - 0445,Sales order,Main
Order - 0446,CUST - 037,Customer 37,US,External,1617.52,USD,ST - Services / Tooling,Company 2,NULL,NULL,Create Sales Order,2023-12-14 22:36:53.000,USER - 02130,Department 2222,Manual,Order - 0446,Sales order,Main
Order - 0497,CUST - 037,Customer 37,US,External,584.52,USD,ST - Services / Tooling,Company 2,NULL,NULL,Create Sales Order,2023-12-18 15:51:10.000,USER - 02130,Department 2222,Manual,Order - 0497,Sales order,Main
Order - 0498,CUST - 037,Customer 37,US,External,1125.3,USD,ST - Services / Tooling,Company 2,NULL,NULL,Create Sales Order,2023-12-18 16:05:05.000,USER - 02130,Department 2222,Manual,Order - 0498,Sales order,Main
Order - 0960,CUST - 037,Customer 37,US,External,2282.79,USD,ST - Services / Tooling,Company 2,NULL,NULL,Create Sales Order,2024-04-03 18:41:04.000,USER - 02130,Department 2222,Manual,Order - 0960,Sales order,Main
Order - 0961,CUST - 037,Customer 37,US,External,311.26,USD,ST - Services / Tooling,Company 2,NULL,NULL,Create Sales Order,2024-04-03 19:04:32.000,USER - 02130,Department 2222,Manual,Order - 0961,Sales order,Main
Order - 0962,CUST - 037,Customer 37,US,External,865.66,USD,ST - Services / Tooling,Company 2,NULL,NULL,Create Sales Order,2024-04-03 19:40:42.000,USER - 02130,Department 2222,Manual,Order - 0962,Sales order,Main
Order - 0706,CUST - 037,Customer 37,US,External,304.4,USD,ST - Services / Tooling,Company 2,NULL,NULL,Create Sales Order,2024-02-13 21:24:52.000,USER - 02130,Department 2222,Manual,Order - 0706,Sales order,Main
Order - 0708,CUST - 037,Customer 37,US,External,312.54,USD,ST - Services / Tooling,Company 2,NULL,NULL,Create Sales Order,2024-02-13 21:38:05.000,USER - 02130,Department 2222,Manual,Order - 0708,Sales order,Main
Order - 0709,CUST - 037,Customer 37,US,External,2406.22,USD,ST - Services / Tooling,Company 2,NULL,NULL,Create Sales Order,2024-02-13 21:47:45.000,USER - 02130,Department 2222,Manual,Order - 0709,Sales order,Main
Order - 0710,CUST - 037,Customer 37,US,External,1129.35,USD,ST - Services / Tooling,Company 2,NULL,NULL,Create Sales Order,2024-02-13 21:54:25.000,USER - 02130,Department 2222,Manual,Order - 0710,Sales order,Main
Order - 0711,CUST - 037,Customer 37,US,External,995.81,USD,ST - Services / Tooling,Company 2,NULL,NULL,Create Sales Order,2024-02-13 22:12:46.000,USER - 02130,Department 2222,Manual,Order - 0711,Sales order,Main
Order - 0718,CUST - 037,Customer 37,US,External,2007.75,USD,ST - Services / Tooling,Company 2,NULL,NULL,Create Sales Order,2024-02-14 14:55:50.000,USER - 02130,Department 2222,Manual,Order - 0718,Sales order,Main
Order - 0634,CUST - 037,Customer 37,US,External,713.83,USD,ST - Services / Tooling,Company 2,NULL,NULL,Create Sales Order,2024-01-30 17:33:17.000,USER - 02130,Department 2222,Manual,Order - 0634,Sales order,Main
Order - 0635,CUST - 037,Customer 37,US,External,2726.05,USD,ST - Services / Tooling,Company 2,NULL,NULL,Create Sales Order,2024-01-30 17:40:17.000,USER - 02130,Department 2222,Manual,Order - 0635,Sales order,Main
Order - 0753,CUST - 037,Customer 37,US,External,592.67,USD,ST - Services / Tooling,Company 2,NULL,NULL,Create Sales Order,2024-02-20 18:45:15.000,USER - 02130,Department 2222,Manual,Order - 0753,Sales order,Main
Order - 0313,CUST - 011,Customer 11,DE,External,13107.6,EUR,SO - Standard Order,Company 1,NULL,NULL,Create Sales Order,2023-11-08 09:52:13.000,USER - 03676,Department 751,Manual,Order - 0313,Sales order,Main
Order - 0314,CUST - 011,Customer 11,DE,External,9771.96,EUR,SO - Standard Order,Company 1,NULL,NULL,Create Sales Order,2023-11-08 09:54:58.000,USER - 03676,Department 751,Manual,Order - 0314,Sales order,Main
Order - 0315,CUST - 011,Customer 11,DE,External,22504.56,EUR,SO - Standard Order,Company 1,NULL,NULL,Create Sales Order,2023-11-08 09:58:02.000,USER - 03676,Department 751,Manual,Order - 0315,Sales order,Main
Order - 0316,CUST - 011,Customer 11,DE,External,27526.52,EUR,SO - Standard Order,Company 1,NULL,NULL,Create Sales Order,2023-11-08 10:20:12.000,USER - 03676,Department 751,Manual,Order - 0316,Sales order,Main
Order - 0319,CUST - 011,Customer 11,DE,External,3421.44,EUR,SO - Standard Order,Company 1,NULL,NULL,Create Sales Order,2023-11-09 12:07:44.000,USER - 03676,Department 751,Manual,Order - 0319,Sales order,Main
Order - 0324,CUST - 011,Customer 11,DE,External,3317.76,EUR,SO - Standard Order,Company 1,NULL,NULL,Create Sales Order,2023-11-10 08:17:41.000,USER - 03676,Department 751,Manual,Order - 0324,Sales order,Main
Order - 0325,CUST - 011,Customer 11,DE,External,48960,EUR,SO - Standard Order,Company 1,NULL,NULL,Create Sales Order,2023-11-10 08:21:52.000,USER - 03676,Department 751,Manual,Order - 0325,Sales order,Main
Order - 0326,CUST - 011,Customer 11,DE,External,21107.88,EUR,SO - Standard Order,Company 1,NULL,NULL,Create Sales Order,2023-11-13 12:16:19.000,USER - 03676,Department 751,Manual,Order - 0326,Sales order,Main
Order - 0327,CUST - 011,Customer 11,DE,External,24609.76,EUR,SO - Standard Order,Company 1,NULL,NULL,Create Sales Order,2023-11-13 12:29:48.000,USER - 03676,Department 751,Manual,Order - 0327,Sales order,Main
Order - 0329,CUST - 011,Customer 11,DE,External,22556.16,EUR,SO - Standard Order,Company 1,NULL,NULL,Create Sales Order,2023-11-14 08:58:38.000,USER - 03676,Department 751,Manual,Order - 0329,Sales order,Main
Order - 0330,CUST - 011,Customer 11,DE,External,18698.88,EUR,SO - Standard Order,Company 1,NULL,NULL,Create Sales Order,2023-11-14 09:11:50.000,USER - 03676,Department 751,Manual,Order - 0330,Sales order,Main
Order - 0789,CUST - 011,Customer 11,DE,External,12115.92,EUR,SO - Standard Order,Company 1,NULL,NULL,Create Sales Order,2024-02-26 14:57:21.000,USER - 03676,Department 751,Manual,Order - 0789,Sales order,Main
Order - 0790,CUST - 011,Customer 11,DE,External,13645.96,EUR,SO - Standard Order,Company 1,NULL,NULL,Create Sales Order,2024-02-27 09:49:16.000,USER - 03676,Department 751,Manual,Order - 0790,Sales order,Main
Order - 0791,CUST - 011,Customer 11,DE,External,11046.58,EUR,SO - Standard Order,Company 1,NULL,NULL,Create Sales Order,2024-02-27 09:59:20.000,USER - 03676,Department 751,Manual,Order - 0791,Sales order,Main
Order - 0793,CUST - 011,Customer 11,DE,External,48960,EUR,SO - Standard Order,Company 1,NULL,NULL,Create Sales Order,2024-02-27 12:32:20.000,USER - 03676,Department 751,Manual,Order - 0793,Sales order,Main
Order - 0794,CUST - 011,Customer 11,DE,External,26354.18,EUR,SO - Standard Order,Company 1,NULL,NULL,Create Sales Order,2024-02-27 12:34:12.000,USER - 03676,Department 751,Manual,Order - 0794,Sales order,Main
Order - 0809,CUST - 011,Customer 11,DE,External,23956.1,EUR,SO - Standard Order,Company 1,NULL,NULL,Create Sales Order,2024-02-29 13:57:40.000,USER - 03676,Department 751,Manual,Order - 0809,Sales order,Main
Order - 0818,CUST - 011,Customer 11,DE,External,26253.48,EUR,SO - Standard Order,Company 1,NULL,NULL,Create Sales Order,2024-03-01 12:02:06.000,USER - 03676,Department 751,Manual,Order - 0818,Sales order,Main
Order - 0819,CUST - 011,Customer 11,DE,External,14625.62,EUR,SO - Standard Order,Company 1,NULL,NULL,Create Sales Order,2024-03-01 12:04:17.000,USER - 03676,Department 751,Manual,Order - 0819,Sales order,Main
Order - 0820,CUST - 011,Customer 11,DE,External,48960,EUR,SO - Standard Order,Company 1,NULL,NULL,Create Sales Order,2024-03-04 11:48:27.000,USER - 03676,Department 751,Manual,Order - 0820,Sales order,Main
Order - 0821,CUST - 011,Customer 11,DE,External,18366.48,EUR,SO - Standard Order,Company 1,NULL,NULL,Create Sales Order,2024-03-04 11:57:49.000,USER - 03676,Department 751,Manual,Order - 0821,Sales order,Main
Order - 0822,CUST - 011,Customer 11,DE,External,18010.08,EUR,SO - Standard Order,Company 1,NULL,NULL,Create Sales Order,2024-03-05 08:04:41.000,USER - 03676,Department 751,Manual,Order - 0822,Sales order,Main
Order - 0823,CUST - 011,Customer 11,DE,External,17075.68,EUR,SO - Standard Order,Company 1,NULL,NULL,Create Sales Order,2024-03-05 08:11:34.000,USER - 03676,Department 751,Manual,Order - 0823,Sales order,Main
Order - 0045,CUST - 011,Customer 11,DE,External,26253.48,EUR,SO - Standard Order,Company 1,NULL,NULL,Create Sales Order,2023-06-09 09:42:51.000,USER - 03676,Department 751,Manual,Order - 0045,Sales order,Main
Order - 0690,CUST - 036,Customer 36,US,External,1109.37,USD,ST - Services / Tooling,Company 2,NULL,NULL,Create Sales Order,2024-02-08 14:29:51.000,USER - 02130,Department 2222,Manual,Order - 0690,Sales order,Main
Order - 0437,CUST - 036,Customer 36,US,External,1065.45,USD,ST - Services / Tooling,Company 2,NULL,NULL,Create Sales Order,2023-12-14 15:17:51.000,USER - 02130,Department 2222,Manual,Order - 0437,Sales order,Main
Order - 0442,CUST - 036,Customer 36,US,External,2324.85,USD,ST - Services / Tooling,Company 2,NULL,NULL,Create Sales Order,2023-12-14 21:28:03.000,USER - 02130,Department 2222,Manual,Order - 0442,Sales order,Main
Order - 0564,CUST - 036,Customer 36,US,External,2076.87,USD,ST - Services / Tooling,Company 2,NULL,NULL,Create Sales Order,2023-12-20 17:26:00.000,USER - 02130,Department 2222,Manual,Order - 0564,Sales order,Main
Order - 0565,CUST - 036,Customer 36,US,External,43600.45,USD,ST - Services / Tooling,Company 2,NULL,NULL,Create Sales Order,2023-12-20 17:36:43.000,USER - 02130,Department 2222,Manual,Order - 0565,Sales order,Main
Order - 1051,CUST - 036,Customer 36,US,External,1569.2,USD,ST - Services / Tooling,Company 2,NULL,NULL,Create Sales Order,2024-04-23 19:26:14.000,USER - 02130,Department 2222,Manual,Order - 1051,Sales order,Main
Order - 1052,CUST - 036,Customer 36,US,External,838.07,USD,ST - Services / Tooling,Company 2,NULL,NULL,Create Sales Order,2024-04-23 19:58:16.000,USER - 02130,Department 2222,Manual,Order - 1052,Sales order,Main
Order - 1053,CUST - 036,Customer 36,US,External,92.65,USD,ST - Services / Tooling,Company 2,NULL,NULL,Create Sales Order,2024-04-23 20:08:17.000,USER - 02130,Department 2222,Manual,Order - 1053,Sales order,Main
Order - 1054,CUST - 036,Customer 36,US,External,367.67,USD,ST - Services / Tooling,Company 2,NULL,NULL,Create Sales Order,2024-04-23 20:28:57.000,USER - 02130,Department 2222,Manual,Order - 1054,Sales order,Main
Order - 0644,CUST - 036,Customer 36,US,External,1156,USD,ST - Services / Tooling,Company 2,NULL,NULL,Create Sales Order,2024-01-30 20:00:26.000,USER - 02130,Department 2222,Manual,Order - 0644,Sales order,Main
Order - 0647,CUST - 036,Customer 36,US,External,1003.32,USD,ST - Services / Tooling,Company 2,NULL,NULL,Create Sales Order,2024-01-30 20:28:26.000,USER - 02130,Department 2222,Manual,Order - 0647,Sales order,Main
Order - 0648,CUST - 036,Customer 36,US,External,419.66,USD,ST - Services / Tooling,Company 2,NULL,NULL,Create Sales Order,2024-01-30 20:36:16.000,USER - 02130,Department 2222,Manual,Order - 0648,Sales order,Main
Order - 0653,CUST - 036,Customer 36,US,External,4729.48,USD,ST - Services / Tooling,Company 2,NULL,NULL,Create Sales Order,2024-01-30 22:43:39.000,USER - 02130,Department 2222,Manual,Order - 0653,Sales order,Main
Order - 0656,CUST - 036,Customer 36,US,External,2609.66,USD,ST - Services / Tooling,Company 2,NULL,NULL,Create Sales Order,2024-01-31 14:25:01.000,USER - 02130,Department 2222,Manual,Order - 0656,Sales order,Main
Order - 0657,CUST - 036,Customer 36,US,External,419.62,USD,ST - Services / Tooling,Company 2,NULL,NULL,Create Sales Order,2024-01-31 14:35:27.000,USER - 02130,Department 2222,Manual,Order - 0657,Sales order,Main
Order - 1112,CUST - 038,Customer 38,US,External,1226.54,USD,ST - Services / Tooling,Company 2,NULL,NULL,Create Sales Order,2024-05-08 22:52:01.000,USER - 02130,Department 2222,Manual,Order - 1112,Sales order,Main
Order - 1113,CUST - 038,Customer 38,US,External,1205.52,USD,ST - Services / Tooling,Company 2,NULL,NULL,Create Sales Order,2024-05-08 22:57:22.000,USER - 02130,Department 2222,Manual,Order - 1113,Sales order,Main
Order - 1090,CUST - 038,Customer 38,US,External,936.98,USD,ST - Services / Tooling,Company 2,NULL,NULL,Create Sales Order,2024-04-30 21:52:58.000,USER - 02130,Department 2222,Manual,Order - 1090,Sales order,Main
Order - 1093,CUST - 038,Customer 38,US,External,323.55,USD,ST - Services / Tooling,Company 2,NULL,NULL,Create Sales Order,2024-04-30 22:13:44.000,USER - 02130,Department 2222,Manual,Order - 1093,Sales order,Main
Order - 1560,CUST - 038,Customer 38,US,External,711.66,USD,ST - Services / Tooling,Company 2,NULL,NULL,Create Sales Order,2024-08-27 23:27:48.000,USER - 02130,Department 2222,Manual,Order - 1560,Sales order,Main
Order - 1533,CUST - 038,Customer 38,US,External,994.64,USD,ST - Services / Tooling,Company 2,NULL,NULL,Create Sales Order,2024-08-21 18:59:20.000,USER - 02130,Department 2222,Manual,Order - 1533,Sales order,Main
Order - 1539,CUST - 038,Customer 38,US,External,316.77,USD,ST - Services / Tooling,Company 2,NULL,NULL,Create Sales Order,2024-08-21 19:55:12.000,USER - 02130,Department 2222,Manual,Order - 1539,Sales order,Main
Order - 1550,CUST - 038,Customer 38,US,External,1608.14,USD,ST - Services / Tooling,Company 2,NULL,NULL,Create Sales Order,2024-08-21 23:58:16.000,USER - 02130,Department 2222,Manual,Order - 1550,Sales order,Main
Order - 1226,CUST - 038,Customer 38,US,External,2567.4,USD,ST - Services / Tooling,Company 2,NULL,NULL,Create Sales Order,2024-06-04 20:13:42.000,USER - 02130,Department 2222,Manual,Order - 1226,Sales order,Main
Order - 1081,CUST - 038,Customer 38,US,External,321.07,USD,ST - Services / Tooling,Company 2,NULL,NULL,Create Sales Order,2024-04-30 18:13:44.000,USER - 02130,Department 2222,Manual,Order - 1081,Sales order,Main
Order - 1076,CUST - 038,Customer 38,US,External,1861.37,USD,ST - Services / Tooling,Company 2,NULL,NULL,Create Sales Order,2024-04-30 17:42:06.000,USER - 02130,Department 2222,Manual,Order - 1076,Sales order,Main
Order - 1077,CUST - 038,Customer 38,US,External,326.66,USD,ST - Services / Tooling,Company 2,NULL,NULL,Create Sales Order,2024-04-30 17:50:00.000,USER - 02130,Department 2222,Manual,Order - 1077,Sales order,Main
Order - 0537,CUST - 036,Customer 36,US,External,2501.17,USD,ST - Services / Tooling,Company 2,NULL,NULL,Create Sales Order,2023-12-19 19:55:40.000,USER - 02130,Department 2222,Manual,Order - 0537,Sales order,Main
Order - 0538,CUST - 036,Customer 36,US,External,3053.73,USD,ST - Services / Tooling,Company 2,NULL,NULL,Create Sales Order,2023-12-19 20:02:53.000,USER - 02130,Department 2222,Manual,Order - 0538,Sales order,Main
Order - 0995,CUST - 036,Customer 36,US,External,768.96,USD,ST - Services / Tooling,Company 2,NULL,NULL,Create Sales Order,2024-04-10 17:27:13.000,USER - 02130,Department 2222,Manual,Order - 0995,Sales order,Main
Order - 0997,CUST - 036,Customer 36,US,External,743.29,USD,ST - Services / Tooling,Company 2,NULL,NULL,Create Sales Order,2024-04-10 17:46:02.000,USER - 02130,Department 2222,Manual,Order - 0997,Sales order,Main
Order - 0999,CUST - 036,Customer 36,US,External,2173.42,USD,ST - Services / Tooling,Company 2,NULL,NULL,Create Sales Order,2024-04-10 18:09:02.000,USER - 02130,Department 2222,Manual,Order - 0999,Sales order,Main
Order - 1000,CUST - 036,Customer 36,US,External,1720.58,USD,ST - Services / Tooling,Company 2,NULL,NULL,Create Sales Order,2024-04-10 19:02:29.000,USER - 02130,Department 2222,Manual,Order - 1000,Sales order,Main
Order - 1001,CUST - 036,Customer 36,US,External,737.04,USD,ST - Services / Tooling,Company 2,NULL,NULL,Create Sales Order,2024-04-10 20:05:45.000,USER - 02130,Department 2222,Manual,Order - 1001,Sales order,Main
Order - 1003,CUST - 036,Customer 36,US,External,409.46,USD,ST - Services / Tooling,Company 2,NULL,NULL,Create Sales Order,2024-04-10 20:22:14.000,USER - 02130,Department 2222,Manual,Order - 1003,Sales order,Main
Order - 1004,CUST - 036,Customer 36,US,External,111.7,USD,ST - Services / Tooling,Company 2,NULL,NULL,Create Sales Order,2024-04-10 20:28:03.000,USER - 02130,Department 2222,Manual,Order - 1004,Sales order,Main
Order - 1005,CUST - 036,Customer 36,US,External,3112.17,USD,ST - Services / Tooling,Company 2,NULL,NULL,Create Sales Order,2024-04-10 22:09:27.000,USER - 02130,Department 2222,Manual,Order - 1005,Sales order,Main
Order - 0496,CUST - 036,Customer 36,US,External,1785.14,USD,ST - Services / Tooling,Company 2,NULL,NULL,Create Sales Order,2023-12-18 15:42:20.000,USER - 02130,Department 2222,Manual,Order - 0496,Sales order,Main
Order - 0957,CUST - 036,Customer 36,US,External,1994.21,USD,ST - Services / Tooling,Company 2,NULL,NULL,Create Sales Order,2024-04-03 17:44:12.000,USER - 02130,Department 2222,Manual,Order - 0957,Sales order,Main
Order - 0965,CUST - 036,Customer 36,US,External,461.59,USD,ST - Services / Tooling,Company 2,NULL,NULL,Create Sales Order,2024-04-03 20:22:37.000,USER - 02130,Department 2222,Manual,Order - 0965,Sales order,Main
Order - 0980,CUST - 036,Customer 36,US,External,1075.49,USD,ST - Services / Tooling,Company 2,NULL,NULL,Create Sales Order,2024-04-03 23:39:55.000,USER - 02130,Department 2222,Manual,Order - 0980,Sales order,Main
Order - 0982,CUST - 036,Customer 36,US,External,1807.02,USD,ST - Services / Tooling,Company 2,NULL,NULL,Create Sales Order,2024-04-03 23:54:38.000,USER - 02130,Department 2222,Manual,Order - 0982,Sales order,Main
Order - 0484,CUST - 036,Customer 36,US,External,1153.47,USD,ST - Services / Tooling,Company 2,NULL,NULL,Create Sales Order,2023-12-15 14:35:08.000,USER - 02130,Department 2222,Manual,Order - 0484,Sales order,Main
Order - 0499,CUST - 036,Customer 36,US,External,159.41,USD,ST - Services / Tooling,Company 2,NULL,NULL,Create Sales Order,2023-12-18 16:32:50.000,USER - 02130,Department 2222,Manual,Order - 0499,Sales order,Main
Order - 0500,CUST - 036,Customer 36,US,External,4518.19,USD,ST - Services / Tooling,Company 2,NULL,NULL,Create Sales Order,2023-12-18 16:43:42.000,USER - 02130,Department 2222,Manual,Order - 0500,Sales order,Main
Order - 0501,CUST - 036,Customer 36,US,External,1382.53,USD,ST - Services / Tooling,Company 2,NULL,NULL,Create Sales Order,2023-12-18 16:57:25.000,USER - 02130,Department 2222,Manual,Order - 0501,Sales order,Main
Order - 0186,,,,,0,,SO - Standard Order,,,,Requested Delivery Date,2023-08-29 23:59:59.000,USER - 03649,Department 486,Manual,Order - 0186,Sales order,Main
Order - 0495,,,,,0,,SO - Standard Order,,,,Requested Delivery Date,2023-12-18 23:59:59.000,USER - 03649,Department 486,Manual,Order - 0495,Sales order,Main
Order - 0078,,,,,0,,SO - Standard Order,,,,Requested Delivery Date,2023-06-30 23:59:59.000,USER - 03649,Department 486,Manual,Order - 0078,Sales order,Main
Order - 0079,,,,,0,,SO - Standard Order,,,,Requested Delivery Date,2023-06-30 23:59:59.000,USER - 03649,Department 486,Manual,Order - 0079,Sales order,Main
Order - 0080,,,,,0,,SO - Standard Order,,,,Requested Delivery Date,2023-06-30 23:59:59.000,USER - 03649,Department 486,Manual,Order - 0080,Sales order,Main
Order - 0112,,,,,0,,SO - Standard Order,,,,Requested Delivery Date,2023-07-20 23:59:59.000,USER - 03649,Department 486,Manual,Order - 0112,Sales order,Main
Order - 0113,,,,,0,,SO - Standard Order,,,,Requested Delivery Date,2023-07-20 23:59:59.000,USER - 03649,Department 486,Manual,Order - 0113,Sales order,Main
Order - 0114,,,,,0,,SO - Standard Order,,,,Requested Delivery Date,2023-07-20 23:59:59.000,USER - 03649,Department 486,Manual,Order - 0114,Sales order,Main
Order - 0115,,,,,0,,SO - Standard Order,,,,Requested Delivery Date,2023-07-20 23:59:59.000,USER - 03649,Department 486,Manual,Order - 0115,Sales order,Main
Order - 0118,,,,,0,,SO - Standard Order,,,,Requested Delivery Date,2023-07-24 23:59:59.000,USER - 03649,Department 486,Manual,Order - 0118,Sales order,Main
Order - 0119,,,,,0,,SO - Standard Order,,,,Requested Delivery Date,2023-07-25 23:59:59.000,USER - 03649,Department 486,Manual,Order - 0119,Sales order,Main
Order - 0120,,,,,0,,SO - Standard Order,,,,Requested Delivery Date,2023-07-25 23:59:59.000,USER - 03649,Department 486,Manual,Order - 0120,Sales order,Main
Order - 0126,,,,,0,,SO - Standard Order,,,,Requested Delivery Date,2023-07-27 23:59:59.000,USER - 03649,Department 486,Manual,Order - 0126,Sales order,Main
Order - 0135,,,,,0,,SO - Standard Order,,,,Requested Delivery Date,2023-08-03 23:59:59.000,USER - 03649,Department 486,Manual,Order - 0135,Sales order,Main
Order - 0287,,,,,0,,SO - Standard Order,,,,Requested Delivery Date,2023-10-20 23:59:59.000,USER - 03649,Department 486,Manual,Order - 0287,Sales order,Main
Order - 0077,,,,,0,,SO - Standard Order,,,,Requested Delivery Date,2023-06-30 23:59:59.000,USER - 03649,Department 486,Manual,Order - 0077,Sales order,Main
Order - 0140,,,,,0,,ST - Services / Tooling,,,,Requested Delivery Date,2023-08-08 23:59:59.000,USER - 03649,Department 486,Manual,Order - 0140,Sales order,Main
Order - 0134,,,,,0,,SO - Standard Order,,,,Requested Delivery Date,2023-08-02 23:59:59.000,USER - 03649,Department 486,Manual,Order - 0134,Sales order,Main
Order - 0308,,,,,0,,SO - Standard Order,,,,Requested Delivery Date,2023-10-31 23:59:59.000,USER - 03649,Department 486,Manual,Order - 0308,Sales order,Main
Order - 0138,,,,,0,,SO - Standard Order,,,,Requested Delivery Date,2023-08-07 23:59:59.000,USER - 03649,Department 486,Manual,Order - 0138,Sales order,Main
Order - 1813,,,,,0,,ST - Services / Tooling,,,,Requested Delivery Date,2024-10-28 23:59:59.000,USER - 09841,NULL,NULL,Order - 1813,Sales order,Main
Order - 1691,,,,,0,,SO - Standard Order,,,,Requested Delivery Date,2024-10-03 23:59:59.000,USER - 09841,NULL,NULL,Order - 1691,Sales order,Main
Order - 1766,,,,,0,,SO - Standard Order,,,,Requested Delivery Date,2024-10-21 23:59:59.000,USER - 09841,NULL,NULL,Order - 1766,Sales order,Main
Order - 1767,,,,,0,,SO - Standard Order,,,,Requested Delivery Date,2024-10-22 23:59:59.000,USER - 09841,NULL,NULL,Order - 1767,Sales order,Main
Order - 1812,,,,,0,,SO - Standard Order,,,,Requested Delivery Date,2024-10-28 23:59:59.000,USER - 09841,NULL,NULL,Order - 1812,Sales order,Main
Order - 1692,,,,,0,,ST - Services / Tooling,,,,Requested Delivery Date,2024-10-03 23:59:59.000,USER - 09841,NULL,NULL,Order - 1692,Sales order,Main
Order - 1765,,,,,0,,SO - Standard Order,,,,Requested Delivery Date,2024-10-18 23:59:59.000,USER - 09841,NULL,NULL,Order - 1765,Sales order,Main
Order - 1763,,,,,0,,SO - Standard Order,,,,Requested Delivery Date,2024-10-17 23:59:59.000,USER - 09841,NULL,NULL,Order - 1763,Sales order,Main
Order - 1764,,,,,0,,SO - Standard Order,,,,Requested Delivery Date,2024-10-17 23:59:59.000,USER - 09841,NULL,NULL,Order - 1764,Sales order,Main
Order - 0694,,,,,0,,ST - Services / Tooling,,,,Requested Delivery Date,2024-02-08 23:59:59.000,USER - 10897,Department 2178,Manual,Order - 0694,Sales order,Main
Order - 1645,,,,,0,,ST - Services / Tooling,,,,Requested Delivery Date,2024-09-18 23:59:59.000,USER - 10897,Department 2178,Manual,Order - 1645,Sales order,Main
Order - 1307,,,,,0,,ST - Services / Tooling,,,,Requested Delivery Date,2024-06-25 23:59:59.000,USER - 10897,Department 2178,Manual,Order - 1307,Sales order,Main
Order - 0943,,,,,0,,ST - Services / Tooling,,,,Requested Delivery Date,2024-03-29 23:59:59.000,USER - 10897,Department 2178,Manual,Order - 0943,Sales order,Main
Order - 0946,,,,,0,,ST - Services / Tooling,,,,Requested Delivery Date,2024-03-29 23:59:59.000,USER - 10897,Department 2178,Manual,Order - 0946,Sales order,Main
Order - 0910,,,,,0,,ST - Services / Tooling,,,,Requested Delivery Date,2024-03-21 23:59:59.000,USER - 10897,Department 2178,Manual,Order - 0910,Sales order,Main
Order - 1867,,,,,0,,ST - Services / Tooling,,,,Requested Delivery Date,2024-11-05 23:59:59.000,USER - 10897,Department 2178,Manual,Order - 1867,Sales order,Main
Order - 0608,,,,,0,,ST - Services / Tooling,,,,Requested Delivery Date,2024-01-22 23:59:59.000,USER - 10897,Department 2178,Manual,Order - 0608,Sales order,Main
Order - 0609,,,,,0,,ST - Services / Tooling,,,,Requested Delivery Date,2024-01-25 23:59:59.000,USER - 10897,Department 2178,Manual,Order - 0609,Sales order,Main
Order - 0199,,,,,0,,ST - Services / Tooling,,,,Requested Delivery Date,2023-09-05 23:59:59.000,USER - 10897,Department 2178,Manual,Order - 0199,Sales order,Main
Order - 0204,,,,,0,,ST - Services / Tooling,,,,Requested Delivery Date,2023-09-07 23:59:59.000,USER - 10897,Department 2178,Manual,Order - 0204,Sales order,Main
Order - 0262,,,,,0,,ST - Services / Tooling,,,,Requested Delivery Date,2023-10-06 23:59:59.000,USER - 10897,Department 2178,Manual,Order - 0262,Sales order,Main
Order - 0267,,,,,0,,ST - Services / Tooling,,,,Requested Delivery Date,2023-10-10 23:59:59.000,USER - 10897,Department 2178,Manual,Order - 0267,Sales order,Main
Order - 0274,,,,,0,,ST - Services / Tooling,,,,Requested Delivery Date,2023-10-12 23:59:59.000,USER - 10897,Department 2178,Manual,Order - 0274,Sales order,Main
Order - 1164,,,,,0,,ST - Services / Tooling,,,,Requested Delivery Date,2024-05-20 23:59:59.000,USER - 10897,Department 2178,Manual,Order - 1164,Sales order,Main
Order - 1165,,,,,0,,ST - Services / Tooling,,,,Requested Delivery Date,2024-05-20 23:59:59.000,USER - 10897,Department 2178,Manual,Order - 1165,Sales order,Main
Order - 1175,,,,,0,,ST - Services / Tooling,,,,Requested Delivery Date,2024-05-21 23:59:59.000,USER - 10897,Department 2178,Manual,Order - 1175,Sales order,Main
Order - 1176,,,,,0,,ST - Services / Tooling,,,,Requested Delivery Date,2024-05-21 23:59:59.000,USER - 10897,Department 2178,Manual,Order - 1176,Sales order,Main
Order - 0220,,,,,0,,ST - Services / Tooling,,,,Requested Delivery Date,2023-09-14 23:59:59.000,USER - 10897,Department 2178,Manual,Order - 0220,Sales order,Main
Order - 0229,,,,,0,,ST - Services / Tooling,,,,Requested Delivery Date,2023-09-19 23:59:59.000,USER - 10897,Department 2178,Manual,Order - 0229,Sales order,Main
Order - 0230,,,,,0,,ST - Services / Tooling,,,,Requested Delivery Date,2023-09-19 23:59:59.000,USER - 10897,Department 2178,Manual,Order - 0230,Sales order,Main
Order - 0575,,,,,0,,ST - Services / Tooling,,,,Requested Delivery Date,2023-12-22 23:59:59.000,USER - 10897,Department 2178,Manual,Order - 0575,Sales order,Main
Order - 1045,,,,,0,,ST - Services / Tooling,,,,Requested Delivery Date,2024-04-19 23:59:59.000,USER - 10897,Department 2178,Manual,Order - 1045,Sales order,Main
Order - 0322,,,,,0,,ST - Services / Tooling,,,,Requested Delivery Date,2023-11-09 23:59:59.000,USER - 10897,Department 2178,Manual,Order - 0322,Sales order,Main
Order - 0323,,,,,0,,ST - Services / Tooling,,,,Requested Delivery Date,2023-11-09 23:59:59.000,USER - 10897,Department 2178,Manual,Order - 0323,Sales order,Main
Order - 0333,,,,,0,,ST - Services / Tooling,,,,Requested Delivery Date,2023-11-14 23:59:59.000,USER - 10897,Department 2178,Manual,Order - 0333,Sales order,Main
Order - 0334,,,,,0,,ST - Services / Tooling,,,,Requested Delivery Date,2023-11-14 23:59:59.000,USER - 10897,Department 2178,Manual,Order - 0334,Sales order,Main
Order - 0413,,,,,0,,ST - Services / Tooling,,,,Requested Delivery Date,2023-11-30 23:59:59.000,USER - 10897,Department 2178,Manual,Order - 0413,Sales order,Main
Order - 0414,,,,,0,,ST - Services / Tooling,,,,Requested Delivery Date,2023-11-30 23:59:59.000,USER - 10897,Department 2178,Manual,Order - 0414,Sales order,Main
Order - 0859,,,,,0,,ST - Services / Tooling,,,,Requested Delivery Date,2024-03-15 23:59:59.000,USER - 10897,Department 2178,Manual,Order - 0859,Sales order,Main
Order - 0860,,,,,0,,ST - Services / Tooling,,,,Requested Delivery Date,2024-03-15 23:59:59.000,USER - 10897,Department 2178,Manual,Order - 0860,Sales order,Main
Order - 1798,,,,,0,,SO - Standard Order,,,,Requested Delivery Date,2024-10-24 23:59:59.000,USER - 01037,Department 2177,Manual,Order - 1798,Sales order,Main
Order - 1799,,,,,0,,SO - Standard Order,,,,Requested Delivery Date,2024-10-24 23:59:59.000,USER - 01037,Department 2177,Manual,Order - 1799,Sales order,Main
Order - 1851,,,,,0,,ST - Services / Tooling,,,,Requested Delivery Date,2024-10-30 23:59:59.000,USER - 01037,Department 2177,Manual,Order - 1851,Sales order,Main
Order - 1809,,,,,0,,SO - Standard Order,,,,Requested Delivery Date,2024-10-28 23:59:59.000,USER - 01037,Department 2177,Manual,Order - 1809,Sales order,Main
Order - 0233,,,,,0,,,,,,Freight order is changed,2023-10-03 09:21:00.000,USER - 07901,Department 1776,Manual,FREIGHT - 00193,Freight order,Change
Order - 0223,,,,,0,,,,,,Freight order is changed,2023-09-18 10:40:00.000,USER - 03676,Department 751,Manual,FREIGHT - 00186,Freight order,Change
Order - 0015,,,,,0,,,,,,Freight order is changed,2023-06-21 09:45:00.000,USER - 03676,Department 751,Manual,FREIGHT - 00038,Freight order,Change
Order - 0015,,,,,0,,,,,,Freight order is changed,2023-07-07 13:09:00.000,USER - 03676,Department 751,Manual,FREIGHT - 00073,Freight order,Change
Order - 0025,,,,,0,,,,,,Invoice is changed,2023-05-31 13:28:00.000,USER - 04201,Department 1601,Manual,Invoice - 008,Invoice,Change
Order - 0259,,,,,0,,,,,,Invoice is changed,2023-10-27 11:35:00.000,USER - 08479,NULL,NULL,Invoice - 214,Invoice,Change
Order - 1696,CUST - 036,Customer 36,US,External,721.39,USD,ST - Services / Tooling,Company 2,NULL,NULL,Create Sales Order,2024-10-04 17:30:29.000,USER - 10897,Department 2178,Manual,Order - 1696,Sales order,Main
Order - 1695,CUST - 038,Customer 38,US,External,3098.96,USD,ST - Services / Tooling,Company 2,NULL,NULL,Create Sales Order,2024-10-04 17:23:41.000,USER - 10897,Department 2178,Manual,Order - 1695,Sales order,Main
Order - 1898,CUST - 034,Customer 34,US,External,337.4,USD,ST - Services / Tooling,Company 2,NULL,NULL,Create Sales Order,2024-11-12 20:44:08.000,USER - 10897,Department 2178,Manual,Order - 1898,Sales order,Main
Order - 1314,CUST - 029,Customer 29,PL,External,-145401,EUR,ST - Services / Tooling,Company 1,NULL,X,Create Sales Order,2024-06-27 15:44:07.000,USER - 10897,Department 2178,Manual,Order - 1314,Sales order,Main
Order - 1841,CUST - 037,Customer 37,US,External,524.07,USD,ST - Services / Tooling,Company 2,NULL,NULL,Create Sales Order,2024-10-30 18:01:17.000,USER - 10897,Department 2178,Manual,Order - 1841,Sales order,Main
Order - 0562,CUST - 043,Customer 43,HU,External,1078.87,EUR,ST - Services / Tooling,Company 1,NULL,NULL,Create Sales Order,2023-12-20 13:52:33.000,USER - 10897,Department 2178,Manual,Order - 0562,Sales order,Main
Order - 0511,CUST - 043,Customer 43,HU,External,9941.93,EUR,ST - Services / Tooling,Company 1,NULL,NULL,Create Sales Order,2023-12-19 10:50:31.000,USER - 10897,Department 2178,Manual,Order - 0511,Sales order,Main
Order - 0402,CUST - 043,Customer 43,HU,External,41137.96,EUR,ST - Services / Tooling,Company 1,NULL,NULL,Create Sales Order,2023-11-29 14:47:25.000,USER - 10897,Department 2178,Manual,Order - 0402,Sales order,Main
Order - 0811,CUST - 029,Customer 29,PL,External,4700.15,EUR,ST - Services / Tooling,Company 1,NULL,NULL,Create Sales Order,2024-02-29 15:06:25.000,USER - 10897,Department 2178,Manual,Order - 0811,Sales order,Main
Order - 1014,CUST - 010,Customer 10,DE,External,655.2,EUR,ST - Services / Tooling,Company 1,NULL,NULL,Create Sales Order,2024-04-12 10:07:01.000,USER - 10897,Department 2178,Manual,Order - 1014,Sales order,Main
Order - 0859,CUST - 026,Customer 26,DE,External,40162.07,EUR,ST - Services / Tooling,Company 1,NULL,NULL,Create Sales Order,2024-03-15 19:47:39.000,USER - 10897,Department 2178,Manual,Order - 0859,Sales order,Main
Order - 0860,CUST - 026,Customer 26,DE,External,43400.45,EUR,ST - Services / Tooling,Company 1,NULL,NULL,Create Sales Order,2024-03-15 20:11:14.000,USER - 10897,Department 2178,Manual,Order - 0860,Sales order,Main
Order - 1578,CUST - 026,Customer 26,DE,External,33913.14,EUR,ST - Services / Tooling,Company 1,NULL,NULL,Create Sales Order,2024-09-02 15:33:01.000,USER - 10897,Department 2178,Manual,Order - 1578,Sales order,Main
Order - 1580,CUST - 026,Customer 26,DE,External,36665.54,EUR,ST - Services / Tooling,Company 1,NULL,NULL,Create Sales Order,2024-09-02 15:40:17.000,USER - 10897,Department 2178,Manual,Order - 1580,Sales order,Main
Order - 0694,CUST - 026,Customer 26,DE,External,42317.57,EUR,ST - Services / Tooling,Company 1,NULL,NULL,Create Sales Order,2024-02-08 17:56:50.000,USER - 10897,Department 2178,Manual,Order - 0694,Sales order,Main
Order - 1573,CUST - 026,Customer 26,DE,External,38176.7,EUR,ST - Services / Tooling,Company 1,NULL,NULL,Create Sales Order,2024-08-29 12:21:34.000,USER - 10897,Department 2178,Manual,Order - 1573,Sales order,Main
Order - 1068,CUST - 026,Customer 26,DE,External,38483.98,EUR,ST - Services / Tooling,Company 1,NULL,NULL,Create Sales Order,2024-04-25 16:09:43.000,USER - 10897,Department 2178,Manual,Order - 1068,Sales order,Main
Order - 1069,CUST - 026,Customer 26,DE,External,35805.56,EUR,ST - Services / Tooling,Company 1,NULL,NULL,Create Sales Order,2024-04-25 16:11:29.000,USER - 10897,Department 2178,Manual,Order - 1069,Sales order,Main
Order - 1071,CUST - 026,Customer 26,DE,External,40847.68,EUR,ST - Services / Tooling,Company 1,NULL,NULL,Create Sales Order,2024-04-30 15:37:01.000,USER - 10897,Department 2178,Manual,Order - 1071,Sales order,Main
Order - 1072,CUST - 026,Customer 26,DE,External,33923.99,EUR,ST - Services / Tooling,Company 1,NULL,NULL,Create Sales Order,2024-04-30 15:40:37.000,USER - 10897,Department 2178,Manual,Order - 1072,Sales order,Main
Order - 1450,CUST - 026,Customer 26,DE,External,32284.22,EUR,ST - Services / Tooling,Company 1,NULL,NULL,Create Sales Order,2024-07-30 17:03:20.000,USER - 10897,Department 2178,Manual,Order - 1450,Sales order,Main
Order - 1016,CUST - 026,Customer 26,DE,External,37340.6,EUR,ST - Services / Tooling,Company 1,NULL,NULL,Create Sales Order,2024-04-12 11:23:26.000,USER - 10897,Department 2178,Manual,Order - 1016,Sales order,Main
Order - 0908,CUST - 026,Customer 26,DE,External,40876.78,EUR,ST - Services / Tooling,Company 1,NULL,NULL,Create Sales Order,2024-03-21 08:53:26.000,USER - 10897,Department 2178,Manual,Order - 0908,Sales order,Main
Order - 1342,CUST - 037,Customer 37,US,External,384.49,USD,ST - Services / Tooling,Company 2,NULL,NULL,Create Sales Order,2024-07-02 20:39:03.000,USER - 02130,Department 2222,Manual,Order - 1342,Sales order,Main
Order - 1343,CUST - 037,Customer 37,US,External,2404.3,USD,ST - Services / Tooling,Company 2,NULL,NULL,Create Sales Order,2024-07-02 20:46:53.000,USER - 02130,Department 2222,Manual,Order - 1343,Sales order,Main
Order - 1352,CUST - 037,Customer 37,US,External,280.14,USD,ST - Services / Tooling,Company 2,NULL,NULL,Create Sales Order,2024-07-02 21:54:53.000,USER - 02130,Department 2222,Manual,Order - 1352,Sales order,Main
Order - 1353,CUST - 037,Customer 37,US,External,2340.54,USD,ST - Services / Tooling,Company 2,NULL,NULL,Create Sales Order,2024-07-02 22:00:07.000,USER - 02130,Department 2222,Manual,Order - 1353,Sales order,Main
Order - 1354,CUST - 037,Customer 37,US,External,525.77,USD,ST - Services / Tooling,Company 2,NULL,NULL,Create Sales Order,2024-07-02 22:06:04.000,USER - 02130,Department 2222,Manual,Order - 1354,Sales order,Main
Order - 1154,CUST - 037,Customer 37,US,External,6346.33,USD,ST - Services / Tooling,Company 2,NULL,NULL,Create Sales Order,2024-05-15 23:10:18.000,USER - 02130,Department 2222,Manual,Order - 1154,Sales order,Main
Order - 1701,CUST - 037,Customer 37,US,External,2316.18,USD,ST - Services / Tooling,Company 2,NULL,NULL,Create Sales Order,2024-10-04 18:12:33.000,USER - 02130,Department 2222,Manual,Order - 1701,Sales order,Main
Order - 1702,CUST - 037,Customer 37,US,External,2126.2,USD,ST - Services / Tooling,Company 2,NULL,NULL,Create Sales Order,2024-10-04 18:19:09.000,USER - 02130,Department 2222,Manual,Order - 1702,Sales order,Main
Order - 1402,CUST - 037,Customer 37,US,External,1846.99,USD,ST - Services / Tooling,Company 2,NULL,NULL,Create Sales Order,2024-07-17 18:46:15.000,USER - 02130,Department 2222,Manual,Order - 1402,Sales order,Main
Order - 1403,CUST - 037,Customer 37,US,External,4374.41,USD,ST - Services / Tooling,Company 2,NULL,NULL,Create Sales Order,2024-07-17 18:53:26.000,USER - 02130,Department 2222,Manual,Order - 1403,Sales order,Main
Order - 1887,CUST - 037,Customer 37,US,External,4068.81,USD,ST - Services / Tooling,Company 2,NULL,NULL,Create Sales Order,2024-11-12 18:17:24.000,USER - 02130,Department 2222,Manual,Order - 1887,Sales order,Main
Order - 1888,CUST - 037,Customer 37,US,External,1172.4,USD,ST - Services / Tooling,Company 2,NULL,NULL,Create Sales Order,2024-11-12 18:24:14.000,USER - 02130,Department 2222,Manual,Order - 1888,Sales order,Main
Order - 1156,CUST - 037,Customer 37,US,External,7266.3,USD,ST - Services / Tooling,Company 2,NULL,NULL,Create Sales Order,2024-05-15 23:30:39.000,USER - 02130,Department 2222,Manual,Order - 1156,Sales order,Main
Order - 1157,CUST - 037,Customer 37,US,External,10165.67,USD,ST - Services / Tooling,Company 2,NULL,NULL,Create Sales Order,2024-05-15 23:37:13.000,USER - 02130,Department 2222,Manual,Order - 1157,Sales order,Main
Order - 1159,CUST - 037,Customer 37,US,External,1392.85,USD,ST - Services / Tooling,Company 2,NULL,NULL,Create Sales Order,2024-05-16 01:21:05.000,USER - 02130,Department 2222,Manual,Order - 1159,Sales order,Main
Order - 0566,CUST - 037,Customer 37,US,External,300.95,USD,ST - Services / Tooling,Company 2,NULL,NULL,Create Sales Order,2023-12-20 17:44:11.000,USER - 02130,Department 2222,Manual,Order - 0566,Sales order,Main
Order - 0567,CUST - 037,Customer 37,US,External,5139.05,USD,ST - Services / Tooling,Company 2,NULL,NULL,Create Sales Order,2023-12-20 17:51:33.000,USER - 02130,Department 2222,Manual,Order - 0567,Sales order,Main
Order - 0568,CUST - 037,Customer 37,US,External,582.67,USD,ST - Services / Tooling,Company 2,NULL,NULL,Create Sales Order,2023-12-20 17:59:57.000,USER - 02130,Department 2222,Manual,Order - 0568,Sales order,Main
Order - 0981,CUST - 034,Customer 34,US,External,370.9,USD,ST - Services / Tooling,Company 2,NULL,NULL,Create Sales Order,2024-04-03 23:48:15.000,USER - 02130,Department 2222,Manual,Order - 0981,Sales order,Main
Order - 1037,CUST - 034,Customer 34,US,External,271.95,USD,ST - Services / Tooling,Company 2,NULL,NULL,Create Sales Order,2024-04-16 19:51:33.000,USER - 02130,Department 2222,Manual,Order - 1037,Sales order,Main
Order - 1055,CUST - 034,Customer 34,US,External,658.6,USD,ST - Services / Tooling,Company 2,NULL,NULL,Create Sales Order,2024-04-23 20:35:00.000,USER - 02130,Department 2222,Manual,Order - 1055,Sales order,Main
Order - 1058,CUST - 034,Customer 34,US,External,308.25,USD,ST - Services / Tooling,Company 2,NULL,NULL,Create Sales Order,2024-04-23 22:13:16.000,USER - 02130,Department 2222,Manual,Order - 1058,Sales order,Main
Order - 1059,CUST - 034,Customer 34,US,External,308.25,USD,ST - Services / Tooling,Company 2,NULL,NULL,Create Sales Order,2024-04-23 22:20:26.000,USER - 02130,Department 2222,Manual,Order - 1059,Sales order,Main
Order - 0255,CUST - 002,Customer 2,SK,External,302374,EUR,ST - Services / Tooling,Company 1,NULL,NULL,Create Sales Order,2023-09-29 14:49:04.000,USER - 04201,Department 1601,Manual,Order - 0255,Sales order,Main
Order - 0016,CUST - 002,Customer 2,SK,External,32473.48,EUR,SO - Standard Order,Company 1,NULL,NULL,Create Sales Order,2023-05-25 12:32:27.000,USER - 04201,Department 1601,Manual,Order - 0016,Sales order,Main
Order - 0354,CUST - 037,Customer 37,US,External,1341.58,USD,ST - Services / Tooling,Company 2,NULL,NULL,Create Sales Order,2023-11-20 16:44:05.000,USER - 02130,Department 2222,Manual,Order - 0354,Sales order,Main
Order - 0355,CUST - 037,Customer 37,US,External,4598.56,USD,ST - Services / Tooling,Company 2,NULL,NULL,Create Sales Order,2023-11-20 16:53:57.000,USER - 02130,Department 2222,Manual,Order - 0355,Sales order,Main
Order - 0356,CUST - 037,Customer 37,US,External,819.69,USD,ST - Services / Tooling,Company 2,NULL,NULL,Create Sales Order,2023-11-20 17:04:29.000,USER - 02130,Department 2222,Manual,Order - 0356,Sales order,Main
Order - 1137,CUST - 034,Customer 34,US,External,1204.2,USD,ST - Services / Tooling,Company 2,NULL,NULL,Create Sales Order,2024-05-15 19:44:49.000,USER - 02130,Department 2222,Manual,Order - 1137,Sales order,Main
Order - 1138,CUST - 034,Customer 34,US,External,319.8,USD,ST - Services / Tooling,Company 2,NULL,NULL,Create Sales Order,2024-05-15 19:50:09.000,USER - 02130,Department 2222,Manual,Order - 1138,Sales order,Main
Order - 1149,CUST - 034,Customer 34,US,External,591.5,USD,ST - Services / Tooling,Company 2,NULL,NULL,Create Sales Order,2024-05-15 22:27:41.000,USER - 02130,Department 2222,Manual,Order - 1149,Sales order,Main
Order - 1151,CUST - 034,Customer 34,US,External,909.4,USD,ST - Services / Tooling,Company 2,NULL,NULL,Create Sales Order,2024-05-15 22:45:39.000,USER - 02130,Department 2222,Manual,Order - 1151,Sales order,Main
Order - 0775,CUST - 034,Customer 34,US,External,92.65,USD,ST - Services / Tooling,Company 2,NULL,NULL,Create Sales Order,2024-02-21 14:49:11.000,USER - 02130,Department 2222,Manual,Order - 0775,Sales order,Main
Order - 0781,CUST - 034,Customer 34,US,External,1204.2,USD,ST - Services / Tooling,Company 2,NULL,NULL,Create Sales Order,2024-02-21 16:22:45.000,USER - 02130,Department 2222,Manual,Order - 0781,Sales order,Main
Order - 0832,CUST - 034,Customer 34,US,External,518.9,USD,ST - Services / Tooling,Company 2,NULL,NULL,Create Sales Order,2024-03-06 18:00:12.000,USER - 02130,Department 2222,Manual,Order - 0832,Sales order,Main
Order - 0835,CUST - 034,Customer 34,US,External,1158.55,USD,ST - Services / Tooling,Company 2,NULL,NULL,Create Sales Order,2024-03-06 22:04:53.000,USER - 02130,Department 2222,Manual,Order - 0835,Sales order,Main
Order - 0836,CUST - 034,Customer 34,US,External,1158.55,USD,ST - Services / Tooling,Company 2,NULL,NULL,Create Sales Order,2024-03-06 22:16:07.000,USER - 02130,Department 2222,Manual,Order - 0836,Sales order,Main
Order - 0866,CUST - 034,Customer 34,US,External,765.85,USD,ST - Services / Tooling,Company 2,NULL,NULL,Create Sales Order,2024-03-19 19:05:18.000,USER - 02130,Department 2222,Manual,Order - 0866,Sales order,Main
Order - 0874,CUST - 034,Customer 34,US,External,2383.4,USD,ST - Services / Tooling,Company 2,NULL,NULL,Create Sales Order,2024-03-19 21:36:06.000,USER - 02130,Department 2222,Manual,Order - 0874,Sales order,Main
Order - 0876,CUST - 034,Customer 34,US,External,319.8,USD,ST - Services / Tooling,Company 2,NULL,NULL,Create Sales Order,2024-03-19 21:50:29.000,USER - 02130,Department 2222,Manual,Order - 0876,Sales order,Main
Order - 0877,CUST - 034,Customer 34,US,External,642.65,USD,ST - Services / Tooling,Company 2,NULL,NULL,Create Sales Order,2024-03-19 21:55:58.000,USER - 02130,Department 2222,Manual,Order - 0877,Sales order,Main
Order - 0878,CUST - 034,Customer 34,US,External,2088.6,USD,ST - Services / Tooling,Company 2,NULL,NULL,Create Sales Order,2024-03-19 22:06:18.000,USER - 02130,Department 2222,Manual,Order - 0878,Sales order,Main
Order - 0880,CUST - 034,Customer 34,US,External,319.8,USD,ST - Services / Tooling,Company 2,NULL,NULL,Create Sales Order,2024-03-19 22:23:42.000,USER - 02130,Department 2222,Manual,Order - 0880,Sales order,Main
Order - 0881,CUST - 034,Customer 34,US,External,1081,USD,ST - Services / Tooling,Company 2,NULL,NULL,Create Sales Order,2024-03-19 22:29:50.000,USER - 02130,Department 2222,Manual,Order - 0881,Sales order,Main
Order - 0882,CUST - 034,Customer 34,US,External,729,USD,ST - Services / Tooling,Company 2,NULL,NULL,Create Sales Order,2024-03-19 22:35:56.000,USER - 02130,Department 2222,Manual,Order - 0882,Sales order,Main
Order - 0893,CUST - 034,Customer 34,US,External,271.95,USD,ST - Services / Tooling,Company 2,NULL,NULL,Create Sales Order,2024-03-20 17:32:23.000,USER - 02130,Department 2222,Manual,Order - 0893,Sales order,Main
Order - 0894,CUST - 034,Customer 34,US,External,327.5,USD,ST - Services / Tooling,Company 2,NULL,NULL,Create Sales Order,2024-03-20 17:50:39.000,USER - 02130,Department 2222,Manual,Order - 0894,Sales order,Main
Order - 0895,CUST - 034,Customer 34,US,External,632.2,USD,ST - Services / Tooling,Company 2,NULL,NULL,Create Sales Order,2024-03-20 17:57:01.000,USER - 02130,Department 2222,Manual,Order - 0895,Sales order,Main
Order - 1818,CUST - 039,Customer 39,CZ,External,357.03,EUR,ST - Services / Tooling,Company 1,NULL,NULL,Create Sales Order,2024-10-29 13:10:17.000,USER - 03676,Department 751,Manual,Order - 1818,Sales order,Main
Order - 0200,CUST - 011,Customer 11,DE,External,19388.13,EUR,SO - Standard Order,Company 1,NULL,NULL,Create Sales Order,2023-09-07 11:15:40.000,USER - 03676,Department 751,Manual,Order - 0200,Sales order,Main
Order - 0201,CUST - 011,Customer 11,DE,External,18096.48,EUR,SO - Standard Order,Company 1,NULL,NULL,Create Sales Order,2023-09-07 11:46:35.000,USER - 03676,Department 751,Manual,Order - 0201,Sales order,Main
Order - 0202,CUST - 011,Customer 11,DE,External,37992.72,EUR,SO - Standard Order,Company 1,NULL,NULL,Create Sales Order,2023-09-07 11:51:58.000,USER - 03676,Department 751,Manual,Order - 0202,Sales order,Main
Order - 0673,CUST - 011,Customer 11,DE,External,48960,EUR,SO - Standard Order,Company 1,NULL,NULL,Create Sales Order,2024-02-01 15:05:06.000,USER - 03676,Department 751,Manual,Order - 0673,Sales order,Main
Order - 0674,CUST - 011,Customer 11,DE,External,33445.56,EUR,SO - Standard Order,Company 1,NULL,NULL,Create Sales Order,2024-02-01 15:12:01.000,USER - 03676,Department 751,Manual,Order - 0674,Sales order,Main
Order - 0679,CUST - 011,Customer 11,DE,External,18150.48,EUR,SO - Standard Order,Company 1,NULL,NULL,Create Sales Order,2024-02-06 09:41:04.000,USER - 03676,Department 751,Manual,Order - 0679,Sales order,Main
Order - 0680,CUST - 011,Customer 11,DE,External,18010.08,EUR,SO - Standard Order,Company 1,NULL,NULL,Create Sales Order,2024-02-06 10:11:08.000,USER - 03676,Department 751,Manual,Order - 0680,Sales order,Main
Order - 0684,CUST - 011,Customer 11,DE,External,18350.3,EUR,SO - Standard Order,Company 1,NULL,NULL,Create Sales Order,2024-02-07 13:37:46.000,USER - 03676,Department 751,Manual,Order - 0684,Sales order,Main
Order - 0685,CUST - 011,Customer 11,DE,External,48960,EUR,SO - Standard Order,Company 1,NULL,NULL,Create Sales Order,2024-02-07 13:42:08.000,USER - 03676,Department 751,Manual,Order - 0685,Sales order,Main
Order - 0686,CUST - 011,Customer 11,DE,External,33867.44,EUR,SO - Standard Order,Company 1,NULL,NULL,Create Sales Order,2024-02-08 08:34:55.000,USER - 03676,Department 751,Manual,Order - 0686,Sales order,Main
Order - 0688,CUST - 011,Customer 11,DE,External,15752.68,EUR,SO - Standard Order,Company 1,NULL,NULL,Create Sales Order,2024-02-08 09:21:38.000,USER - 03676,Department 751,Manual,Order - 0688,Sales order,Main
Order - 0695,CUST - 011,Customer 11,DE,External,14545.46,EUR,SO - Standard Order,Company 1,NULL,NULL,Create Sales Order,2024-02-09 08:42:53.000,USER - 03676,Department 751,Manual,Order - 0695,Sales order,Main
Order - 0696,CUST - 011,Customer 11,DE,External,48960,EUR,SO - Standard Order,Company 1,NULL,NULL,Create Sales Order,2024-02-09 12:27:28.000,USER - 03676,Department 751,Manual,Order - 0696,Sales order,Main
Order - 0701,CUST - 011,Customer 11,DE,External,18269.28,EUR,SO - Standard Order,Company 1,NULL,NULL,Create Sales Order,2024-02-13 11:23:31.000,USER - 03676,Department 751,Manual,Order - 0701,Sales order,Main
Order - 0702,CUST - 011,Customer 11,DE,External,25865.92,EUR,SO - Standard Order,Company 1,NULL,NULL,Create Sales Order,2024-02-13 11:40:26.000,USER - 03676,Department 751,Manual,Order - 0702,Sales order,Main
Order - 0293,CUST - 011,Customer 11,DE,External,48960,EUR,SO - Standard Order,Company 1,NULL,NULL,Create Sales Order,2023-10-24 08:53:22.000,USER - 03676,Department 751,Manual,Order - 0293,Sales order,Main
Order - 0294,CUST - 011,Customer 11,DE,External,20029.16,EUR,SO - Standard Order,Company 1,NULL,NULL,Create Sales Order,2023-10-24 08:55:50.000,USER - 03676,Department 751,Manual,Order - 0294,Sales order,Main
Order - 0301,CUST - 011,Customer 11,DE,External,27598.16,EUR,SO - Standard Order,Company 1,NULL,NULL,Create Sales Order,2023-10-27 10:27:35.000,USER - 03676,Department 751,Manual,Order - 0301,Sales order,Main
Order - 0303,CUST - 011,Customer 11,DE,External,18366.48,EUR,SO - Standard Order,Company 1,NULL,NULL,Create Sales Order,2023-10-30 14:48:42.000,USER - 03676,Department 751,Manual,Order - 0303,Sales order,Main
Order - 0304,CUST - 011,Customer 11,DE,External,17684.64,EUR,SO - Standard Order,Company 1,NULL,NULL,Create Sales Order,2023-10-30 14:52:32.000,USER - 03676,Department 751,Manual,Order - 0304,Sales order,Main
Order - 0309,CUST - 011,Customer 11,DE,External,14860.56,EUR,SO - Standard Order,Company 1,NULL,NULL,Create Sales Order,2023-10-31 12:12:43.000,USER - 03676,Department 751,Manual,Order - 0309,Sales order,Main
Order - 0311,CUST - 011,Customer 11,DE,External,48960,EUR,SO - Standard Order,Company 1,NULL,NULL,Create Sales Order,2023-11-06 12:59:59.000,USER - 03676,Department 751,Manual,Order - 0311,Sales order,Main
Order - 0312,CUST - 011,Customer 11,DE,External,18269.28,EUR,SO - Standard Order,Company 1,NULL,NULL,Create Sales Order,2023-11-06 13:03:34.000,USER - 03676,Department 751,Manual,Order - 0312,Sales order,Main
Order - 1287,CUST - 038,Customer 38,US,External,334.01,USD,ST - Services / Tooling,Company 2,NULL,NULL,Create Sales Order,2024-06-19 16:51:20.000,USER - 02130,Department 2222,Manual,Order - 1287,Sales order,Main
Order - 1620,CUST - 038,Customer 38,US,External,1675.09,USD,ST - Services / Tooling,Company 2,NULL,NULL,Create Sales Order,2024-09-11 19:17:57.000,USER - 02130,Department 2222,Manual,Order - 1620,Sales order,Main
Order - 1187,CUST - 038,Customer 38,US,External,617.75,USD,ST - Services / Tooling,Company 2,NULL,NULL,Create Sales Order,2024-05-21 21:15:59.000,USER - 02130,Department 2222,Manual,Order - 1187,Sales order,Main
Order - 1581,CUST - 038,Customer 38,US,External,1507.12,USD,ST - Services / Tooling,Company 2,NULL,NULL,Create Sales Order,2024-09-03 19:18:13.000,USER - 02130,Department 2222,Manual,Order - 1581,Sales order,Main
Order - 1087,CUST - 038,Customer 38,US,External,1273.46,USD,ST - Services / Tooling,Company 2,NULL,NULL,Create Sales Order,2024-04-30 20:41:42.000,USER - 02130,Department 2222,Manual,Order - 1087,Sales order,Main
Order - 1102,CUST - 038,Customer 38,US,External,336.15,USD,ST - Services / Tooling,Company 2,NULL,NULL,Create Sales Order,2024-05-08 20:55:25.000,USER - 02130,Department 2222,Manual,Order - 1102,Sales order,Main
Order - 1104,CUST - 038,Customer 38,US,External,637.77,USD,ST - Services / Tooling,Company 2,NULL,NULL,Create Sales Order,2024-05-08 21:50:05.000,USER - 02130,Department 2222,Manual,Order - 1104,Sales order,Main
Order - 1107,CUST - 038,Customer 38,US,External,326.65,USD,ST - Services / Tooling,Company 2,NULL,NULL,Create Sales Order,2024-05-08 22:15:29.000,USER - 02130,Department 2222,Manual,Order - 1107,Sales order,Main
Order - 1108,CUST - 038,Customer 38,US,External,328.91,USD,ST - Services / Tooling,Company 2,NULL,NULL,Create Sales Order,2024-05-08 22:23:31.000,USER - 02130,Department 2222,Manual,Order - 1108,Sales order,Main
Order - 1110,CUST - 038,Customer 38,US,External,2563.75,USD,ST - Services / Tooling,Company 2,NULL,NULL,Create Sales Order,2024-05-08 22:39:51.000,USER - 02130,Department 2222,Manual,Order - 1110,Sales order,Main
Order - 1111,CUST - 038,Customer 38,US,External,315.1,USD,ST - Services / Tooling,Company 2,NULL,NULL,Create Sales Order,2024-05-08 22:46:01.000,USER - 02130,Department 2222,Manual,Order - 1111,Sales order,Main
Order - 1484,CUST - 036,Customer 36,US,External,886.45,USD,ST - Services / Tooling,Company 2,NULL,NULL,Create Sales Order,2024-08-07 18:55:30.000,USER - 02130,Department 2222,Manual,Order - 1484,Sales order,Main
Order - 1485,CUST - 036,Customer 36,US,External,427.97,USD,ST - Services / Tooling,Company 2,NULL,NULL,Create Sales Order,2024-08-07 19:03:50.000,USER - 02130,Department 2222,Manual,Order - 1485,Sales order,Main
Order - 1486,CUST - 036,Customer 36,US,External,993.84,USD,ST - Services / Tooling,Company 2,NULL,NULL,Create Sales Order,2024-08-07 19:10:53.000,USER - 02130,Department 2222,Manual,Order - 1486,Sales order,Main
Order - 1487,CUST - 036,Customer 36,US,External,3269.41,USD,ST - Services / Tooling,Company 2,NULL,NULL,Create Sales Order,2024-08-07 19:18:55.000,USER - 02130,Department 2222,Manual,Order - 1487,Sales order,Main
Order - 1488,CUST - 036,Customer 36,US,External,4385.3,USD,ST - Services / Tooling,Company 2,NULL,NULL,Create Sales Order,2024-08-07 19:48:09.000,USER - 02130,Department 2222,Manual,Order - 1488,Sales order,Main
Order - 0890,CUST - 036,Customer 36,US,External,25,USD,ST - Services / Tooling,Company 2,NULL,NULL,Create Sales Order,2024-03-20 16:39:03.000,USER - 02130,Department 2222,Manual,Order - 0890,Sales order,Main
Order - 0891,CUST - 036,Customer 36,US,External,1065.57,USD,ST - Services / Tooling,Company 2,NULL,NULL,Create Sales Order,2024-03-20 17:11:59.000,USER - 02130,Department 2222,Manual,Order - 0891,Sales order,Main
Order - 0896,CUST - 036,Customer 36,US,External,1036.6,USD,ST - Services / Tooling,Company 2,NULL,NULL,Create Sales Order,2024-03-20 18:07:09.000,USER - 02130,Department 2222,Manual,Order - 0896,Sales order,Main
Order - 0902,CUST - 036,Customer 36,US,External,3830.26,USD,ST - Services / Tooling,Company 2,NULL,NULL,Create Sales Order,2024-03-20 19:19:58.000,USER - 02130,Department 2222,Manual,Order - 0902,Sales order,Main
Order - 0903,CUST - 036,Customer 36,US,External,2781.49,USD,ST - Services / Tooling,Company 2,NULL,NULL,Create Sales Order,2024-03-20 19:27:59.000,USER - 02130,Department 2222,Manual,Order - 0903,Sales order,Main
Order - 0408,CUST - 036,Customer 36,US,External,341.85,USD,ST - Services / Tooling,Company 2,NULL,NULL,Create Sales Order,2023-11-29 18:19:56.000,USER - 02130,Department 2222,Manual,Order - 0408,Sales order,Main
Order - 0410,CUST - 036,Customer 36,US,External,956.17,USD,ST - Services / Tooling,Company 2,NULL,NULL,Create Sales Order,2023-11-29 18:44:59.000,USER - 02130,Department 2222,Manual,Order - 0410,Sales order,Main
Order - 1338,CUST - 038,Customer 38,US,External,1009.79,USD,ST - Services / Tooling,Company 2,NULL,NULL,Create Sales Order,2024-07-02 20:05:15.000,USER - 02130,Department 2222,Manual,Order - 1338,Sales order,Main
Order - 1340,CUST - 038,Customer 38,US,External,316.44,USD,ST - Services / Tooling,Company 2,NULL,NULL,Create Sales Order,2024-07-02 20:23:51.000,USER - 02130,Department 2222,Manual,Order - 1340,Sales order,Main
Order - 0873,CUST - 038,Customer 38,US,External,622.89,USD,ST - Services / Tooling,Company 2,NULL,NULL,Create Sales Order,2024-03-19 21:29:40.000,USER - 02130,Department 2222,Manual,Order - 0873,Sales order,Main
Order - 0905,CUST - 038,Customer 38,US,External,2160.85,USD,ST - Services / Tooling,Company 2,NULL,NULL,Create Sales Order,2024-03-20 19:42:02.000,USER - 02130,Department 2222,Manual,Order - 0905,Sales order,Main
Order - 0883,CUST - 038,Customer 38,US,External,87.96,USD,ST - Services / Tooling,Company 2,NULL,NULL,Create Sales Order,2024-03-19 22:46:48.000,USER - 02130,Department 2222,Manual,Order - 0883,Sales order,Main
Order - 0884,CUST - 038,Customer 38,US,External,361.31,USD,ST - Services / Tooling,Company 2,NULL,NULL,Create Sales Order,2024-03-19 22:52:14.000,USER - 02130,Department 2222,Manual,Order - 0884,Sales order,Main
Order - 0892,CUST - 038,Customer 38,US,External,2998.43,USD,ST - Services / Tooling,Company 2,NULL,NULL,Create Sales Order,2024-03-20 17:18:55.000,USER - 02130,Department 2222,Manual,Order - 0892,Sales order,Main
Order - 1325,CUST - 038,Customer 38,US,External,344.26,USD,ST - Services / Tooling,Company 2,NULL,NULL,Create Sales Order,2024-06-28 19:40:15.000,USER - 02130,Department 2222,Manual,Order - 1325,Sales order,Main
Order - 0782,CUST - 038,Customer 38,US,External,1679.87,USD,ST - Services / Tooling,Company 2,NULL,NULL,Create Sales Order,2024-02-21 16:30:07.000,USER - 02130,Department 2222,Manual,Order - 0782,Sales order,Main
Order - 0783,CUST - 038,Customer 38,US,External,1687.24,USD,ST - Services / Tooling,Company 2,NULL,NULL,Create Sales Order,2024-02-21 16:35:57.000,USER - 02130,Department 2222,Manual,Order - 0783,Sales order,Main
Order - 0776,CUST - 038,Customer 38,US,External,598.33,USD,ST - Services / Tooling,Company 2,NULL,NULL,Create Sales Order,2024-02-21 14:55:15.000,USER - 02130,Department 2222,Manual,Order - 0776,Sales order,Main
Order - 0777,CUST - 038,Customer 38,US,External,698.99,USD,ST - Services / Tooling,Company 2,NULL,NULL,Create Sales Order,2024-02-21 15:01:52.000,USER - 02130,Department 2222,Manual,Order - 0777,Sales order,Main
Order - 0774,CUST - 038,Customer 38,US,External,1369.51,USD,ST - Services / Tooling,Company 2,NULL,NULL,Create Sales Order,2024-02-21 14:38:18.000,USER - 02130,Department 2222,Manual,Order - 0774,Sales order,Main
Order - 1136,CUST - 038,Customer 38,US,External,1663.96,USD,ST - Services / Tooling,Company 2,NULL,NULL,Create Sales Order,2024-05-15 19:03:11.000,USER - 02130,Department 2222,Manual,Order - 1136,Sales order,Main
Order - 0729,CUST - 038,Customer 38,US,External,566.32,USD,ST - Services / Tooling,Company 2,NULL,NULL,Create Sales Order,2024-02-14 17:49:51.000,USER - 02130,Department 2222,Manual,Order - 0729,Sales order,Main
Order - 1116,CUST - 038,Customer 38,US,External,361.3,USD,ST - Services / Tooling,Company 2,NULL,NULL,Create Sales Order,2024-05-08 23:14:47.000,USER - 02130,Department 2222,Manual,Order - 1116,Sales order,Main
Order - 1134,CUST - 038,Customer 38,US,External,1240.07,USD,ST - Services / Tooling,Company 2,NULL,NULL,Create Sales Order,2024-05-15 18:52:37.000,USER - 02130,Department 2222,Manual,Order - 1134,Sales order,Main
Order - 0732,CUST - 038,Customer 38,US,External,599.76,USD,ST - Services / Tooling,Company 2,NULL,NULL,Create Sales Order,2024-02-14 18:28:39.000,USER - 02130,Department 2222,Manual,Order - 0732,Sales order,Main
Order - 0733,CUST - 038,Customer 38,US,External,825.49,USD,ST - Services / Tooling,Company 2,NULL,NULL,Create Sales Order,2024-02-14 18:35:39.000,USER - 02130,Department 2222,Manual,Order - 0733,Sales order,Main
Order - 1201,CUST - 038,Customer 38,US,External,898.4,USD,ST - Services / Tooling,Company 2,NULL,NULL,Create Sales Order,2024-05-29 19:54:34.000,USER - 02130,Department 2222,Manual,Order - 1201,Sales order,Main
Order - 1204,CUST - 038,Customer 38,US,External,98.63,USD,ST - Services / Tooling,Company 2,NULL,NULL,Create Sales Order,2024-05-29 20:57:14.000,USER - 02130,Department 2222,Manual,Order - 1204,Sales order,Main
Order - 1221,CUST - 038,Customer 38,US,External,352.73,USD,ST - Services / Tooling,Company 2,NULL,NULL,Create Sales Order,2024-06-04 19:25:13.000,USER - 02130,Department 2222,Manual,Order - 1221,Sales order,Main
Order - 1222,CUST - 038,Customer 38,US,External,326.67,USD,ST - Services / Tooling,Company 2,NULL,NULL,Create Sales Order,2024-06-04 19:32:41.000,USER - 02130,Department 2222,Manual,Order - 1222,Sales order,Main
Order - 1944,CUST - 079,Customer 79,GB,External,27947,GBP,ST - Services / Tooling,Company 3,NULL,NULL,Create Sales Order,2024-11-21 16:17:37.000,USER - 02130,Department 2222,Manual,Order - 1944,Sales order,Main
Order - 0762,,,,,0,,ST - Services / Tooling,,,,Requested Delivery Date,2024-02-20 23:59:59.000,USER - 02130,Department 2222,Manual,Order - 0762,Sales order,Main
Order - 0725,,,,,0,,ST - Services / Tooling,,,,Requested Delivery Date,2024-02-14 23:59:59.000,USER - 02130,Department 2222,Manual,Order - 0725,Sales order,Main
Order - 0755,,,,,0,,ST - Services / Tooling,,,,Requested Delivery Date,2024-02-20 23:59:59.000,USER - 02130,Department 2222,Manual,Order - 0755,Sales order,Main
Order - 0732,,,,,0,,ST - Services / Tooling,,,,Requested Delivery Date,2024-02-14 23:59:59.000,USER - 02130,Department 2222,Manual,Order - 0732,Sales order,Main
Order - 0733,,,,,0,,ST - Services / Tooling,,,,Requested Delivery Date,2024-02-14 23:59:59.000,USER - 02130,Department 2222,Manual,Order - 0733,Sales order,Main
Order - 1201,,,,,0,,ST - Services / Tooling,,,,Requested Delivery Date,2024-05-29 23:59:59.000,USER - 02130,Department 2222,Manual,Order - 1201,Sales order,Main
Order - 1204,,,,,0,,ST - Services / Tooling,,,,Requested Delivery Date,2024-05-29 23:59:59.000,USER - 02130,Department 2222,Manual,Order - 1204,Sales order,Main
Order - 0727,,,,,0,,ST - Services / Tooling,,,,Requested Delivery Date,2024-02-14 23:59:59.000,USER - 02130,Department 2222,Manual,Order - 0727,Sales order,Main
Order - 0728,,,,,0,,ST - Services / Tooling,,,,Requested Delivery Date,2024-02-14 23:59:59.000,USER - 02130,Department 2222,Manual,Order - 0728,Sales order,Main
Order - 0729,,,,,0,,ST - Services / Tooling,,,,Requested Delivery Date,2024-02-14 23:59:59.000,USER - 02130,Department 2222,Manual,Order - 0729,Sales order,Main
Order - 0717,,,,,0,,ST - Services / Tooling,,,,Requested Delivery Date,2024-02-14 23:59:59.000,USER - 02130,Department 2222,Manual,Order - 0717,Sales order,Main
Order - 0719,,,,,0,,ST - Services / Tooling,,,,Requested Delivery Date,2024-02-14 23:59:59.000,USER - 02130,Department 2222,Manual,Order - 0719,Sales order,Main
Order - 0720,,,,,0,,ST - Services / Tooling,,,,Requested Delivery Date,2024-02-14 23:59:59.000,USER - 02130,Department 2222,Manual,Order - 0720,Sales order,Main
Order - 1179,,,,,0,,ST - Services / Tooling,,,,Requested Delivery Date,2024-05-21 23:59:59.000,USER - 02130,Department 2222,Manual,Order - 1179,Sales order,Main
Order - 0691,,,,,0,,ST - Services / Tooling,,,,Requested Delivery Date,2024-02-08 23:59:59.000,USER - 02130,Department 2222,Manual,Order - 0691,Sales order,Main
Order - 1107,,,,,0,,ST - Services / Tooling,,,,Requested Delivery Date,2024-05-08 23:59:59.000,USER - 02130,Department 2222,Manual,Order - 1107,Sales order,Main
Order - 1102,,,,,0,,ST - Services / Tooling,,,,Requested Delivery Date,2024-05-08 23:59:59.000,USER - 02130,Department 2222,Manual,Order - 1102,Sales order,Main
Order - 1104,,,,,0,,ST - Services / Tooling,,,,Requested Delivery Date,2024-05-08 23:59:59.000,USER - 02130,Department 2222,Manual,Order - 1104,Sales order,Main
Order - 1090,,,,,0,,ST - Services / Tooling,,,,Requested Delivery Date,2024-04-30 23:59:59.000,USER - 02130,Department 2222,Manual,Order - 1090,Sales order,Main
Order - 1093,,,,,0,,ST - Services / Tooling,,,,Requested Delivery Date,2024-04-30 23:59:59.000,USER - 02130,Department 2222,Manual,Order - 1093,Sales order,Main
Order - 1081,,,,,0,,ST - Services / Tooling,,,,Requested Delivery Date,2024-04-30 23:59:59.000,USER - 02130,Department 2222,Manual,Order - 1081,Sales order,Main
Order - 1087,,,,,0,,ST - Services / Tooling,,,,Requested Delivery Date,2024-04-30 23:59:59.000,USER - 02130,Department 2222,Manual,Order - 1087,Sales order,Main
Order - 1116,,,,,0,,ST - Services / Tooling,,,,Requested Delivery Date,2024-05-08 23:59:59.000,USER - 02130,Department 2222,Manual,Order - 1116,Sales order,Main
Order - 1076,,,,,0,,ST - Services / Tooling,,,,Requested Delivery Date,2024-04-30 23:59:59.000,USER - 02130,Department 2222,Manual,Order - 1076,Sales order,Main
Order - 1077,,,,,0,,ST - Services / Tooling,,,,Requested Delivery Date,2024-04-30 23:59:59.000,USER - 02130,Department 2222,Manual,Order - 1077,Sales order,Main
Order - 0646,,,,,0,,ST - Services / Tooling,,,,Requested Delivery Date,2024-01-30 23:59:59.000,USER - 02130,Department 2222,Manual,Order - 0646,Sales order,Main
Order - 0652,,,,,0,,ST - Services / Tooling,,,,Requested Delivery Date,2024-01-30 23:59:59.000,USER - 02130,Department 2222,Manual,Order - 0652,Sales order,Main
Order - 0639,,,,,0,,ST - Services / Tooling,,,,Requested Delivery Date,2024-01-30 23:59:59.000,USER - 02130,Department 2222,Manual,Order - 0639,Sales order,Main
Order - 0641,,,,,0,,ST - Services / Tooling,,,,Requested Delivery Date,2024-01-30 23:59:59.000,USER - 02130,Department 2222,Manual,Order - 0641,Sales order,Main
Order - 0632,,,,,0,,ST - Services / Tooling,,,,Requested Delivery Date,2024-01-30 23:59:59.000,USER - 02130,Department 2222,Manual,Order - 0632,Sales order,Main
Order - 1036,,,,,0,,ST - Services / Tooling,,,,Requested Delivery Date,2024-04-16 23:59:59.000,USER - 02130,Department 2222,Manual,Order - 1036,Sales order,Main
Order - 0662,,,,,0,,ST - Services / Tooling,,,,Requested Delivery Date,2024-01-31 23:59:59.000,USER - 02130,Department 2222,Manual,Order - 0662,Sales order,Main
Order - 1117,,,,,0,,ST - Services / Tooling,,,,Requested Delivery Date,2024-05-08 23:59:59.000,USER - 02130,Department 2222,Manual,Order - 1117,Sales order,Main
Order - 0344,,,,,0,,ST - Services / Tooling,,,,Requested Delivery Date,2023-11-17 23:59:59.000,USER - 02130,Department 2222,Manual,Order - 0344,Sales order,Main
Order - 0345,,,,,0,,ST - Services / Tooling,,,,Requested Delivery Date,2023-11-17 23:59:59.000,USER - 02130,Department 2222,Manual,Order - 0345,Sales order,Main
Order - 0346,,,,,0,,ST - Services / Tooling,,,,Requested Delivery Date,2023-11-17 23:59:59.000,USER - 02130,Department 2222,Manual,Order - 0346,Sales order,Main
Order - 0348,,,,,0,,ST - Services / Tooling,,,,Requested Delivery Date,2023-11-17 23:59:59.000,USER - 02130,Department 2222,Manual,Order - 0348,Sales order,Main
Order - 0349,,,,,0,,ST - Services / Tooling,,,,Requested Delivery Date,2023-11-20 23:59:59.000,USER - 02130,Department 2222,Manual,Order - 0349,Sales order,Main
Order - 0350,,,,,0,,ST - Services / Tooling,,,,Requested Delivery Date,2023-11-20 23:59:59.000,USER - 02130,Department 2222,Manual,Order - 0350,Sales order,Main
Order - 0352,,,,,0,,ST - Services / Tooling,,,,Requested Delivery Date,2023-11-20 23:59:59.000,USER - 02130,Department 2222,Manual,Order - 0352,Sales order,Main
Order - 0359,,,,,0,,ST - Services / Tooling,,,,Requested Delivery Date,2023-11-20 23:59:59.000,USER - 02130,Department 2222,Manual,Order - 0359,Sales order,Main
Order - 0370,,,,,0,,ST - Services / Tooling,,,,Requested Delivery Date,2023-11-22 23:59:59.000,USER - 02130,Department 2222,Manual,Order - 0370,Sales order,Main
Order - 0371,,,,,0,,ST - Services / Tooling,,,,Requested Delivery Date,2023-11-22 23:59:59.000,USER - 02130,Department 2222,Manual,Order - 0371,Sales order,Main
Order - 0372,,,,,0,,ST - Services / Tooling,,,,Requested Delivery Date,2023-11-22 23:59:59.000,USER - 02130,Department 2222,Manual,Order - 0372,Sales order,Main
Order - 0373,,,,,0,,ST - Services / Tooling,,,,Requested Delivery Date,2023-11-22 23:59:59.000,USER - 02130,Department 2222,Manual,Order - 0373,Sales order,Main
Order - 0872,,,,,0,,ST - Services / Tooling,,,,Requested Delivery Date,2024-03-19 23:59:59.000,USER - 02130,Department 2222,Manual,Order - 0872,Sales order,Main
Order - 0875,,,,,0,,ST - Services / Tooling,,,,Requested Delivery Date,2024-03-19 23:59:59.000,USER - 02130,Department 2222,Manual,Order - 0875,Sales order,Main
Order - 0879,,,,,0,,ST - Services / Tooling,,,,Requested Delivery Date,2024-03-19 23:59:59.000,USER - 02130,Department 2222,Manual,Order - 0879,Sales order,Main
Order - 0885,,,,,0,,ST - Services / Tooling,,,,Requested Delivery Date,2024-03-19 23:59:59.000,USER - 02130,Department 2222,Manual,Order - 0885,Sales order,Main
Order - 0886,,,,,0,,ST - Services / Tooling,,,,Requested Delivery Date,2024-03-19 23:59:59.000,USER - 02130,Department 2222,Manual,Order - 0886,Sales order,Main
Order - 0527,,,,,0,,ST - Services / Tooling,,,,Requested Delivery Date,2023-12-19 23:59:59.000,USER - 02130,Department 2222,Manual,Order - 0527,Sales order,Main
Order - 0533,,,,,0,,ST - Services / Tooling,,,,Requested Delivery Date,2023-12-19 23:59:59.000,USER - 02130,Department 2222,Manual,Order - 0533,Sales order,Main
Order - 0535,,,,,0,,ST - Services / Tooling,,,,Requested Delivery Date,2023-12-19 23:59:59.000,USER - 02130,Department 2222,Manual,Order - 0535,Sales order,Main
Order - 0536,,,,,0,,ST - Services / Tooling,,,,Requested Delivery Date,2023-12-19 23:59:59.000,USER - 02130,Department 2222,Manual,Order - 0536,Sales order,Main
Order - 0537,,,,,0,,ST - Services / Tooling,,,,Requested Delivery Date,2023-12-19 23:59:59.000,USER - 02130,Department 2222,Manual,Order - 0537,Sales order,Main
Order - 0538,,,,,0,,ST - Services / Tooling,,,,Requested Delivery Date,2023-12-19 23:59:59.000,USER - 02130,Department 2222,Manual,Order - 0538,Sales order,Main
Order - 0995,,,,,0,,ST - Services / Tooling,,,,Requested Delivery Date,2024-04-10 23:59:59.000,USER - 02130,Department 2222,Manual,Order - 0995,Sales order,Main
Order - 0484,,,,,0,,ST - Services / Tooling,,,,Requested Delivery Date,2023-12-15 23:59:59.000,USER - 02130,Department 2222,Manual,Order - 0484,Sales order,Main
Order - 1796,CUST - 072,Customer 72,PL,External,30577.65,PLN,ST - Services / Tooling,Company 1,NULL,NULL,Create Sales Order,2024-10-23 13:32:01.000,USER - 02130,Department 2222,Manual,Order - 1796,Sales order,Main
Order - 0676,CUST - 051,Customer 51,DE,Internal,2341.3,USD,ST - Services / Tooling,Company 2,NULL,NULL,Create Sales Order,2024-02-01 16:09:47.000,USER - 02130,Department 2222,Manual,Order - 0676,Sales order,Main
Order - 0677,CUST - 051,Customer 51,DE,Internal,2341.3,USD,ST - Services / Tooling,Company 2,NULL,NULL,Create Sales Order,2024-02-01 17:38:03.000,USER - 02130,Department 2222,Manual,Order - 0677,Sales order,Main
Order - 0828,CUST - 051,Customer 51,DE,Internal,556.7,USD,ST - Services / Tooling,Company 2,NULL,NULL,Create Sales Order,2024-03-06 17:11:57.000,USER - 02130,Department 2222,Manual,Order - 0828,Sales order,Main
Order - 0955,CUST - 051,Customer 51,DE,Internal,173,USD,ST - Services / Tooling,Company 2,NULL,NULL,Create Sales Order,2024-04-03 17:16:07.000,USER - 02130,Department 2222,Manual,Order - 0955,Sales order,Main
Order - 0833,CUST - 051,Customer 51,DE,Internal,2105.35,USD,ST - Services / Tooling,Company 2,NULL,NULL,Create Sales Order,2024-03-06 21:47:28.000,USER - 02130,Department 2222,Manual,Order - 0833,Sales order,Main
Order - 0897,CUST - 051,Customer 51,DE,Internal,97.59,USD,ST - Services / Tooling,Company 2,NULL,NULL,Create Sales Order,2024-03-20 18:14:43.000,USER - 02130,Department 2222,Manual,Order - 0897,Sales order,Main
Order - 0906,CUST - 051,Customer 51,DE,Internal,97.59,USD,ST - Services / Tooling,Company 2,NULL,NULL,Create Sales Order,2024-03-20 20:10:06.000,USER - 02130,Department 2222,Manual,Order - 0906,Sales order,Main
Order - 1492,CUST - 051,Customer 51,DE,Internal,198.25,USD,ST - Services / Tooling,Company 2,NULL,NULL,Create Sales Order,2024-08-07 22:02:11.000,USER - 02130,Department 2222,Manual,Order - 1492,Sales order,Main
Order - 1792,CUST - 070,Customer 70,GB,External,5037,GBP,ST - Services / Tooling,Company 3,NULL,NULL,Create Sales Order,2024-10-23 11:19:15.000,USER - 02130,Department 2222,Manual,Order - 1792,Sales order,Main
Order - 0633,CUST - 018,Customer 18,FI,External,32422.56,EUR,ST - Services / Tooling,Company 1,NULL,NULL,Create Sales Order,2024-01-30 15:55:24.000,USER - 02130,Department 2222,Manual,Order - 0633,Sales order,Main
Order - 0671,CUST - 035,Customer 35,US,External,3297.09,USD,ST - Services / Tooling,Company 2,NULL,NULL,Create Sales Order,2024-01-31 19:46:59.000,USER - 02130,Department 2222,Manual,Order - 0671,Sales order,Main
Order - 0754,CUST - 035,Customer 35,US,External,19841.78,USD,ST - Services / Tooling,Company 2,NULL,NULL,Create Sales Order,2024-02-20 18:55:08.000,USER - 02130,Department 2222,Manual,Order - 0754,Sales order,Main
Order - 0343,CUST - 035,Customer 35,US,External,1724.84,USD,ST - Services / Tooling,Company 2,NULL,NULL,Create Sales Order,2023-11-17 16:35:39.000,USER - 02130,Department 2222,Manual,Order - 0343,Sales order,Main
Order - 0347,CUST - 035,Customer 35,US,External,19702.89,USD,ST - Services / Tooling,Company 2,NULL,NULL,Create Sales Order,2023-11-17 19:54:17.000,USER - 02130,Department 2222,Manual,Order - 0347,Sales order,Main
Order - 0796,CUST - 035,Customer 35,US,External,19724.7,USD,ST - Services / Tooling,Company 2,NULL,NULL,Create Sales Order,2024-02-27 19:12:52.000,USER - 02130,Department 2222,Manual,Order - 0796,Sales order,Main
Order - 0502,CUST - 035,Customer 35,US,External,2955.1,USD,ST - Services / Tooling,Company 2,NULL,NULL,Create Sales Order,2023-12-18 17:44:52.000,USER - 02130,Department 2222,Manual,Order - 0502,Sales order,Main
Order - 0541,CUST - 035,Customer 35,US,External,1605.19,USD,ST - Services / Tooling,Company 2,NULL,NULL,Create Sales Order,2023-12-19 20:43:48.000,USER - 02130,Department 2222,Manual,Order - 0541,Sales order,Main
Order - 0526,CUST - 035,Customer 35,US,External,19826.78,USD,ST - Services / Tooling,Company 2,NULL,NULL,Create Sales Order,2023-12-19 16:39:23.000,USER - 02130,Department 2222,Manual,Order - 0526,Sales order,Main
Order - 0958,CUST - 035,Customer 35,US,External,19724.7,USD,ST - Services / Tooling,Company 2,NULL,NULL,Create Sales Order,2024-04-03 17:56:40.000,USER - 02130,Department 2222,Manual,Order - 0958,Sales order,Main
Order - 1202,CUST - 035,Customer 35,US,External,19724.7,USD,ST - Services / Tooling,Company 2,NULL,NULL,Create Sales Order,2024-05-29 20:08:29.000,USER - 02130,Department 2222,Manual,Order - 1202,Sales order,Main
Order - 0865,CUST - 035,Customer 35,US,External,6301.5,USD,ST - Services / Tooling,Company 2,NULL,NULL,Create Sales Order,2024-03-19 18:55:39.000,USER - 02130,Department 2222,Manual,Order - 0865,Sales order,Main
Order - 1454,CUST - 035,Customer 35,US,External,6317.91,USD,ST - Services / Tooling,Company 2,NULL,NULL,Create Sales Order,2024-07-30 18:21:28.000,USER - 02130,Department 2222,Manual,Order - 1454,Sales order,Main
Order - 0021,CUST - 009,Customer 9,PL,External,500,PLN,ST - Services / Tooling,Company 1,NULL,NULL,Create Sales Order,2023-05-30 14:43:02.000,USER - 10897,Department 2178,Manual,Order - 0021,Sales order,Main
Order - 1131,CUST - 020,Customer 20,ES,External,-36368,EUR,ST - Services / Tooling,Company 1,NULL,NULL,Create Sales Order,2024-05-15 09:23:27.000,USER - 10897,Department 2178,Manual,Order - 1131,Sales order,Main
Order - 1132,CUST - 020,Customer 20,ES,External,36368,EUR,ST - Services / Tooling,Company 1,NULL,NULL,Create Sales Order,2024-05-15 09:35:17.000,USER - 10897,Department 2178,Manual,Order - 1132,Sales order,Main
Order - 0320,CUST - 020,Customer 20,ES,External,26533,EUR,ST - Services / Tooling,Company 1,NULL,NULL,Create Sales Order,2023-11-09 12:08:53.000,USER - 10897,Department 2178,Manual,Order - 0320,Sales order,Main
Order - 0292,CUST - 020,Customer 20,ES,External,9724.8,EUR,ST - Services / Tooling,Company 1,NULL,NULL,Create Sales Order,2023-10-23 15:50:15.000,USER - 10897,Department 2178,Manual,Order - 0292,Sales order,Main
Order - 0514,CUST - 020,Customer 20,ES,External,146601,EUR,ST - Services / Tooling,Company 1,NULL,NULL,Create Sales Order,2023-12-19 13:07:10.000,USER - 10897,Department 2178,Manual,Order - 0514,Sales order,Main
Order - 0291,CUST - 020,Customer 20,ES,External,12763.2,EUR,ST - Services / Tooling,Company 1,NULL,NULL,Create Sales Order,2023-10-23 15:37:31.000,USER - 10897,Department 2178,Manual,Order - 0291,Sales order,Main
Order - 0153,CUST - 020,Customer 20,ES,External,58198.95,EUR,ST - Services / Tooling,Company 1,NULL,NULL,Create Sales Order,2023-08-16 14:48:51.000,USER - 10897,Department 2178,Manual,Order - 0153,Sales order,Main
Order - 0154,CUST - 020,Customer 20,ES,External,-58198.95,EUR,ST - Services / Tooling,Company 1,NULL,NULL,Create Sales Order,2023-08-16 15:19:31.000,USER - 10897,Department 2178,Manual,Order - 0154,Sales order,Main
Order - 0400,CUST - 041,Customer 41,ES,External,79430.54,EUR,ST - Services / Tooling,Company 1,NULL,NULL,Create Sales Order,2023-11-29 14:39:12.000,USER - 10897,Department 2178,Manual,Order - 0400,Sales order,Main
Order - 1826,CUST - 078,Customer 78,GB,External,9390,GBP,ST - Services / Tooling,Company 3,NULL,NULL,Create Sales Order,2024-10-30 09:55:28.000,USER - 10897,Department 2178,Manual,Order - 1826,Sales order,Main
Order - 0582,CUST - 009,Customer 9,PL,External,500,PLN,ST - Services / Tooling,Company 1,NULL,NULL,Create Sales Order,2024-01-02 21:47:16.000,USER - 10897,Department 2178,Manual,Order - 0582,Sales order,Main
Order - 0416,CUST - 009,Customer 9,PL,External,500,PLN,ST - Services / Tooling,Company 1,NULL,NULL,Create Sales Order,2023-11-30 15:57:13.000,USER - 10897,Department 2178,Manual,Order - 0416,Sales order,Main
Order - 0191,CUST - 009,Customer 9,PL,External,500,PLN,ST - Services / Tooling,Company 1,NULL,NULL,Create Sales Order,2023-08-29 15:49:48.000,USER - 10897,Department 2178,Manual,Order - 0191,Sales order,Main
Order - 0290,CUST - 007,Customer 7,US,Internal,388.8,EUR,ST - Services / Tooling,Company 1,NULL,NULL,Create Sales Order,2023-10-23 08:20:28.000,USER - 10897,Department 2178,Manual,Order - 0290,Sales order,Main
Order - 0020,CUST - 007,Customer 7,US,Internal,1407.5,EUR,ST - Services / Tooling,Company 1,NULL,NULL,Create Sales Order,2023-05-30 14:29:58.000,USER - 10897,Department 2178,Manual,Order - 0020,Sales order,Main
Order - 0042,CUST - 008,Customer 8,PL,External,2219,PLN,ST - Services / Tooling,Company 1,NULL,NULL,Create Sales Order,2023-06-07 13:35:56.000,USER - 10897,Department 2178,Manual,Order - 0042,Sales order,Main
Order - 0164,CUST - 008,Customer 8,PL,External,189.01,PLN,ST - Services / Tooling,Company 1,NULL,NULL,Create Sales Order,2023-08-18 14:11:17.000,USER - 10897,Department 2178,Manual,Order - 0164,Sales order,Main
Order - 0683,CUST - 008,Customer 8,PL,External,1664.43,PLN,ST - Services / Tooling,Company 1,NULL,NULL,Create Sales Order,2024-02-06 15:40:15.000,USER - 10897,Department 2178,Manual,Order - 0683,Sales order,Main
Order - 0222,CUST - 008,Customer 8,PL,External,249.7,PLN,ST - Services / Tooling,Company 1,NULL,NULL,Create Sales Order,2023-09-14 11:39:30.000,USER - 10897,Department 2178,Manual,Order - 0222,Sales order,Main
Order - 0268,CUST - 008,Customer 8,PL,External,711.4,PLN,ST - Services / Tooling,Company 1,NULL,NULL,Create Sales Order,2023-10-10 13:31:57.000,USER - 10897,Department 2178,Manual,Order - 0268,Sales order,Main
Order - 0433,CUST - 008,Customer 8,PL,External,1659.18,PLN,ST - Services / Tooling,Company 1,NULL,NULL,Create Sales Order,2023-12-13 11:22:53.000,USER - 10897,Department 2178,Manual,Order - 0433,Sales order,Main
Order - 0986,CUST - 008,Customer 8,PL,External,1867.12,PLN,ST - Services / Tooling,Company 1,NULL,NULL,Create Sales Order,2024-04-05 14:18:55.000,USER - 10897,Department 2178,Manual,Order - 0986,Sales order,Main
Order - 1831,CUST - 077,Customer 77,GB,External,10060,GBP,ST - Services / Tooling,Company 3,NULL,NULL,Create Sales Order,2024-10-30 10:41:20.000,USER - 10897,Department 2178,Manual,Order - 1831,Sales order,Main
Order - 1832,CUST - 077,Customer 77,GB,External,4100,GBP,ST - Services / Tooling,Company 3,NULL,NULL,Create Sales Order,2024-10-30 10:43:56.000,USER - 10897,Department 2178,Manual,Order - 1832,Sales order,Main
Order - 1833,CUST - 077,Customer 77,GB,External,200,GBP,ST - Services / Tooling,Company 3,NULL,NULL,Create Sales Order,2024-10-30 10:47:05.000,USER - 10897,Department 2178,Manual,Order - 1833,Sales order,Main
Order - 1834,CUST - 077,Customer 77,GB,External,21000,GBP,ST - Services / Tooling,Company 3,NULL,NULL,Create Sales Order,2024-10-30 10:52:41.000,USER - 10897,Department 2178,Manual,Order - 1834,Sales order,Main
Order - 1835,CUST - 077,Customer 77,GB,External,400,GBP,ST - Services / Tooling,Company 3,NULL,NULL,Create Sales Order,2024-10-30 10:58:12.000,USER - 10897,Department 2178,Manual,Order - 1835,Sales order,Main
Order - 1836,CUST - 077,Customer 77,GB,External,4690,GBP,ST - Services / Tooling,Company 3,NULL,NULL,Create Sales Order,2024-10-30 11:02:19.000,USER - 10897,Department 2178,Manual,Order - 1836,Sales order,Main
Order - 1837,CUST - 077,Customer 77,GB,External,2440,GBP,ST - Services / Tooling,Company 3,NULL,NULL,Create Sales Order,2024-10-30 11:08:08.000,USER - 10897,Department 2178,Manual,Order - 1837,Sales order,Main
Order - 0139,CUST - 005,Customer 5,DE,Internal,97.7,EUR,SO - Standard Order,Company 1,NULL,NULL,Create Sales Order,2023-08-08 09:41:34.000,USER - 10897,Department 2178,Manual,Order - 0139,Sales order,Main
Order - 1810,CUST - 005,Customer 5,DE,Internal,72.54,EUR,SO - Standard Order,Company 1,NULL,NULL,Create Sales Order,2024-10-28 11:26:32.000,USER - 10897,Department 2178,Manual,Order - 1810,Sales order,Main
Order - 0364,CUST - 005,Customer 5,DE,Internal,1101.21,EUR,ST - Services / Tooling,Company 1,NULL,NULL,Create Sales Order,2023-11-22 08:09:26.000,USER - 10897,Department 2178,Manual,Order - 0364,Sales order,Main
Order - 0737,CUST - 005,Customer 5,DE,Internal,97.33,EUR,ST - Services / Tooling,Company 1,NULL,NULL,Create Sales Order,2024-02-15 20:49:02.000,USER - 10897,Department 2178,Manual,Order - 0737,Sales order,Main
Order - 0750,CUST - 052,Customer 52,GB,External,38849.13,EUR,ST - Services / Tooling,Company 1,NULL,NULL,Create Sales Order,2024-02-20 15:08:54.000,USER - 10897,Department 2178,Manual,Order - 0750,Sales order,Main
Order - 0766,CUST - 052,Customer 52,GB,External,-38849.13,EUR,ST - Services / Tooling,Company 1,NULL,NULL,Create Sales Order,2024-02-21 10:13:07.000,USER - 10897,Department 2178,Manual,Order - 0766,Sales order,Main
Order - 0771,CUST - 052,Customer 52,GB,External,38849.13,EUR,ST - Services / Tooling,Company 1,NULL,NULL,Create Sales Order,2024-02-21 13:40:59.000,USER - 10897,Department 2178,Manual,Order - 0771,Sales order,Main
Order - 1761,CUST - 062,Customer 62,JP,External,0,USD,SO - Standard Order,Company 4,NULL,NULL,Create Sales Order,2024-10-17 18:44:58.000,USER - 10897,Department 2178,Manual,Order - 1761,Sales order,Main
Order - 1762,CUST - 062,Customer 62,JP,External,0,USD,SO - Standard Order,Company 4,NULL,NULL,Create Sales Order,2024-10-17 18:44:59.000,USER - 10897,Department 2178,Manual,Order - 1762,Sales order,Main
Order - 1301,CUST - 006,Customer 6,PL,External,4275.1,PLN,ST - Services / Tooling,Company 1,NULL,NULL,Create Sales Order,2024-06-21 13:02:00.000,USER - 10897,Department 2178,Manual,Order - 1301,Sales order,Main
Order - 0415,CUST - 045,Customer 45,PL,External,47140.66,EUR,ST - Services / Tooling,Company 1,NULL,NULL,Create Sales Order,2023-11-30 13:42:27.000,USER - 10897,Department 2178,Manual,Order - 0415,Sales order,Main
Order - 0448,CUST - 045,Customer 45,PL,External,-16500.15,EUR,ST - Services / Tooling,Company 1,NULL,NULL,Create Sales Order,2023-12-15 10:48:58.000,USER - 10897,Department 2178,Manual,Order - 0448,Sales order,Main
Order - 0449,CUST - 045,Customer 45,PL,External,16500.15,EUR,ST - Services / Tooling,Company 1,NULL,NULL,Create Sales Order,2023-12-15 11:11:21.000,USER - 10897,Department 2178,Manual,Order - 0449,Sales order,Main
Order - 0450,CUST - 045,Customer 45,PL,External,-4714.33,EUR,ST - Services / Tooling,Company 1,NULL,NULL,Create Sales Order,2023-12-15 11:37:03.000,USER - 10897,Department 2178,Manual,Order - 0450,Sales order,Main
Order - 0451,CUST - 045,Customer 45,PL,External,4714.33,EUR,ST - Services / Tooling,Company 1,NULL,NULL,Create Sales Order,2023-12-15 11:40:44.000,USER - 10897,Department 2178,Manual,Order - 0451,Sales order,Main
Order - 0452,CUST - 045,Customer 45,PL,External,-37714.64,EUR,ST - Services / Tooling,Company 1,NULL,NULL,Create Sales Order,2023-12-15 11:44:06.000,USER - 10897,Department 2178,Manual,Order - 0452,Sales order,Main
Order - 0077,CUST - 013,Customer 13,MX,Internal,388.8,EUR,SO - Standard Order,Company 1,NULL,NULL,Create Sales Order,2023-06-30 10:10:35.000,USER - 03649,Department 486,Manual,Order - 0077,Sales order,Main
Order - 0112,CUST - 005,Customer 5,DE,Internal,55463.4,EUR,SO - Standard Order,Company 1,NULL,NULL,Create Sales Order,2023-07-20 06:56:48.000,USER - 03649,Department 486,Manual,Order - 0112,Sales order,Main
Order - 0113,CUST - 005,Customer 5,DE,Internal,3697.56,EUR,SO - Standard Order,Company 1,X,X,Create Sales Order,2023-07-20 13:05:41.000,USER - 03649,Department 486,Manual,Order - 0113,Sales order,Main
Order - 0114,CUST - 005,Customer 5,DE,Internal,3081.3,EUR,SO - Standard Order,Company 1,NULL,NULL,Create Sales Order,2023-07-20 13:10:05.000,USER - 03649,Department 486,Manual,Order - 0114,Sales order,Main
Order - 0115,CUST - 005,Customer 5,DE,Internal,67.75,EUR,SO - Standard Order,Company 1,NULL,NULL,Create Sales Order,2023-07-20 14:40:15.000,USER - 03649,Department 486,Manual,Order - 0115,Sales order,Main
Order - 0118,CUST - 005,Customer 5,DE,Internal,2570,EUR,SO - Standard Order,Company 1,NULL,X,Create Sales Order,2023-07-24 14:41:44.000,USER - 03649,Department 486,Manual,Order - 0118,Sales order,Main
Order - 0119,CUST - 005,Customer 5,DE,Internal,65974.4,EUR,SO - Standard Order,Company 1,NULL,X,Create Sales Order,2023-07-25 09:35:37.000,USER - 03649,Department 486,Manual,Order - 0119,Sales order,Main
Order - 0120,CUST - 005,Customer 5,DE,Internal,55463.4,EUR,SO - Standard Order,Company 1,NULL,NULL,Create Sales Order,2023-07-25 12:58:36.000,USER - 03649,Department 486,Manual,Order - 0120,Sales order,Main
Order - 0186,CUST - 005,Customer 5,DE,Internal,12960,EUR,SO - Standard Order,Company 1,X,X,Create Sales Order,2023-08-29 12:37:13.000,USER - 03649,Department 486,Manual,Order - 0186,Sales order,Main
Order - 0078,CUST - 005,Customer 5,DE,Internal,73694.9,EUR,SO - Standard Order,Company 1,NULL,NULL,Create Sales Order,2023-06-30 10:31:29.000,USER - 03649,Department 486,Manual,Order - 0078,Sales order,Main
Order - 0079,CUST - 005,Customer 5,DE,Internal,57019.95,EUR,SO - Standard Order,Company 1,NULL,NULL,Create Sales Order,2023-06-30 10:55:14.000,USER - 03649,Department 486,Manual,Order - 0079,Sales order,Main
Order - 0080,CUST - 005,Customer 5,DE,Internal,22362.48,EUR,SO - Standard Order,Company 1,NULL,NULL,Create Sales Order,2023-06-30 11:02:52.000,USER - 03649,Department 486,Manual,Order - 0080,Sales order,Main
Order - 0287,CUST - 005,Customer 5,DE,Internal,2153.48,EUR,SO - Standard Order,Company 1,NULL,NULL,Create Sales Order,2023-10-20 08:41:45.000,USER - 03649,Department 486,Manual,Order - 0287,Sales order,Main
Order - 0495,CUST - 005,Customer 5,DE,Internal,4.6,EUR,SO - Standard Order,Company 1,NULL,NULL,Create Sales Order,2023-12-18 14:43:33.000,USER - 03649,Department 486,Manual,Order - 0495,Sales order,Main
Order - 0126,CUST - 005,Customer 5,DE,Internal,67.75,EUR,SO - Standard Order,Company 1,NULL,NULL,Create Sales Order,2023-07-27 11:10:59.000,USER - 03649,Department 486,Manual,Order - 0126,Sales order,Main
Order - 0135,CUST - 005,Customer 5,DE,Internal,65974.4,EUR,SO - Standard Order,Company 1,X,X,Create Sales Order,2023-08-03 12:18:22.000,USER - 03649,Department 486,Manual,Order - 0135,Sales order,Main
Order - 0140,CUST - 017,Customer 17,FR,Internal,-279772,EUR,ST - Services / Tooling,Company 1,NULL,NULL,Create Sales Order,2023-08-08 09:19:26.000,USER - 03649,Department 486,Manual,Order - 0140,Sales order,Main
Order - 0134,CUST - 007,Customer 7,US,Internal,8712,EUR,SO - Standard Order,Company 1,NULL,NULL,Create Sales Order,2023-08-02 10:31:32.000,USER - 03649,Department 486,Manual,Order - 0134,Sales order,Main
Order - 0138,CUST - 016,Customer 16,BR,Internal,623,EUR,SO - Standard Order,Company 1,NULL,NULL,Create Sales Order,2023-08-07 15:08:03.000,USER - 03649,Department 486,Manual,Order - 0138,Sales order,Main
Order - 0308,CUST - 032,Customer 32,CN,Internal,679,EUR,SO - Standard Order,Company 1,NULL,NULL,Create Sales Order,2023-10-31 10:58:37.000,USER - 03649,Department 486,Manual,Order - 0308,Sales order,Main
Order - 1813,CUST - 040,Customer 40,SK,External,34198.72,EUR,ST - Services / Tooling,Company 1,NULL,NULL,Create Sales Order,2024-10-28 14:50:24.000,USER - 09841,NULL,NULL,Order - 1813,Sales order,Main
Order - 1692,CUST - 008,Customer 8,PL,External,8112.44,PLN,ST - Services / Tooling,Company 1,NULL,NULL,Create Sales Order,2024-10-03 19:57:33.000,USER - 09841,NULL,NULL,Order - 1692,Sales order,Main
Order - 1691,CUST - 011,Customer 11,DE,External,23127.26,EUR,SO - Standard Order,Company 1,NULL,NULL,Create Sales Order,2024-10-03 13:15:37.000,USER - 09841,NULL,NULL,Order - 1691,Sales order,Main
Order - 1766,CUST - 011,Customer 11,DE,External,10748.96,EUR,SO - Standard Order,Company 1,NULL,NULL,Create Sales Order,2024-10-21 13:37:53.000,USER - 09841,NULL,NULL,Order - 1766,Sales order,Main
Order - 1416,CUST - 036,Customer 36,US,External,51.25,USD,ST - Services / Tooling,Company 2,NULL,NULL,Create Sales Order,2024-07-17 21:52:59.000,USER - 02130,Department 2222,Manual,Order - 1416,Sales order,Main
Order - 1417,CUST - 036,Customer 36,US,External,527.57,USD,ST - Services / Tooling,Company 2,NULL,NULL,Create Sales Order,2024-07-17 22:00:32.000,USER - 02130,Department 2222,Manual,Order - 1417,Sales order,Main
Order - 1418,CUST - 036,Customer 36,US,External,558.72,USD,ST - Services / Tooling,Company 2,NULL,NULL,Create Sales Order,2024-07-17 22:11:15.000,USER - 02130,Department 2222,Manual,Order - 1418,Sales order,Main
Order - 0921,CUST - 036,Customer 36,US,External,2274.72,USD,ST - Services / Tooling,Company 2,NULL,NULL,Create Sales Order,2024-03-26 16:18:13.000,USER - 02130,Department 2222,Manual,Order - 0921,Sales order,Main
Order - 0922,CUST - 036,Customer 36,US,External,974.17,USD,ST - Services / Tooling,Company 2,NULL,NULL,Create Sales Order,2024-03-26 16:29:03.000,USER - 02130,Department 2222,Manual,Order - 0922,Sales order,Main
Order - 0925,CUST - 036,Customer 36,US,External,84.05,USD,ST - Services / Tooling,Company 2,NULL,NULL,Create Sales Order,2024-03-26 16:55:36.000,USER - 02130,Department 2222,Manual,Order - 0925,Sales order,Main
Order - 0929,CUST - 036,Customer 36,US,External,735.28,USD,ST - Services / Tooling,Company 2,NULL,NULL,Create Sales Order,2024-03-26 17:50:13.000,USER - 02130,Department 2222,Manual,Order - 0929,Sales order,Main
Order - 0930,CUST - 036,Customer 36,US,External,1556.66,USD,ST - Services / Tooling,Company 2,NULL,NULL,Create Sales Order,2024-03-26 17:57:24.000,USER - 02130,Department 2222,Manual,Order - 0930,Sales order,Main
Order - 0931,CUST - 036,Customer 36,US,External,262.26,USD,ST - Services / Tooling,Company 2,NULL,NULL,Create Sales Order,2024-03-26 18:04:29.000,USER - 02130,Department 2222,Manual,Order - 0931,Sales order,Main
Order - 0933,CUST - 036,Customer 36,US,External,4192.72,USD,ST - Services / Tooling,Company 2,NULL,NULL,Create Sales Order,2024-03-26 18:16:46.000,USER - 02130,Department 2222,Manual,Order - 0933,Sales order,Main
Order - 1028,CUST - 036,Customer 36,US,External,3388.45,USD,ST - Services / Tooling,Company 2,NULL,NULL,Create Sales Order,2024-04-16 18:21:03.000,USER - 02130,Department 2222,Manual,Order - 1028,Sales order,Main
Order - 1030,CUST - 036,Customer 36,US,External,69785.72,USD,ST - Services / Tooling,Company 2,NULL,NULL,Create Sales Order,2024-04-16 18:48:23.000,USER - 02130,Department 2222,Manual,Order - 1030,Sales order,Main
Order - 1032,CUST - 036,Customer 36,US,External,721.35,USD,ST - Services / Tooling,Company 2,NULL,NULL,Create Sales Order,2024-04-16 19:10:56.000,USER - 02130,Department 2222,Manual,Order - 1032,Sales order,Main
Order - 1491,CUST - 036,Customer 36,US,External,249,USD,ST - Services / Tooling,Company 2,NULL,NULL,Create Sales Order,2024-08-07 21:54:07.000,USER - 02130,Department 2222,Manual,Order - 1491,Sales order,Main
Order - 1493,CUST - 036,Customer 36,US,External,1310.2,USD,ST - Services / Tooling,Company 2,NULL,NULL,Create Sales Order,2024-08-07 22:08:23.000,USER - 02130,Department 2222,Manual,Order - 1493,Sales order,Main
Order - 1496,CUST - 036,Customer 36,US,External,1096.42,USD,ST - Services / Tooling,Company 2,NULL,NULL,Create Sales Order,2024-08-07 22:24:49.000,USER - 02130,Department 2222,Manual,Order - 1496,Sales order,Main
Order - 1497,CUST - 036,Customer 36,US,External,10913.1,USD,ST - Services / Tooling,Company 2,NULL,NULL,Create Sales Order,2024-08-07 22:35:38.000,USER - 02130,Department 2222,Manual,Order - 1497,Sales order,Main
Order - 1461,CUST - 036,Customer 36,US,External,508.27,USD,ST - Services / Tooling,Company 2,NULL,NULL,Create Sales Order,2024-07-30 19:46:08.000,USER - 02130,Department 2222,Manual,Order - 1461,Sales order,Main
Order - 1462,CUST - 036,Customer 36,US,External,330.52,USD,ST - Services / Tooling,Company 2,NULL,NULL,Create Sales Order,2024-07-30 20:23:24.000,USER - 02130,Department 2222,Manual,Order - 1462,Sales order,Main
Order - 1464,CUST - 036,Customer 36,US,External,820.18,USD,ST - Services / Tooling,Company 2,NULL,NULL,Create Sales Order,2024-07-30 20:43:20.000,USER - 02130,Department 2222,Manual,Order - 1464,Sales order,Main
Order - 1465,CUST - 036,Customer 36,US,External,2211.89,USD,ST - Services / Tooling,Company 2,NULL,NULL,Create Sales Order,2024-07-30 20:49:36.000,USER - 02130,Department 2222,Manual,Order - 1465,Sales order,Main
Order - 1474,CUST - 036,Customer 36,US,External,4275.36,USD,ST - Services / Tooling,Company 2,NULL,NULL,Create Sales Order,2024-07-31 16:55:28.000,USER - 02130,Department 2222,Manual,Order - 1474,Sales order,Main
Order - 1230,CUST - 034,Customer 34,US,External,1259.75,USD,ST - Services / Tooling,Company 2,NULL,NULL,Create Sales Order,2024-06-04 22:44:16.000,USER - 02130,Department 2222,Manual,Order - 1230,Sales order,Main
Order - 0606,CUST - 011,Customer 11,DE,External,19390.1,EUR,SO - Standard Order,Company 1,NULL,NULL,Create Sales Order,2024-01-19 09:22:21.000,USER - 03676,Department 751,Manual,Order - 0606,Sales order,Main
Order - 0607,CUST - 011,Customer 11,DE,External,48960,EUR,SO - Standard Order,Company 1,NULL,NULL,Create Sales Order,2024-01-22 09:25:28.000,USER - 03676,Department 751,Manual,Order - 0607,Sales order,Main
Order - 1160,CUST - 011,Customer 11,DE,External,48960,EUR,SO - Standard Order,Company 1,NULL,NULL,Create Sales Order,2024-05-16 12:50:55.000,USER - 03676,Department 751,Manual,Order - 1160,Sales order,Main
Order - 1162,CUST - 011,Customer 11,DE,External,42034.63,EUR,SO - Standard Order,Company 1,NULL,NULL,Create Sales Order,2024-05-17 08:59:47.000,USER - 03676,Department 751,Manual,Order - 1162,Sales order,Main
Order - 1172,CUST - 011,Customer 11,DE,External,23793.08,EUR,SO - Standard Order,Company 1,NULL,NULL,Create Sales Order,2024-05-21 15:48:17.000,USER - 03676,Department 751,Manual,Order - 1172,Sales order,Main
Order - 1190,CUST - 011,Customer 11,DE,External,17354.7,EUR,SO - Standard Order,Company 1,NULL,NULL,Create Sales Order,2024-05-23 09:13:45.000,USER - 03676,Department 751,Manual,Order - 1190,Sales order,Main
Order - 1191,CUST - 011,Customer 11,DE,External,18366.48,EUR,SO - Standard Order,Company 1,NULL,NULL,Create Sales Order,2024-05-23 11:50:53.000,USER - 03676,Department 751,Manual,Order - 1191,Sales order,Main
Order - 1192,CUST - 011,Customer 11,DE,External,9771.96,EUR,SO - Standard Order,Company 1,NULL,NULL,Create Sales Order,2024-05-24 10:56:21.000,USER - 03676,Department 751,Manual,Order - 1192,Sales order,Main
Order - 1193,CUST - 011,Customer 11,DE,External,23119.06,EUR,SO - Standard Order,Company 1,NULL,NULL,Create Sales Order,2024-05-24 11:04:45.000,USER - 03676,Department 751,Manual,Order - 1193,Sales order,Main
Order - 1194,CUST - 011,Customer 11,DE,External,20060.18,EUR,SO - Standard Order,Company 1,NULL,NULL,Create Sales Order,2024-05-24 11:21:35.000,USER - 03676,Department 751,Manual,Order - 1194,Sales order,Main
Order - 1624,CUST - 011,Customer 11,DE,External,18182.88,EUR,SO - Standard Order,Company 1,NULL,NULL,Create Sales Order,2024-09-16 13:44:35.000,USER - 03676,Department 751,Manual,Order - 1624,Sales order,Main
Order - 0654,CUST - 011,Customer 11,DE,External,9771.96,EUR,SO - Standard Order,Company 1,NULL,NULL,Create Sales Order,2024-01-31 09:41:18.000,USER - 03676,Department 751,Manual,Order - 0654,Sales order,Main
Order - 1596,CUST - 011,Customer 11,DE,External,26253.48,EUR,SO - Standard Order,Company 1,NULL,NULL,Create Sales Order,2024-09-04 15:01:46.000,USER - 03676,Department 751,Manual,Order - 1596,Sales order,Main
Order - 1608,CUST - 011,Customer 11,DE,External,48960,EUR,SO - Standard Order,Company 1,NULL,NULL,Create Sales Order,2024-09-11 08:47:14.000,USER - 03676,Department 751,Manual,Order - 1608,Sales order,Main
Order - 1238,CUST - 011,Customer 11,DE,External,16052.68,EUR,SO - Standard Order,Company 1,NULL,NULL,Create Sales Order,2024-06-06 15:26:36.000,USER - 03676,Department 751,Manual,Order - 1238,Sales order,Main
Order - 1664,CUST - 011,Customer 11,DE,External,35900.72,EUR,SO - Standard Order,Company 1,NULL,NULL,Create Sales Order,2024-09-26 14:21:26.000,USER - 03676,Department 751,Manual,Order - 1664,Sales order,Main
Order - 1665,CUST - 011,Customer 11,DE,External,25513.29,EUR,SO - Standard Order,Company 1,NULL,NULL,Create Sales Order,2024-09-26 14:43:06.000,USER - 03676,Department 751,Manual,Order - 1665,Sales order,Main
Order - 1666,CUST - 011,Customer 11,DE,External,18031.7,EUR,SO - Standard Order,Company 1,NULL,NULL,Create Sales Order,2024-09-26 14:58:57.000,USER - 03676,Department 751,Manual,Order - 1666,Sales order,Main
Order - 1667,CUST - 011,Customer 11,DE,External,16135.44,EUR,SO - Standard Order,Company 1,NULL,NULL,Create Sales Order,2024-09-26 15:03:25.000,USER - 03676,Department 751,Manual,Order - 1667,Sales order,Main
Order - 1668,CUST - 011,Customer 11,DE,External,9771.96,EUR,SO - Standard Order,Company 1,NULL,NULL,Create Sales Order,2024-09-26 15:07:36.000,USER - 03676,Department 751,Manual,Order - 1668,Sales order,Main
Order - 1670,CUST - 011,Customer 11,DE,External,18346.14,EUR,SO - Standard Order,Company 1,NULL,NULL,Create Sales Order,2024-09-26 15:13:25.000,USER - 03676,Department 751,Manual,Order - 1670,Sales order,Main
Order - 1671,CUST - 011,Customer 11,DE,External,18034.34,EUR,SO - Standard Order,Company 1,NULL,NULL,Create Sales Order,2024-09-26 15:18:36.000,USER - 03676,Department 751,Manual,Order - 1671,Sales order,Main
Order - 1672,CUST - 011,Customer 11,DE,External,48960,EUR,SO - Standard Order,Company 1,NULL,NULL,Create Sales Order,2024-09-26 15:23:01.000,USER - 03676,Department 751,Manual,Order - 1672,Sales order,Main
Order - 1673,CUST - 011,Customer 11,DE,External,5203.44,EUR,SO - Standard Order,Company 1,NULL,NULL,Create Sales Order,2024-09-26 15:25:11.000,USER - 03676,Department 751,Manual,Order - 1673,Sales order,Main
Order - 1432,CUST - 011,Customer 11,DE,External,19943.53,EUR,SO - Standard Order,Company 1,NULL,NULL,Create Sales Order,2024-07-23 13:12:03.000,USER - 05664,Department 751,Manual,Order - 1432,Sales order,Main
Order - 1433,CUST - 011,Customer 11,DE,External,14212.34,EUR,SO - Standard Order,Company 1,NULL,NULL,Create Sales Order,2024-07-23 13:42:46.000,USER - 05664,Department 751,Manual,Order - 1433,Sales order,Main
Order - 1435,CUST - 011,Customer 11,DE,External,26253.48,EUR,SO - Standard Order,Company 1,NULL,NULL,Create Sales Order,2024-07-23 13:53:25.000,USER - 05664,Department 751,Manual,Order - 1435,Sales order,Main
Order - 1437,CUST - 011,Customer 11,DE,External,26253.48,EUR,SO - Standard Order,Company 1,NULL,NULL,Create Sales Order,2024-07-24 14:21:24.000,USER - 05664,Department 751,Manual,Order - 1437,Sales order,Main
Order - 1438,CUST - 011,Customer 11,DE,External,29456.7,EUR,SO - Standard Order,Company 1,NULL,NULL,Create Sales Order,2024-07-24 14:27:22.000,USER - 05664,Department 751,Manual,Order - 1438,Sales order,Main
Order - 1439,CUST - 011,Customer 11,DE,External,14828.93,EUR,SO - Standard Order,Company 1,NULL,NULL,Create Sales Order,2024-07-24 14:31:49.000,USER - 05664,Department 751,Manual,Order - 1439,Sales order,Main
Order - 1440,CUST - 011,Customer 11,DE,External,26253.48,EUR,SO - Standard Order,Company 1,NULL,NULL,Create Sales Order,2024-07-25 11:08:40.000,USER - 05664,Department 751,Manual,Order - 1440,Sales order,Main
Order - 1445,CUST - 011,Customer 11,DE,External,19922.44,EUR,SO - Standard Order,Company 1,NULL,NULL,Create Sales Order,2024-07-30 13:45:05.000,USER - 05664,Department 751,Manual,Order - 1445,Sales order,Main
Order - 1446,CUST - 011,Customer 11,DE,External,21161.56,EUR,SO - Standard Order,Company 1,NULL,NULL,Create Sales Order,2024-07-30 13:52:53.000,USER - 05664,Department 751,Manual,Order - 1446,Sales order,Main
Order - 1447,CUST - 011,Customer 11,DE,External,26253.48,EUR,SO - Standard Order,Company 1,NULL,NULL,Create Sales Order,2024-07-30 14:05:08.000,USER - 05664,Department 751,Manual,Order - 1447,Sales order,Main
Order - 0362,CUST - 011,Customer 11,DE,External,24589.14,EUR,SO - Standard Order,Company 1,NULL,NULL,Create Sales Order,2023-11-21 14:01:13.000,USER - 05664,Department 751,Manual,Order - 0362,Sales order,Main
Order - 0363,CUST - 011,Customer 11,DE,External,18470.92,EUR,SO - Standard Order,Company 1,NULL,NULL,Create Sales Order,2023-11-21 14:09:17.000,USER - 05664,Department 751,Manual,Order - 0363,Sales order,Main
Order - 0622,CUST - 011,Customer 11,DE,External,12639.4,EUR,SO - Standard Order,Company 1,NULL,NULL,Create Sales Order,2024-01-29 12:53:26.000,USER - 05664,Department 751,Manual,Order - 0622,Sales order,Main
Order - 0623,CUST - 011,Customer 11,DE,External,19215.48,EUR,SO - Standard Order,Company 1,NULL,NULL,Create Sales Order,2024-01-30 11:44:29.000,USER - 05664,Department 751,Manual,Order - 0623,Sales order,Main
Order - 0624,CUST - 011,Customer 11,DE,External,9771.96,EUR,SO - Standard Order,Company 1,NULL,NULL,Create Sales Order,2024-01-30 11:49:52.000,USER - 05664,Department 751,Manual,Order - 0624,Sales order,Main
Order - 0845,CUST - 011,Customer 11,DE,External,11046.58,EUR,SO - Standard Order,Company 1,NULL,NULL,Create Sales Order,2024-03-12 14:09:08.000,USER - 05664,Department 751,Manual,Order - 0845,Sales order,Main
Order - 0846,CUST - 011,Customer 11,DE,External,18010.08,EUR,SO - Standard Order,Company 1,NULL,NULL,Create Sales Order,2024-03-12 14:15:37.000,USER - 05664,Department 751,Manual,Order - 0846,Sales order,Main
Order - 1441,CUST - 010,Customer 10,DE,External,52000,EUR,FA - Fixed Asset Sale,Company 1,NULL,NULL,Create Sales Order,2024-07-26 09:21:51.000,USER - 07829,Department 2168,Manual,Order - 1441,Sales order,Main
Order - 1928,CUST - 036,Customer 36,US,External,249.5,USD,ST - Services / Tooling,Company 2,NULL,NULL,Create Sales Order,2024-11-20 17:41:50.000,USER - 07829,Department 2168,Manual,Order - 1928,Sales order,Main
Order - 1820,CUST - 039,Customer 39,CZ,External,458.9,EUR,ST - Services / Tooling,Company 1,NULL,NULL,Create Sales Order,2024-10-29 13:55:10.000,USER - 07829,Department 2168,Manual,Order - 1820,Sales order,Main
Order - 0218,CUST - 005,Customer 5,DE,Internal,40138.74,EUR,FA - Fixed Asset Sale,Company 1,NULL,NULL,Create Sales Order,2023-09-13 10:10:40.000,USER - 07829,Department 2168,Manual,Order - 0218,Sales order,Main
Order - 1929,CUST - 034,Customer 34,US,External,518.9,USD,ST - Services / Tooling,Company 2,NULL,NULL,Create Sales Order,2024-11-20 17:55:29.000,USER - 07829,Department 2168,Manual,Order - 1929,Sales order,Main
Order - 1784,CUST - 036,Customer 36,US,External,1430.17,USD,ST - Services / Tooling,Company 2,NULL,NULL,Create Sales Order,2024-10-22 22:08:31.000,USER - 12840,Department 953,Manual,Order - 1784,Sales order,Main
Order - 1435,,,,,0,,SO - Standard Order,,,,Requested Delivery Date,2024-07-23 23:59:59.000,USER - 05664,Department 751,Manual,Order - 1435,Sales order,Main
Order - 1437,,,,,0,,SO - Standard Order,,,,Requested Delivery Date,2024-07-24 23:59:59.000,USER - 05664,Department 751,Manual,Order - 1437,Sales order,Main
Order - 1438,,,,,0,,SO - Standard Order,,,,Requested Delivery Date,2024-07-24 23:59:59.000,USER - 05664,Department 751,Manual,Order - 1438,Sales order,Main
Order - 1439,,,,,0,,SO - Standard Order,,,,Requested Delivery Date,2024-07-24 23:59:59.000,USER - 05664,Department 751,Manual,Order - 1439,Sales order,Main
Order - 1440,,,,,0,,SO - Standard Order,,,,Requested Delivery Date,2024-07-25 23:59:59.000,USER - 05664,Department 751,Manual,Order - 1440,Sales order,Main
Order - 1445,,,,,0,,SO - Standard Order,,,,Requested Delivery Date,2024-07-30 23:59:59.000,USER - 05664,Department 751,Manual,Order - 1445,Sales order,Main
Order - 1446,,,,,0,,SO - Standard Order,,,,Requested Delivery Date,2024-07-30 23:59:59.000,USER - 05664,Department 751,Manual,Order - 1446,Sales order,Main
Order - 1447,,,,,0,,SO - Standard Order,,,,Requested Delivery Date,2024-07-30 23:59:59.000,USER - 05664,Department 751,Manual,Order - 1447,Sales order,Main
Order - 0915,,,,,0,,SO - Standard Order,,,,Requested Delivery Date,2024-03-25 23:59:59.000,USER - 05664,Department 751,Manual,Order - 0915,Sales order,Main
Order - 0916,,,,,0,,SO - Standard Order,,,,Requested Delivery Date,2024-03-25 23:59:59.000,USER - 05664,Department 751,Manual,Order - 0916,Sales order,Main
Order - 0917,,,,,0,,SO - Standard Order,,,,Requested Delivery Date,2024-03-25 23:59:59.000,USER - 05664,Department 751,Manual,Order - 0917,Sales order,Main
Order - 0622,,,,,0,,SO - Standard Order,,,,Requested Delivery Date,2024-01-29 23:59:59.000,USER - 05664,Department 751,Manual,Order - 0622,Sales order,Main
Order - 0623,,,,,0,,SO - Standard Order,,,,Requested Delivery Date,2024-01-30 23:59:59.000,USER - 05664,Department 751,Manual,Order - 0623,Sales order,Main
Order - 0624,,,,,0,,SO - Standard Order,,,,Requested Delivery Date,2024-01-30 23:59:59.000,USER - 05664,Department 751,Manual,Order - 0624,Sales order,Main
Order - 1399,,,,,0,,SO - Standard Order,,,,Requested Delivery Date,2024-07-17 23:59:59.000,USER - 05664,Department 751,Manual,Order - 1399,Sales order,Main
Order - 1400,,,,,0,,SO - Standard Order,,,,Requested Delivery Date,2024-07-17 23:59:59.000,USER - 05664,Department 751,Manual,Order - 1400,Sales order,Main
Order - 0236,,,,,0,,SO - Standard Order,,,,Requested Delivery Date,2023-09-22 23:59:59.000,USER - 05664,Department 751,Manual,Order - 0236,Sales order,Main
Order - 0125,,,,,0,,SO - Standard Order,,,,Requested Delivery Date,2023-07-27 23:59:59.000,USER - 05664,Department 751,Manual,Order - 0125,Sales order,Main
Order - 0133,,,,,0,,SO - Standard Order,,,,Requested Delivery Date,2023-08-01 23:59:59.000,USER - 05664,Department 751,Manual,Order - 0133,Sales order,Main
Order - 0136,,,,,0,,SO - Standard Order,,,,Requested Delivery Date,2023-08-03 23:59:59.000,USER - 05664,Department 751,Manual,Order - 0136,Sales order,Main
Order - 0142,,,,,0,,SO - Standard Order,,,,Requested Delivery Date,2023-08-08 23:59:59.000,USER - 05664,Department 751,Manual,Order - 0142,Sales order,Main
Order - 0143,,,,,0,,SO - Standard Order,,,,Requested Delivery Date,2023-08-08 23:59:59.000,USER - 05664,Department 751,Manual,Order - 0143,Sales order,Main
Order - 0144,,,,,0,,SO - Standard Order,,,,Requested Delivery Date,2023-08-08 23:59:59.000,USER - 05664,Department 751,Manual,Order - 0144,Sales order,Main
Order - 0148,,,,,0,,SO - Standard Order,,,,Requested Delivery Date,2023-08-09 23:59:59.000,USER - 05664,Department 751,Manual,Order - 0148,Sales order,Main
Order - 0149,,,,,0,,SO - Standard Order,,,,Requested Delivery Date,2023-08-10 23:59:59.000,USER - 05664,Department 751,Manual,Order - 0149,Sales order,Main
Order - 0151,,,,,0,,SO - Standard Order,,,,Requested Delivery Date,2023-08-11 23:59:59.000,USER - 05664,Department 751,Manual,Order - 0151,Sales order,Main
Order - 0362,,,,,0,,SO - Standard Order,,,,Requested Delivery Date,2023-11-21 23:59:59.000,USER - 05664,Department 751,Manual,Order - 0362,Sales order,Main
Order - 0363,,,,,0,,SO - Standard Order,,,,Requested Delivery Date,2023-11-21 23:59:59.000,USER - 05664,Department 751,Manual,Order - 0363,Sales order,Main
Order - 0615,,,,,0,,SO - Standard Order,,,,Requested Delivery Date,2024-01-26 23:59:59.000,USER - 05664,Department 751,Manual,Order - 0615,Sales order,Main
Order - 0616,,,,,0,,SO - Standard Order,,,,Requested Delivery Date,2024-01-26 23:59:59.000,USER - 05664,Department 751,Manual,Order - 0616,Sales order,Main
Order - 1480,,,,,0,,SO - Standard Order,,,,Requested Delivery Date,2024-08-02 23:59:59.000,USER - 05664,Department 751,Manual,Order - 1480,Sales order,Main
Order - 1481,,,,,0,,SO - Standard Order,,,,Requested Delivery Date,2024-08-02 23:59:59.000,USER - 05664,Department 751,Manual,Order - 1481,Sales order,Main
Order - 0197,,,,,0,,SO - Standard Order,,,,Requested Delivery Date,2023-09-05 23:59:59.000,USER - 05664,Department 751,Manual,Order - 0197,Sales order,Main
Order - 0653,,,,,0,,ST - Services / Tooling,,,,Requested Delivery Date,2024-01-30 23:59:59.000,USER - 02130,Department 2222,Manual,Order - 0653,Sales order,Main
Order - 0656,,,,,0,,ST - Services / Tooling,,,,Requested Delivery Date,2024-01-31 23:59:59.000,USER - 02130,Department 2222,Manual,Order - 0656,Sales order,Main
Order - 0657,,,,,0,,ST - Services / Tooling,,,,Requested Delivery Date,2024-01-31 23:59:59.000,USER - 02130,Department 2222,Manual,Order - 0657,Sales order,Main
Order - 0658,,,,,0,,ST - Services / Tooling,,,,Requested Delivery Date,2024-01-31 23:59:59.000,USER - 02130,Department 2222,Manual,Order - 0658,Sales order,Main
Order - 0659,,,,,0,,ST - Services / Tooling,,,,Requested Delivery Date,2024-01-31 23:59:59.000,USER - 02130,Department 2222,Manual,Order - 0659,Sales order,Main
Order - 0661,,,,,0,,ST - Services / Tooling,,,,Requested Delivery Date,2024-01-31 23:59:59.000,USER - 02130,Department 2222,Manual,Order - 0661,Sales order,Main
Order - 1268,,,,,0,,,,,,Create Delivery,2024-06-13 13:31:01.000,USER - 03676,Department 751,Manual,Delivery - 0461,Delivery,Main
Order - 1666,,,,,0,,,,,,Create Delivery,2024-09-26 15:00:52.000,USER - 03676,Department 751,Manual,Delivery - 0542,Delivery,Main
Order - 1667,,,,,0,,,,,,Create Delivery,2024-09-26 15:04:37.000,USER - 03676,Department 751,Manual,Delivery - 0543,Delivery,Main
Order - 1668,,,,,0,,,,,,Create Delivery,2024-09-26 15:11:30.000,USER - 03676,Department 751,Manual,Delivery - 0544,Delivery,Main
Order - 1670,,,,,0,,,,,,Create Delivery,2024-09-26 15:15:09.000,USER - 03676,Department 751,Manual,Delivery - 0545,Delivery,Main
Order - 1671,,,,,0,,,,,,Create Delivery,2024-09-26 15:21:25.000,USER - 03676,Department 751,Manual,Delivery - 0546,Delivery,Main
Order - 1672,,,,,0,,,,,,Create Delivery,2024-09-26 15:23:48.000,USER - 03676,Department 751,Manual,Delivery - 0547,Delivery,Main
Order - 1597,,,,,0,,,,,,Create Delivery,2024-09-13 10:34:31.000,USER - 03676,Department 751,Manual,Delivery - 0536,Delivery,Main
Order - 1624,,,,,0,,,,,,Create Delivery,2024-09-16 13:46:06.000,USER - 03676,Department 751,Manual,Delivery - 0537,Delivery,Main
Order - 1597,,,,,0,,,,,,Create Delivery,2024-09-17 14:56:22.000,USER - 03676,Department 751,Manual,Delivery - 0538,Delivery,Main
Order - 1275,,,,,0,,,,,,Create Delivery,2024-09-24 10:48:23.000,USER - 03676,Department 751,Manual,Delivery - 0539,Delivery,Main
Order - 1664,,,,,0,,,,,,Create Delivery,2024-09-26 14:23:02.000,USER - 03676,Department 751,Manual,Delivery - 0540,Delivery,Main
Order - 1665,,,,,0,,,,,,Create Delivery,2024-09-26 14:52:02.000,USER - 03676,Department 751,Manual,Delivery - 0541,Delivery,Main
Order - 1275,,,,,0,,,,,,Create Delivery,2024-08-30 09:21:08.000,USER - 03676,Department 751,Manual,Delivery - 0530,Delivery,Main
Order - 1312,,,,,0,,,,,,Create Delivery,2024-08-30 11:30:25.000,USER - 03676,Department 751,Manual,Delivery - 0531,Delivery,Main
Order - 1596,,,,,0,,,,,,Create Delivery,2024-09-04 15:03:27.000,USER - 03676,Department 751,Manual,Delivery - 0532,Delivery,Main
Order - 1597,,,,,0,,,,,,Create Delivery,2024-09-05 09:41:35.000,USER - 03676,Department 751,Manual,Delivery - 0533,Delivery,Main
Order - 1275,,,,,0,,,,,,Create Delivery,2024-09-09 08:37:29.000,USER - 03676,Department 751,Manual,Delivery - 0534,Delivery,Main
Order - 1608,,,,,0,,,,,,Create Delivery,2024-09-11 08:48:07.000,USER - 03676,Department 751,Manual,Delivery - 0535,Delivery,Main
Order - 1554,,,,,0,,,,,,Create Delivery,2024-08-22 09:29:26.000,USER - 03676,Department 751,Manual,Delivery - 0524,Delivery,Main
Order - 1555,,,,,0,,,,,,Create Delivery,2024-08-26 12:54:10.000,USER - 03676,Department 751,Manual,Delivery - 0525,Delivery,Main
Order - 1556,,,,,0,,,,,,Create Delivery,2024-08-26 13:08:23.000,USER - 03676,Department 751,Manual,Delivery - 0526,Delivery,Main
Order - 1557,,,,,0,,,,,,Create Delivery,2024-08-26 13:14:06.000,USER - 03676,Department 751,Manual,Delivery - 0527,Delivery,Main
Order - 1558,,,,,0,,,,,,Create Delivery,2024-08-27 09:22:35.000,USER - 03676,Department 751,Manual,Delivery - 0528,Delivery,Main
Order - 1571,,,,,0,,,,,,Create Delivery,2024-08-29 10:59:15.000,USER - 03676,Department 751,Manual,Delivery - 0529,Delivery,Main
Order - 1523,,,,,0,,,,,,Create Delivery,2024-08-14 15:52:38.000,USER - 03676,Department 751,Manual,Delivery - 0518,Delivery,Main
Order - 1524,,,,,0,,,,,,Create Delivery,2024-08-14 15:59:09.000,USER - 03676,Department 751,Manual,Delivery - 0519,Delivery,Main
Order - 1527,,,,,0,,,,,,Create Delivery,2024-08-20 12:19:24.000,USER - 03676,Department 751,Manual,Delivery - 0520,Delivery,Main
Order - 1275,,,,,0,,,,,,Create Delivery,2024-08-20 13:36:41.000,USER - 03676,Department 751,Manual,Delivery - 0521,Delivery,Main
Order - 1530,,,,,0,,,,,,Create Delivery,2024-08-21 15:17:47.000,USER - 03676,Department 751,Manual,Delivery - 0522,Delivery,Main
Order - 1531,,,,,0,,,,,,Create Delivery,2024-08-21 15:22:00.000,USER - 03676,Department 751,Manual,Delivery - 0523,Delivery,Main
Order - 0768,,,,,0,,,,,,Create Delivery,2024-11-22 10:47:04.000,USER - 03676,Department 751,Manual,Delivery - 0616,Delivery,Main
Order - 1669,,,,,0,,,,,,Create Delivery,2024-12-06 09:01:31.000,USER - 03676,Department 751,Manual,Delivery - 0620,Delivery,Main
Order - 0768,,,,,0,,,,,,Create Delivery,2024-12-06 09:09:36.000,USER - 03676,Department 751,Manual,Delivery - 0621,Delivery,Main
Order - 1240,,,,,0,,,,,,Create Delivery,2024-08-08 11:02:24.000,USER - 03676,Department 751,Manual,Delivery - 0515,Delivery,Main
Order - 1521,,,,,0,,,,,,Create Delivery,2024-08-14 15:07:38.000,USER - 03676,Department 751,Manual,Delivery - 0516,Delivery,Main
Order - 1522,,,,,0,,,,,,Create Delivery,2024-08-14 15:48:27.000,USER - 03676,Department 751,Manual,Delivery - 0517,Delivery,Main
Order - 1917,,,,,0,,,,,,Create Delivery,2024-11-19 11:07:37.000,USER - 03676,Department 751,Manual,Delivery - 0610,Delivery,Main
Order - 1918,,,,,0,,,,,,Create Delivery,2024-11-19 11:15:34.000,USER - 03676,Department 751,Manual,Delivery - 0611,Delivery,Main
Order - 1919,,,,,0,,,,,,Create Delivery,2024-11-20 10:51:33.000,USER - 03676,Department 751,Manual,Delivery - 0612,Delivery,Main
Order - 0018,,,,,0,,,,,,Create Delivery,2023-06-21 10:52:40.000,USER - 03676,Department 751,Manual,Delivery - 0030,Delivery,Main
Order - 0041,,,,,0,,,,,,Create Delivery,2023-06-21 14:54:29.000,USER - 03676,Department 751,Manual,Delivery - 0031,Delivery,Main
Order - 0061,,,,,0,,,,,,Create Delivery,2023-06-22 13:13:58.000,USER - 03676,Department 751,Manual,Delivery - 0032,Delivery,Main
Order - 0062,,,,,0,,,,,,Create Delivery,2023-06-22 13:23:30.000,USER - 03676,Department 751,Manual,Delivery - 0033,Delivery,Main
Order - 0063,,,,,0,,,,,,Create Delivery,2023-06-23 09:38:54.000,USER - 03676,Department 751,Manual,Delivery - 0034,Delivery,Main
Order - 0051,,,,,0,,,,,,Create Delivery,2023-06-13 13:47:32.000,USER - 03676,Department 751,Manual,Delivery - 0023,Delivery,Main
Order - 0052,,,,,0,,,,,,Create Delivery,2023-06-13 13:55:00.000,USER - 03676,Department 751,Manual,Delivery - 0024,Delivery,Main
Order - 0053,,,,,0,,,,,,Create Delivery,2023-06-15 10:21:39.000,USER - 03676,Department 751,Manual,Delivery - 0025,Delivery,Main
Order - 0054,,,,,0,,,,,,Create Delivery,2023-06-15 10:28:08.000,USER - 03676,Department 751,Manual,Delivery - 0026,Delivery,Main
Order - 0059,,,,,0,,,,,,Create Delivery,2023-06-20 13:05:51.000,USER - 03676,Department 751,Manual,Delivery - 0027,Delivery,Main
Order - 0060,,,,,0,,,,,,Create Delivery,2023-06-20 13:13:25.000,USER - 03676,Department 751,Manual,Delivery - 0028,Delivery,Main
Order - 0039,,,,,0,,,,,,Create Delivery,2023-06-07 08:44:41.000,USER - 03676,Department 751,Manual,Delivery - 0017,Delivery,Main
Order - 0040,,,,,0,,,,,,Create Delivery,2023-06-07 08:56:20.000,USER - 03676,Department 751,Manual,Delivery - 0018,Delivery,Main
Order - 0045,,,,,0,,,,,,Create Delivery,2023-06-09 09:44:15.000,USER - 03676,Department 751,Manual,Delivery - 0019,Delivery,Main
Order - 0015,,,,,0,,,,,,Create Delivery,2023-06-12 14:35:21.000,USER - 03676,Department 751,Manual,Delivery - 0020,Delivery,Main
Order - 0047,,,,,0,,,,,,Create Delivery,2023-06-12 15:48:21.000,USER - 03676,Department 751,Manual,Delivery - 0021,Delivery,Main
Order - 0050,,,,,0,,,,,,Create Delivery,2023-06-13 13:26:58.000,USER - 03676,Department 751,Manual,Delivery - 0022,Delivery,Main
Order - 0031,,,,,0,,,,,,Create Delivery,2023-06-02 11:47:29.000,USER - 03676,Department 751,Manual,Delivery - 0011,Delivery,Main
Order - 0032,,,,,0,,,,,,Create Delivery,2023-06-02 13:21:26.000,USER - 03676,Department 751,Manual,Delivery - 0012,Delivery,Main
Order - 0033,,,,,0,,,,,,Create Delivery,2023-06-05 12:06:47.000,USER - 03676,Department 751,Manual,Delivery - 0013,Delivery,Main
Order - 0018,,,,,0,,,,,,Create Delivery,2023-06-05 14:42:36.000,USER - 03676,Department 751,Manual,Delivery - 0014,Delivery,Main
Order - 0034,,,,,0,,,,,,Create Delivery,2023-06-06 10:55:48.000,USER - 03676,Department 751,Manual,Delivery - 0015,Delivery,Main
Order - 0035,,,,,0,,,,,,Create Delivery,2023-06-06 13:05:34.000,USER - 03676,Department 751,Manual,Delivery - 0016,Delivery,Main
Order - 0142,,,,,0,,,,,,Create Delivery,2023-08-08 12:29:00.000,USER - 05664,Department 751,Manual,Delivery - 0093,Delivery,Main
Order - 0143,,,,,0,,,,,,Create Delivery,2023-08-08 12:36:07.000,USER - 05664,Department 751,Manual,Delivery - 0094,Delivery,Main
Order - 0144,,,,,0,,,,,,Create Delivery,2023-08-08 12:42:12.000,USER - 05664,Department 751,Manual,Delivery - 0095,Delivery,Main
Order - 0148,,,,,0,,,,,,Create Delivery,2023-08-09 14:27:31.000,USER - 05664,Department 751,Manual,Delivery - 0097,Delivery,Main
Order - 0149,,,,,0,,,,,,Create Delivery,2023-08-10 15:00:30.000,USER - 05664,Department 751,Manual,Delivery - 0100,Delivery,Main
Order - 0151,,,,,0,,,,,,Create Delivery,2023-08-11 10:05:04.000,USER - 05664,Department 751,Manual,Delivery - 0101,Delivery,Main
Order - 1438,,,,,0,,,,,,Create Delivery,2024-07-24 14:28:33.000,USER - 05664,Department 751,Manual,Delivery - 0504,Delivery,Main
Order - 1439,,,,,0,,,,,,Create Delivery,2024-07-24 14:33:25.000,USER - 05664,Department 751,Manual,Delivery - 0505,Delivery,Main
Order - 1440,,,,,0,,,,,,Create Delivery,2024-07-25 11:09:32.000,USER - 05664,Department 751,Manual,Delivery - 0506,Delivery,Main
Order - 1400,,,,,0,,,,,,Create Delivery,2024-07-17 12:41:06.000,USER - 05664,Department 751,Manual,Delivery - 0498,Delivery,Main
Order - 1425,,,,,0,,,,,,Create Delivery,2024-07-19 11:53:37.000,USER - 05664,Department 751,Manual,Delivery - 0499,Delivery,Main
Order - 1432,,,,,0,,,,,,Create Delivery,2024-07-23 13:13:57.000,USER - 05664,Department 751,Manual,Delivery - 0500,Delivery,Main
Order - 1433,,,,,0,,,,,,Create Delivery,2024-07-23 13:48:45.000,USER - 05664,Department 751,Manual,Delivery - 0501,Delivery,Main
Order - 1435,,,,,0,,,,,,Create Delivery,2024-07-23 13:54:41.000,USER - 05664,Department 751,Manual,Delivery - 0502,Delivery,Main
Order - 1437,,,,,0,,,,,,Create Delivery,2024-07-24 14:22:52.000,USER - 05664,Department 751,Manual,Delivery - 0503,Delivery,Main
Order - 1445,,,,,0,,,,,,Create Delivery,2024-07-30 13:48:47.000,USER - 05664,Department 751,Manual,Delivery - 0508,Delivery,Main
Order - 1446,,,,,0,,,,,,Create Delivery,2024-07-30 13:54:17.000,USER - 05664,Department 751,Manual,Delivery - 0509,Delivery,Main
Order - 0099,,,,,0,,,,,,Create Goods Issue,2023-07-11 09:09:33.000,No user information,,,GI - 000097,Goods Issue is created,Main
Order - 0100,,,,,0,,,,,,Create Goods Issue,2023-07-11 12:54:32.000,No user information,,,GI - 000098,Goods Issue is created,Main
Order - 0015,,,,,0,,,,,,Create Goods Issue,2023-07-12 09:19:05.000,No user information,,,GI - 000099,Goods Issue is created,Main
Order - 0015,,,,,0,,,,,,Create Goods Issue,2023-07-12 09:19:05.000,No user information,,,GI - 000100,Goods Issue is created,Main
Order - 0015,,,,,0,,,,,,Create Goods Issue,2023-07-12 09:19:05.000,No user information,,,GI - 000101,Goods Issue is created,Main
Order - 0103,,,,,0,,,,,,Create Goods Issue,2023-07-13 12:04:37.000,No user information,,,GI - 000102,Goods Issue is created,Main
Order - 0079,,,,,0,,,,,,Create Goods Issue,2023-07-14 12:07:02.000,No user information,,,GI - 000103,Goods Issue is created,Main
Order - 0079,,,,,0,,,,,,Create Goods Issue,2023-07-14 12:07:02.000,No user information,,,GI - 000104,Goods Issue is created,Main
Order - 0079,,,,,0,,,,,,Create Goods Issue,2023-07-14 12:07:02.000,No user information,,,GI - 000105,Goods Issue is created,Main
Order - 0080,,,,,0,,,,,,Create Goods Issue,2023-07-14 13:09:52.000,No user information,,,GI - 000106,Goods Issue is created,Main
Order - 0080,,,,,0,,,,,,Create Goods Issue,2023-07-14 13:09:52.000,No user information,,,GI - 000107,Goods Issue is created,Main
Order - 0080,,,,,0,,,,,,Create Goods Issue,2023-07-14 13:09:52.000,No user information,,,GI - 000108,Goods Issue is created,Main
Order - 0015,,,,,0,,,,,,Create Goods Issue,2023-07-14 17:03:07.000,No user information,,,GI - 000109,Goods Issue is created,Main
Order - 0015,,,,,0,,,,,,Create Goods Issue,2023-07-14 17:03:07.000,No user information,,,GI - 000110,Goods Issue is created,Main
Order - 0015,,,,,0,,,,,,Create Goods Issue,2023-07-14 17:03:07.000,No user information,,,GI - 000111,Goods Issue is created,Main
Order - 0015,,,,,0,,,,,,Create Goods Issue,2023-07-14 17:03:07.000,No user information,,,GI - 000112,Goods Issue is created,Main
Order - 0105,,,,,0,,,,,,Create Goods Issue,2023-07-18 09:59:37.000,No user information,,,GI - 000113,Goods Issue is created,Main
Order - 0106,,,,,0,,,,,,Create Goods Issue,2023-07-18 10:03:08.000,No user information,,,GI - 000114,Goods Issue is created,Main
Order - 0107,,,,,0,,,,,,Create Goods Issue,2023-07-18 10:13:45.000,No user information,,,GI - 000115,Goods Issue is created,Main
Order - 0116,,,,,0,,,,,,Create Goods Issue,2023-07-21 11:00:19.000,No user information,,,GI - 000116,Goods Issue is created,Main
Order - 0015,,,,,0,,,,,,Create Goods Issue,2023-07-21 11:28:49.000,No user information,,,GI - 000117,Goods Issue is created,Main
Order - 0015,,,,,0,,,,,,Create Goods Issue,2023-07-21 11:28:49.000,No user information,,,GI - 000118,Goods Issue is created,Main
Order - 0015,,,,,0,,,,,,Create Goods Issue,2023-07-21 11:28:49.000,No user information,,,GI - 000119,Goods Issue is created,Main
Order - 0015,,,,,0,,,,,,Create Goods Issue,2023-07-21 11:28:49.000,No user information,,,GI - 000120,Goods Issue is created,Main
Order - 0117,,,,,0,,,,,,Create Goods Issue,2023-07-24 13:54:22.000,No user information,,,GI - 000121,Goods Issue is created,Main
Order - 0118,,,,,0,,,,,,Create Goods Issue,2023-07-25 10:02:22.000,No user information,,,GI - 000122,Goods Issue is created,Main
Order - 0118,,,,,0,,,,,,Create Goods Issue,2023-07-25 10:02:22.000,No user information,,,GI - 000123,Goods Issue is created,Main
Order - 0121,,,,,0,,,,,,Create Goods Issue,2023-07-25 14:26:11.000,No user information,,,GI - 000124,Goods Issue is created,Main
Order - 0122,,,,,0,,,,,,Create Goods Issue,2023-07-25 14:33:51.000,No user information,,,GI - 000125,Goods Issue is created,Main
Order - 0123,,,,,0,,,,,,Create Goods Issue,2023-07-25 14:40:48.000,No user information,,,GI - 000126,Goods Issue is created,Main
Order - 0124,,,,,0,,,,,,Create Goods Issue,2023-07-25 14:45:39.000,No user information,,,GI - 000127,Goods Issue is created,Main
Order - 0016,,,,,0,,,,,,Create Goods Issue,2023-07-26 13:44:10.000,No user information,,,GI - 000128,Goods Issue is created,Main
Order - 0016,,,,,0,,,,,,Create Goods Issue,2023-07-26 13:44:10.000,No user information,,,GI - 000129,Goods Issue is created,Main
Order - 0125,,,,,0,,,,,,Create Goods Issue,2023-07-27 09:16:01.000,No user information,,,GI - 000130,Goods Issue is created,Main
Order - 0129,,,,,0,,,,,,Create Goods Issue,2023-07-28 11:07:37.000,No user information,,,GI - 000131,Goods Issue is created,Main
Order - 0126,,,,,0,,,,,,Create Goods Issue,2023-07-28 18:56:12.000,No user information,,,GI - 000132,Goods Issue is created,Main
Order - 0113,,,,,0,,,,,,Create Goods Issue,2023-07-28 18:57:35.000,No user information,,,GI - 000133,Goods Issue is created,Main
Order - 0112,,,,,0,,,,,,Create Goods Issue,2023-07-28 18:57:44.000,No user information,,,GI - 000134,Goods Issue is created,Main
Order - 0112,,,,,0,,,,,,Create Goods Issue,2023-07-28 18:57:44.000,No user information,,,GI - 000135,Goods Issue is created,Main
Order - 0114,,,,,0,,,,,,Create Goods Issue,2023-07-31 11:16:43.000,No user information,,,GI - 000136,Goods Issue is created,Main
Order - 0120,,,,,0,,,,,,Create Goods Issue,2023-07-31 12:13:50.000,No user information,,,GI - 000137,Goods Issue is created,Main
Order - 0120,,,,,0,,,,,,Create Goods Issue,2023-07-31 12:13:50.000,No user information,,,GI - 000138,Goods Issue is created,Main
Order - 0112,,,,,0,,,,,,Create Goods Issue,2023-07-31 13:35:18.000,No user information,,,GI - 000139,Goods Issue is created,Main
Order - 0113,,,,,0,,,,,,Create Goods Issue,2023-07-31 13:37:23.000,No user information,,,GI - 000140,Goods Issue is created,Main
Order - 0133,,,,,0,,,,,,Create Goods Issue,2023-08-01 14:32:40.000,No user information,,,GI - 000141,Goods Issue is created,Main
Order - 0134,,,,,0,,,,,,Create Goods Issue,2023-08-02 12:26:39.000,No user information,,,GI - 000142,Goods Issue is created,Main
Order - 0016,,,,,0,,,,,,Create Goods Issue,2023-08-03 11:38:27.000,No user information,,,GI - 000143,Goods Issue is created,Main
Order - 0016,,,,,0,,,,,,Create Goods Issue,2023-08-03 11:38:27.000,No user information,,,GI - 000144,Goods Issue is created,Main
Order - 0319,,,,,0,,,,,,Create Goods Issue,2023-11-09 12:09:01.000,No user information,,,GI - 000385,Goods Issue is created,Main
Order - 0012,,,,,0,,,,,,Create Goods Issue,2023-11-09 16:20:00.000,No user information,,,GI - 000386,Goods Issue is created,Main
Order - 0012,,,,,0,,,,,,Create Goods Issue,2023-11-09 16:20:00.000,No user information,,,GI - 000387,Goods Issue is created,Main
Order - 0012,,,,,0,,,,,,Create Goods Issue,2023-11-09 16:20:00.000,No user information,,,GI - 000388,Goods Issue is created,Main
Order - 0324,,,,,0,,,,,,Create Goods Issue,2023-11-10 08:20:49.000,No user information,,,GI - 000389,Goods Issue is created,Main
Order - 0325,,,,,0,,,,,,Create Goods Issue,2023-11-10 08:23:50.000,No user information,,,GI - 000390,Goods Issue is created,Main
Order - 0173,,,,,0,,,,,,Create Goods Issue,2023-11-10 10:03:25.000,No user information,,,GI - 000391,Goods Issue is created,Main
Order - 0173,,,,,0,,,,,,Create Goods Issue,2023-11-10 10:03:25.000,No user information,,,GI - 000392,Goods Issue is created,Main
Order - 0318,,,,,0,,,,,,Create Goods Issue,2023-11-10 11:07:32.000,No user information,,,GI - 000393,Goods Issue is created,Main
Order - 0318,,,,,0,,,,,,Create Goods Issue,2023-11-10 11:07:32.000,No user information,,,GI - 000394,Goods Issue is created,Main
Order - 0173,,,,,0,,,,,,Create Goods Issue,2023-11-13 12:01:00.000,No user information,,,GI - 000395,Goods Issue is created,Main
Order - 0173,,,,,0,,,,,,Create Goods Issue,2023-11-13 12:01:00.000,No user information,,,GI - 000396,Goods Issue is created,Main
Order - 0326,,,,,0,,,,,,Create Goods Issue,2023-11-13 12:27:06.000,No user information,,,GI - 000397,Goods Issue is created,Main
Order - 0327,,,,,0,,,,,,Create Goods Issue,2023-11-13 12:33:55.000,No user information,,,GI - 000398,Goods Issue is created,Main
Order - 0329,,,,,0,,,,,,Create Goods Issue,2023-11-14 09:10:43.000,No user information,,,GI - 000399,Goods Issue is created,Main
Order - 0330,,,,,0,,,,,,Create Goods Issue,2023-11-14 09:15:46.000,No user information,,,GI - 000400,Goods Issue is created,Main
Order - 0173,,,,,0,,,,,,Create Goods Issue,2023-11-16 10:48:04.000,No user information,,,GI - 000401,Goods Issue is created,Main
Order - 0173,,,,,0,,,,,,Create Goods Issue,2023-11-16 10:48:04.000,No user information,,,GI - 000402,Goods Issue is created,Main
Order - 0338,,,,,0,,,,,,Create Goods Issue,2023-11-16 12:24:35.000,No user information,,,GI - 000403,Goods Issue is created,Main
Order - 0339,,,,,0,,,,,,Create Goods Issue,2023-11-16 12:29:56.000,No user information,,,GI - 000404,Goods Issue is created,Main
Order - 0269,,,,,0,,,,,,Create Goods Issue,2023-11-16 14:16:56.000,No user information,,,GI - 000405,Goods Issue is created,Main
Order - 0278,,,,,0,,,,,,Create Goods Issue,2023-11-16 14:17:57.000,No user information,,,GI - 000406,Goods Issue is created,Main
Order - 0258,,,,,0,,,,,,Create Goods Issue,2023-11-16 15:02:48.000,No user information,,,GI - 000407,Goods Issue is created,Main
Order - 0261,,,,,0,,,,,,Create Goods Issue,2023-11-16 15:03:56.000,No user information,,,GI - 000408,Goods Issue is created,Main
Order - 0265,,,,,0,,,,,,Create Goods Issue,2023-11-16 15:04:34.000,No user information,,,GI - 000409,Goods Issue is created,Main
Order - 0239,,,,,0,,,,,,Create Goods Issue,2023-11-16 15:24:42.000,No user information,,,GI - 000410,Goods Issue is created,Main
Order - 0340,,,,,0,,,,,,Create Goods Issue,2023-11-16 15:28:52.000,No user information,,,GI - 000411,Goods Issue is created,Main
Order - 0341,,,,,0,,,,,,Create Goods Issue,2023-11-17 08:46:00.000,No user information,,,GI - 000412,Goods Issue is created,Main
Order - 0120,,,,,0,,,,,,Create Goods Issue,2023-11-17 10:23:54.000,No user information,,,GI - 000413,Goods Issue is created,Main
Order - 0120,,,,,0,,,,,,Create Goods Issue,2023-11-17 10:23:54.000,No user information,,,GI - 000414,Goods Issue is created,Main
Order - 0362,,,,,0,,,,,,Create Goods Issue,2023-11-21 14:04:45.000,No user information,,,GI - 000415,Goods Issue is created,Main
Order - 0363,,,,,0,,,,,,Create Goods Issue,2023-11-21 14:13:10.000,No user information,,,GI - 000416,Goods Issue is created,Main
Order - 0365,,,,,0,,,,,,Create Goods Issue,2023-11-22 13:53:58.000,No user information,,,GI - 000417,Goods Issue is created,Main
Order - 0378,,,,,0,,,,,,Create Goods Issue,2023-11-23 08:29:40.000,No user information,,,GI - 000418,Goods Issue is created,Main
Order - 0135,,,,,0,,,,,,Create Goods Issue,2023-11-23 09:43:44.000,No user information,,,GI - 000419,Goods Issue is created,Main
Order - 0135,,,,,0,,,,,,Create Goods Issue,2023-11-23 09:43:44.000,No user information,,,GI - 000420,Goods Issue is created,Main
Order - 0173,,,,,0,,,,,,Create Goods Issue,2023-11-23 09:55:17.000,No user information,,,GI - 000421,Goods Issue is created,Main
Order - 0173,,,,,0,,,,,,Create Goods Issue,2023-11-23 09:55:17.000,No user information,,,GI - 000422,Goods Issue is created,Main
Order - 0337,,,,,0,,,,,,Create Goods Issue,2023-11-23 12:20:15.000,No user information,,,GI - 000423,Goods Issue is created,Main
Order - 0337,,,,,0,,,,,,Create Goods Issue,2023-11-23 12:20:15.000,No user information,,,GI - 000424,Goods Issue is created,Main
Order - 0389,,,,,0,,,,,,Create Goods Issue,2023-11-24 08:20:41.000,No user information,,,GI - 000425,Goods Issue is created,Main
Order - 0277,,,,,0,,,,,,Create Goods Issue,2023-11-24 10:17:13.000,No user information,,,GI - 000426,Goods Issue is created,Main
Order - 0185,,,,,0,,,,,,Create Goods Issue,2023-11-24 11:04:59.000,No user information,,,GI - 000427,Goods Issue is created,Main
Order - 0185,,,,,0,,,,,,Create Goods Issue,2023-11-24 11:04:59.000,No user information,,,GI - 000428,Goods Issue is created,Main
Order - 0390,,,,,0,,,,,,Create Goods Issue,2023-11-27 09:30:09.000,No user information,,,GI - 000429,Goods Issue is created,Main
Order - 0391,,,,,0,,,,,,Create Goods Issue,2023-11-28 09:12:15.000,No user information,,,GI - 000430,Goods Issue is created,Main
Order - 0395,,,,,0,,,,,,Create Goods Issue,2023-11-29 11:22:45.000,No user information,,,GI - 000431,Goods Issue is created,Main
Order - 0173,,,,,0,,,,,,Create Goods Issue,2023-11-29 11:25:34.000,No user information,,,GI - 000432,Goods Issue is created,Main
Order - 1160,,,,,0,,,,,,Create Goods Issue,2024-05-16 12:52:16.000,No user information,,,GI - 000721,Goods Issue is created,Main
Order - 0854,,,,,0,,,,,,Create Goods Issue,2024-05-17 08:49:23.000,No user information,,,GI - 000722,Goods Issue is created,Main
Order - 0854,,,,,0,,,,,,Create Goods Issue,2024-05-17 08:49:23.000,No user information,,,GI - 000723,Goods Issue is created,Main
Order - 0854,,,,,0,,,,,,Create Goods Issue,2024-05-17 08:49:23.000,No user information,,,GI - 000724,Goods Issue is created,Main
Order - 1162,,,,,0,,,,,,Create Goods Issue,2024-05-17 09:03:46.000,No user information,,,GI - 000725,Goods Issue is created,Main
Order - 1170,,,,,0,,,,,,Create Goods Issue,2024-05-21 15:46:12.000,No user information,,,GI - 000726,Goods Issue is created,Main
Order - 1172,,,,,0,,,,,,Create Goods Issue,2024-05-21 15:50:03.000,No user information,,,GI - 000727,Goods Issue is created,Main
Order - 1191,,,,,0,,,,,,Create Goods Issue,2024-05-23 11:53:30.000,No user information,,,GI - 000728,Goods Issue is created,Main
Order - 1192,,,,,0,,,,,,Create Goods Issue,2024-05-24 11:01:05.000,No user information,,,GI - 000729,Goods Issue is created,Main
Order - 1193,,,,,0,,,,,,Create Goods Issue,2024-05-24 11:09:13.000,No user information,,,GI - 000730,Goods Issue is created,Main
Order - 1190,,,,,0,,,,,,Create Goods Issue,2024-05-24 12:25:22.000,No user information,,,GI - 000731,Goods Issue is created,Main
Order - 1062,,,,,0,,,,,,Create Goods Issue,2024-05-24 12:39:13.000,No user information,,,GI - 000732,Goods Issue is created,Main
Order - 1062,,,,,0,,,,,,Create Goods Issue,2024-05-24 12:39:13.000,No user information,,,GI - 000733,Goods Issue is created,Main
Order - 1062,,,,,0,,,,,,Create Goods Issue,2024-05-24 12:39:13.000,No user information,,,GI - 000734,Goods Issue is created,Main
Order - 1062,,,,,0,,,,,,Create Goods Issue,2024-05-24 12:39:13.000,No user information,,,GI - 000735,Goods Issue is created,Main
Order - 1062,,,,,0,,,,,,Create Goods Issue,2024-05-24 12:39:13.000,No user information,,,GI - 000736,Goods Issue is created,Main
Order - 1062,,,,,0,,,,,,Create Goods Issue,2024-05-24 12:39:13.000,No user information,,,GI - 000737,Goods Issue is created,Main
Order - 1194,,,,,0,,,,,,Create Goods Issue,2024-05-24 13:39:36.000,No user information,,,GI - 000738,Goods Issue is created,Main
Order - 1197,,,,,0,,,,,,Create Goods Issue,2024-05-27 11:45:00.000,No user information,,,GI - 000739,Goods Issue is created,Main
Order - 1198,,,,,0,,,,,,Create Goods Issue,2024-05-27 11:46:50.000,No user information,,,GI - 000740,Goods Issue is created,Main
Order - 1200,,,,,0,,,,,,Create Goods Issue,2024-05-29 13:35:21.000,No user information,,,GI - 000741,Goods Issue is created,Main
Order - 1218,,,,,0,,,,,,Create Goods Issue,2024-06-04 13:54:07.000,No user information,,,GI - 000742,Goods Issue is created,Main
Order - 1219,,,,,0,,,,,,Create Goods Issue,2024-06-04 13:56:50.000,No user information,,,GI - 000743,Goods Issue is created,Main
Order - 1234,,,,,0,,,,,,Create Goods Issue,2024-06-05 09:52:45.000,No user information,,,GI - 000744,Goods Issue is created,Main
Order - 1235,,,,,0,,,,,,Create Goods Issue,2024-06-05 09:59:38.000,No user information,,,GI - 000745,Goods Issue is created,Main
Order - 1238,,,,,0,,,,,,Create Goods Issue,2024-06-06 15:35:11.000,No user information,,,GI - 000746,Goods Issue is created,Main
Order - 1244,,,,,0,,,,,,Create Goods Issue,2024-06-11 11:34:43.000,No user information,,,GI - 000747,Goods Issue is created,Main
Order - 1245,,,,,0,,,,,,Create Goods Issue,2024-06-11 11:48:12.000,No user information,,,GI - 000748,Goods Issue is created,Main
Order - 1169,,,,,0,,,,,,Create Goods Issue,2024-06-11 13:30:36.000,No user information,,,GI - 000749,Goods Issue is created,Main
Order - 1169,,,,,0,,,,,,Create Goods Issue,2024-06-11 13:30:36.000,No user information,,,GI - 000750,Goods Issue is created,Main
Order - 1240,,,,,0,,,,,,Create Goods Issue,2024-06-11 15:04:36.000,No user information,,,GI - 000751,Goods Issue is created,Main
Order - 1240,,,,,0,,,,,,Create Goods Issue,2024-06-11 15:04:36.000,No user information,,,GI - 000752,Goods Issue is created,Main
Order - 1240,,,,,0,,,,,,Create Goods Issue,2024-06-11 15:04:36.000,No user information,,,GI - 000753,Goods Issue is created,Main
Order - 1240,,,,,0,,,,,,Create Goods Issue,2024-06-11 15:04:36.000,No user information,,,GI - 000754,Goods Issue is created,Main
Order - 1261,,,,,0,,,,,,Create Goods Issue,2024-06-12 11:41:49.000,No user information,,,GI - 000755,Goods Issue is created,Main
Order - 1262,,,,,0,,,,,,Create Goods Issue,2024-06-12 11:51:09.000,No user information,,,GI - 000756,Goods Issue is created,Main
Order - 1129,,,,,0,,,,,,Create Goods Issue,2024-06-12 14:53:05.000,No user information,,,GI - 000757,Goods Issue is created,Main
Order - 1193,,,,,0,,,,,,Create Goods Issue,2024-06-12 14:54:05.000,No user information,,,GI - 000758,Goods Issue is created,Main
Order - 1130,,,,,0,,,,,,Create Goods Issue,2024-06-12 14:55:35.000,No user information,,,GI - 000759,Goods Issue is created,Main
Order - 1263,,,,,0,,,,,,Create Goods Issue,2024-06-12 14:56:35.000,No user information,,,GI - 000760,Goods Issue is created,Main
Order - 0768,,,,,0,,,,,,Create Goods Issue,2024-06-12 15:00:43.000,No user information,,,GI - 000761,Goods Issue is created,Main
Order - 0768,,,,,0,,,,,,Create Goods Issue,2024-06-12 15:00:43.000,No user information,,,GI - 000762,Goods Issue is created,Main
Order - 0768,,,,,0,,,,,,Create Goods Issue,2024-06-12 15:09:07.000,No user information,,,GI - 000763,Goods Issue is created,Main
Order - 0768,,,,,0,,,,,,Create Goods Issue,2024-06-12 15:09:07.000,No user information,,,GI - 000764,Goods Issue is created,Main
Order - 1189,,,,,0,,,,,,Create Goods Issue,2024-06-12 16:26:39.000,No user information,,,GI - 000765,Goods Issue is created,Main
Order - 1189,,,,,0,,,,,,Create Goods Issue,2024-06-12 16:26:39.000,No user information,,,GI - 000766,Goods Issue is created,Main
Order - 1189,,,,,0,,,,,,Create Goods Issue,2024-06-12 16:26:39.000,No user information,,,GI - 000767,Goods Issue is created,Main
Order - 1189,,,,,0,,,,,,Create Goods Issue,2024-06-12 16:26:39.000,No user information,,,GI - 000768,Goods Issue is created,Main
Order - 0768,,,,,0,,,,,,Create Goods Issue,2024-10-17 08:48:16.000,No user information,,,GI - 000961,Goods Issue is created,Main
Order - 0768,,,,,0,,,,,,Create Goods Issue,2024-10-17 08:48:16.000,No user information,,,GI - 000962,Goods Issue is created,Main
Order - 0768,,,,,0,,,,,,Create Goods Issue,2024-10-17 08:48:16.000,No user information,,,GI - 000963,Goods Issue is created,Main
Order - 1756,,,,,0,,,,,,Create Goods Issue,2024-10-17 11:48:13.000,No user information,,,GI - 000964,Goods Issue is created,Main
Order - 1757,,,,,0,,,,,,Create Goods Issue,2024-10-17 11:50:51.000,No user information,,,GI - 000965,Goods Issue is created,Main
Order - 1669,,,,,0,,,,,,Create Goods Issue,2024-10-18 09:15:35.000,No user information,,,GI - 000966,Goods Issue is created,Main
Order - 1669,,,,,0,,,,,,Create Goods Issue,2024-10-18 09:15:35.000,No user information,,,GI - 000967,Goods Issue is created,Main
Order - 1765,,,,,0,,,,,,Create Goods Issue,2024-10-18 11:01:49.000,No user information,,,GI - 000968,Goods Issue is created,Main
Order - 1765,,,,,0,,,,,,Create Goods Issue,2024-10-18 11:01:49.000,No user information,,,GI - 000969,Goods Issue is created,Main
Order - 1766,,,,,0,,,,,,Create Goods Issue,2024-10-21 13:43:36.000,No user information,,,GI - 000970,Goods Issue is created,Main
Order - 1767,,,,,0,,,,,,Create Goods Issue,2024-10-22 11:33:06.000,No user information,,,GI - 000971,Goods Issue is created,Main
Order - 1768,,,,,0,,,,,,Create Goods Issue,2024-10-22 11:41:48.000,No user information,,,GI - 000972,Goods Issue is created,Main
Order - 1770,,,,,0,,,,,,Create Goods Issue,2024-10-22 11:44:40.000,No user information,,,GI - 000973,Goods Issue is created,Main
Order - 1754,,,,,0,,,,,,Create Goods Issue,2024-10-24 10:49:49.000,No user information,,,GI - 000974,Goods Issue is created,Main
Order - 1683,,,,,0,,,,,,Create Goods Issue,2024-10-24 10:55:02.000,No user information,,,GI - 000975,Goods Issue is created,Main
Order - 1805,,,,,0,,,,,,Create Goods Issue,2024-10-25 11:47:49.000,No user information,,,GI - 000976,Goods Issue is created,Main
Order - 1806,,,,,0,,,,,,Create Goods Issue,2024-10-25 11:54:37.000,No user information,,,GI - 000977,Goods Issue is created,Main
Order - 1811,,,,,0,,,,,,Create Goods Issue,2024-10-28 12:47:02.000,No user information,,,GI - 000978,Goods Issue is created,Main
Order - 1812,,,,,0,,,,,,Create Goods Issue,2024-10-28 12:54:04.000,No user information,,,GI - 000979,Goods Issue is created,Main
Order - 1814,,,,,0,,,,,,Create Goods Issue,2024-10-29 09:19:16.000,No user information,,,GI - 000980,Goods Issue is created,Main
Order - 1810,,,,,0,,,,,,Create Goods Issue,2024-10-29 09:36:25.000,No user information,,,GI - 000981,Goods Issue is created,Main
Order - 1810,,,,,0,,,,,,Create Goods Issue,2024-10-29 09:36:25.000,No user information,,,GI - 000982,Goods Issue is created,Main
Order - 1858,,,,,0,,,,,,Create Goods Issue,2024-11-04 10:53:15.000,No user information,,,GI - 000983,Goods Issue is created,Main
Order - 1859,,,,,0,,,,,,Create Goods Issue,2024-11-04 10:56:31.000,No user information,,,GI - 000984,Goods Issue is created,Main
Order - 1861,,,,,0,,,,,,Create Goods Issue,2024-11-05 09:13:31.000,No user information,,,GI - 000985,Goods Issue is created,Main
Order - 1878,,,,,0,,,,,,Create Goods Issue,2024-11-07 12:42:13.000,No user information,,,GI - 000986,Goods Issue is created,Main
Order - 0768,,,,,0,,,,,,Create Goods Issue,2024-11-08 09:50:21.000,No user information,,,GI - 000987,Goods Issue is created,Main
Order - 0768,,,,,0,,,,,,Create Goods Issue,2024-11-08 09:50:21.000,No user information,,,GI - 000988,Goods Issue is created,Main
Order - 1876,,,,,0,,,,,,Create Goods Issue,2024-11-12 11:26:16.000,No user information,,,GI - 000989,Goods Issue is created,Main
Order - 1876,,,,,0,,,,,,Create Goods Issue,2024-11-12 11:26:16.000,No user information,,,GI - 000990,Goods Issue is created,Main
Order - 1876,,,,,0,,,,,,Create Goods Issue,2024-11-12 11:26:16.000,No user information,,,GI - 000991,Goods Issue is created,Main
Order - 1876,,,,,0,,,,,,Create Goods Issue,2024-11-12 11:26:16.000,No user information,,,GI - 000992,Goods Issue is created,Main
Order - 1876,,,,,0,,,,,,Create Goods Issue,2024-11-12 11:26:16.000,No user information,,,GI - 000993,Goods Issue is created,Main
Order - 1876,,,,,0,,,,,,Create Goods Issue,2024-11-12 11:26:16.000,No user information,,,GI - 000994,Goods Issue is created,Main
Order - 1884,,,,,0,,,,,,Create Goods Issue,2024-11-12 13:33:18.000,No user information,,,GI - 000995,Goods Issue is created,Main
Order - 1885,,,,,0,,,,,,Create Goods Issue,2024-11-12 13:36:23.000,No user information,,,GI - 000996,Goods Issue is created,Main
Order - 1886,,,,,0,,,,,,Create Goods Issue,2024-11-12 13:39:32.000,No user information,,,GI - 000997,Goods Issue is created,Main
Order - 1863,,,,,0,,,,,,Create Goods Issue,2024-11-13 11:47:11.000,No user information,,,GI - 000998,Goods Issue is created,Main
Order - 1863,,,,,0,,,,,,Create Goods Issue,2024-11-13 11:47:11.000,No user information,,,GI - 000999,Goods Issue is created,Main
Order - 1863,,,,,0,,,,,,Create Goods Issue,2024-11-13 11:47:11.000,No user information,,,GI - 001000,Goods Issue is created,Main
Order - 1863,,,,,0,,,,,,Create Goods Issue,2024-11-13 11:47:11.000,No user information,,,GI - 001001,Goods Issue is created,Main
Order - 1902,,,,,0,,,,,,Create Goods Issue,2024-11-13 11:59:20.000,No user information,,,GI - 001002,Goods Issue is created,Main
Order - 1903,,,,,0,,,,,,Create Goods Issue,2024-11-13 13:02:58.000,No user information,,,GI - 001003,Goods Issue is created,Main
Order - 1906,,,,,0,,,,,,Create Goods Issue,2024-11-15 11:31:34.000,No user information,,,GI - 001004,Goods Issue is created,Main
Order - 1907,,,,,0,,,,,,Create Goods Issue,2024-11-15 11:37:13.000,No user information,,,GI - 001005,Goods Issue is created,Main
Order - 1915,,,,,0,,,,,,Create Goods Issue,2024-11-19 10:01:40.000,No user information,,,GI - 001006,Goods Issue is created,Main
Order - 1916,,,,,0,,,,,,Create Goods Issue,2024-11-19 10:59:05.000,No user information,,,GI - 001007,Goods Issue is created,Main
Order - 1917,,,,,0,,,,,,Create Goods Issue,2024-11-19 11:08:21.000,No user information,,,GI - 001008,Goods Issue is created,Main
Order - 0072,,,,,0,,,,,,Create Invoice,2023-06-28 22:02:00.000,USER - 07897,NULL,Automatic,Invoice - 038,Create Invoice,Main
Order - 0074,,,,,0,,,,,,Create Invoice,2023-06-29 22:08:00.000,USER - 07897,NULL,Automatic,Invoice - 039,Create Invoice,Main
Order - 0075,,,,,0,,,,,,Create Invoice,2023-06-29 22:08:00.000,USER - 07897,NULL,Automatic,Invoice - 040,Create Invoice,Main
Order - 0061,,,,,0,,,,,,Create Invoice,2023-06-22 22:09:00.000,USER - 07897,NULL,Automatic,Invoice - 029,Create Invoice,Main
Order - 0062,,,,,0,,,,,,Create Invoice,2023-06-22 22:09:00.000,USER - 07897,NULL,Automatic,Invoice - 030,Create Invoice,Main
Order - 0063,,,,,0,,,,,,Create Invoice,2023-06-23 22:10:00.000,USER - 07897,NULL,Automatic,Invoice - 031,Create Invoice,Main
Order - 0067,,,,,0,,,,,,Create Invoice,2023-06-26 22:05:00.000,USER - 07897,NULL,Automatic,Invoice - 032,Create Invoice,Main
Order - 0041,,,,,0,,,,,,Create Invoice,2023-06-27 22:00:00.000,USER - 07897,NULL,Automatic,Invoice - 033,Create Invoice,Main
Order - 0069,,,,,0,,,,,,Create Invoice,2023-06-27 22:02:00.000,USER - 07897,NULL,Automatic,Invoice - 034,Create Invoice,Main
Order - 0053,,,,,0,,,,,,Create Invoice,2023-06-19 22:07:00.000,USER - 07897,NULL,Automatic,Invoice - 023,Create Invoice,Main
Order - 0054,,,,,0,,,,,,Create Invoice,2023-06-19 22:07:00.000,USER - 07897,NULL,Automatic,Invoice - 024,Create Invoice,Main
Order - 0059,,,,,0,,,,,,Create Invoice,2023-06-20 22:08:00.000,USER - 07897,NULL,Automatic,Invoice - 025,Create Invoice,Main
Order - 0060,,,,,0,,,,,,Create Invoice,2023-06-20 22:08:00.000,USER - 07897,NULL,Automatic,Invoice - 026,Create Invoice,Main
Order - 0018,,,,,0,,,,,,Create Invoice,2023-06-21 22:00:00.000,USER - 07897,NULL,Automatic,Invoice - 027,Create Invoice,Main
Order - 0041,,,,,0,,,,,,Create Invoice,2023-06-21 22:00:00.000,USER - 07897,NULL,Automatic,Invoice - 028,Create Invoice,Main
Order - 0045,,,,,0,,,,,,Create Invoice,2023-06-09 22:07:00.000,USER - 07897,NULL,Automatic,Invoice - 017,Create Invoice,Main
Order - 0047,,,,,0,,,,,,Create Invoice,2023-06-12 22:05:00.000,USER - 07897,NULL,Automatic,Invoice - 018,Create Invoice,Main
Order - 0034,,,,,0,,,,,,Create Invoice,2023-06-13 22:00:00.000,USER - 07897,NULL,Automatic,Invoice - 019,Create Invoice,Main
Order - 0050,,,,,0,,,,,,Create Invoice,2023-06-13 22:03:00.000,USER - 07897,NULL,Automatic,Invoice - 020,Create Invoice,Main
Order - 0051,,,,,0,,,,,,Create Invoice,2023-06-13 22:03:00.000,USER - 07897,NULL,Automatic,Invoice - 021,Create Invoice,Main
Order - 0052,,,,,0,,,,,,Create Invoice,2023-06-13 22:03:00.000,USER - 07897,NULL,Automatic,Invoice - 022,Create Invoice,Main
Order - 0032,,,,,0,,,,,,Create Invoice,2023-06-02 22:04:00.000,USER - 07897,NULL,Automatic,Invoice - 011,Create Invoice,Main
Order - 0033,,,,,0,,,,,,Create Invoice,2023-06-05 22:06:00.000,USER - 07897,NULL,Automatic,Invoice - 012,Create Invoice,Main
Order - 0018,,,,,0,,,,,,Create Invoice,2023-06-06 22:00:00.000,USER - 07897,NULL,Automatic,Invoice - 013,Create Invoice,Main
Order - 0035,,,,,0,,,,,,Create Invoice,2023-06-06 22:05:00.000,USER - 07897,NULL,Automatic,Invoice - 014,Create Invoice,Main
Order - 0039,,,,,0,,,,,,Create Invoice,2023-06-07 22:04:00.000,USER - 07897,NULL,Automatic,Invoice - 015,Create Invoice,Main
Order - 0040,,,,,0,,,,,,Create Invoice,2023-06-07 22:04:00.000,USER - 07897,NULL,Automatic,Invoice - 016,Create Invoice,Main
Order - 0504,,,,,0,,,,,,Sales order is changed,2023-12-18 18:36:00.000,USER - 02130,Department 2222,Manual,Order - 0504,Sales order,Change
Order - 0945,,,,,0,,,,,,Sales order is changed,2024-03-29 09:11:00.000,USER - 10897,Department 2178,Manual,Order - 0945,Sales order,Change
Order - 1367,,,,,0,,,,,,Sales order is changed,2024-07-18 10:04:00.000,USER - 10897,Department 2178,Manual,Order - 1367,Sales order,Change
Order - 1798,,,,,0,,,,,,Sales order is changed,2024-10-25 10:07:00.000,USER - 09841,NULL,NULL,Order - 1798,Sales order,Change
Order - 0850,,,,,0,,,,,,Delivery is changed,2024-04-11 13:41:00.000,USER - 07760,Department 713,Manual,Delivery - 0393,Delivery,Change
Order - 0015,,,,,0,,,,,,Delivery is changed,2023-07-21 11:21:00.000,USER - 05695,Department 752,Manual,Delivery - 0069,Delivery,Change
Order - 0015,,,,,0,,,,,,Delivery is changed,2023-09-01 15:05:00.000,USER - 10709,Department 752,Manual,Delivery - 0125,Delivery,Change
Order - 1240,,,,,0,,,,,,Delivery is changed,2024-06-11 15:02:00.000,USER - 03676,Department 751,Manual,Delivery - 0452,Delivery,Change
Order - 0135,,,,,0,,,,,,Delivery is changed,2023-09-01 09:34:00.000,USER - 03676,Department 751,Manual,Delivery - 0126,Delivery,Change
Order - 0016,,,,,0,,,,,,Freight order is changed,2023-08-03 08:37:00.000,USER - 05724,Department 748,Manual,FREIGHT - 00112,Freight order,Change
Order - 0112,,,,,0,,,,,,Freight order is changed,2023-07-28 12:53:00.000,USER - 03676,Department 751,Manual,FREIGHT - 00104,Freight order,Change
Order - 0015,,,,,0,,,,,,Freight order is changed,2023-09-01 08:22:00.000,USER - 03676,Department 751,Manual,FREIGHT - 00155,Freight order,Change
Order - 0002,,,,,0,,,,,,Freight order is changed,2023-05-15 11:04:00.000,USER - 03676,Department 751,Manual,FREIGHT - 00003,Freight order,Change
Order - 0308,,,,,0,,,,,,Invoice is changed,2024-02-01 14:06:00.000,USER - 04201,Department 1601,Manual,Invoice - 312,Invoice,Change
Order - 1433,,,,,0,,,,,,Invoice is changed,2024-08-20 15:16:00.000,USER - 08479,NULL,NULL,Invoice - 543,Invoice,Change
Order - 1192,,,,,0,,SO - Standard Order,,,,Requested Delivery Date,2024-05-24 23:59:59.000,USER - 03676,Department 751,Manual,Order - 1192,Sales order,Main
Order - 1193,,,,,0,,SO - Standard Order,,,,Requested Delivery Date,2024-05-24 23:59:59.000,USER - 03676,Department 751,Manual,Order - 1193,Sales order,Main
Order - 1194,,,,,0,,SO - Standard Order,,,,Requested Delivery Date,2024-05-24 23:59:59.000,USER - 03676,Department 751,Manual,Order - 1194,Sales order,Main
Order - 1664,,,,,0,,SO - Standard Order,,,,Requested Delivery Date,2024-09-26 23:59:59.000,USER - 03676,Department 751,Manual,Order - 1664,Sales order,Main
Order - 1665,,,,,0,,SO - Standard Order,,,,Requested Delivery Date,2024-09-26 23:59:59.000,USER - 03676,Department 751,Manual,Order - 1665,Sales order,Main
Order - 1039,,,,,0,,SO - Standard Order,,,,Requested Delivery Date,2024-04-17 23:59:59.000,USER - 00934,Department 486,Manual,Order - 1039,Sales order,Main
Order - 0379,,,,,0,,SO - Standard Order,,,,Requested Delivery Date,2023-11-23 23:59:59.000,USER - 00934,Department 486,Manual,Order - 0379,Sales order,Main
Order - 1663,,,,,0,,SO - Standard Order,,,,Requested Delivery Date,2024-09-25 23:59:59.000,USER - 00934,Department 486,Manual,Order - 1663,Sales order,Main
Order - 1597,,,,,0,,SO - Standard Order,,,,Requested Delivery Date,2024-09-04 23:59:59.000,USER - 00934,Department 486,Manual,Order - 1597,Sales order,Main
Order - 0850,,,,,0,,SO - Standard Order,,,,Requested Delivery Date,2024-03-14 23:59:59.000,USER - 00934,Department 486,Manual,Order - 0850,Sales order,Main
Order - 0687,,,,,0,,SO - Standard Order,,,,Requested Delivery Date,2024-02-08 23:59:59.000,USER - 00934,Department 486,Manual,Order - 0687,Sales order,Main
Order - 1169,,,,,0,,SO - Standard Order,,,,Requested Delivery Date,2024-05-21 23:59:59.000,USER - 00934,Department 486,Manual,Order - 1169,Sales order,Main
Order - 1189,,,,,0,,SO - Standard Order,,,,Requested Delivery Date,2024-05-22 23:59:59.000,USER - 00934,Department 486,Manual,Order - 1189,Sales order,Main
Order - 1662,,,,,0,,SO - Standard Order,,,,Requested Delivery Date,2024-09-25 23:59:59.000,USER - 00934,Department 486,Manual,Order - 1662,Sales order,Main
Order - 1669,,,,,0,,SO - Standard Order,,,,Requested Delivery Date,2024-09-26 23:59:59.000,USER - 00934,Department 486,Manual,Order - 1669,Sales order,Main
Order - 0993,,,,,0,,SO - Standard Order,,,,Requested Delivery Date,2024-04-10 23:59:59.000,USER - 00934,Department 486,Manual,Order - 0993,Sales order,Main
Order - 1017,,,,,0,,SO - Standard Order,,,,Requested Delivery Date,2024-04-12 23:59:59.000,USER - 00934,Department 486,Manual,Order - 1017,Sales order,Main
Order - 1062,,,,,0,,SO - Standard Order,,,,Requested Delivery Date,2024-04-24 23:59:59.000,USER - 00934,Department 486,Manual,Order - 1062,Sales order,Main
Order - 1066,,,,,0,,SO - Standard Order,,,,Requested Delivery Date,2024-04-25 23:59:59.000,USER - 00934,Department 486,Manual,Order - 1066,Sales order,Main
Order - 0591,,,,,0,,SO - Standard Order,,,,Requested Delivery Date,2024-01-10 23:59:59.000,USER - 00934,Department 486,Manual,Order - 0591,Sales order,Main
Order - 0603,,,,,0,,SO - Standard Order,,,,Requested Delivery Date,2024-01-18 23:59:59.000,USER - 00934,Department 486,Manual,Order - 0603,Sales order,Main
Order - 1097,,,,,0,,SO - Standard Order,,,,Requested Delivery Date,2024-05-08 23:59:59.000,USER - 00934,Department 486,Manual,Order - 1097,Sales order,Main
Order - 0768,,,,,0,,SO - Standard Order,,,,Requested Delivery Date,2024-02-21 23:59:59.000,USER - 00934,Department 486,Manual,Order - 0768,Sales order,Main
Order - 1240,,,,,0,,SO - Standard Order,,,,Requested Delivery Date,2024-06-07 23:59:59.000,USER - 00934,Department 486,Manual,Order - 1240,Sales order,Main
Order - 1275,,,,,0,,SO - Standard Order,,,,Requested Delivery Date,2024-06-19 23:59:59.000,USER - 00934,Department 486,Manual,Order - 1275,Sales order,Main
Order - 0318,,,,,0,,SO - Standard Order,,,,Requested Delivery Date,2023-11-09 23:59:59.000,USER - 00934,Department 486,Manual,Order - 0318,Sales order,Main
Order - 0792,,,,,0,,SO - Standard Order,,,,Requested Delivery Date,2024-02-27 23:59:59.000,USER - 00934,Department 486,Manual,Order - 0792,Sales order,Main
Order - 0795,,,,,0,,SO - Standard Order,,,,Requested Delivery Date,2024-02-27 23:59:59.000,USER - 00934,Department 486,Manual,Order - 0795,Sales order,Main
Order - 1308,,,,,0,,SO - Standard Order,,,,Requested Delivery Date,2024-06-25 23:59:59.000,USER - 00934,Department 486,Manual,Order - 1308,Sales order,Main
Order - 1312,,,,,0,,SO - Standard Order,,,,Requested Delivery Date,2024-06-27 23:59:59.000,USER - 00934,Department 486,Manual,Order - 1312,Sales order,Main
Order - 0841,,,,,0,,SO - Standard Order,,,,Requested Delivery Date,2024-03-07 23:59:59.000,USER - 00934,Department 486,Manual,Order - 0841,Sales order,Main
Order - 0854,,,,,0,,SO - Standard Order,,,,Requested Delivery Date,2024-03-15 23:59:59.000,USER - 00934,Department 486,Manual,Order - 0854,Sales order,Main
Order - 0337,,,,,0,,SO - Standard Order,,,,Requested Delivery Date,2023-11-16 23:59:59.000,USER - 00934,Department 486,Manual,Order - 0337,Sales order,Main
Order - 0911,,,,,0,,SO - Standard Order,,,,Requested Delivery Date,2024-03-21 23:59:59.000,USER - 00934,Department 486,Manual,Order - 0911,Sales order,Main
Order - 0942,,,,,0,,SO - Standard Order,,,,Requested Delivery Date,2024-03-28 23:59:59.000,USER - 00934,Department 486,Manual,Order - 0942,Sales order,Main
Order - 0787,,,,,0,,SO - Standard Order,,,,Requested Delivery Date,2024-02-22 23:59:59.000,USER - 00934,Department 486,Manual,Order - 0787,Sales order,Main
Order - 0296,,,,,0,,SO - Standard Order,,,,Requested Delivery Date,2023-10-24 23:59:59.000,USER - 00934,Department 486,Manual,Order - 0296,Sales order,Main
Order - 1401,,,,,0,,SO - Standard Order,,,,Requested Delivery Date,2024-07-17 23:59:59.000,USER - 00934,Department 486,Manual,Order - 1401,Sales order,Main
Order - 1624,,,,,0,,SO - Standard Order,,,,Requested Delivery Date,2024-09-16 23:59:59.000,USER - 03676,Department 751,Manual,Order - 1624,Sales order,Main
Order - 0208,,,,,0,,SO - Standard Order,,,,Requested Delivery Date,2023-09-08 23:59:59.000,USER - 03676,Department 751,Manual,Order - 0208,Sales order,Main
Order - 0209,,,,,0,,SO - Standard Order,,,,Requested Delivery Date,2023-09-08 23:59:59.000,USER - 03676,Department 751,Manual,Order - 0209,Sales order,Main
Order - 0211,,,,,0,,SO - Standard Order,,,,Requested Delivery Date,2023-09-11 23:59:59.000,USER - 03676,Department 751,Manual,Order - 0211,Sales order,Main
Order - 0212,,,,,0,,SO - Standard Order,,,,Requested Delivery Date,2023-09-11 23:59:59.000,USER - 03676,Department 751,Manual,Order - 0212,Sales order,Main
Order - 0213,,,,,0,,SO - Standard Order,,,,Requested Delivery Date,2023-09-11 23:59:59.000,USER - 03676,Department 751,Manual,Order - 0213,Sales order,Main
Order - 0214,,,,,0,,SO - Standard Order,,,,Requested Delivery Date,2023-09-12 23:59:59.000,USER - 03676,Department 751,Manual,Order - 0214,Sales order,Main
Order - 0215,,,,,0,,SO - Standard Order,,,,Requested Delivery Date,2023-09-12 23:59:59.000,USER - 03676,Department 751,Manual,Order - 0215,Sales order,Main
Order - 0216,,,,,0,,SO - Standard Order,,,,Requested Delivery Date,2023-09-12 23:59:59.000,USER - 03676,Department 751,Manual,Order - 0216,Sales order,Main
Order - 0217,,,,,0,,SO - Standard Order,,,,Requested Delivery Date,2023-09-12 23:59:59.000,USER - 03676,Department 751,Manual,Order - 0217,Sales order,Main
Order - 0221,,,,,0,,SO - Standard Order,,,,Requested Delivery Date,2023-09-14 23:59:59.000,USER - 03676,Department 751,Manual,Order - 0221,Sales order,Main
Order - 0224,,,,,0,,SO - Standard Order,,,,Requested Delivery Date,2023-09-15 23:59:59.000,USER - 03676,Department 751,Manual,Order - 0224,Sales order,Main
Order - 0226,,,,,0,,SO - Standard Order,,,,Requested Delivery Date,2023-09-19 23:59:59.000,USER - 03676,Department 751,Manual,Order - 0226,Sales order,Main
Order - 0232,,,,,0,,SO - Standard Order,,,,Requested Delivery Date,2023-09-20 23:59:59.000,USER - 03676,Department 751,Manual,Order - 0232,Sales order,Main
Order - 0233,,,,,0,,SO - Standard Order,,,,Requested Delivery Date,2023-09-21 23:59:59.000,USER - 03676,Department 751,Manual,Order - 0233,Sales order,Main
Order - 0234,,,,,0,,SO - Standard Order,,,,Requested Delivery Date,2023-09-21 23:59:59.000,USER - 03676,Department 751,Manual,Order - 0234,Sales order,Main
Order - 0365,,,,,0,,SO - Standard Order,,,,Requested Delivery Date,2023-11-22 23:59:59.000,USER - 03676,Department 751,Manual,Order - 0365,Sales order,Main
Order - 0887,,,,,0,,SO - Standard Order,,,,Requested Delivery Date,2024-03-20 23:59:59.000,USER - 03676,Department 751,Manual,Order - 0887,Sales order,Main
Order - 0888,,,,,0,,SO - Standard Order,,,,Requested Delivery Date,2024-03-20 23:59:59.000,USER - 03676,Department 751,Manual,Order - 0888,Sales order,Main
Order - 1363,,,,,0,,SO - Standard Order,,,,Requested Delivery Date,2024-07-04 23:59:59.000,USER - 03676,Department 751,Manual,Order - 1363,Sales order,Main
Order - 1364,,,,,0,,SO - Standard Order,,,,Requested Delivery Date,2024-07-04 23:59:59.000,USER - 03676,Department 751,Manual,Order - 1364,Sales order,Main
Order - 1365,,,,,0,,SO - Standard Order,,,,Requested Delivery Date,2024-07-05 23:59:59.000,USER - 03676,Department 751,Manual,Order - 1365,Sales order,Main
Order - 1370,,,,,0,,SO - Standard Order,,,,Requested Delivery Date,2024-07-09 23:59:59.000,USER - 03676,Department 751,Manual,Order - 1370,Sales order,Main
Order - 1387,,,,,0,,SO - Standard Order,,,,Requested Delivery Date,2024-07-10 23:59:59.000,USER - 03676,Department 751,Manual,Order - 1387,Sales order,Main
Order - 1388,,,,,0,,SO - Standard Order,,,,Requested Delivery Date,2024-07-10 23:59:59.000,USER - 03676,Department 751,Manual,Order - 1388,Sales order,Main
Order - 1392,,,,,0,,SO - Standard Order,,,,Requested Delivery Date,2024-07-12 23:59:59.000,USER - 03676,Department 751,Manual,Order - 1392,Sales order,Main
Order - 1393,,,,,0,,SO - Standard Order,,,,Requested Delivery Date,2024-07-12 23:59:59.000,USER - 03676,Department 751,Manual,Order - 1393,Sales order,Main
Order - 1394,,,,,0,,SO - Standard Order,,,,Requested Delivery Date,2024-07-15 23:59:59.000,USER - 03676,Department 751,Manual,Order - 1394,Sales order,Main
Order - 1395,,,,,0,,SO - Standard Order,,,,Requested Delivery Date,2024-07-16 23:59:59.000,USER - 03676,Department 751,Manual,Order - 1395,Sales order,Main
Order - 1396,,,,,0,,SO - Standard Order,,,,Requested Delivery Date,2024-07-16 23:59:59.000,USER - 03676,Department 751,Manual,Order - 1396,Sales order,Main
Order - 1878,,,,,0,,SO - Standard Order,,,,Requested Delivery Date,2024-11-07 23:59:59.000,USER - 03676,Department 751,Manual,Order - 1878,Sales order,Main
Order - 0417,,,,,0,,SO - Standard Order,,,,Requested Delivery Date,2023-12-04 23:59:59.000,USER - 03676,Department 751,Manual,Order - 0417,Sales order,Main
Order - 0418,,,,,0,,SO - Standard Order,,,,Requested Delivery Date,2023-12-06 23:59:59.000,USER - 03676,Department 751,Manual,Order - 0418,Sales order,Main
Order - 0090,,,,,0,,ST - Services / Tooling,,,,Requested Delivery Date,2023-07-06 23:59:59.000,USER - 10897,Department 2178,Manual,Order - 0090,Sales order,Main
Order - 0174,,,,,0,,ST - Services / Tooling,,,,Requested Delivery Date,2023-08-22 23:59:59.000,USER - 10897,Department 2178,Manual,Order - 0174,Sales order,Main
Order - 0175,,,,,0,,ST - Services / Tooling,,,,Requested Delivery Date,2023-08-22 23:59:59.000,USER - 10897,Department 2178,Manual,Order - 0175,Sales order,Main
Order - 0188,,,,,0,,ST - Services / Tooling,,,,Requested Delivery Date,2023-08-29 23:59:59.000,USER - 10897,Department 2178,Manual,Order - 0188,Sales order,Main
Order - 0190,,,,,0,,ST - Services / Tooling,,,,Requested Delivery Date,2023-08-29 23:59:59.000,USER - 10897,Department 2178,Manual,Order - 0190,Sales order,Main
Order - 0101,,,,,0,,ST - Services / Tooling,,,,Requested Delivery Date,2023-07-11 23:59:59.000,USER - 10897,Department 2178,Manual,Order - 0101,Sales order,Main
Order - 0109,,,,,0,,ST - Services / Tooling,,,,Requested Delivery Date,2023-07-19 23:59:59.000,USER - 10897,Department 2178,Manual,Order - 0109,Sales order,Main
Order - 0110,,,,,0,,ST - Services / Tooling,,,,Requested Delivery Date,2023-07-19 23:59:59.000,USER - 10897,Department 2178,Manual,Order - 0110,Sales order,Main
Order - 0582,,,,,0,,ST - Services / Tooling,,,,Requested Delivery Date,2024-01-02 23:59:59.000,USER - 10897,Department 2178,Manual,Order - 0582,Sales order,Main
Order - 0320,,,,,0,,ST - Services / Tooling,,,,Requested Delivery Date,2023-11-09 23:59:59.000,USER - 10897,Department 2178,Manual,Order - 0320,Sales order,Main
Order - 1131,,,,,0,,ST - Services / Tooling,,,,Requested Delivery Date,2024-05-15 23:59:59.000,USER - 10897,Department 2178,Manual,Order - 1131,Sales order,Main
Order - 1132,,,,,0,,ST - Services / Tooling,,,,Requested Delivery Date,2024-05-15 23:59:59.000,USER - 10897,Department 2178,Manual,Order - 1132,Sales order,Main
Order - 1174,,,,,0,,ST - Services / Tooling,,,,Requested Delivery Date,2024-05-21 23:59:59.000,USER - 10897,Department 2178,Manual,Order - 1174,Sales order,Main
Order - 0231,,,,,0,,ST - Services / Tooling,,,,Requested Delivery Date,2023-09-19 23:59:59.000,USER - 10897,Department 2178,Manual,Order - 0231,Sales order,Main
Order - 0510,,,,,0,,ST - Services / Tooling,,,,Requested Delivery Date,2023-12-19 23:59:59.000,USER - 10897,Department 2178,Manual,Order - 0510,Sales order,Main
Order - 1428,,,,,0,,ST - Services / Tooling,,,,Requested Delivery Date,2024-07-19 23:59:59.000,USER - 10897,Department 2178,Manual,Order - 1428,Sales order,Main
Order - 0091,,,,,0,,ST - Services / Tooling,,,,Requested Delivery Date,2023-07-06 23:59:59.000,USER - 10897,Department 2178,Manual,Order - 0091,Sales order,Main
Order - 0104,,,,,0,,ST - Services / Tooling,,,,Requested Delivery Date,2023-07-13 23:59:59.000,USER - 10897,Department 2178,Manual,Order - 0104,Sales order,Main
Order - 0111,,,,,0,,ST - Services / Tooling,,,,Requested Delivery Date,2023-07-19 23:59:59.000,USER - 10897,Department 2178,Manual,Order - 0111,Sales order,Main
Order - 0581,,,,,0,,ST - Services / Tooling,,,,Requested Delivery Date,2023-12-28 23:59:59.000,USER - 10897,Department 2178,Manual,Order - 0581,Sales order,Main
Order - 0610,,,,,0,,ST - Services / Tooling,,,,Requested Delivery Date,2024-01-25 23:59:59.000,USER - 10897,Department 2178,Manual,Order - 0610,Sales order,Main
Order - 0187,,,,,0,,ST - Services / Tooling,,,,Requested Delivery Date,2023-08-29 23:59:59.000,USER - 10897,Department 2178,Manual,Order - 0187,Sales order,Main
Order - 0189,,,,,0,,ST - Services / Tooling,,,,Requested Delivery Date,2023-08-29 23:59:59.000,USER - 10897,Department 2178,Manual,Order - 0189,Sales order,Main
Order - 0207,,,,,0,,ST - Services / Tooling,,,,Requested Delivery Date,2023-09-07 23:59:59.000,USER - 10897,Department 2178,Manual,Order - 0207,Sales order,Main
Order - 0735,,,,,0,,ST - Services / Tooling,,,,Requested Delivery Date,2024-02-15 23:59:59.000,USER - 10897,Department 2178,Manual,Order - 0735,Sales order,Main
Order - 0044,,,,,0,,ST - Services / Tooling,,,,Requested Delivery Date,2023-06-07 23:59:59.000,USER - 10897,Department 2178,Manual,Order - 0044,Sales order,Main
Order - 0055,,,,,0,,ST - Services / Tooling,,,,Requested Delivery Date,2023-06-18 23:59:59.000,USER - 10897,Department 2178,Manual,Order - 0055,Sales order,Main
Order - 0065,,,,,0,,ST - Services / Tooling,,,,Requested Delivery Date,2023-06-26 23:59:59.000,USER - 10897,Department 2178,Manual,Order - 0065,Sales order,Main
Order - 0073,,,,,0,,ST - Services / Tooling,,,,Requested Delivery Date,2023-06-28 23:59:59.000,USER - 10897,Department 2178,Manual,Order - 0073,Sales order,Main
Order - 0580,,,,,0,,ST - Services / Tooling,,,,Requested Delivery Date,2023-12-22 23:59:59.000,USER - 10897,Department 2178,Manual,Order - 0580,Sales order,Main
Order - 0127,,,,,0,,ST - Services / Tooling,,,,Requested Delivery Date,2023-07-27 23:59:59.000,USER - 10897,Department 2178,Manual,Order - 0127,Sales order,Main
Order - 0867,,,,,0,,ST - Services / Tooling,,,,Requested Delivery Date,2024-03-19 23:59:59.000,USER - 02130,Department 2222,Manual,Order - 0867,Sales order,Main
Order - 1323,,,,,0,,ST - Services / Tooling,,,,Requested Delivery Date,2024-06-28 23:59:59.000,USER - 02130,Department 2222,Manual,Order - 1323,Sales order,Main
Order - 1324,,,,,0,,ST - Services / Tooling,,,,Requested Delivery Date,2024-06-28 23:59:59.000,USER - 02130,Department 2222,Manual,Order - 1324,Sales order,Main
Order - 0829,,,,,0,,ST - Services / Tooling,,,,Requested Delivery Date,2024-03-06 23:59:59.000,USER - 02130,Department 2222,Manual,Order - 0829,Sales order,Main
Order - 0830,,,,,0,,ST - Services / Tooling,,,,Requested Delivery Date,2024-03-06 23:59:59.000,USER - 02130,Department 2222,Manual,Order - 0830,Sales order,Main
Order - 0834,,,,,0,,ST - Services / Tooling,,,,Requested Delivery Date,2024-03-06 23:59:59.000,USER - 02130,Department 2222,Manual,Order - 0834,Sales order,Main
Order - 0837,,,,,0,,ST - Services / Tooling,,,,Requested Delivery Date,2024-03-06 23:59:59.000,USER - 02130,Department 2222,Manual,Order - 0837,Sales order,Main
Order - 0798,,,,,0,,ST - Services / Tooling,,,,Requested Delivery Date,2024-02-27 23:59:59.000,USER - 02130,Department 2222,Manual,Order - 0798,Sales order,Main
Order - 0800,,,,,0,,ST - Services / Tooling,,,,Requested Delivery Date,2024-02-28 23:59:59.000,USER - 02130,Department 2222,Manual,Order - 0800,Sales order,Main
Order - 0803,,,,,0,,ST - Services / Tooling,,,,Requested Delivery Date,2024-02-28 23:59:59.000,USER - 02130,Department 2222,Manual,Order - 0803,Sales order,Main
Order - 0804,,,,,0,,ST - Services / Tooling,,,,Requested Delivery Date,2024-02-28 23:59:59.000,USER - 02130,Department 2222,Manual,Order - 0804,Sales order,Main
Order - 0805,,,,,0,,ST - Services / Tooling,,,,Requested Delivery Date,2024-02-28 23:59:59.000,USER - 02130,Department 2222,Manual,Order - 0805,Sales order,Main
Order - 0807,,,,,0,,ST - Services / Tooling,,,,Requested Delivery Date,2024-02-28 23:59:59.000,USER - 02130,Department 2222,Manual,Order - 0807,Sales order,Main
Order - 0813,,,,,0,,ST - Services / Tooling,,,,Requested Delivery Date,2024-02-29 23:59:59.000,USER - 02130,Department 2222,Manual,Order - 0813,Sales order,Main
Order - 1444,,,,,0,,ST - Services / Tooling,,,,Requested Delivery Date,2024-07-29 23:59:59.000,USER - 02130,Department 2222,Manual,Order - 1444,Sales order,Main
Order - 1329,,,,,0,,ST - Services / Tooling,,,,Requested Delivery Date,2024-06-28 23:59:59.000,USER - 02130,Department 2222,Manual,Order - 1329,Sales order,Main
Order - 1330,,,,,0,,ST - Services / Tooling,,,,Requested Delivery Date,2024-06-28 23:59:59.000,USER - 02130,Department 2222,Manual,Order - 1330,Sales order,Main
Order - 1331,,,,,0,,ST - Services / Tooling,,,,Requested Delivery Date,2024-06-28 23:59:59.000,USER - 02130,Department 2222,Manual,Order - 1331,Sales order,Main
Order - 1336,,,,,0,,ST - Services / Tooling,,,,Requested Delivery Date,2024-07-02 23:59:59.000,USER - 02130,Department 2222,Manual,Order - 1336,Sales order,Main
Order - 1339,,,,,0,,ST - Services / Tooling,,,,Requested Delivery Date,2024-07-02 23:59:59.000,USER - 02130,Department 2222,Manual,Order - 1339,Sales order,Main
Order - 1341,,,,,0,,ST - Services / Tooling,,,,Requested Delivery Date,2024-07-02 23:59:59.000,USER - 02130,Department 2222,Manual,Order - 1341,Sales order,Main
Order - 1356,,,,,0,,ST - Services / Tooling,,,,Requested Delivery Date,2024-07-02 23:59:59.000,USER - 02130,Department 2222,Manual,Order - 1356,Sales order,Main
Order - 1359,,,,,0,,ST - Services / Tooling,,,,Requested Delivery Date,2024-07-02 23:59:59.000,USER - 02130,Department 2222,Manual,Order - 1359,Sales order,Main
Order - 1360,,,,,0,,ST - Services / Tooling,,,,Requested Delivery Date,2024-07-02 23:59:59.000,USER - 02130,Department 2222,Manual,Order - 1360,Sales order,Main
Order - 1899,,,,,0,,ST - Services / Tooling,,,,Requested Delivery Date,2024-11-12 23:59:59.000,USER - 02130,Department 2222,Manual,Order - 1899,Sales order,Main
Order - 1412,,,,,0,,ST - Services / Tooling,,,,Requested Delivery Date,2024-07-17 23:59:59.000,USER - 02130,Department 2222,Manual,Order - 1412,Sales order,Main
Order - 1413,,,,,0,,ST - Services / Tooling,,,,Requested Delivery Date,2024-07-17 23:59:59.000,USER - 02130,Department 2222,Manual,Order - 1413,Sales order,Main
Order - 1415,,,,,0,,ST - Services / Tooling,,,,Requested Delivery Date,2024-07-17 23:59:59.000,USER - 02130,Department 2222,Manual,Order - 1415,Sales order,Main
Order - 1416,,,,,0,,ST - Services / Tooling,,,,Requested Delivery Date,2024-07-17 23:59:59.000,USER - 02130,Department 2222,Manual,Order - 1416,Sales order,Main
Order - 1417,,,,,0,,ST - Services / Tooling,,,,Requested Delivery Date,2024-07-17 23:59:59.000,USER - 02130,Department 2222,Manual,Order - 1417,Sales order,Main
Order - 1418,,,,,0,,ST - Services / Tooling,,,,Requested Delivery Date,2024-07-17 23:59:59.000,USER - 02130,Department 2222,Manual,Order - 1418,Sales order,Main
Order - 0936,,,,,0,,,,,,Create Delivery,2024-03-27 15:00:56.000,USER - 03676,Department 751,Manual,Delivery - 0378,Delivery,Main
Order - 0937,,,,,0,,,,,,Create Delivery,2024-03-27 15:07:08.000,USER - 03676,Department 751,Manual,Delivery - 0379,Delivery,Main
Order - 0938,,,,,0,,,,,,Create Delivery,2024-03-27 15:12:04.000,USER - 03676,Department 751,Manual,Delivery - 0380,Delivery,Main
Order - 0841,,,,,0,,,,,,Create Delivery,2024-03-22 09:50:17.000,USER - 03676,Department 751,Manual,Delivery - 0366,Delivery,Main
Order - 0911,,,,,0,,,,,,Create Delivery,2024-03-22 11:45:10.000,USER - 03676,Department 751,Manual,Delivery - 0367,Delivery,Main
Order - 0912,,,,,0,,,,,,Create Delivery,2024-03-22 14:18:11.000,USER - 03676,Department 751,Manual,Delivery - 0368,Delivery,Main
Order - 0913,,,,,0,,,,,,Create Delivery,2024-03-22 14:24:48.000,USER - 03676,Department 751,Manual,Delivery - 0369,Delivery,Main
Order - 0914,,,,,0,,,,,,Create Delivery,2024-03-22 14:27:32.000,USER - 03676,Department 751,Manual,Delivery - 0370,Delivery,Main
Order - 0768,,,,,0,,,,,,Create Delivery,2024-03-27 08:18:54.000,USER - 03676,Department 751,Manual,Delivery - 0374,Delivery,Main
Order - 0861,,,,,0,,,,,,Create Delivery,2024-03-18 15:09:38.000,USER - 03676,Department 751,Manual,Delivery - 0359,Delivery,Main
Order - 0862,,,,,0,,,,,,Create Delivery,2024-03-18 15:19:00.000,USER - 03676,Department 751,Manual,Delivery - 0360,Delivery,Main
Order - 0863,,,,,0,,,,,,Create Delivery,2024-03-18 15:22:28.000,USER - 03676,Department 751,Manual,Delivery - 0361,Delivery,Main
Order - 0864,,,,,0,,,,,,Create Delivery,2024-03-19 09:25:01.000,USER - 03676,Department 751,Manual,Delivery - 0362,Delivery,Main
Order - 0887,,,,,0,,,,,,Create Delivery,2024-03-20 10:03:30.000,USER - 03676,Department 751,Manual,Delivery - 0363,Delivery,Main
Order - 0888,,,,,0,,,,,,Create Delivery,2024-03-20 10:57:50.000,USER - 03676,Department 751,Manual,Delivery - 0364,Delivery,Main
Order - 0848,,,,,0,,,,,,Create Delivery,2024-03-14 13:45:10.000,USER - 03676,Department 751,Manual,Delivery - 0353,Delivery,Main
Order - 0849,,,,,0,,,,,,Create Delivery,2024-03-14 13:48:20.000,USER - 03676,Department 751,Manual,Delivery - 0354,Delivery,Main
Order - 0851,,,,,0,,,,,,Create Delivery,2024-03-14 15:08:29.000,USER - 03676,Department 751,Manual,Delivery - 0355,Delivery,Main
Order - 0852,,,,,0,,,,,,Create Delivery,2024-03-14 15:30:07.000,USER - 03676,Department 751,Manual,Delivery - 0356,Delivery,Main
Order - 0853,,,,,0,,,,,,Create Delivery,2024-03-14 15:34:38.000,USER - 03676,Department 751,Manual,Delivery - 0357,Delivery,Main
Order - 0854,,,,,0,,,,,,Create Delivery,2024-03-15 12:45:32.000,USER - 03676,Department 751,Manual,Delivery - 0358,Delivery,Main
Order - 0823,,,,,0,,,,,,Create Delivery,2024-03-05 08:16:02.000,USER - 03676,Department 751,Manual,Delivery - 0345,Delivery,Main
Order - 0838,,,,,0,,,,,,Create Delivery,2024-03-07 08:18:24.000,USER - 03676,Department 751,Manual,Delivery - 0346,Delivery,Main
Order - 0839,,,,,0,,,,,,Create Delivery,2024-03-07 08:21:39.000,USER - 03676,Department 751,Manual,Delivery - 0347,Delivery,Main
Order - 0843,,,,,0,,,,,,Create Delivery,2024-03-08 08:23:39.000,USER - 03676,Department 751,Manual,Delivery - 0348,Delivery,Main
Order - 0844,,,,,0,,,,,,Create Delivery,2024-03-11 08:20:40.000,USER - 03676,Department 751,Manual,Delivery - 0349,Delivery,Main
Order - 0379,,,,,0,,,,,,Create Delivery,2024-03-14 12:17:28.000,USER - 03676,Department 751,Manual,Delivery - 0352,Delivery,Main
Order - 0768,,,,,0,,,,,,Create Delivery,2024-03-01 11:51:13.000,USER - 03676,Department 751,Manual,Delivery - 0339,Delivery,Main
Order - 0818,,,,,0,,,,,,Create Delivery,2024-03-01 12:02:59.000,USER - 03676,Department 751,Manual,Delivery - 0340,Delivery,Main
Order - 0819,,,,,0,,,,,,Create Delivery,2024-03-01 12:05:27.000,USER - 03676,Department 751,Manual,Delivery - 0341,Delivery,Main
Order - 0820,,,,,0,,,,,,Create Delivery,2024-03-04 11:56:37.000,USER - 03676,Department 751,Manual,Delivery - 0342,Delivery,Main
Order - 0821,,,,,0,,,,,,Create Delivery,2024-03-04 12:00:11.000,USER - 03676,Department 751,Manual,Delivery - 0343,Delivery,Main
Order - 0822,,,,,0,,,,,,Create Delivery,2024-03-05 08:09:57.000,USER - 03676,Department 751,Manual,Delivery - 0344,Delivery,Main
Order - 0791,,,,,0,,,,,,Create Delivery,2024-02-27 10:00:46.000,USER - 03676,Department 751,Manual,Delivery - 0333,Delivery,Main
Order - 0792,,,,,0,,,,,,Create Delivery,2024-02-27 10:36:49.000,USER - 03676,Department 751,Manual,Delivery - 0334,Delivery,Main
Order - 0793,,,,,0,,,,,,Create Delivery,2024-02-27 12:32:57.000,USER - 03676,Department 751,Manual,Delivery - 0335,Delivery,Main
Order - 0794,,,,,0,,,,,,Create Delivery,2024-02-27 12:36:06.000,USER - 03676,Department 751,Manual,Delivery - 0336,Delivery,Main
Order - 0795,,,,,0,,,,,,Create Delivery,2024-02-29 12:18:36.000,USER - 03676,Department 751,Manual,Delivery - 0337,Delivery,Main
Order - 0809,,,,,0,,,,,,Create Delivery,2024-02-29 13:58:32.000,USER - 03676,Department 751,Manual,Delivery - 0338,Delivery,Main
Order - 0785,,,,,0,,,,,,Create Delivery,2024-02-22 11:50:48.000,USER - 03676,Department 751,Manual,Delivery - 0326,Delivery,Main
Order - 0077,,,,,0,,,,,,Create Freight Order,2023-07-04 11:14:46.000,USER - 05724,Department 748,Manual,FREIGHT - 00062,Freight Order,Main
Order - 0041,,,,,0,,,,,,Create Freight Order,2023-07-06 15:53:07.000,USER - 05724,Department 748,Manual,FREIGHT - 00066,Freight Order,Main
Order - 0079,,,,,0,,,,,,Create Freight Order,2023-07-07 12:11:44.000,USER - 05724,Department 748,Manual,FREIGHT - 00072,Freight Order,Main
Order - 0079,,,,,0,,,,,,Create Freight Order,2023-07-14 11:46:08.000,USER - 05724,Department 748,Manual,FREIGHT - 00081,Freight Order,Main
Order - 0080,,,,,0,,,,,,Create Freight Order,2023-07-14 12:49:06.000,USER - 05724,Department 748,Manual,FREIGHT - 00083,Freight Order,Main
Order - 0015,,,,,0,,,,,,Create Freight Order,2023-07-21 10:43:31.000,USER - 05724,Department 748,Manual,FREIGHT - 00088,Freight Order,Main
Order - 0424,,,,,0,,,,,,Create Freight Order,2023-12-18 12:17:52.000,USER - 05724,Department 748,Manual,FREIGHT - 00303,Freight Order,Main
Order - 0768,,,,,0,,,,,,Create Freight Order,2024-08-02 09:43:07.000,USER - 05724,Department 748,Manual,FREIGHT - 00553,Freight Order,Main
Order - 0768,,,,,0,,,,,,Create Freight Order,2024-08-07 11:56:41.000,USER - 05724,Department 748,Manual,FREIGHT - 00556,Freight Order,Main
Order - 0792,,,,,0,,,,,,Create Freight Order,2024-12-18 11:32:10.000,USER - 05724,Department 748,Manual,FREIGHT - 00657,Freight Order,Main
Order - 1876,,,,,0,,,,,,Create Freight Order,2024-12-18 12:04:59.000,USER - 05724,Department 748,Manual,FREIGHT - 00658,Freight Order,Main
Order - 0138,,,,,0,,,,,,Create Freight Order,2023-08-08 13:15:18.000,USER - 05724,Department 748,Manual,FREIGHT - 00120,Freight Order,Main
Order - 0139,,,,,0,,,,,,Create Freight Order,2023-08-10 08:33:13.000,USER - 05724,Department 748,Manual,FREIGHT - 00122,Freight Order,Main
Order - 0135,,,,,0,,,,,,Create Freight Order,2023-08-10 10:58:27.000,USER - 05724,Department 748,Manual,FREIGHT - 00123,Freight Order,Main
Order - 0120,,,,,0,,,,,,Create Freight Order,2023-09-22 12:44:16.000,USER - 05724,Department 748,Manual,FREIGHT - 00196,Freight Order,Main
Order - 0228,,,,,0,,,,,,Create Freight Order,2023-09-22 12:52:29.000,USER - 05724,Department 748,Manual,FREIGHT - 00197,Freight Order,Main
Order - 0379,,,,,0,,,,,,Create Freight Order,2024-03-21 13:10:32.000,USER - 05724,Department 748,Manual,FREIGHT - 00405,Freight Order,Main
Order - 0112,,,,,0,,,,,,Create Freight Order,2023-07-31 13:00:18.000,USER - 05724,Department 748,Manual,FREIGHT - 00109,Freight Order,Main
Order - 0134,,,,,0,,,,,,Create Freight Order,2023-08-02 12:23:59.000,USER - 05724,Department 748,Manual,FREIGHT - 00111,Freight Order,Main
Order - 0016,,,,,0,,,,,,Create Freight Order,2023-08-03 08:17:36.000,USER - 05724,Department 748,Manual,FREIGHT - 00112,Freight Order,Main
Order - 0016,,,,,0,,,,,,Create Freight Order,2023-08-03 08:37:03.000,USER - 05724,Department 748,Manual,FREIGHT - 00113,Freight Order,Main
Order - 0135,,,,,0,,,,,,Create Freight Order,2023-08-07 09:49:54.000,USER - 05724,Department 748,Manual,FREIGHT - 00115,Freight Order,Main
Order - 0120,,,,,0,,,,,,Create Freight Order,2023-08-07 11:10:25.000,USER - 05724,Department 748,Manual,FREIGHT - 00116,Freight Order,Main
Order - 0118,,,,,0,,,,,,Create Freight Order,2023-07-25 09:10:29.000,USER - 05724,Department 748,Manual,FREIGHT - 00092,Freight Order,Main
Order - 0016,,,,,0,,,,,,Create Freight Order,2023-07-26 12:16:23.000,USER - 05724,Department 748,Manual,FREIGHT - 00097,Freight Order,Main
Order - 0016,,,,,0,,,,,,Create Freight Order,2023-07-26 12:17:31.000,USER - 05724,Department 748,Manual,FREIGHT - 00098,Freight Order,Main
Order - 0114,,,,,0,,,,,,Create Freight Order,2023-07-31 10:52:16.000,USER - 05724,Department 748,Manual,FREIGHT - 00106,Freight Order,Main
Order - 0120,,,,,0,,,,,,Create Freight Order,2023-07-31 11:43:56.000,USER - 05724,Department 748,Manual,FREIGHT - 00107,Freight Order,Main
Order - 0113,,,,,0,,,,,,Create Freight Order,2023-07-31 12:52:37.000,USER - 05724,Department 748,Manual,FREIGHT - 00108,Freight Order,Main
Order - 1189,,,,,0,,,,,,Create Freight Order,2024-06-20 12:07:08.000,USER - 03676,Department 751,Manual,FREIGHT - 00509,Freight Order,Main
Order - 1302,,,,,0,,,,,,Create Freight Order,2024-06-24 09:58:49.000,USER - 03676,Department 751,Manual,FREIGHT - 00510,Freight Order,Main
Order - 1303,,,,,0,,,,,,Create Freight Order,2024-06-24 10:03:14.000,USER - 03676,Department 751,Manual,FREIGHT - 00511,Freight Order,Main
Order - 1189,,,,,0,,,,,,Create Freight Order,2024-06-12 16:25:54.000,USER - 03676,Department 751,Manual,FREIGHT - 00500,Freight Order,Main
Order - 1264,,,,,0,,,,,,Create Freight Order,2024-06-13 08:37:51.000,USER - 03676,Department 751,Manual,FREIGHT - 00501,Freight Order,Main
Order - 1267,,,,,0,,,,,,Create Freight Order,2024-06-13 13:26:54.000,USER - 03676,Department 751,Manual,FREIGHT - 00502,Freight Order,Main
Order - 1268,,,,,0,,,,,,Create Freight Order,2024-06-13 13:31:33.000,USER - 03676,Department 751,Manual,FREIGHT - 00503,Freight Order,Main
Order - 1269,,,,,0,,,,,,Create Freight Order,2024-06-17 13:45:49.000,USER - 03676,Department 751,Manual,FREIGHT - 00504,Freight Order,Main
Order - 1282,,,,,0,,,,,,Create Freight Order,2024-06-19 15:33:48.000,USER - 03676,Department 751,Manual,FREIGHT - 00505,Freight Order,Main
Order - 1240,,,,,0,,,,,,Create Freight Order,2024-06-11 15:00:57.000,USER - 03676,Department 751,Manual,FREIGHT - 00494,Freight Order,Main
Order - 1261,,,,,0,,,,,,Create Freight Order,2024-06-12 11:41:39.000,USER - 03676,Department 751,Manual,FREIGHT - 00495,Freight Order,Main
Order - 1262,,,,,0,,,,,,Create Freight Order,2024-06-12 11:48:51.000,USER - 03676,Department 751,Manual,FREIGHT - 00496,Freight Order,Main
Order - 1263,,,,,0,,,,,,Create Freight Order,2024-06-12 14:56:25.000,USER - 03676,Department 751,Manual,FREIGHT - 00497,Freight Order,Main
Order - 0768,,,,,0,,,,,,Create Freight Order,2024-06-12 15:00:06.000,USER - 03676,Department 751,Manual,FREIGHT - 00498,Freight Order,Main
Order - 0768,,,,,0,,,,,,Create Freight Order,2024-06-12 15:08:17.000,USER - 03676,Department 751,Manual,FREIGHT - 00499,Freight Order,Main
Order - 1219,,,,,0,,,,,,Create Freight Order,2024-06-04 13:56:41.000,USER - 03676,Department 751,Manual,FREIGHT - 00488,Freight Order,Main
Order - 1234,,,,,0,,,,,,Create Freight Order,2024-06-05 09:52:31.000,USER - 03676,Department 751,Manual,FREIGHT - 00489,Freight Order,Main
Order - 1235,,,,,0,,,,,,Create Freight Order,2024-06-05 09:59:27.000,USER - 03676,Department 751,Manual,FREIGHT - 00490,Freight Order,Main
Order - 1238,,,,,0,,,,,,Create Freight Order,2024-06-06 15:34:56.000,USER - 03676,Department 751,Manual,FREIGHT - 00491,Freight Order,Main
Order - 1244,,,,,0,,,,,,Create Freight Order,2024-06-11 11:33:43.000,USER - 03676,Department 751,Manual,FREIGHT - 00492,Freight Order,Main
Order - 1245,,,,,0,,,,,,Create Freight Order,2024-06-11 11:48:05.000,USER - 03676,Department 751,Manual,FREIGHT - 00493,Freight Order,Main
Order - 1062,,,,,0,,,,,,Create Freight Order,2024-05-24 12:36:19.000,USER - 03676,Department 751,Manual,FREIGHT - 00482,Freight Order,Main
Order - 1194,,,,,0,,,,,,Create Freight Order,2024-05-24 13:39:20.000,USER - 03676,Department 751,Manual,FREIGHT - 00483,Freight Order,Main
Order - 1197,,,,,0,,,,,,Create Freight Order,2024-05-27 11:44:49.000,USER - 03676,Department 751,Manual,FREIGHT - 00484,Freight Order,Main
Order - 1198,,,,,0,,,,,,Create Freight Order,2024-05-27 11:46:42.000,USER - 03676,Department 751,Manual,FREIGHT - 00485,Freight Order,Main
Order - 1200,,,,,0,,,,,,Create Freight Order,2024-05-29 13:35:11.000,USER - 03676,Department 751,Manual,FREIGHT - 00486,Freight Order,Main
Order - 1218,,,,,0,,,,,,Create Freight Order,2024-06-04 13:53:56.000,USER - 03676,Department 751,Manual,FREIGHT - 00487,Freight Order,Main
Order - 1170,,,,,0,,,,,,Create Freight Order,2024-05-21 15:46:02.000,USER - 03676,Department 751,Manual,FREIGHT - 00476,Freight Order,Main
Order - 1172,,,,,0,,,,,,Create Freight Order,2024-05-21 15:49:53.000,USER - 03676,Department 751,Manual,FREIGHT - 00477,Freight Order,Main
Order - 1191,,,,,0,,,,,,Create Freight Order,2024-05-23 11:53:20.000,USER - 03676,Department 751,Manual,FREIGHT - 00478,Freight Order,Main
Order - 1192,,,,,0,,,,,,Create Freight Order,2024-05-24 11:00:50.000,USER - 03676,Department 751,Manual,FREIGHT - 00479,Freight Order,Main
Order - 1193,,,,,0,,,,,,Create Freight Order,2024-05-24 11:08:09.000,USER - 03676,Department 751,Manual,FREIGHT - 00480,Freight Order,Main
Order - 1190,,,,,0,,,,,,Create Freight Order,2024-05-24 12:25:01.000,USER - 03676,Department 751,Manual,FREIGHT - 00481,Freight Order,Main
Order - 1119,,,,,0,,,,,,Create Freight Order,2024-05-09 13:27:58.000,USER - 03676,Department 751,Manual,FREIGHT - 00465,Freight Order,Main
Order - 1125,,,,,0,,,,,,Create Freight Order,2024-05-10 13:26:27.000,USER - 03676,Department 751,Manual,FREIGHT - 00466,Freight Order,Main
Order - 1126,,,,,0,,,,,,Create Freight Order,2024-05-10 13:30:34.000,USER - 03676,Department 751,Manual,FREIGHT - 00467,Freight Order,Main
Order - 1097,,,,,0,,,,,,Create Freight Order,2024-05-14 11:24:19.000,USER - 03676,Department 751,Manual,FREIGHT - 00468,Freight Order,Main
Order - 1129,,,,,0,,,,,,Create Freight Order,2024-05-14 12:32:08.000,USER - 03676,Department 751,Manual,FREIGHT - 00469,Freight Order,Main
Order - 0260,,,,,0,,,,,,Create Freight Order,2023-10-05 12:50:38.000,USER - 03676,Department 751,Manual,FREIGHT - 00212,Freight Order,Main
Order - 0242,,,,,0,,,,,,Create Freight Order,2023-09-27 08:27:25.000,USER - 03676,Department 751,Manual,FREIGHT - 00200,Freight Order,Main
Order - 0243,,,,,0,,,,,,Create Freight Order,2023-09-27 10:21:56.000,USER - 03676,Department 751,Manual,FREIGHT - 00201,Freight Order,Main
Order - 0247,,,,,0,,,,,,Create Freight Order,2023-09-28 10:01:29.000,USER - 03676,Department 751,Manual,FREIGHT - 00202,Freight Order,Main
Order - 0248,,,,,0,,,,,,Create Freight Order,2023-09-28 10:26:34.000,USER - 03676,Department 751,Manual,FREIGHT - 00203,Freight Order,Main
Order - 0235,,,,,0,,,,,,Create Freight Order,2023-09-29 10:16:22.000,USER - 03676,Department 751,Manual,FREIGHT - 00204,Freight Order,Main
Order - 0173,,,,,0,,,,,,Create Freight Order,2023-09-29 10:21:09.000,USER - 03676,Department 751,Manual,FREIGHT - 00205,Freight Order,Main
Order - 0173,,,,,0,,,,,,Create Freight Order,2023-09-21 11:27:52.000,USER - 03676,Department 751,Manual,FREIGHT - 00191,Freight Order,Main
Order - 0135,,,,,0,,,,,,Create Freight Order,2023-09-21 12:34:09.000,USER - 03676,Department 751,Manual,FREIGHT - 00192,Freight Order,Main
Order - 0233,,,,,0,,,,,,Create Freight Order,2023-09-21 13:17:47.000,USER - 03676,Department 751,Manual,FREIGHT - 00193,Freight Order,Main
Order - 0234,,,,,0,,,,,,Create Freight Order,2023-09-21 13:22:41.000,USER - 03676,Department 751,Manual,FREIGHT - 00194,Freight Order,Main
Order - 0238,,,,,0,,,,,,Create Freight Order,2023-09-26 11:05:37.000,USER - 03676,Department 751,Manual,FREIGHT - 00198,Freight Order,Main
Order - 0239,,,,,0,,,,,,Create Freight Order,2023-09-26 11:15:00.000,USER - 03676,Department 751,Manual,FREIGHT - 00199,Freight Order,Main
Order - 0224,,,,,0,,,,,,Create Freight Order,2023-09-15 11:13:56.000,USER - 03676,Department 751,Manual,FREIGHT - 00185,Freight Order,Main
Order - 0223,,,,,0,,,,,,Create Freight Order,2023-09-18 10:28:34.000,USER - 03676,Department 751,Manual,FREIGHT - 00186,Freight Order,Main
Order - 0223,,,,,0,,,,,,Create Freight Order,2023-09-18 10:40:10.000,USER - 03676,Department 751,Manual,FREIGHT - 00187,Freight Order,Main
Order - 0226,,,,,0,,,,,,Create Freight Order,2023-09-19 10:15:00.000,USER - 03676,Department 751,Manual,FREIGHT - 00188,Freight Order,Main
Order - 0232,,,,,0,,,,,,Create Freight Order,2023-09-20 08:23:56.000,USER - 03676,Department 751,Manual,FREIGHT - 00189,Freight Order,Main
Order - 0227,,,,,0,,,,,,Create Freight Order,2023-09-20 12:09:04.000,USER - 03676,Department 751,Manual,FREIGHT - 00190,Freight Order,Main
Order - 0210,,,,,0,,,,,,Create Freight Order,2023-09-12 11:42:30.000,USER - 03676,Department 751,Manual,FREIGHT - 00176,Freight Order,Main
Order - 0135,,,,,0,,,,,,Create Freight Order,2023-09-14 09:34:53.000,USER - 03676,Department 751,Manual,FREIGHT - 00180,Freight Order,Main
Order - 0135,,,,,0,,,,,,Create Freight Order,2023-09-14 09:37:33.000,USER - 03676,Department 751,Manual,FREIGHT - 00181,Freight Order,Main
Order - 0221,,,,,0,,,,,,Create Freight Order,2023-09-14 09:50:31.000,USER - 03676,Department 751,Manual,FREIGHT - 00182,Freight Order,Main
Order - 0173,,,,,0,,,,,,Create Freight Order,2023-09-14 10:16:21.000,USER - 03676,Department 751,Manual,FREIGHT - 00183,Freight Order,Main
Order - 0216,,,,,0,,,,,,Create Freight Order,2023-09-14 12:46:38.000,USER - 03676,Department 751,Manual,FREIGHT - 00184,Freight Order,Main
Order - 0209,,,,,0,,,,,,Create Freight Order,2023-09-08 09:14:20.000,USER - 03676,Department 751,Manual,FREIGHT - 00170,Freight Order,Main
Order - 0211,,,,,0,,,,,,Create Freight Order,2023-09-11 12:13:23.000,USER - 03676,Department 751,Manual,FREIGHT - 00171,Freight Order,Main
Order - 0212,,,,,0,,,,,,Create Freight Order,2023-09-11 15:30:18.000,USER - 03676,Department 751,Manual,FREIGHT - 00172,Freight Order,Main
Order - 0213,,,,,0,,,,,,Create Freight Order,2023-09-11 15:46:41.000,USER - 03676,Department 751,Manual,FREIGHT - 00173,Freight Order,Main
Order - 0214,,,,,0,,,,,,Create Freight Order,2023-09-12 09:45:55.000,USER - 03676,Department 751,Manual,FREIGHT - 00174,Freight Order,Main
Order - 0215,,,,,0,,,,,,Create Freight Order,2023-09-12 09:50:09.000,USER - 03676,Department 751,Manual,FREIGHT - 00175,Freight Order,Main
Order - 0202,,,,,0,,,,,,Create Freight Order,2023-09-07 11:53:35.000,USER - 03676,Department 751,Manual,FREIGHT - 00164,Freight Order,Main
Order - 0015,,,,,0,,,,,,Create Freight Order,2023-09-07 14:02:31.000,USER - 03676,Department 751,Manual,FREIGHT - 00165,Freight Order,Main
Order - 0015,,,,,0,,,,,,Create Freight Order,2023-09-07 14:03:27.000,USER - 03676,Department 751,Manual,FREIGHT - 00166,Freight Order,Main
Order - 0994,,,,,0,,SO - Standard Order,,,,Requested Delivery Date,2024-04-10 23:59:59.000,USER - 03676,Department 751,Manual,Order - 0994,Sales order,Main
Order - 1013,,,,,0,,SO - Standard Order,,,,Requested Delivery Date,2024-04-11 23:59:59.000,USER - 03676,Department 751,Manual,Order - 1013,Sales order,Main
Order - 1022,,,,,0,,SO - Standard Order,,,,Requested Delivery Date,2024-04-15 23:59:59.000,USER - 03676,Department 751,Manual,Order - 1022,Sales order,Main
Order - 1023,,,,,0,,SO - Standard Order,,,,Requested Delivery Date,2024-04-15 23:59:59.000,USER - 03676,Department 751,Manual,Order - 1023,Sales order,Main
Order - 1024,,,,,0,,SO - Standard Order,,,,Requested Delivery Date,2024-04-15 23:59:59.000,USER - 03676,Department 751,Manual,Order - 1024,Sales order,Main
Order - 1025,,,,,0,,SO - Standard Order,,,,Requested Delivery Date,2024-04-15 23:59:59.000,USER - 03676,Department 751,Manual,Order - 1025,Sales order,Main
Order - 1026,,,,,0,,SO - Standard Order,,,,Requested Delivery Date,2024-04-16 23:59:59.000,USER - 03676,Department 751,Manual,Order - 1026,Sales order,Main
Order - 1521,,,,,0,,SO - Standard Order,,,,Requested Delivery Date,2024-08-14 23:59:59.000,USER - 03676,Department 751,Manual,Order - 1521,Sales order,Main
Order - 1522,,,,,0,,SO - Standard Order,,,,Requested Delivery Date,2024-08-14 23:59:59.000,USER - 03676,Department 751,Manual,Order - 1522,Sales order,Main
Order - 1523,,,,,0,,SO - Standard Order,,,,Requested Delivery Date,2024-08-14 23:59:59.000,USER - 03676,Department 751,Manual,Order - 1523,Sales order,Main
Order - 1936,,,,,0,,SC - Scrap Sales,,,,Requested Delivery Date,2024-11-21 23:59:59.000,USER - 00934,Department 486,Manual,Order - 1936,Sales order,Main
Order - 1823,,,,,0,,SC - Scrap Sales,,,,Requested Delivery Date,2024-10-29 23:59:59.000,USER - 00934,Department 486,Manual,Order - 1823,Sales order,Main
Order - 0655,,,,,0,,SO - Standard Order,,,,Requested Delivery Date,2024-01-31 23:59:59.000,USER - 00934,Department 486,Manual,Order - 0655,Sales order,Main
Order - 1822,,,,,0,,SC - Scrap Sales,,,,Requested Delivery Date,2024-10-29 23:59:59.000,USER - 00934,Department 486,Manual,Order - 1822,Sales order,Main
Order - 1892,,,,,0,,ST - Services / Tooling,,,,Requested Delivery Date,2024-11-12 23:59:59.000,USER - 00934,Department 486,Manual,Order - 1892,Sales order,Main
Order - 1879,,,,,0,,ST - Services / Tooling,,,,Requested Delivery Date,2024-11-07 23:59:59.000,USER - 00934,Department 486,Manual,Order - 1879,Sales order,Main
Order - 1768,,,,,0,,SO - Standard Order,,,,Requested Delivery Date,2024-10-22 23:59:59.000,USER - 00934,Department 486,Manual,Order - 1768,Sales order,Main
Order - 1796,,,,,0,,ST - Services / Tooling,,,,Requested Delivery Date,2024-10-23 23:59:59.000,USER - 02130,Department 2222,Manual,Order - 1796,Sales order,Main
Order - 1792,,,,,0,,ST - Services / Tooling,,,,Requested Delivery Date,2024-10-23 23:59:59.000,USER - 02130,Department 2222,Manual,Order - 1792,Sales order,Main
Order - 0897,,,,,0,,ST - Services / Tooling,,,,Requested Delivery Date,2024-03-20 23:59:59.000,USER - 02130,Department 2222,Manual,Order - 0897,Sales order,Main
Order - 0955,,,,,0,,ST - Services / Tooling,,,,Requested Delivery Date,2024-04-03 23:59:59.000,USER - 02130,Department 2222,Manual,Order - 0955,Sales order,Main
Order - 0676,,,,,0,,ST - Services / Tooling,,,,Requested Delivery Date,2024-02-01 23:59:59.000,USER - 02130,Department 2222,Manual,Order - 0676,Sales order,Main
Order - 0677,,,,,0,,ST - Services / Tooling,,,,Requested Delivery Date,2024-02-01 23:59:59.000,USER - 02130,Department 2222,Manual,Order - 0677,Sales order,Main
Order - 0828,,,,,0,,ST - Services / Tooling,,,,Requested Delivery Date,2024-03-06 23:59:59.000,USER - 02130,Department 2222,Manual,Order - 0828,Sales order,Main
Order - 0833,,,,,0,,ST - Services / Tooling,,,,Requested Delivery Date,2024-03-06 23:59:59.000,USER - 02130,Department 2222,Manual,Order - 0833,Sales order,Main
Order - 0906,,,,,0,,ST - Services / Tooling,,,,Requested Delivery Date,2024-03-20 23:59:59.000,USER - 02130,Department 2222,Manual,Order - 0906,Sales order,Main
Order - 1492,,,,,0,,ST - Services / Tooling,,,,Requested Delivery Date,2024-08-07 23:59:59.000,USER - 02130,Department 2222,Manual,Order - 1492,Sales order,Main
Order - 1919,,,,,0,,SO - Standard Order,,,,Requested Delivery Date,2024-11-19 23:59:59.000,USER - 02130,Department 2222,Manual,Order - 1919,Sales order,Main
Order - 1939,,,,,0,,ST - Services / Tooling,,,,Requested Delivery Date,2024-11-21 23:59:59.000,USER - 02130,Department 2222,Manual,Order - 1939,Sales order,Main
Order - 1860,,,,,0,,ST - Services / Tooling,,,,Requested Delivery Date,2024-11-04 23:59:59.000,USER - 02130,Department 2222,Manual,Order - 1860,Sales order,Main
Order - 1940,,,,,0,,ST - Services / Tooling,,,,Requested Delivery Date,2024-11-21 23:59:59.000,USER - 02130,Department 2222,Manual,Order - 1940,Sales order,Main
Order - 0342,,,,,0,,ST - Services / Tooling,,,,Requested Delivery Date,2023-11-17 23:59:59.000,USER - 02130,Department 2222,Manual,Order - 0342,Sales order,Main
Order - 0351,,,,,0,,ST - Services / Tooling,,,,Requested Delivery Date,2023-11-20 23:59:59.000,USER - 02130,Department 2222,Manual,Order - 0351,Sales order,Main
Order - 0353,,,,,0,,ST - Services / Tooling,,,,Requested Delivery Date,2023-11-20 23:59:59.000,USER - 02130,Department 2222,Manual,Order - 0353,Sales order,Main
Order - 0358,,,,,0,,ST - Services / Tooling,,,,Requested Delivery Date,2023-11-20 23:59:59.000,USER - 02130,Department 2222,Manual,Order - 0358,Sales order,Main
Order - 0360,,,,,0,,ST - Services / Tooling,,,,Requested Delivery Date,2023-11-20 23:59:59.000,USER - 02130,Department 2222,Manual,Order - 0360,Sales order,Main
Order - 0361,,,,,0,,ST - Services / Tooling,,,,Requested Delivery Date,2023-11-20 23:59:59.000,USER - 02130,Department 2222,Manual,Order - 0361,Sales order,Main
Order - 0366,,,,,0,,ST - Services / Tooling,,,,Requested Delivery Date,2023-11-22 23:59:59.000,USER - 02130,Department 2222,Manual,Order - 0366,Sales order,Main
Order - 0874,,,,,0,,ST - Services / Tooling,,,,Requested Delivery Date,2024-03-19 23:59:59.000,USER - 02130,Department 2222,Manual,Order - 0874,Sales order,Main
Order - 0876,,,,,0,,ST - Services / Tooling,,,,Requested Delivery Date,2024-03-19 23:59:59.000,USER - 02130,Department 2222,Manual,Order - 0876,Sales order,Main
Order - 0877,,,,,0,,ST - Services / Tooling,,,,Requested Delivery Date,2024-03-19 23:59:59.000,USER - 02130,Department 2222,Manual,Order - 0877,Sales order,Main
Order - 0878,,,,,0,,ST - Services / Tooling,,,,Requested Delivery Date,2024-03-19 23:59:59.000,USER - 02130,Department 2222,Manual,Order - 0878,Sales order,Main
Order - 0880,,,,,0,,ST - Services / Tooling,,,,Requested Delivery Date,2024-03-19 23:59:59.000,USER - 02130,Department 2222,Manual,Order - 0880,Sales order,Main
Order - 0881,,,,,0,,ST - Services / Tooling,,,,Requested Delivery Date,2024-03-19 23:59:59.000,USER - 02130,Department 2222,Manual,Order - 0881,Sales order,Main
Order - 0882,,,,,0,,ST - Services / Tooling,,,,Requested Delivery Date,2024-03-19 23:59:59.000,USER - 02130,Department 2222,Manual,Order - 0882,Sales order,Main
Order - 0893,,,,,0,,ST - Services / Tooling,,,,Requested Delivery Date,2024-03-20 23:59:59.000,USER - 02130,Department 2222,Manual,Order - 0893,Sales order,Main
Order - 0894,,,,,0,,ST - Services / Tooling,,,,Requested Delivery Date,2024-03-20 23:59:59.000,USER - 02130,Department 2222,Manual,Order - 0894,Sales order,Main
Order - 0895,,,,,0,,ST - Services / Tooling,,,,Requested Delivery Date,2024-03-20 23:59:59.000,USER - 02130,Department 2222,Manual,Order - 0895,Sales order,Main
Order - 0820,,,,,0,,SO - Standard Order,,,,Requested Delivery Date,2024-03-04 23:59:59.000,USER - 03676,Department 751,Manual,Order - 0820,Sales order,Main
Order - 0821,,,,,0,,SO - Standard Order,,,,Requested Delivery Date,2024-03-04 23:59:59.000,USER - 03676,Department 751,Manual,Order - 0821,Sales order,Main
Order - 0822,,,,,0,,SO - Standard Order,,,,Requested Delivery Date,2024-03-05 23:59:59.000,USER - 03676,Department 751,Manual,Order - 0822,Sales order,Main
Order - 0823,,,,,0,,SO - Standard Order,,,,Requested Delivery Date,2024-03-05 23:59:59.000,USER - 03676,Department 751,Manual,Order - 0823,Sales order,Main
Order - 1282,,,,,0,,SO - Standard Order,,,,Requested Delivery Date,2024-06-19 23:59:59.000,USER - 03676,Department 751,Manual,Order - 1282,Sales order,Main
Order - 1283,,,,,0,,SO - Standard Order,,,,Requested Delivery Date,2024-06-19 23:59:59.000,USER - 03676,Department 751,Manual,Order - 1283,Sales order,Main
Order - 1284,,,,,0,,SO - Standard Order,,,,Requested Delivery Date,2024-06-19 23:59:59.000,USER - 03676,Department 751,Manual,Order - 1284,Sales order,Main
Order - 1302,,,,,0,,SO - Standard Order,,,,Requested Delivery Date,2024-06-24 23:59:59.000,USER - 03676,Department 751,Manual,Order - 1302,Sales order,Main
Order - 1303,,,,,0,,SO - Standard Order,,,,Requested Delivery Date,2024-06-24 23:59:59.000,USER - 03676,Department 751,Manual,Order - 1303,Sales order,Main
Order - 1304,,,,,0,,SO - Standard Order,,,,Requested Delivery Date,2024-06-25 23:59:59.000,USER - 03676,Department 751,Manual,Order - 1304,Sales order,Main
Order - 1305,,,,,0,,SO - Standard Order,,,,Requested Delivery Date,2024-06-25 23:59:59.000,USER - 03676,Department 751,Manual,Order - 1305,Sales order,Main
Order - 1306,,,,,0,,SO - Standard Order,,,,Requested Delivery Date,2024-06-25 23:59:59.000,USER - 03676,Department 751,Manual,Order - 1306,Sales order,Main
Order - 1309,,,,,0,,SO - Standard Order,,,,Requested Delivery Date,2024-06-26 23:59:59.000,USER - 03676,Department 751,Manual,Order - 1309,Sales order,Main
Order - 1310,,,,,0,,SO - Standard Order,,,,Requested Delivery Date,2024-06-26 23:59:59.000,USER - 03676,Department 751,Manual,Order - 1310,Sales order,Main
Order - 1311,,,,,0,,SO - Standard Order,,,,Requested Delivery Date,2024-06-27 23:59:59.000,USER - 03676,Department 751,Manual,Order - 1311,Sales order,Main
Order - 0338,,,,,0,,SO - Standard Order,,,,Requested Delivery Date,2023-11-16 23:59:59.000,USER - 03676,Department 751,Manual,Order - 0338,Sales order,Main
Order - 0339,,,,,0,,SO - Standard Order,,,,Requested Delivery Date,2023-11-16 23:59:59.000,USER - 03676,Department 751,Manual,Order - 0339,Sales order,Main
Order - 0340,,,,,0,,SO - Standard Order,,,,Requested Delivery Date,2023-11-16 23:59:59.000,USER - 03676,Department 751,Manual,Order - 0340,Sales order,Main
Order - 0341,,,,,0,,SO - Standard Order,,,,Requested Delivery Date,2023-11-17 23:59:59.000,USER - 03676,Department 751,Manual,Order - 0341,Sales order,Main
Order - 1596,,,,,0,,SO - Standard Order,,,,Requested Delivery Date,2024-09-04 23:59:59.000,USER - 03676,Department 751,Manual,Order - 1596,Sales order,Main
Order - 1608,,,,,0,,SO - Standard Order,,,,Requested Delivery Date,2024-09-11 23:59:59.000,USER - 03676,Department 751,Manual,Order - 1608,Sales order,Main
Order - 1676,,,,,0,,SO - Standard Order,,,,Requested Delivery Date,2024-09-26 23:59:59.000,USER - 03676,Department 751,Manual,Order - 1676,Sales order,Main
Order - 1677,,,,,0,,SO - Standard Order,,,,Requested Delivery Date,2024-09-26 23:59:59.000,USER - 03676,Department 751,Manual,Order - 1677,Sales order,Main
Order - 1682,,,,,0,,SO - Standard Order,,,,Requested Delivery Date,2024-09-30 23:59:59.000,USER - 03676,Department 751,Manual,Order - 1682,Sales order,Main
Order - 1683,,,,,0,,SO - Standard Order,,,,Requested Delivery Date,2024-09-30 23:59:59.000,USER - 03676,Department 751,Manual,Order - 1683,Sales order,Main
Order - 1684,,,,,0,,SO - Standard Order,,,,Requested Delivery Date,2024-10-01 23:59:59.000,USER - 03676,Department 751,Manual,Order - 1684,Sales order,Main
Order - 0654,,,,,0,,SO - Standard Order,,,,Requested Delivery Date,2024-01-31 23:59:59.000,USER - 03676,Department 751,Manual,Order - 0654,Sales order,Main
Order - 1118,,,,,0,,SO - Standard Order,,,,Requested Delivery Date,2024-05-09 23:59:59.000,USER - 03676,Department 751,Manual,Order - 1118,Sales order,Main
Order - 1119,,,,,0,,SO - Standard Order,,,,Requested Delivery Date,2024-05-09 23:59:59.000,USER - 03676,Department 751,Manual,Order - 1119,Sales order,Main
Order - 1126,,,,,0,,SO - Standard Order,,,,Requested Delivery Date,2024-05-10 23:59:59.000,USER - 03676,Department 751,Manual,Order - 1126,Sales order,Main
Order - 1129,,,,,0,,SO - Standard Order,,,,Requested Delivery Date,2024-05-14 23:59:59.000,USER - 03676,Department 751,Manual,Order - 1129,Sales order,Main
Order - 1130,,,,,0,,SO - Standard Order,,,,Requested Delivery Date,2024-05-14 23:59:59.000,USER - 03676,Department 751,Manual,Order - 1130,Sales order,Main
Order - 1133,,,,,0,,SO - Standard Order,,,,Requested Delivery Date,2024-05-15 23:59:59.000,USER - 03676,Department 751,Manual,Order - 1133,Sales order,Main
Order - 1113,,,,,0,,ST - Services / Tooling,,,,Requested Delivery Date,2024-05-08 23:59:59.000,USER - 02130,Department 2222,Manual,Order - 1113,Sales order,Main
Order - 1560,,,,,0,,ST - Services / Tooling,,,,Requested Delivery Date,2024-08-27 23:59:59.000,USER - 02130,Department 2222,Manual,Order - 1560,Sales order,Main
Order - 1533,,,,,0,,ST - Services / Tooling,,,,Requested Delivery Date,2024-08-21 23:59:59.000,USER - 02130,Department 2222,Manual,Order - 1533,Sales order,Main
Order - 1539,,,,,0,,ST - Services / Tooling,,,,Requested Delivery Date,2024-08-21 23:59:59.000,USER - 02130,Department 2222,Manual,Order - 1539,Sales order,Main
Order - 1550,,,,,0,,ST - Services / Tooling,,,,Requested Delivery Date,2024-08-21 23:59:59.000,USER - 02130,Department 2222,Manual,Order - 1550,Sales order,Main
Order - 1061,,,,,0,,ST - Services / Tooling,,,,Requested Delivery Date,2024-04-23 23:59:59.000,USER - 02130,Department 2222,Manual,Order - 1061,Sales order,Main
Order - 1056,,,,,0,,ST - Services / Tooling,,,,Requested Delivery Date,2024-04-23 23:59:59.000,USER - 02130,Department 2222,Manual,Order - 1056,Sales order,Main
Order - 1057,,,,,0,,ST - Services / Tooling,,,,Requested Delivery Date,2024-04-23 23:59:59.000,USER - 02130,Department 2222,Manual,Order - 1057,Sales order,Main
Order - 1482,,,,,0,,ST - Services / Tooling,,,,Requested Delivery Date,2024-08-07 23:59:59.000,USER - 02130,Department 2222,Manual,Order - 1482,Sales order,Main
Order - 1483,,,,,0,,ST - Services / Tooling,,,,Requested Delivery Date,2024-08-07 23:59:59.000,USER - 02130,Department 2222,Manual,Order - 1483,Sales order,Main
Order - 1471,,,,,0,,ST - Services / Tooling,,,,Requested Delivery Date,2024-07-31 23:59:59.000,USER - 02130,Department 2222,Manual,Order - 1471,Sales order,Main
Order - 1469,,,,,0,,ST - Services / Tooling,,,,Requested Delivery Date,2024-07-30 23:59:59.000,USER - 02130,Department 2222,Manual,Order - 1469,Sales order,Main
Order - 0983,,,,,0,,ST - Services / Tooling,,,,Requested Delivery Date,2024-04-04 23:59:59.000,USER - 02130,Department 2222,Manual,Order - 0983,Sales order,Main
Order - 1453,,,,,0,,ST - Services / Tooling,,,,Requested Delivery Date,2024-07-30 23:59:59.000,USER - 02130,Department 2222,Manual,Order - 1453,Sales order,Main
Order - 1459,,,,,0,,ST - Services / Tooling,,,,Requested Delivery Date,2024-07-30 23:59:59.000,USER - 02130,Department 2222,Manual,Order - 1459,Sales order,Main
Order - 1463,,,,,0,,ST - Services / Tooling,,,,Requested Delivery Date,2024-07-30 23:59:59.000,USER - 02130,Department 2222,Manual,Order - 1463,Sales order,Main
Order - 1466,,,,,0,,ST - Services / Tooling,,,,Requested Delivery Date,2024-07-30 23:59:59.000,USER - 02130,Department 2222,Manual,Order - 1466,Sales order,Main
Order - 1467,,,,,0,,ST - Services / Tooling,,,,Requested Delivery Date,2024-07-30 23:59:59.000,USER - 02130,Department 2222,Manual,Order - 1467,Sales order,Main
Order - 0979,,,,,0,,ST - Services / Tooling,,,,Requested Delivery Date,2024-04-03 23:59:59.000,USER - 02130,Department 2222,Manual,Order - 0979,Sales order,Main
Order - 1510,,,,,0,,ST - Services / Tooling,,,,Requested Delivery Date,2024-08-12 23:59:59.000,USER - 02130,Department 2222,Manual,Order - 1510,Sales order,Main
Order - 1511,,,,,0,,ST - Services / Tooling,,,,Requested Delivery Date,2024-08-12 23:59:59.000,USER - 02130,Department 2222,Manual,Order - 1511,Sales order,Main
Order - 1494,,,,,0,,ST - Services / Tooling,,,,Requested Delivery Date,2024-08-07 23:59:59.000,USER - 02130,Department 2222,Manual,Order - 1494,Sales order,Main
Order - 1029,,,,,0,,ST - Services / Tooling,,,,Requested Delivery Date,2024-04-16 23:59:59.000,USER - 02130,Department 2222,Manual,Order - 1029,Sales order,Main
Order - 1008,,,,,0,,ST - Services / Tooling,,,,Requested Delivery Date,2024-04-10 23:59:59.000,USER - 02130,Department 2222,Manual,Order - 1008,Sales order,Main
Order - 1866,,,,,0,,ST - Services / Tooling,,,,Requested Delivery Date,2024-11-05 23:59:59.000,USER - 02130,Department 2222,Manual,Order - 1866,Sales order,Main
Order - 0998,,,,,0,,ST - Services / Tooling,,,,Requested Delivery Date,2024-04-10 23:59:59.000,USER - 02130,Department 2222,Manual,Order - 0998,Sales order,Main
Order - 1002,,,,,0,,ST - Services / Tooling,,,,Requested Delivery Date,2024-04-10 23:59:59.000,USER - 02130,Department 2222,Manual,Order - 1002,Sales order,Main
Order - 1006,,,,,0,,ST - Services / Tooling,,,,Requested Delivery Date,2024-04-10 23:59:59.000,USER - 02130,Department 2222,Manual,Order - 1006,Sales order,Main
Order - 0905,,,,,0,,ST - Services / Tooling,,,,Requested Delivery Date,2024-03-20 23:59:59.000,USER - 02130,Department 2222,Manual,Order - 0905,Sales order,Main
Order - 1375,,,,,0,,ST - Services / Tooling,,,,Requested Delivery Date,2024-07-09 23:59:59.000,USER - 02130,Department 2222,Manual,Order - 1375,Sales order,Main
Order - 1376,,,,,0,,ST - Services / Tooling,,,,Requested Delivery Date,2024-07-09 23:59:59.000,USER - 02130,Department 2222,Manual,Order - 1376,Sales order,Main
Order - 0759,,,,,0,,ST - Services / Tooling,,,,Requested Delivery Date,2024-02-20 23:59:59.000,USER - 02130,Department 2222,Manual,Order - 0759,Sales order,Main
Order - 0760,,,,,0,,ST - Services / Tooling,,,,Requested Delivery Date,2024-02-20 23:59:59.000,USER - 02130,Department 2222,Manual,Order - 0760,Sales order,Main
Order - 0761,,,,,0,,ST - Services / Tooling,,,,Requested Delivery Date,2024-02-20 23:59:59.000,USER - 02130,Department 2222,Manual,Order - 0761,Sales order,Main
Order - 0704,,,,,0,,ST - Services / Tooling,,,,Requested Delivery Date,2024-02-13 23:59:59.000,USER - 02130,Department 2222,Manual,Order - 0704,Sales order,Main
Order - 0705,,,,,0,,ST - Services / Tooling,,,,Requested Delivery Date,2024-02-13 23:59:59.000,USER - 02130,Department 2222,Manual,Order - 0705,Sales order,Main
Order - 0707,,,,,0,,ST - Services / Tooling,,,,Requested Delivery Date,2024-02-13 23:59:59.000,USER - 02130,Department 2222,Manual,Order - 0707,Sales order,Main
Order - 0713,,,,,0,,ST - Services / Tooling,,,,Requested Delivery Date,2024-02-13 23:59:59.000,USER - 02130,Department 2222,Manual,Order - 0713,Sales order,Main
Order - 0714,,,,,0,,ST - Services / Tooling,,,,Requested Delivery Date,2024-02-13 23:59:59.000,USER - 02130,Department 2222,Manual,Order - 0714,Sales order,Main
Order - 0715,,,,,0,,ST - Services / Tooling,,,,Requested Delivery Date,2024-02-13 23:59:59.000,USER - 02130,Department 2222,Manual,Order - 0715,Sales order,Main
Order - 0721,,,,,0,,ST - Services / Tooling,,,,Requested Delivery Date,2024-02-14 23:59:59.000,USER - 02130,Department 2222,Manual,Order - 0721,Sales order,Main
Order - 0722,,,,,0,,ST - Services / Tooling,,,,Requested Delivery Date,2024-02-14 23:59:59.000,USER - 02130,Department 2222,Manual,Order - 0722,Sales order,Main
Order - 0723,,,,,0,,ST - Services / Tooling,,,,Requested Delivery Date,2024-02-14 23:59:59.000,USER - 02130,Department 2222,Manual,Order - 0723,Sales order,Main
Order - 0730,,,,,0,,ST - Services / Tooling,,,,Requested Delivery Date,2024-02-14 23:59:59.000,USER - 02130,Department 2222,Manual,Order - 0730,Sales order,Main
Order - 1177,,,,,0,,ST - Services / Tooling,,,,Requested Delivery Date,2024-05-21 23:59:59.000,USER - 02130,Department 2222,Manual,Order - 1177,Sales order,Main
Order - 1180,,,,,0,,ST - Services / Tooling,,,,Requested Delivery Date,2024-05-21 23:59:59.000,USER - 02130,Department 2222,Manual,Order - 1180,Sales order,Main
Order - 0663,,,,,0,,ST - Services / Tooling,,,,Requested Delivery Date,2024-01-31 23:59:59.000,USER - 02130,Department 2222,Manual,Order - 0663,Sales order,Main
Order - 0664,,,,,0,,ST - Services / Tooling,,,,Requested Delivery Date,2024-01-31 23:59:59.000,USER - 02130,Department 2222,Manual,Order - 0664,Sales order,Main
Order - 0665,,,,,0,,ST - Services / Tooling,,,,Requested Delivery Date,2024-01-31 23:59:59.000,USER - 02130,Department 2222,Manual,Order - 0665,Sales order,Main
Order - 0666,,,,,0,,ST - Services / Tooling,,,,Requested Delivery Date,2024-01-31 23:59:59.000,USER - 02130,Department 2222,Manual,Order - 0666,Sales order,Main
Order - 0668,,,,,0,,ST - Services / Tooling,,,,Requested Delivery Date,2024-01-31 23:59:59.000,USER - 02130,Department 2222,Manual,Order - 0668,Sales order,Main
Order - 0669,,,,,0,,ST - Services / Tooling,,,,Requested Delivery Date,2024-01-31 23:59:59.000,USER - 02130,Department 2222,Manual,Order - 0669,Sales order,Main
Order - 0670,,,,,0,,ST - Services / Tooling,,,,Requested Delivery Date,2024-01-31 23:59:59.000,USER - 02130,Department 2222,Manual,Order - 0670,Sales order,Main
Order - 0690,,,,,0,,ST - Services / Tooling,,,,Requested Delivery Date,2024-02-08 23:59:59.000,USER - 02130,Department 2222,Manual,Order - 0690,Sales order,Main
Order - 0693,,,,,0,,ST - Services / Tooling,,,,Requested Delivery Date,2024-02-08 23:59:59.000,USER - 02130,Department 2222,Manual,Order - 0693,Sales order,Main
Order - 1074,,,,,0,,ST - Services / Tooling,,,,Requested Delivery Date,2024-04-30 23:59:59.000,USER - 02130,Department 2222,Manual,Order - 1074,Sales order,Main
Order - 1075,,,,,0,,ST - Services / Tooling,,,,Requested Delivery Date,2024-04-30 23:59:59.000,USER - 02130,Department 2222,Manual,Order - 1075,Sales order,Main
Order - 1082,,,,,0,,ST - Services / Tooling,,,,Requested Delivery Date,2024-04-30 23:59:59.000,USER - 02130,Department 2222,Manual,Order - 1082,Sales order,Main
Order - 1083,,,,,0,,ST - Services / Tooling,,,,Requested Delivery Date,2024-04-30 23:59:59.000,USER - 02130,Department 2222,Manual,Order - 1083,Sales order,Main
Order - 1084,,,,,0,,ST - Services / Tooling,,,,Requested Delivery Date,2024-04-30 23:59:59.000,USER - 02130,Department 2222,Manual,Order - 1084,Sales order,Main
Order - 1085,,,,,0,,ST - Services / Tooling,,,,Requested Delivery Date,2024-04-30 23:59:59.000,USER - 02130,Department 2222,Manual,Order - 1085,Sales order,Main
Order - 1086,,,,,0,,ST - Services / Tooling,,,,Requested Delivery Date,2024-04-30 23:59:59.000,USER - 02130,Department 2222,Manual,Order - 1086,Sales order,Main
Order - 0687,,,,,0,,,,,,Create Delivery,2024-02-22 13:06:38.000,USER - 07760,Department 713,Manual,Delivery - 0328,Delivery,Main
Order - 1275,,,,,0,,,,,,Create Delivery,2024-07-30 12:50:01.000,USER - 10696,Department 749,Manual,Delivery - 0507,Delivery,Main
Order - 0002,,,,,0,,,,,,Create Delivery,2023-05-15 10:52:48.000,USER - 03676,Department 751,Manual,Delivery - 0002,Delivery,Main
Order - 0012,,,,,0,,,,,,Create Delivery,2023-05-25 11:55:14.000,USER - 03676,Department 751,Manual,Delivery - 0003,Delivery,Main
Order - 0016,,,,,0,,,,,,Create Delivery,2023-05-25 13:10:12.000,USER - 03676,Department 751,Manual,Delivery - 0004,Delivery,Main
Order - 0015,,,,,0,,,,,,Create Delivery,2023-05-25 13:30:01.000,USER - 03676,Department 751,Manual,Delivery - 0005,Delivery,Main
Order - 0025,,,,,0,,,,,,Create Delivery,2023-05-31 13:20:54.000,USER - 03676,Department 751,Manual,Delivery - 0009,Delivery,Main
Order - 0026,,,,,0,,,,,,Create Delivery,2023-05-31 13:39:51.000,USER - 03676,Department 751,Manual,Delivery - 0010,Delivery,Main
Order - 1884,,,,,0,,,,,,Create Delivery,2024-11-12 13:32:36.000,USER - 03676,Department 751,Manual,Delivery - 0599,Delivery,Main
Order - 1885,,,,,0,,,,,,Create Delivery,2024-11-12 13:35:45.000,USER - 03676,Department 751,Manual,Delivery - 0600,Delivery,Main
Order - 1886,,,,,0,,,,,,Create Delivery,2024-11-12 13:38:29.000,USER - 03676,Department 751,Manual,Delivery - 0601,Delivery,Main
Order - 1858,,,,,0,,,,,,Create Delivery,2024-11-04 10:51:39.000,USER - 03676,Department 751,Manual,Delivery - 0591,Delivery,Main
Order - 1859,,,,,0,,,,,,Create Delivery,2024-11-04 10:55:47.000,USER - 03676,Department 751,Manual,Delivery - 0592,Delivery,Main
Order - 1861,,,,,0,,,,,,Create Delivery,2024-11-05 09:11:35.000,USER - 03676,Department 751,Manual,Delivery - 0593,Delivery,Main
Order - 1878,,,,,0,,,,,,Create Delivery,2024-11-07 12:40:51.000,USER - 03676,Department 751,Manual,Delivery - 0595,Delivery,Main
Order - 0768,,,,,0,,,,,,Create Delivery,2024-11-08 09:46:57.000,USER - 03676,Department 751,Manual,Delivery - 0596,Delivery,Main
Order - 1876,,,,,0,,,,,,Create Delivery,2024-11-12 11:20:04.000,USER - 03676,Department 751,Manual,Delivery - 0598,Delivery,Main
Order - 1805,,,,,0,,,,,,Create Delivery,2024-10-25 11:47:21.000,USER - 03676,Department 751,Manual,Delivery - 0585,Delivery,Main
Order - 1806,,,,,0,,,,,,Create Delivery,2024-10-25 11:51:50.000,USER - 03676,Department 751,Manual,Delivery - 0586,Delivery,Main
Order - 1811,,,,,0,,,,,,Create Delivery,2024-10-28 12:45:29.000,USER - 03676,Department 751,Manual,Delivery - 0587,Delivery,Main
Order - 1812,,,,,0,,,,,,Create Delivery,2024-10-28 12:51:45.000,USER - 03676,Department 751,Manual,Delivery - 0588,Delivery,Main
Order - 1814,,,,,0,,,,,,Create Delivery,2024-10-29 09:18:13.000,USER - 03676,Department 751,Manual,Delivery - 0589,Delivery,Main
Order - 1810,,,,,0,,,,,,Create Delivery,2024-10-29 09:33:01.000,USER - 03676,Department 751,Manual,Delivery - 0590,Delivery,Main
Order - 1669,,,,,0,,,,,,Create Delivery,2024-10-18 09:14:19.000,USER - 03676,Department 751,Manual,Delivery - 0578,Delivery,Main
Order - 1765,,,,,0,,,,,,Create Delivery,2024-10-18 11:00:52.000,USER - 03676,Department 751,Manual,Delivery - 0579,Delivery,Main
Order - 1766,,,,,0,,,,,,Create Delivery,2024-10-21 13:42:39.000,USER - 03676,Department 751,Manual,Delivery - 0580,Delivery,Main
Order - 1767,,,,,0,,,,,,Create Delivery,2024-10-22 11:32:26.000,USER - 03676,Department 751,Manual,Delivery - 0581,Delivery,Main
Order - 1768,,,,,0,,,,,,Create Delivery,2024-10-22 11:41:13.000,USER - 03676,Department 751,Manual,Delivery - 0582,Delivery,Main
Order - 1770,,,,,0,,,,,,Create Delivery,2024-10-22 11:43:51.000,USER - 03676,Department 751,Manual,Delivery - 0583,Delivery,Main
Order - 0854,,,,,0,,,,,,Create Delivery,2024-10-16 13:13:21.000,USER - 03676,Department 751,Manual,Delivery - 0572,Delivery,Main
Order - 1753,,,,,0,,,,,,Create Delivery,2024-10-16 15:33:10.000,USER - 03676,Department 751,Manual,Delivery - 0573,Delivery,Main
Order - 1754,,,,,0,,,,,,Create Delivery,2024-10-17 08:28:57.000,USER - 03676,Department 751,Manual,Delivery - 0574,Delivery,Main
Order - 1755,,,,,0,,,,,,Create Delivery,2024-10-17 08:38:39.000,USER - 03676,Department 751,Manual,Delivery - 0575,Delivery,Main
Order - 1756,,,,,0,,,,,,Create Delivery,2024-10-17 11:47:04.000,USER - 03676,Department 751,Manual,Delivery - 0576,Delivery,Main
Order - 1757,,,,,0,,,,,,Create Delivery,2024-10-17 11:50:15.000,USER - 03676,Department 751,Manual,Delivery - 0577,Delivery,Main
Order - 1736,,,,,0,,,,,,Create Delivery,2024-10-10 15:25:10.000,USER - 03676,Department 751,Manual,Delivery - 0566,Delivery,Main
Order - 1737,,,,,0,,,,,,Create Delivery,2024-10-10 15:35:21.000,USER - 03676,Department 751,Manual,Delivery - 0567,Delivery,Main
Order - 1738,,,,,0,,,,,,Create Delivery,2024-10-14 09:53:35.000,USER - 03676,Department 751,Manual,Delivery - 0568,Delivery,Main
Order - 1748,,,,,0,,,,,,Create Delivery,2024-10-15 09:39:19.000,USER - 03676,Department 751,Manual,Delivery - 0569,Delivery,Main
Order - 1749,,,,,0,,,,,,Create Delivery,2024-10-15 09:45:30.000,USER - 03676,Department 751,Manual,Delivery - 0570,Delivery,Main
Order - 0768,,,,,0,,,,,,Create Delivery,2024-10-16 13:08:50.000,USER - 03676,Department 751,Manual,Delivery - 0571,Delivery,Main
Order - 1392,,,,,0,,,,,,Create Delivery,2024-07-12 11:30:55.000,USER - 03676,Department 751,Manual,Delivery - 0492,Delivery,Main
Order - 1447,,,,,0,,,,,,Create Delivery,2024-07-30 14:06:13.000,USER - 05664,Department 751,Manual,Delivery - 0510,Delivery,Main
Order - 1480,,,,,0,,,,,,Create Delivery,2024-08-02 13:14:23.000,USER - 05664,Department 751,Manual,Delivery - 0512,Delivery,Main
Order - 1481,,,,,0,,,,,,Create Delivery,2024-08-02 13:25:36.000,USER - 05664,Department 751,Manual,Delivery - 0513,Delivery,Main
Order - 1399,,,,,0,,,,,,Create Delivery,2024-07-17 12:34:40.000,USER - 05664,Department 751,Manual,Delivery - 0497,Delivery,Main
Order - 0915,,,,,0,,,,,,Create Delivery,2024-03-25 13:24:56.000,USER - 05664,Department 751,Manual,Delivery - 0371,Delivery,Main
Order - 0916,,,,,0,,,,,,Create Delivery,2024-03-25 13:35:48.000,USER - 05664,Department 751,Manual,Delivery - 0372,Delivery,Main
Order - 0917,,,,,0,,,,,,Create Delivery,2024-03-25 13:42:52.000,USER - 05664,Department 751,Manual,Delivery - 0373,Delivery,Main
Order - 0125,,,,,0,,,,,,Create Delivery,2023-07-27 09:14:28.000,USER - 05664,Department 751,Manual,Delivery - 0078,Delivery,Main
Order - 0133,,,,,0,,,,,,Create Delivery,2023-08-01 14:28:33.000,USER - 05664,Department 751,Manual,Delivery - 0087,Delivery,Main
Order - 0136,,,,,0,,,,,,Create Delivery,2023-08-03 13:19:22.000,USER - 05664,Department 751,Manual,Delivery - 0090,Delivery,Main
Order - 0616,,,,,0,,,,,,Create Delivery,2024-01-26 11:41:40.000,USER - 05664,Department 751,Manual,Delivery - 0294,Delivery,Main
Order - 0622,,,,,0,,,,,,Create Delivery,2024-01-29 12:57:09.000,USER - 05664,Department 751,Manual,Delivery - 0295,Delivery,Main
Order - 0623,,,,,0,,,,,,Create Delivery,2024-01-30 11:46:12.000,USER - 05664,Department 751,Manual,Delivery - 0296,Delivery,Main
Order - 0624,,,,,0,,,,,,Create Delivery,2024-01-30 11:50:55.000,USER - 05664,Department 751,Manual,Delivery - 0297,Delivery,Main
Order - 0845,,,,,0,,,,,,Create Delivery,2024-03-12 14:10:54.000,USER - 05664,Department 751,Manual,Delivery - 0350,Delivery,Main
Order - 0846,,,,,0,,,,,,Create Delivery,2024-03-12 14:20:21.000,USER - 05664,Department 751,Manual,Delivery - 0351,Delivery,Main
Order - 0197,,,,,0,,,,,,Create Delivery,2023-09-05 13:05:55.000,USER - 05664,Department 751,Manual,Delivery - 0129,Delivery,Main
Order - 0198,,,,,0,,,,,,Create Delivery,2023-09-05 13:19:18.000,USER - 05664,Department 751,Manual,Delivery - 0130,Delivery,Main
Order - 0236,,,,,0,,,,,,Create Delivery,2023-09-22 11:55:30.000,USER - 05664,Department 751,Manual,Delivery - 0159,Delivery,Main
Order - 0362,,,,,0,,,,,,Create Delivery,2023-11-21 14:03:15.000,USER - 05664,Department 751,Manual,Delivery - 0239,Delivery,Main
Order - 0363,,,,,0,,,,,,Create Delivery,2023-11-21 14:11:44.000,USER - 05664,Department 751,Manual,Delivery - 0240,Delivery,Main
Order - 0615,,,,,0,,,,,,Create Delivery,2024-01-26 11:35:55.000,USER - 05664,Department 751,Manual,Delivery - 0293,Delivery,Main
Order - 0916,,,,,0,,,,,,Create Freight Order,2024-03-25 13:36:22.000,USER - 05664,Department 751,Manual,FREIGHT - 00412,Freight Order,Main
Order - 0917,,,,,0,,,,,,Create Freight Order,2024-03-25 13:43:41.000,USER - 05664,Department 751,Manual,FREIGHT - 00413,Freight Order,Main
Order - 0362,,,,,0,,,,,,Create Freight Order,2023-11-21 14:04:22.000,USER - 05664,Department 751,Manual,FREIGHT - 00277,Freight Order,Main
Order - 0363,,,,,0,,,,,,Create Freight Order,2023-11-21 14:12:45.000,USER - 05664,Department 751,Manual,FREIGHT - 00278,Freight Order,Main
Order - 0615,,,,,0,,,,,,Create Freight Order,2024-01-26 11:36:28.000,USER - 05664,Department 751,Manual,FREIGHT - 00332,Freight Order,Main
Order - 0616,,,,,0,,,,,,Create Freight Order,2024-01-26 11:42:06.000,USER - 05664,Department 751,Manual,FREIGHT - 00333,Freight Order,Main
Order - 0622,,,,,0,,,,,,Create Freight Order,2024-01-29 12:58:44.000,USER - 05664,Department 751,Manual,FREIGHT - 00334,Freight Order,Main
Order - 0623,,,,,0,,,,,,Create Freight Order,2024-01-30 11:47:04.000,USER - 05664,Department 751,Manual,FREIGHT - 00335,Freight Order,Main
Order - 0273,,,,,0,,,,,,Invoice is paid,2023-11-29 23:59:59.000,USER - 07897,NULL,Automatic,Invoice - 192,Invoice is paid,Main
Order - 0135,,,,,0,,,,,,Invoice is paid,2023-11-15 23:59:59.000,USER - 07897,NULL,Automatic,Invoice - 199,Invoice is paid,Main
Order - 0185,,,,,0,,,,,,Invoice is paid,2023-11-15 23:59:59.000,USER - 07897,NULL,Automatic,Invoice - 200,Invoice is paid,Main
Order - 0281,,,,,0,,,,,,Invoice is paid,2023-11-15 23:59:59.000,USER - 07897,NULL,Automatic,Invoice - 201,Invoice is paid,Main
Order - 0260,,,,,0,,,,,,Invoice is paid,2023-11-29 23:59:59.000,USER - 07897,NULL,Automatic,Invoice - 184,Invoice is paid,Main
Order - 0261,,,,,0,,,,,,Invoice is paid,2023-11-08 23:59:59.000,USER - 07897,NULL,Automatic,Invoice - 185,Invoice is paid,Main
Order - 0173,,,,,0,,,,,,Invoice is paid,2023-12-06 23:59:59.000,USER - 07897,NULL,Automatic,Invoice - 186,Invoice is paid,Main
Order - 0264,,,,,0,,,,,,Invoice is paid,2023-11-08 23:59:59.000,USER - 07897,NULL,Automatic,Invoice - 187,Invoice is paid,Main
Order - 0265,,,,,0,,,,,,Invoice is paid,2023-11-15 23:59:59.000,USER - 07897,NULL,Automatic,Invoice - 188,Invoice is paid,Main
Order - 0266,,,,,0,,,,,,Invoice is paid,2023-11-08 23:59:59.000,USER - 07897,NULL,Automatic,Invoice - 189,Invoice is paid,Main
Order - 0185,,,,,0,,,,,,Invoice is paid,2023-10-18 23:59:59.000,USER - 07897,NULL,Automatic,Invoice - 177,Invoice is paid,Main
Order - 0235,,,,,0,,,,,,Invoice is paid,2023-10-18 23:59:59.000,USER - 07897,NULL,Automatic,Invoice - 178,Invoice is paid,Main
Order - 0173,,,,,0,,,,,,Invoice is paid,2023-11-29 23:59:59.000,USER - 07897,NULL,Automatic,Invoice - 179,Invoice is paid,Main
Order - 0256,,,,,0,,,,,,Invoice is paid,2023-11-02 23:59:59.000,USER - 07897,NULL,Automatic,Invoice - 180,Invoice is paid,Main
Order - 0257,,,,,0,,,,,,Invoice is paid,2023-11-02 23:59:59.000,USER - 07897,NULL,Automatic,Invoice - 181,Invoice is paid,Main
Order - 0258,,,,,0,,,,,,Invoice is paid,2023-11-29 23:59:59.000,USER - 07897,NULL,Automatic,Invoice - 182,Invoice is paid,Main
Order - 0120,,,,,0,,,,,,Invoice is paid,2023-10-18 23:59:59.000,USER - 07897,NULL,Automatic,Invoice - 169,Invoice is paid,Main
Order - 0236,,,,,0,,,,,,Invoice is paid,2023-10-26 23:59:59.000,USER - 07897,NULL,Automatic,Invoice - 170,Invoice is paid,Main
Order - 0238,,,,,0,,,,,,Invoice is paid,2023-11-02 23:59:59.000,USER - 07897,NULL,Automatic,Invoice - 171,Invoice is paid,Main
Order - 0239,,,,,0,,,,,,Invoice is paid,2023-11-02 23:59:59.000,USER - 07897,NULL,Automatic,Invoice - 172,Invoice is paid,Main
Order - 0247,,,,,0,,,,,,Invoice is paid,2023-10-26 23:59:59.000,USER - 07897,NULL,Automatic,Invoice - 175,Invoice is paid,Main
Order - 0248,,,,,0,,,,,,Invoice is paid,2023-10-26 23:59:59.000,USER - 07897,NULL,Automatic,Invoice - 176,Invoice is paid,Main
Order - 0227,,,,,0,,,,,,Invoice is paid,2023-10-18 23:59:59.000,USER - 07897,NULL,Automatic,Invoice - 159,Invoice is paid,Main
Order - 0226,,,,,0,,,,,,Invoice is paid,2023-10-26 23:59:59.000,USER - 07897,NULL,Automatic,Invoice - 160,Invoice is paid,Main
Order - 0227,,,,,0,,,,,,Invoice is paid,2023-10-18 23:59:59.000,USER - 07897,NULL,Automatic,Invoice - 161,Invoice is paid,Main
Order - 0232,,,,,0,,,,,,Invoice is paid,2023-10-31 23:59:59.000,USER - 07897,NULL,Automatic,Invoice - 162,Invoice is paid,Main
Order - 0228,,,,,0,,,,,,Invoice is paid,2023-10-18 23:59:59.000,USER - 07897,NULL,Automatic,Invoice - 167,Invoice is paid,Main
Order - 0235,,,,,0,,,,,,Invoice is paid,2023-10-18 23:59:59.000,USER - 07897,NULL,Automatic,Invoice - 168,Invoice is paid,Main
Order - 0217,,,,,0,,,,,,Invoice is paid,2023-09-12 23:59:59.000,USER - 07897,NULL,Automatic,Invoice - 146,Invoice is paid,Main
Order - 0210,,,,,0,,,,,,Invoice is paid,2023-10-05 23:59:59.000,USER - 07897,NULL,Automatic,Invoice - 147,Invoice is paid,Main
Order - 0224,,,,,0,,,,,,Invoice is paid,2023-10-26 23:59:59.000,USER - 07897,NULL,Automatic,Invoice - 155,Invoice is paid,Main
Order - 0135,,,,,0,,,,,,Invoice is paid,2023-10-18 23:59:59.000,USER - 07897,NULL,Automatic,Invoice - 156,Invoice is paid,Main
Order - 0135,,,,,0,,,,,,Invoice is paid,2023-10-18 23:59:59.000,USER - 07897,NULL,Automatic,Invoice - 157,Invoice is paid,Main
Order - 0223,,,,,0,,,,,,Invoice is paid,2023-11-20 23:59:59.000,USER - 07897,NULL,Automatic,Invoice - 158,Invoice is paid,Main
Order - 0200,,,,,0,,,,,,Invoice is paid,2023-10-12 23:59:59.000,USER - 07897,NULL,Automatic,Invoice - 134,Invoice is paid,Main
Order - 0201,,,,,0,,,,,,Invoice is paid,2023-10-26 23:59:59.000,USER - 07897,NULL,Automatic,Invoice - 135,Invoice is paid,Main
Order - 0202,,,,,0,,,,,,Invoice is paid,2023-10-30 23:59:59.000,USER - 07897,NULL,Automatic,Invoice - 136,Invoice is paid,Main
Order - 0211,,,,,0,,,,,,Invoice is paid,2023-10-12 23:59:59.000,USER - 07897,NULL,Automatic,Invoice - 141,Invoice is paid,Main
Order - 0212,,,,,0,,,,,,Invoice is paid,2023-10-26 23:59:59.000,USER - 07897,NULL,Automatic,Invoice - 142,Invoice is paid,Main
Order - 0213,,,,,0,,,,,,Invoice is paid,2023-10-30 23:59:59.000,USER - 07897,NULL,Automatic,Invoice - 143,Invoice is paid,Main
Order - 0015,,,,,0,,,,,,Invoice is paid,2023-11-30 23:59:59.000,USER - 07897,NULL,Automatic,Invoice - 125,Invoice is paid,Main
Order - 0015,,,,,0,,,,,,Invoice is paid,2023-10-31 23:59:59.000,USER - 07897,NULL,Automatic,Invoice - 129,Invoice is paid,Main
Order - 0185,,,,,0,,,,,,Invoice is paid,2023-10-18 23:59:59.000,USER - 07897,NULL,Automatic,Invoice - 130,Invoice is paid,Main
Order - 0196,,,,,0,,,,,,Invoice is paid,2023-10-26 23:59:59.000,USER - 07897,NULL,Automatic,Invoice - 131,Invoice is paid,Main
Order - 0582,,,,,0,,,,,,Sales order is changed,2024-01-02 21:49:00.000,USER - 10897,Department 2178,Manual,Order - 0582,Sales order,Change
Order - 1601,,,,,0,,,,,,Sales order is changed,2024-09-06 15:38:00.000,USER - 10897,Department 2178,Manual,Order - 1601,Sales order,Change
Order - 1383,,,,,0,,,,,,Sales order is changed,2024-07-10 11:07:00.000,USER - 10897,Department 2178,Manual,Order - 1383,Sales order,Change
Order - 0016,,,,,0,,,,,,Delivery is changed,2023-07-26 13:31:00.000,USER - 10699,Department 752,Manual,Delivery - 0077,Delivery,Change
Order - 0015,,,,,0,,,,,,Delivery is changed,2023-05-25 15:45:00.000,USER - 07543,Department 752,Manual,Delivery - 0005,Delivery,Change
Order - 1597,,,,,0,,,,,,Delivery is changed,2024-09-17 15:04:00.000,USER - 03676,Department 751,Manual,Delivery - 0538,Delivery,Change
Order - 0850,,,,,0,,,,,,Delivery is changed,2024-05-08 12:38:00.000,USER - 03676,Department 751,Manual,Delivery - 0420,Delivery,Change
Order - 0015,,,,,0,,,,,,Freight order is changed,2023-09-07 14:03:00.000,USER - 03676,Department 751,Manual,FREIGHT - 00165,Freight order,Change
Order - 0126,,,,,0,,,,,,Freight order is changed,2023-07-28 11:47:00.000,USER - 03676,Department 751,Manual,FREIGHT - 00100,Freight order,Change
Order - 0173,,,,,0,,,,,,Freight order is changed,2023-09-08 08:19:00.000,USER - 03676,Department 751,Manual,FREIGHT - 00167,Freight order,Change
Order - 1284,,,,,0,,,,,,Invoice is changed,2024-06-21 08:58:00.000,USER - 08479,NULL,NULL,Invoice - 492,Invoice,Change
Order - 0697,,,,,0,,ST - Services / Tooling,,,,Requested Delivery Date,2024-02-12 23:59:59.000,USER - 08479,NULL,NULL,Order - 0697,Sales order,Main
Order - 0612,,,,,0,,ST - Services / Tooling,,,,Requested Delivery Date,2024-01-26 23:59:59.000,USER - 10897,Department 2178,Manual,Order - 0612,Sales order,Main
Order - 0613,,,,,0,,ST - Services / Tooling,,,,Requested Delivery Date,2024-01-26 23:59:59.000,USER - 10897,Department 2178,Manual,Order - 0613,Sales order,Main
Order - 0614,,,,,0,,ST - Services / Tooling,,,,Requested Delivery Date,2024-01-26 23:59:59.000,USER - 10897,Department 2178,Manual,Order - 0614,Sales order,Main
Order - 0108,,,,,0,,ST - Services / Tooling,,,,Requested Delivery Date,2023-07-19 23:59:59.000,USER - 10897,Department 2178,Manual,Order - 0108,Sales order,Main
Order - 0155,,,,,0,,ST - Services / Tooling,,,,Requested Delivery Date,2023-08-16 23:59:59.000,USER - 10897,Department 2178,Manual,Order - 0155,Sales order,Main
Order - 0156,,,,,0,,ST - Services / Tooling,,,,Requested Delivery Date,2023-08-16 23:59:59.000,USER - 10897,Department 2178,Manual,Order - 0156,Sales order,Main
Order - 0157,,,,,0,,ST - Services / Tooling,,,,Requested Delivery Date,2023-08-16 23:59:59.000,USER - 10897,Department 2178,Manual,Order - 0157,Sales order,Main
Order - 0158,,,,,0,,ST - Services / Tooling,,,,Requested Delivery Date,2023-08-16 23:59:59.000,USER - 10897,Department 2178,Manual,Order - 0158,Sales order,Main
Order - 0159,,,,,0,,ST - Services / Tooling,,,,Requested Delivery Date,2023-08-16 23:59:59.000,USER - 10897,Department 2178,Manual,Order - 0159,Sales order,Main
Order - 0516,,,,,0,,ST - Services / Tooling,,,,Requested Delivery Date,2023-12-19 23:59:59.000,USER - 10897,Department 2178,Manual,Order - 0516,Sales order,Main
Order - 0517,,,,,0,,ST - Services / Tooling,,,,Requested Delivery Date,2023-12-19 23:59:59.000,USER - 10897,Department 2178,Manual,Order - 0517,Sales order,Main
Order - 0518,,,,,0,,ST - Services / Tooling,,,,Requested Delivery Date,2023-12-19 23:59:59.000,USER - 10897,Department 2178,Manual,Order - 0518,Sales order,Main
Order - 0519,,,,,0,,ST - Services / Tooling,,,,Requested Delivery Date,2023-12-19 23:59:59.000,USER - 10897,Department 2178,Manual,Order - 0519,Sales order,Main
Order - 0520,,,,,0,,ST - Services / Tooling,,,,Requested Delivery Date,2023-12-19 23:59:59.000,USER - 10897,Department 2178,Manual,Order - 0520,Sales order,Main
Order - 0521,,,,,0,,ST - Services / Tooling,,,,Requested Delivery Date,2023-12-19 23:59:59.000,USER - 10897,Department 2178,Manual,Order - 0521,Sales order,Main
Order - 0522,,,,,0,,ST - Services / Tooling,,,,Requested Delivery Date,2023-12-19 23:59:59.000,USER - 10897,Department 2178,Manual,Order - 0522,Sales order,Main
Order - 0523,,,,,0,,ST - Services / Tooling,,,,Requested Delivery Date,2023-12-19 23:59:59.000,USER - 10897,Department 2178,Manual,Order - 0523,Sales order,Main
Order - 0524,,,,,0,,ST - Services / Tooling,,,,Requested Delivery Date,2023-12-19 23:59:59.000,USER - 10897,Department 2178,Manual,Order - 0524,Sales order,Main
Order - 0152,,,,,0,,ST - Services / Tooling,,,,Requested Delivery Date,2023-08-16 23:59:59.000,USER - 10897,Department 2178,Manual,Order - 0152,Sales order,Main
Order - 1391,,,,,0,,ST - Services / Tooling,,,,Requested Delivery Date,2024-07-10 23:59:59.000,USER - 10897,Department 2178,Manual,Order - 1391,Sales order,Main
Order - 1572,,,,,0,,ST - Services / Tooling,,,,Requested Delivery Date,2024-08-29 23:59:59.000,USER - 10897,Department 2178,Manual,Order - 1572,Sales order,Main
Order - 1606,,,,,0,,ST - Services / Tooling,,,,Requested Delivery Date,2024-09-10 23:59:59.000,USER - 10897,Department 2178,Manual,Order - 1606,Sales order,Main
Order - 1607,,,,,0,,ST - Services / Tooling,,,,Requested Delivery Date,2024-09-10 23:59:59.000,USER - 10897,Department 2178,Manual,Order - 1607,Sales order,Main
Order - 1239,,,,,0,,ST - Services / Tooling,,,,Requested Delivery Date,2024-06-06 23:59:59.000,USER - 10897,Department 2178,Manual,Order - 1239,Sales order,Main
Order - 1686,,,,,0,,ST - Services / Tooling,,,,Requested Delivery Date,2024-10-01 23:59:59.000,USER - 10897,Department 2178,Manual,Order - 1686,Sales order,Main
Order - 1648,,,,,0,,ST - Services / Tooling,,,,Requested Delivery Date,2024-09-19 23:59:59.000,USER - 10897,Department 2178,Manual,Order - 1648,Sales order,Main
Order - 1649,,,,,0,,ST - Services / Tooling,,,,Requested Delivery Date,2024-09-24 23:59:59.000,USER - 10897,Department 2178,Manual,Order - 1649,Sales order,Main
Order - 1578,,,,,0,,ST - Services / Tooling,,,,Requested Delivery Date,2024-09-02 23:59:59.000,USER - 10897,Department 2178,Manual,Order - 1578,Sales order,Main
Order - 1580,,,,,0,,ST - Services / Tooling,,,,Requested Delivery Date,2024-09-02 23:59:59.000,USER - 10897,Department 2178,Manual,Order - 1580,Sales order,Main
Order - 1068,,,,,0,,ST - Services / Tooling,,,,Requested Delivery Date,2024-04-25 23:59:59.000,USER - 10897,Department 2178,Manual,Order - 1068,Sales order,Main
Order - 1069,,,,,0,,ST - Services / Tooling,,,,Requested Delivery Date,2024-04-25 23:59:59.000,USER - 10897,Department 2178,Manual,Order - 1069,Sales order,Main
Order - 1050,,,,,0,,SO - Standard Order,,,,Requested Delivery Date,2024-04-23 23:59:59.000,USER - 03676,Department 751,Manual,Order - 1050,Sales order,Main
Order - 1064,,,,,0,,SO - Standard Order,,,,Requested Delivery Date,2024-04-25 23:59:59.000,USER - 03676,Department 751,Manual,Order - 1064,Sales order,Main
Order - 1065,,,,,0,,SO - Standard Order,,,,Requested Delivery Date,2024-04-25 23:59:59.000,USER - 03676,Department 751,Manual,Order - 1065,Sales order,Main
Order - 1070,,,,,0,,SO - Standard Order,,,,Requested Delivery Date,2024-04-29 23:59:59.000,USER - 03676,Department 751,Manual,Order - 1070,Sales order,Main
Order - 1554,,,,,0,,SO - Standard Order,,,,Requested Delivery Date,2024-08-22 23:59:59.000,USER - 03676,Department 751,Manual,Order - 1554,Sales order,Main
Order - 1555,,,,,0,,SO - Standard Order,,,,Requested Delivery Date,2024-08-26 23:59:59.000,USER - 03676,Department 751,Manual,Order - 1555,Sales order,Main
Order - 1556,,,,,0,,SO - Standard Order,,,,Requested Delivery Date,2024-08-26 23:59:59.000,USER - 03676,Department 751,Manual,Order - 1556,Sales order,Main
Order - 1557,,,,,0,,SO - Standard Order,,,,Requested Delivery Date,2024-08-26 23:59:59.000,USER - 03676,Department 751,Manual,Order - 1557,Sales order,Main
Order - 1558,,,,,0,,SO - Standard Order,,,,Requested Delivery Date,2024-08-27 23:59:59.000,USER - 03676,Department 751,Manual,Order - 1558,Sales order,Main
Order - 1571,,,,,0,,SO - Standard Order,,,,Requested Delivery Date,2024-08-29 23:59:59.000,USER - 03676,Department 751,Manual,Order - 1571,Sales order,Main
Order - 0084,,,,,0,,SO - Standard Order,,,,Requested Delivery Date,2023-07-03 23:59:59.000,USER - 03676,Department 751,Manual,Order - 0084,Sales order,Main
Order - 0085,,,,,0,,SO - Standard Order,,,,Requested Delivery Date,2023-07-03 23:59:59.000,USER - 03676,Department 751,Manual,Order - 0085,Sales order,Main
Order - 0086,,,,,0,,SO - Standard Order,,,,Requested Delivery Date,2023-07-04 23:59:59.000,USER - 03676,Department 751,Manual,Order - 0086,Sales order,Main
Order - 0087,,,,,0,,SO - Standard Order,,,,Requested Delivery Date,2023-07-04 23:59:59.000,USER - 03676,Department 751,Manual,Order - 0087,Sales order,Main
Order - 0088,,,,,0,,SO - Standard Order,,,,Requested Delivery Date,2023-07-04 23:59:59.000,USER - 03676,Department 751,Manual,Order - 0088,Sales order,Main
Order - 0092,,,,,0,,SO - Standard Order,,,,Requested Delivery Date,2023-07-06 23:59:59.000,USER - 03676,Department 751,Manual,Order - 0092,Sales order,Main
Order - 0093,,,,,0,,SO - Standard Order,,,,Requested Delivery Date,2023-07-06 23:59:59.000,USER - 03676,Department 751,Manual,Order - 0093,Sales order,Main
Order - 0094,,,,,0,,SO - Standard Order,,,,Requested Delivery Date,2023-07-07 23:59:59.000,USER - 03676,Department 751,Manual,Order - 0094,Sales order,Main
Order - 0095,,,,,0,,SO - Standard Order,,,,Requested Delivery Date,2023-07-07 23:59:59.000,USER - 03676,Department 751,Manual,Order - 0095,Sales order,Main
Order - 0098,,,,,0,,SO - Standard Order,,,,Requested Delivery Date,2023-07-11 23:59:59.000,USER - 03676,Department 751,Manual,Order - 0098,Sales order,Main
Order - 0099,,,,,0,,SO - Standard Order,,,,Requested Delivery Date,2023-07-11 23:59:59.000,USER - 03676,Department 751,Manual,Order - 0099,Sales order,Main
Order - 0100,,,,,0,,SO - Standard Order,,,,Requested Delivery Date,2023-07-11 23:59:59.000,USER - 03676,Department 751,Manual,Order - 0100,Sales order,Main
Order - 0103,,,,,0,,SO - Standard Order,,,,Requested Delivery Date,2023-07-13 23:59:59.000,USER - 03676,Department 751,Manual,Order - 0103,Sales order,Main
Order - 0105,,,,,0,,SO - Standard Order,,,,Requested Delivery Date,2023-07-18 23:59:59.000,USER - 03676,Department 751,Manual,Order - 0105,Sales order,Main
Order - 0106,,,,,0,,SO - Standard Order,,,,Requested Delivery Date,2023-07-18 23:59:59.000,USER - 03676,Department 751,Manual,Order - 0106,Sales order,Main
Order - 0107,,,,,0,,SO - Standard Order,,,,Requested Delivery Date,2023-07-18 23:59:59.000,USER - 03676,Department 751,Manual,Order - 0107,Sales order,Main
Order - 0116,,,,,0,,SO - Standard Order,,,,Requested Delivery Date,2023-07-21 23:59:59.000,USER - 03676,Department 751,Manual,Order - 0116,Sales order,Main
Order - 0117,,,,,0,,SO - Standard Order,,,,Requested Delivery Date,2023-07-24 23:59:59.000,USER - 03676,Department 751,Manual,Order - 0117,Sales order,Main
Order - 0121,,,,,0,,SO - Standard Order,,,,Requested Delivery Date,2023-07-25 23:59:59.000,USER - 03676,Department 751,Manual,Order - 0121,Sales order,Main
Order - 0122,,,,,0,,SO - Standard Order,,,,Requested Delivery Date,2023-07-25 23:59:59.000,USER - 03676,Department 751,Manual,Order - 0122,Sales order,Main
Order - 0123,,,,,0,,SO - Standard Order,,,,Requested Delivery Date,2023-07-25 23:59:59.000,USER - 03676,Department 751,Manual,Order - 0123,Sales order,Main
Order - 0124,,,,,0,,SO - Standard Order,,,,Requested Delivery Date,2023-07-25 23:59:59.000,USER - 03676,Department 751,Manual,Order - 0124,Sales order,Main
Order - 0583,,,,,0,,SO - Standard Order,,,,Requested Delivery Date,2024-01-03 23:59:59.000,USER - 03676,Department 751,Manual,Order - 0583,Sales order,Main
Order - 0660,,,,,0,,ST - Services / Tooling,,,,Requested Delivery Date,2024-01-31 23:59:59.000,USER - 02130,Department 2222,Manual,Order - 0660,Sales order,Main
Order - 1115,,,,,0,,ST - Services / Tooling,,,,Requested Delivery Date,2024-05-08 23:59:59.000,USER - 02130,Department 2222,Manual,Order - 1115,Sales order,Main
Order - 1078,,,,,0,,ST - Services / Tooling,,,,Requested Delivery Date,2024-04-30 23:59:59.000,USER - 02130,Department 2222,Manual,Order - 1078,Sales order,Main
Order - 1079,,,,,0,,ST - Services / Tooling,,,,Requested Delivery Date,2024-04-30 23:59:59.000,USER - 02130,Department 2222,Manual,Order - 1079,Sales order,Main
Order - 1080,,,,,0,,ST - Services / Tooling,,,,Requested Delivery Date,2024-04-30 23:59:59.000,USER - 02130,Department 2222,Manual,Order - 1080,Sales order,Main
Order - 1088,,,,,0,,ST - Services / Tooling,,,,Requested Delivery Date,2024-04-30 23:59:59.000,USER - 02130,Department 2222,Manual,Order - 1088,Sales order,Main
Order - 1089,,,,,0,,ST - Services / Tooling,,,,Requested Delivery Date,2024-04-30 23:59:59.000,USER - 02130,Department 2222,Manual,Order - 1089,Sales order,Main
Order - 1094,,,,,0,,ST - Services / Tooling,,,,Requested Delivery Date,2024-04-30 23:59:59.000,USER - 02130,Department 2222,Manual,Order - 1094,Sales order,Main
Order - 1099,,,,,0,,ST - Services / Tooling,,,,Requested Delivery Date,2024-05-08 23:59:59.000,USER - 02130,Department 2222,Manual,Order - 1099,Sales order,Main
Order - 1100,,,,,0,,ST - Services / Tooling,,,,Requested Delivery Date,2024-05-08 23:59:59.000,USER - 02130,Department 2222,Manual,Order - 1100,Sales order,Main
Order - 1105,,,,,0,,ST - Services / Tooling,,,,Requested Delivery Date,2024-05-08 23:59:59.000,USER - 02130,Department 2222,Manual,Order - 1105,Sales order,Main
Order - 1106,,,,,0,,ST - Services / Tooling,,,,Requested Delivery Date,2024-05-08 23:59:59.000,USER - 02130,Department 2222,Manual,Order - 1106,Sales order,Main
Order - 0667,,,,,0,,ST - Services / Tooling,,,,Requested Delivery Date,2024-01-31 23:59:59.000,USER - 02130,Department 2222,Manual,Order - 0667,Sales order,Main
Order - 0689,,,,,0,,ST - Services / Tooling,,,,Requested Delivery Date,2024-02-08 23:59:59.000,USER - 02130,Department 2222,Manual,Order - 0689,Sales order,Main
Order - 0692,,,,,0,,ST - Services / Tooling,,,,Requested Delivery Date,2024-02-08 23:59:59.000,USER - 02130,Department 2222,Manual,Order - 0692,Sales order,Main
Order - 0633,,,,,0,,ST - Services / Tooling,,,,Requested Delivery Date,2024-01-30 23:59:59.000,USER - 02130,Department 2222,Manual,Order - 0633,Sales order,Main
Order - 0958,,,,,0,,ST - Services / Tooling,,,,Requested Delivery Date,2024-04-03 23:59:59.000,USER - 02130,Department 2222,Manual,Order - 0958,Sales order,Main
Order - 0541,,,,,0,,ST - Services / Tooling,,,,Requested Delivery Date,2023-12-19 23:59:59.000,USER - 02130,Department 2222,Manual,Order - 0541,Sales order,Main
Order - 1101,,,,,0,,ST - Services / Tooling,,,,Requested Delivery Date,2024-05-08 23:59:59.000,USER - 02130,Department 2222,Manual,Order - 1101,Sales order,Main
Order - 0671,,,,,0,,ST - Services / Tooling,,,,Requested Delivery Date,2024-01-31 23:59:59.000,USER - 02130,Department 2222,Manual,Order - 0671,Sales order,Main
Order - 1202,,,,,0,,ST - Services / Tooling,,,,Requested Delivery Date,2024-05-29 23:59:59.000,USER - 02130,Department 2222,Manual,Order - 1202,Sales order,Main
Order - 0754,,,,,0,,ST - Services / Tooling,,,,Requested Delivery Date,2024-02-20 23:59:59.000,USER - 02130,Department 2222,Manual,Order - 0754,Sales order,Main
Order - 0409,,,,,0,,ST - Services / Tooling,,,,Requested Delivery Date,2023-11-29 23:59:59.000,USER - 02130,Department 2222,Manual,Order - 0409,Sales order,Main
Order - 0865,,,,,0,,ST - Services / Tooling,,,,Requested Delivery Date,2024-03-19 23:59:59.000,USER - 02130,Department 2222,Manual,Order - 0865,Sales order,Main
Order - 0796,,,,,0,,ST - Services / Tooling,,,,Requested Delivery Date,2024-02-27 23:59:59.000,USER - 02130,Department 2222,Manual,Order - 0796,Sales order,Main
Order - 1864,,,,,0,,ST - Services / Tooling,,,,Requested Delivery Date,2024-11-05 23:59:59.000,USER - 02130,Department 2222,Manual,Order - 1864,Sales order,Main
Order - 1454,,,,,0,,ST - Services / Tooling,,,,Requested Delivery Date,2024-07-30 23:59:59.000,USER - 02130,Department 2222,Manual,Order - 1454,Sales order,Main
Order - 1640,,,,,0,,ST - Services / Tooling,,,,Requested Delivery Date,2024-09-17 23:59:59.000,USER - 02130,Department 2222,Manual,Order - 1640,Sales order,Main
Order - 1538,,,,,0,,ST - Services / Tooling,,,,Requested Delivery Date,2024-08-21 23:59:59.000,USER - 02130,Department 2222,Manual,Order - 1538,Sales order,Main
Order - 0343,,,,,0,,ST - Services / Tooling,,,,Requested Delivery Date,2023-11-17 23:59:59.000,USER - 02130,Department 2222,Manual,Order - 0343,Sales order,Main
Order - 0347,,,,,0,,ST - Services / Tooling,,,,Requested Delivery Date,2023-11-17 23:59:59.000,USER - 02130,Department 2222,Manual,Order - 0347,Sales order,Main
Order - 0419,,,,,0,,SO - Standard Order,,,,Requested Delivery Date,2023-12-06 23:59:59.000,USER - 03676,Department 751,Manual,Order - 0419,Sales order,Main
Order - 0420,,,,,0,,SO - Standard Order,,,,Requested Delivery Date,2023-12-06 23:59:59.000,USER - 03676,Department 751,Manual,Order - 0420,Sales order,Main
Order - 0421,,,,,0,,SO - Standard Order,,,,Requested Delivery Date,2023-12-06 23:59:59.000,USER - 03676,Department 751,Manual,Order - 0421,Sales order,Main
Order - 0427,,,,,0,,SO - Standard Order,,,,Requested Delivery Date,2023-12-08 23:59:59.000,USER - 03676,Department 751,Manual,Order - 0427,Sales order,Main
Order - 1769,,,,,0,,ST - Services / Tooling,,,,Requested Delivery Date,2024-10-22 23:59:59.000,USER - 03676,Department 751,Manual,Order - 1769,Sales order,Main
Order - 1371,,,,,0,,ST - Services / Tooling,,,,Requested Delivery Date,2024-07-09 23:59:59.000,USER - 03676,Department 751,Manual,Order - 1371,Sales order,Main
Order - 1678,,,,,0,,ST - Services / Tooling,,,,Requested Delivery Date,2024-09-27 23:59:59.000,USER - 03676,Department 751,Manual,Order - 1678,Sales order,Main
Order - 1750,,,,,0,,ST - Services / Tooling,,,,Requested Delivery Date,2024-10-15 23:59:59.000,USER - 03676,Department 751,Manual,Order - 1750,Sales order,Main
Order - 1758,,,,,0,,ST - Services / Tooling,,,,Requested Delivery Date,2024-10-17 23:59:59.000,USER - 03676,Department 751,Manual,Order - 1758,Sales order,Main
Order - 1938,,,,,0,,SC - Scrap Sales,,,,Requested Delivery Date,2024-11-21 23:59:59.000,USER - 03676,Department 751,Manual,Order - 1938,Sales order,Main
Order - 1901,,,,,0,,SC - Scrap Sales,,,,Requested Delivery Date,2024-11-13 23:59:59.000,USER - 03676,Department 751,Manual,Order - 1901,Sales order,Main
Order - 1874,,,,,0,,ST - Services / Tooling,,,,Requested Delivery Date,2024-11-05 23:59:59.000,USER - 03676,Department 751,Manual,Order - 1874,Sales order,Main
Order - 0161,,,,,0,,SO - Standard Order,,,,Requested Delivery Date,2023-08-17 23:59:59.000,USER - 03676,Department 751,Manual,Order - 0161,Sales order,Main
Order - 0162,,,,,0,,SO - Standard Order,,,,Requested Delivery Date,2023-08-17 23:59:59.000,USER - 03676,Department 751,Manual,Order - 0162,Sales order,Main
Order - 1171,,,,,0,,ST - Services / Tooling,,,,Requested Delivery Date,2024-05-21 23:59:59.000,USER - 03676,Department 751,Manual,Order - 1171,Sales order,Main
Order - 1926,,,,,0,,ST - Services / Tooling,,,,Requested Delivery Date,2024-11-20 23:59:59.000,USER - 03676,Department 751,Manual,Order - 1926,Sales order,Main
Order - 1778,,,,,0,,ST - Services / Tooling,,,,Requested Delivery Date,2024-10-22 23:59:59.000,USER - 03676,Department 751,Manual,Order - 1778,Sales order,Main
Order - 1742,,,,,0,,ST - Services / Tooling,,,,Requested Delivery Date,2024-10-14 23:59:59.000,USER - 03676,Department 751,Manual,Order - 1742,Sales order,Main
Order - 1827,,,,,0,,ST - Services / Tooling,,,,Requested Delivery Date,2024-10-30 23:59:59.000,USER - 03676,Department 751,Manual,Order - 1827,Sales order,Main
Order - 0428,,,,,0,,SO - Standard Order,,,,Requested Delivery Date,2023-12-08 23:59:59.000,USER - 03676,Department 751,Manual,Order - 0428,Sales order,Main
Order - 0912,,,,,0,,SO - Standard Order,,,,Requested Delivery Date,2024-03-21 23:59:59.000,USER - 03676,Department 751,Manual,Order - 0912,Sales order,Main
Order - 0913,,,,,0,,SO - Standard Order,,,,Requested Delivery Date,2024-03-22 23:59:59.000,USER - 03676,Department 751,Manual,Order - 0913,Sales order,Main
Order - 0914,,,,,0,,SO - Standard Order,,,,Requested Delivery Date,2024-03-22 23:59:59.000,USER - 03676,Department 751,Manual,Order - 0914,Sales order,Main
Order - 0934,,,,,0,,SO - Standard Order,,,,Requested Delivery Date,2024-03-27 23:59:59.000,USER - 03676,Department 751,Manual,Order - 0934,Sales order,Main
Order - 0935,,,,,0,,SO - Standard Order,,,,Requested Delivery Date,2024-03-27 23:59:59.000,USER - 03676,Department 751,Manual,Order - 0935,Sales order,Main
Order - 0936,,,,,0,,SO - Standard Order,,,,Requested Delivery Date,2024-03-27 23:59:59.000,USER - 03676,Department 751,Manual,Order - 0936,Sales order,Main
Order - 0937,,,,,0,,SO - Standard Order,,,,Requested Delivery Date,2024-03-27 23:59:59.000,USER - 03676,Department 751,Manual,Order - 0937,Sales order,Main
Order - 0938,,,,,0,,SO - Standard Order,,,,Requested Delivery Date,2024-03-27 23:59:59.000,USER - 03676,Department 751,Manual,Order - 0938,Sales order,Main
Order - 0947,,,,,0,,SO - Standard Order,,,,Requested Delivery Date,2024-04-02 23:59:59.000,USER - 03676,Department 751,Manual,Order - 0947,Sales order,Main
Order - 0948,,,,,0,,SO - Standard Order,,,,Requested Delivery Date,2024-04-02 23:59:59.000,USER - 03676,Department 751,Manual,Order - 0948,Sales order,Main
Order - 0848,,,,,0,,SO - Standard Order,,,,Requested Delivery Date,2024-03-14 23:59:59.000,USER - 03676,Department 751,Manual,Order - 0848,Sales order,Main
Order - 0849,,,,,0,,SO - Standard Order,,,,Requested Delivery Date,2024-03-14 23:59:59.000,USER - 03676,Department 751,Manual,Order - 0849,Sales order,Main
Order - 0985,,,,,0,,ST - Services / Tooling,,,,Requested Delivery Date,2024-04-05 23:59:59.000,USER - 10897,Department 2178,Manual,Order - 0985,Sales order,Main
Order - 1067,,,,,0,,ST - Services / Tooling,,,,Requested Delivery Date,2024-04-25 23:59:59.000,USER - 10897,Department 2178,Manual,Order - 1067,Sales order,Main
Order - 1270,,,,,0,,ST - Services / Tooling,,,,Requested Delivery Date,2024-06-19 23:59:59.000,USER - 10897,Department 2178,Manual,Order - 1270,Sales order,Main
Order - 1332,,,,,0,,ST - Services / Tooling,,,,Requested Delivery Date,2024-07-01 23:59:59.000,USER - 10897,Department 2178,Manual,Order - 1332,Sales order,Main
Order - 0401,,,,,0,,ST - Services / Tooling,,,,Requested Delivery Date,2023-11-29 23:59:59.000,USER - 10897,Department 2178,Manual,Order - 0401,Sales order,Main
Order - 0139,,,,,0,,SO - Standard Order,,,,Requested Delivery Date,2023-08-08 23:59:59.000,USER - 10897,Department 2178,Manual,Order - 0139,Sales order,Main
Order - 0364,,,,,0,,ST - Services / Tooling,,,,Requested Delivery Date,2023-11-22 23:59:59.000,USER - 10897,Department 2178,Manual,Order - 0364,Sales order,Main
Order - 0737,,,,,0,,ST - Services / Tooling,,,,Requested Delivery Date,2024-02-15 23:59:59.000,USER - 10897,Department 2178,Manual,Order - 0737,Sales order,Main
Order - 1810,,,,,0,,SO - Standard Order,,,,Requested Delivery Date,2024-10-28 23:59:59.000,USER - 10897,Department 2178,Manual,Order - 1810,Sales order,Main
Order - 0750,,,,,0,,ST - Services / Tooling,,,,Requested Delivery Date,2024-02-20 23:59:59.000,USER - 10897,Department 2178,Manual,Order - 0750,Sales order,Main
Order - 0766,,,,,0,,ST - Services / Tooling,,,,Requested Delivery Date,2024-02-21 23:59:59.000,USER - 10897,Department 2178,Manual,Order - 0766,Sales order,Main
Order - 0771,,,,,0,,ST - Services / Tooling,,,,Requested Delivery Date,2024-02-21 23:59:59.000,USER - 10897,Department 2178,Manual,Order - 0771,Sales order,Main
Order - 1761,,,,,0,,SO - Standard Order,,,,Requested Delivery Date,2024-10-17 23:59:59.000,USER - 10897,Department 2178,Manual,Order - 1761,Sales order,Main
Order - 1762,,,,,0,,SO - Standard Order,,,,Requested Delivery Date,2024-10-17 23:59:59.000,USER - 10897,Department 2178,Manual,Order - 1762,Sales order,Main
Order - 0163,,,,,0,,ST - Services / Tooling,,,,Requested Delivery Date,2023-08-18 23:59:59.000,USER - 10897,Department 2178,Manual,Order - 0163,Sales order,Main
Order - 1163,,,,,0,,ST - Services / Tooling,,,,Requested Delivery Date,2024-05-17 23:59:59.000,USER - 10897,Department 2178,Manual,Order - 1163,Sales order,Main
Order - 0279,,,,,0,,ST - Services / Tooling,,,,Requested Delivery Date,2023-10-13 23:59:59.000,USER - 10897,Department 2178,Manual,Order - 0279,Sales order,Main
Order - 0165,,,,,0,,ST - Services / Tooling,,,,Requested Delivery Date,2023-08-18 23:59:59.000,USER - 10897,Department 2178,Manual,Order - 0165,Sales order,Main
Order - 0166,,,,,0,,ST - Services / Tooling,,,,Requested Delivery Date,2023-08-18 23:59:59.000,USER - 10897,Department 2178,Manual,Order - 0166,Sales order,Main
Order - 0203,,,,,0,,ST - Services / Tooling,,,,Requested Delivery Date,2023-09-07 23:59:59.000,USER - 10897,Department 2178,Manual,Order - 0203,Sales order,Main
Order - 1128,,,,,0,,ST - Services / Tooling,,,,Requested Delivery Date,2024-05-13 23:59:59.000,USER - 10897,Department 2178,Manual,Order - 1128,Sales order,Main
Order - 1452,,,,,0,,ST - Services / Tooling,,,,Requested Delivery Date,2024-07-30 23:59:59.000,USER - 10897,Department 2178,Manual,Order - 1452,Sales order,Main
Order - 0515,,,,,0,,ST - Services / Tooling,,,,Requested Delivery Date,2023-12-19 23:59:59.000,USER - 10897,Department 2178,Manual,Order - 0515,Sales order,Main
Order - 1603,,,,,0,,ST - Services / Tooling,,,,Requested Delivery Date,2024-09-09 23:59:59.000,USER - 10897,Department 2178,Manual,Order - 1603,Sales order,Main
Order - 0036,,,,,0,,ST - Services / Tooling,,,,Requested Delivery Date,2023-06-06 23:59:59.000,USER - 10897,Department 2178,Manual,Order - 0036,Sales order,Main
Order - 0037,,,,,0,,ST - Services / Tooling,,,,Requested Delivery Date,2023-06-06 23:59:59.000,USER - 10897,Department 2178,Manual,Order - 0037,Sales order,Main
Order - 0038,,,,,0,,ST - Services / Tooling,,,,Requested Delivery Date,2023-06-06 23:59:59.000,USER - 10897,Department 2178,Manual,Order - 0038,Sales order,Main
Order - 0551,,,,,0,,ST - Services / Tooling,,,,Requested Delivery Date,2023-12-20 23:59:59.000,USER - 10897,Department 2178,Manual,Order - 0551,Sales order,Main
Order - 0546,,,,,0,,ST - Services / Tooling,,,,Requested Delivery Date,2023-12-20 23:59:59.000,USER - 10897,Department 2178,Manual,Order - 0546,Sales order,Main
Order - 0397,,,,,0,,ST - Services / Tooling,,,,Requested Delivery Date,2023-11-29 23:59:59.000,USER - 10897,Department 2178,Manual,Order - 0397,Sales order,Main
Order - 0847,,,,,0,,ST - Services / Tooling,,,,Requested Delivery Date,2024-03-13 23:59:59.000,USER - 10897,Department 2178,Manual,Order - 0847,Sales order,Main
Order - 1548,,,,,0,,ST - Services / Tooling,,,,Requested Delivery Date,2024-08-21 23:59:59.000,USER - 02130,Department 2222,Manual,Order - 1548,Sales order,Main
Order - 1549,,,,,0,,ST - Services / Tooling,,,,Requested Delivery Date,2024-08-21 23:59:59.000,USER - 02130,Department 2222,Manual,Order - 1549,Sales order,Main
Order - 1552,,,,,0,,ST - Services / Tooling,,,,Requested Delivery Date,2024-08-22 23:59:59.000,USER - 02130,Department 2222,Manual,Order - 1552,Sales order,Main
Order - 1553,,,,,0,,ST - Services / Tooling,,,,Requested Delivery Date,2024-08-22 23:59:59.000,USER - 02130,Department 2222,Manual,Order - 1553,Sales order,Main
Order - 1559,,,,,0,,ST - Services / Tooling,,,,Requested Delivery Date,2024-08-27 23:59:59.000,USER - 02130,Department 2222,Manual,Order - 1559,Sales order,Main
Order - 1561,,,,,0,,ST - Services / Tooling,,,,Requested Delivery Date,2024-08-27 23:59:59.000,USER - 02130,Department 2222,Manual,Order - 1561,Sales order,Main
Order - 1562,,,,,0,,ST - Services / Tooling,,,,Requested Delivery Date,2024-08-27 23:59:59.000,USER - 02130,Department 2222,Manual,Order - 1562,Sales order,Main
Order - 1565,,,,,0,,ST - Services / Tooling,,,,Requested Delivery Date,2024-08-28 23:59:59.000,USER - 02130,Department 2222,Manual,Order - 1565,Sales order,Main
Order - 1566,,,,,0,,ST - Services / Tooling,,,,Requested Delivery Date,2024-08-28 23:59:59.000,USER - 02130,Department 2222,Manual,Order - 1566,Sales order,Main
Order - 1567,,,,,0,,ST - Services / Tooling,,,,Requested Delivery Date,2024-08-28 23:59:59.000,USER - 02130,Department 2222,Manual,Order - 1567,Sales order,Main
Order - 1582,,,,,0,,ST - Services / Tooling,,,,Requested Delivery Date,2024-09-03 23:59:59.000,USER - 02130,Department 2222,Manual,Order - 1582,Sales order,Main
Order - 1583,,,,,0,,ST - Services / Tooling,,,,Requested Delivery Date,2024-09-03 23:59:59.000,USER - 02130,Department 2222,Manual,Order - 1583,Sales order,Main
Order - 1589,,,,,0,,ST - Services / Tooling,,,,Requested Delivery Date,2024-09-03 23:59:59.000,USER - 02130,Department 2222,Manual,Order - 1589,Sales order,Main
Order - 1590,,,,,0,,ST - Services / Tooling,,,,Requested Delivery Date,2024-09-03 23:59:59.000,USER - 02130,Department 2222,Manual,Order - 1590,Sales order,Main
Order - 1592,,,,,0,,ST - Services / Tooling,,,,Requested Delivery Date,2024-09-03 23:59:59.000,USER - 02130,Department 2222,Manual,Order - 1592,Sales order,Main
Order - 1484,,,,,0,,ST - Services / Tooling,,,,Requested Delivery Date,2024-08-07 23:59:59.000,USER - 02130,Department 2222,Manual,Order - 1484,Sales order,Main
Order - 1485,,,,,0,,ST - Services / Tooling,,,,Requested Delivery Date,2024-08-07 23:59:59.000,USER - 02130,Department 2222,Manual,Order - 1485,Sales order,Main
Order - 1486,,,,,0,,ST - Services / Tooling,,,,Requested Delivery Date,2024-08-07 23:59:59.000,USER - 02130,Department 2222,Manual,Order - 1486,Sales order,Main
Order - 1487,,,,,0,,ST - Services / Tooling,,,,Requested Delivery Date,2024-08-07 23:59:59.000,USER - 02130,Department 2222,Manual,Order - 1487,Sales order,Main
Order - 1488,,,,,0,,ST - Services / Tooling,,,,Requested Delivery Date,2024-08-07 23:59:59.000,USER - 02130,Department 2222,Manual,Order - 1488,Sales order,Main
Order - 1489,,,,,0,,ST - Services / Tooling,,,,Requested Delivery Date,2024-08-07 23:59:59.000,USER - 02130,Department 2222,Manual,Order - 1489,Sales order,Main
Order - 1051,,,,,0,,ST - Services / Tooling,,,,Requested Delivery Date,2024-04-23 23:59:59.000,USER - 02130,Department 2222,Manual,Order - 1051,Sales order,Main
Order - 1052,,,,,0,,ST - Services / Tooling,,,,Requested Delivery Date,2024-04-23 23:59:59.000,USER - 02130,Department 2222,Manual,Order - 1052,Sales order,Main
Order - 1053,,,,,0,,ST - Services / Tooling,,,,Requested Delivery Date,2024-04-23 23:59:59.000,USER - 02130,Department 2222,Manual,Order - 1053,Sales order,Main
Order - 1054,,,,,0,,ST - Services / Tooling,,,,Requested Delivery Date,2024-04-23 23:59:59.000,USER - 02130,Department 2222,Manual,Order - 1054,Sales order,Main
Order - 1650,,,,,0,,ST - Services / Tooling,,,,Requested Delivery Date,2024-09-24 23:59:59.000,USER - 02130,Department 2222,Manual,Order - 1650,Sales order,Main
Order - 1652,,,,,0,,ST - Services / Tooling,,,,Requested Delivery Date,2024-09-24 23:59:59.000,USER - 02130,Department 2222,Manual,Order - 1652,Sales order,Main
Order - 1698,,,,,0,,ST - Services / Tooling,,,,Requested Delivery Date,2024-10-04 23:59:59.000,USER - 02130,Department 2222,Manual,Order - 1698,Sales order,Main
Order - 1705,,,,,0,,ST - Services / Tooling,,,,Requested Delivery Date,2024-10-04 23:59:59.000,USER - 02130,Department 2222,Manual,Order - 1705,Sales order,Main
Order - 1708,,,,,0,,ST - Services / Tooling,,,,Requested Delivery Date,2024-10-04 23:59:59.000,USER - 02130,Department 2222,Manual,Order - 1708,Sales order,Main
Order - 1710,,,,,0,,ST - Services / Tooling,,,,Requested Delivery Date,2024-10-04 23:59:59.000,USER - 02130,Department 2222,Manual,Order - 1710,Sales order,Main
Order - 0247,,,,,0,,,,,,Create Delivery,2023-09-28 10:01:04.000,USER - 03676,Department 751,Manual,Delivery - 0166,Delivery,Main
Order - 0226,,,,,0,,,,,,Create Delivery,2023-09-19 10:12:37.000,USER - 03676,Department 751,Manual,Delivery - 0152,Delivery,Main
Order - 0232,,,,,0,,,,,,Create Delivery,2023-09-20 08:23:03.000,USER - 03676,Department 751,Manual,Delivery - 0153,Delivery,Main
Order - 0227,,,,,0,,,,,,Create Delivery,2023-09-20 12:08:04.000,USER - 03676,Department 751,Manual,Delivery - 0154,Delivery,Main
Order - 0173,,,,,0,,,,,,Create Delivery,2023-09-21 11:25:25.000,USER - 03676,Department 751,Manual,Delivery - 0155,Delivery,Main
Order - 0135,,,,,0,,,,,,Create Delivery,2023-09-21 12:32:13.000,USER - 03676,Department 751,Manual,Delivery - 0156,Delivery,Main
Order - 0233,,,,,0,,,,,,Create Delivery,2023-09-21 13:16:58.000,USER - 03676,Department 751,Manual,Delivery - 0157,Delivery,Main
Order - 0135,,,,,0,,,,,,Create Delivery,2023-09-14 09:29:38.000,USER - 03676,Department 751,Manual,Delivery - 0146,Delivery,Main
Order - 0221,,,,,0,,,,,,Create Delivery,2023-09-14 09:50:16.000,USER - 03676,Department 751,Manual,Delivery - 0147,Delivery,Main
Order - 0173,,,,,0,,,,,,Create Delivery,2023-09-14 10:15:08.000,USER - 03676,Department 751,Manual,Delivery - 0148,Delivery,Main
Order - 0216,,,,,0,,,,,,Create Delivery,2023-09-14 12:46:13.000,USER - 03676,Department 751,Manual,Delivery - 0149,Delivery,Main
Order - 0224,,,,,0,,,,,,Create Delivery,2023-09-15 11:13:08.000,USER - 03676,Department 751,Manual,Delivery - 0150,Delivery,Main
Order - 0223,,,,,0,,,,,,Create Delivery,2023-09-18 10:22:25.000,USER - 03676,Department 751,Manual,Delivery - 0151,Delivery,Main
Order - 0213,,,,,0,,,,,,Create Delivery,2023-09-11 15:46:01.000,USER - 03676,Department 751,Manual,Delivery - 0140,Delivery,Main
Order - 0214,,,,,0,,,,,,Create Delivery,2023-09-12 09:45:19.000,USER - 03676,Department 751,Manual,Delivery - 0141,Delivery,Main
Order - 0215,,,,,0,,,,,,Create Delivery,2023-09-12 09:49:05.000,USER - 03676,Department 751,Manual,Delivery - 0142,Delivery,Main
Order - 0210,,,,,0,,,,,,Create Delivery,2023-09-12 11:39:57.000,USER - 03676,Department 751,Manual,Delivery - 0143,Delivery,Main
Order - 0217,,,,,0,,,,,,Create Delivery,2023-09-12 16:40:01.000,USER - 03676,Department 751,Manual,Delivery - 0144,Delivery,Main
Order - 0219,,,,,0,,,,,,Create Delivery,2023-09-14 09:25:28.000,USER - 03676,Department 751,Manual,Delivery - 0145,Delivery,Main
Order - 0015,,,,,0,,,,,,Create Delivery,2023-09-07 14:01:49.000,USER - 03676,Department 751,Manual,Delivery - 0134,Delivery,Main
Order - 0173,,,,,0,,,,,,Create Delivery,2023-09-08 08:17:17.000,USER - 03676,Department 751,Manual,Delivery - 0135,Delivery,Main
Order - 0208,,,,,0,,,,,,Create Delivery,2023-09-08 08:49:06.000,USER - 03676,Department 751,Manual,Delivery - 0136,Delivery,Main
Order - 0209,,,,,0,,,,,,Create Delivery,2023-09-08 09:13:50.000,USER - 03676,Department 751,Manual,Delivery - 0137,Delivery,Main
Order - 0211,,,,,0,,,,,,Create Delivery,2023-09-11 12:12:41.000,USER - 03676,Department 751,Manual,Delivery - 0138,Delivery,Main
Order - 0212,,,,,0,,,,,,Create Delivery,2023-09-11 15:29:49.000,USER - 03676,Department 751,Manual,Delivery - 0139,Delivery,Main
Order - 0135,,,,,0,,,,,,Create Delivery,2023-09-01 09:12:07.000,USER - 03676,Department 751,Manual,Delivery - 0126,Delivery,Main
Order - 0185,,,,,0,,,,,,Create Delivery,2023-09-01 09:40:18.000,USER - 03676,Department 751,Manual,Delivery - 0127,Delivery,Main
Order - 0196,,,,,0,,,,,,Create Delivery,2023-09-04 11:42:09.000,USER - 03676,Department 751,Manual,Delivery - 0128,Delivery,Main
Order - 0200,,,,,0,,,,,,Create Delivery,2023-09-07 11:17:02.000,USER - 03676,Department 751,Manual,Delivery - 0131,Delivery,Main
Order - 0201,,,,,0,,,,,,Create Delivery,2023-09-07 11:47:34.000,USER - 03676,Department 751,Manual,Delivery - 0132,Delivery,Main
Order - 0202,,,,,0,,,,,,Create Delivery,2023-09-07 11:52:58.000,USER - 03676,Department 751,Manual,Delivery - 0133,Delivery,Main
Order - 0184,,,,,0,,,,,,Create Delivery,2023-08-29 09:57:18.000,USER - 03676,Department 751,Manual,Delivery - 0120,Delivery,Main
Order - 0193,,,,,0,,,,,,Create Delivery,2023-08-30 14:15:32.000,USER - 03676,Department 751,Manual,Delivery - 0121,Delivery,Main
Order - 0194,,,,,0,,,,,,Create Delivery,2023-08-30 14:21:21.000,USER - 03676,Department 751,Manual,Delivery - 0122,Delivery,Main
Order - 0186,,,,,0,,,,,,Create Delivery,2023-08-31 11:11:26.000,USER - 03676,Department 751,Manual,Delivery - 0123,Delivery,Main
Order - 0195,,,,,0,,,,,,Create Delivery,2023-08-31 15:22:23.000,USER - 03676,Department 751,Manual,Delivery - 0124,Delivery,Main
Order - 0015,,,,,0,,,,,,Create Delivery,2023-09-01 08:20:35.000,USER - 03676,Department 751,Manual,Delivery - 0125,Delivery,Main
Order - 0179,,,,,0,,,,,,Create Delivery,2023-08-24 16:04:57.000,USER - 03676,Department 751,Manual,Delivery - 0114,Delivery,Main
Order - 0180,,,,,0,,,,,,Create Delivery,2023-08-24 16:09:51.000,USER - 03676,Department 751,Manual,Delivery - 0115,Delivery,Main
Order - 0181,,,,,0,,,,,,Create Delivery,2023-08-28 12:43:04.000,USER - 03676,Department 751,Manual,Delivery - 0116,Delivery,Main
Order - 0185,,,,,0,,,,,,Create Freight Order,2023-10-31 08:33:53.000,USER - 03676,Department 751,Manual,FREIGHT - 00248,Freight Order,Main
Order - 0173,,,,,0,,,,,,Create Freight Order,2023-10-31 11:27:45.000,USER - 03676,Department 751,Manual,FREIGHT - 00249,Freight Order,Main
Order - 0309,,,,,0,,,,,,Create Freight Order,2023-10-31 12:14:40.000,USER - 03676,Department 751,Manual,FREIGHT - 00250,Freight Order,Main
Order - 0294,,,,,0,,,,,,Create Freight Order,2023-10-24 09:02:55.000,USER - 03676,Department 751,Manual,FREIGHT - 00239,Freight Order,Main
Order - 0287,,,,,0,,,,,,Create Freight Order,2023-10-25 12:04:38.000,USER - 03676,Department 751,Manual,FREIGHT - 00240,Freight Order,Main
Order - 0185,,,,,0,,,,,,Create Freight Order,2023-10-25 15:35:55.000,USER - 03676,Department 751,Manual,FREIGHT - 00241,Freight Order,Main
Order - 0301,,,,,0,,,,,,Create Freight Order,2023-10-27 10:29:10.000,USER - 03676,Department 751,Manual,FREIGHT - 00242,Freight Order,Main
Order - 0259,,,,,0,,,,,,Create Freight Order,2023-10-27 10:35:42.000,USER - 03676,Department 751,Manual,FREIGHT - 00243,Freight Order,Main
Order - 0173,,,,,0,,,,,,Create Freight Order,2023-10-27 11:01:32.000,USER - 03676,Department 751,Manual,FREIGHT - 00244,Freight Order,Main
Order - 0259,,,,,0,,,,,,Create Freight Order,2023-10-19 10:01:36.000,USER - 03676,Department 751,Manual,FREIGHT - 00231,Freight Order,Main
Order - 0284,,,,,0,,,,,,Create Freight Order,2023-10-19 10:24:26.000,USER - 03676,Department 751,Manual,FREIGHT - 00232,Freight Order,Main
Order - 0285,,,,,0,,,,,,Create Freight Order,2023-10-19 10:27:52.000,USER - 03676,Department 751,Manual,FREIGHT - 00233,Freight Order,Main
Order - 0186,,,,,0,,,,,,Create Freight Order,2023-10-20 09:34:33.000,USER - 03676,Department 751,Manual,FREIGHT - 00234,Freight Order,Main
Order - 0259,,,,,0,,,,,,Create Freight Order,2023-10-20 11:04:56.000,USER - 03676,Department 751,Manual,FREIGHT - 00235,Freight Order,Main
Order - 0288,,,,,0,,,,,,Create Freight Order,2023-10-20 11:53:29.000,USER - 03676,Department 751,Manual,FREIGHT - 00236,Freight Order,Main
Order - 0278,,,,,0,,,,,,Create Freight Order,2023-10-12 14:08:59.000,USER - 03676,Department 751,Manual,FREIGHT - 00225,Freight Order,Main
Order - 0259,,,,,0,,,,,,Create Freight Order,2023-10-13 11:00:46.000,USER - 03676,Department 751,Manual,FREIGHT - 00226,Freight Order,Main
Order - 0135,,,,,0,,,,,,Create Freight Order,2023-10-16 09:14:31.000,USER - 03676,Department 751,Manual,FREIGHT - 00227,Freight Order,Main
Order - 0185,,,,,0,,,,,,Create Freight Order,2023-10-16 11:14:58.000,USER - 03676,Department 751,Manual,FREIGHT - 00228,Freight Order,Main
Order - 0281,,,,,0,,,,,,Create Freight Order,2023-10-16 15:39:31.000,USER - 03676,Department 751,Manual,FREIGHT - 00229,Freight Order,Main
Order - 0282,,,,,0,,,,,,Create Freight Order,2023-10-17 08:20:12.000,USER - 03676,Department 751,Manual,FREIGHT - 00230,Freight Order,Main
Order - 0272,,,,,0,,,,,,Create Freight Order,2023-10-11 13:15:35.000,USER - 03676,Department 751,Manual,FREIGHT - 00219,Freight Order,Main
Order - 0273,,,,,0,,,,,,Create Freight Order,2023-10-11 13:20:16.000,USER - 03676,Department 751,Manual,FREIGHT - 00220,Freight Order,Main
Order - 0173,,,,,0,,,,,,Create Freight Order,2023-10-12 12:09:52.000,USER - 03676,Department 751,Manual,FREIGHT - 00221,Freight Order,Main
Order - 0275,,,,,0,,,,,,Create Freight Order,2023-10-12 13:37:46.000,USER - 03676,Department 751,Manual,FREIGHT - 00222,Freight Order,Main
Order - 0276,,,,,0,,,,,,Create Freight Order,2023-10-12 13:49:59.000,USER - 03676,Department 751,Manual,FREIGHT - 00223,Freight Order,Main
Order - 0277,,,,,0,,,,,,Create Freight Order,2023-10-12 13:57:22.000,USER - 03676,Department 751,Manual,FREIGHT - 00224,Freight Order,Main
Order - 0261,,,,,0,,,,,,Create Freight Order,2023-10-05 12:58:04.000,USER - 03676,Department 751,Manual,FREIGHT - 00213,Freight Order,Main
Order - 0173,,,,,0,,,,,,Create Freight Order,2023-10-06 11:59:01.000,USER - 03676,Department 751,Manual,FREIGHT - 00214,Freight Order,Main
Order - 0264,,,,,0,,,,,,Create Freight Order,2023-10-09 12:42:39.000,USER - 03676,Department 751,Manual,FREIGHT - 00215,Freight Order,Main
Order - 0265,,,,,0,,,,,,Create Freight Order,2023-10-09 12:53:57.000,USER - 03676,Department 751,Manual,FREIGHT - 00216,Freight Order,Main
Order - 0266,,,,,0,,,,,,Create Freight Order,2023-10-09 13:01:17.000,USER - 03676,Department 751,Manual,FREIGHT - 00217,Freight Order,Main
Order - 0297,,,,,0,,ST - Services / Tooling,,,,Requested Delivery Date,2023-10-24 23:59:59.000,USER - 10897,Department 2178,Manual,Order - 0297,Sales order,Main
Order - 0298,,,,,0,,ST - Services / Tooling,,,,Requested Delivery Date,2023-10-24 23:59:59.000,USER - 10897,Department 2178,Manual,Order - 0298,Sales order,Main
Order - 0306,,,,,0,,ST - Services / Tooling,,,,Requested Delivery Date,2023-10-31 23:59:59.000,USER - 10897,Department 2178,Manual,Order - 0306,Sales order,Main
Order - 0426,,,,,0,,ST - Services / Tooling,,,,Requested Delivery Date,2023-12-07 23:59:59.000,USER - 10897,Department 2178,Manual,Order - 0426,Sales order,Main
Order - 0429,,,,,0,,ST - Services / Tooling,,,,Requested Delivery Date,2023-12-08 23:59:59.000,USER - 10897,Department 2178,Manual,Order - 0429,Sales order,Main
Order - 0431,,,,,0,,ST - Services / Tooling,,,,Requested Delivery Date,2023-12-13 23:59:59.000,USER - 10897,Department 2178,Manual,Order - 0431,Sales order,Main
Order - 1120,,,,,0,,ST - Services / Tooling,,,,Requested Delivery Date,2024-05-10 23:59:59.000,USER - 10897,Department 2178,Manual,Order - 1120,Sales order,Main
Order - 0908,,,,,0,,ST - Services / Tooling,,,,Requested Delivery Date,2024-03-21 23:59:59.000,USER - 10897,Department 2178,Manual,Order - 0908,Sales order,Main
Order - 1367,,,,,0,,ST - Services / Tooling,,,,Requested Delivery Date,2024-07-05 23:59:59.000,USER - 10897,Department 2178,Manual,Order - 1367,Sales order,Main
Order - 1385,,,,,0,,ST - Services / Tooling,,,,Requested Delivery Date,2024-07-10 23:59:59.000,USER - 10897,Department 2178,Manual,Order - 1385,Sales order,Main
Order - 1386,,,,,0,,ST - Services / Tooling,,,,Requested Delivery Date,2024-07-10 23:59:59.000,USER - 10897,Department 2178,Manual,Order - 1386,Sales order,Main
Order - 1016,,,,,0,,ST - Services / Tooling,,,,Requested Delivery Date,2024-04-12 23:59:59.000,USER - 10897,Department 2178,Manual,Order - 1016,Sales order,Main
Order - 0991,,,,,0,,ST - Services / Tooling,,,,Requested Delivery Date,2024-04-09 23:59:59.000,USER - 10897,Department 2178,Manual,Order - 0991,Sales order,Main
Order - 1450,,,,,0,,ST - Services / Tooling,,,,Requested Delivery Date,2024-07-30 23:59:59.000,USER - 10897,Department 2178,Manual,Order - 1450,Sales order,Main
Order - 1695,,,,,0,,ST - Services / Tooling,,,,Requested Delivery Date,2024-10-04 23:59:59.000,USER - 10897,Department 2178,Manual,Order - 1695,Sales order,Main
Order - 0563,,,,,0,,ST - Services / Tooling,,,,Requested Delivery Date,2023-12-20 23:59:59.000,USER - 10897,Department 2178,Manual,Order - 0563,Sales order,Main
Order - 1895,,,,,0,,ST - Services / Tooling,,,,Requested Delivery Date,2024-11-12 23:59:59.000,USER - 10897,Department 2178,Manual,Order - 1895,Sales order,Main
Order - 1896,,,,,0,,ST - Services / Tooling,,,,Requested Delivery Date,2024-11-12 23:59:59.000,USER - 10897,Department 2178,Manual,Order - 1896,Sales order,Main
Order - 1897,,,,,0,,ST - Services / Tooling,,,,Requested Delivery Date,2024-11-12 23:59:59.000,USER - 10897,Department 2178,Manual,Order - 1897,Sales order,Main
Order - 1898,,,,,0,,ST - Services / Tooling,,,,Requested Delivery Date,2024-11-12 23:59:59.000,USER - 10897,Department 2178,Manual,Order - 1898,Sales order,Main
Order - 1601,,,,,0,,ST - Services / Tooling,,,,Requested Delivery Date,2024-09-06 23:59:59.000,USER - 10897,Department 2178,Manual,Order - 1601,Sales order,Main
Order - 1680,,,,,0,,ST - Services / Tooling,,,,Requested Delivery Date,2024-09-27 23:59:59.000,USER - 10897,Department 2178,Manual,Order - 1680,Sales order,Main
Order - 0584,,,,,0,,SO - Standard Order,,,,Requested Delivery Date,2024-01-03 23:59:59.000,USER - 03676,Department 751,Manual,Order - 0584,Sales order,Main
Order - 0585,,,,,0,,SO - Standard Order,,,,Requested Delivery Date,2024-01-04 23:59:59.000,USER - 03676,Department 751,Manual,Order - 0585,Sales order,Main
Order - 0586,,,,,0,,SO - Standard Order,,,,Requested Delivery Date,2024-01-04 23:59:59.000,USER - 03676,Department 751,Manual,Order - 0586,Sales order,Main
Order - 0588,,,,,0,,SO - Standard Order,,,,Requested Delivery Date,2024-01-04 23:59:59.000,USER - 03676,Department 751,Manual,Order - 0588,Sales order,Main
Order - 0589,,,,,0,,SO - Standard Order,,,,Requested Delivery Date,2024-01-04 23:59:59.000,USER - 03676,Department 751,Manual,Order - 0589,Sales order,Main
Order - 0590,,,,,0,,SO - Standard Order,,,,Requested Delivery Date,2024-01-04 23:59:59.000,USER - 03676,Department 751,Manual,Order - 0590,Sales order,Main
Order - 0592,,,,,0,,SO - Standard Order,,,,Requested Delivery Date,2024-01-11 23:59:59.000,USER - 03676,Department 751,Manual,Order - 0592,Sales order,Main
Order - 0593,,,,,0,,SO - Standard Order,,,,Requested Delivery Date,2024-01-11 23:59:59.000,USER - 03676,Department 751,Manual,Order - 0593,Sales order,Main
Order - 0595,,,,,0,,SO - Standard Order,,,,Requested Delivery Date,2024-01-12 23:59:59.000,USER - 03676,Department 751,Manual,Order - 0595,Sales order,Main
Order - 0596,,,,,0,,SO - Standard Order,,,,Requested Delivery Date,2024-01-15 23:59:59.000,USER - 03676,Department 751,Manual,Order - 0596,Sales order,Main
Order - 0597,,,,,0,,SO - Standard Order,,,,Requested Delivery Date,2024-01-16 23:59:59.000,USER - 03676,Department 751,Manual,Order - 0597,Sales order,Main
Order - 0598,,,,,0,,SO - Standard Order,,,,Requested Delivery Date,2024-01-16 23:59:59.000,USER - 03676,Department 751,Manual,Order - 0598,Sales order,Main
Order - 0600,,,,,0,,SO - Standard Order,,,,Requested Delivery Date,2024-01-17 23:59:59.000,USER - 03676,Department 751,Manual,Order - 0600,Sales order,Main
Order - 0601,,,,,0,,SO - Standard Order,,,,Requested Delivery Date,2024-01-18 23:59:59.000,USER - 03676,Department 751,Manual,Order - 0601,Sales order,Main
Order - 0602,,,,,0,,SO - Standard Order,,,,Requested Delivery Date,2024-01-18 23:59:59.000,USER - 03676,Department 751,Manual,Order - 0602,Sales order,Main
Order - 0606,,,,,0,,SO - Standard Order,,,,Requested Delivery Date,2024-01-19 23:59:59.000,USER - 03676,Department 751,Manual,Order - 0606,Sales order,Main
Order - 0607,,,,,0,,SO - Standard Order,,,,Requested Delivery Date,2024-01-22 23:59:59.000,USER - 03676,Department 751,Manual,Order - 0607,Sales order,Main
Order - 0238,,,,,0,,SO - Standard Order,,,,Requested Delivery Date,2023-09-26 23:59:59.000,USER - 03676,Department 751,Manual,Order - 0238,Sales order,Main
Order - 0239,,,,,0,,SO - Standard Order,,,,Requested Delivery Date,2023-09-26 23:59:59.000,USER - 03676,Department 751,Manual,Order - 0239,Sales order,Main
Order - 0242,,,,,0,,SO - Standard Order,,,,Requested Delivery Date,2023-09-27 23:59:59.000,USER - 03676,Department 751,Manual,Order - 0242,Sales order,Main
Order - 0243,,,,,0,,SO - Standard Order,,,,Requested Delivery Date,2023-09-27 23:59:59.000,USER - 03676,Department 751,Manual,Order - 0243,Sales order,Main
Order - 0247,,,,,0,,SO - Standard Order,,,,Requested Delivery Date,2023-09-28 23:59:59.000,USER - 03676,Department 751,Manual,Order - 0247,Sales order,Main
Order - 0248,,,,,0,,SO - Standard Order,,,,Requested Delivery Date,2023-09-28 23:59:59.000,USER - 03676,Department 751,Manual,Order - 0248,Sales order,Main
Order - 0739,,,,,0,,SO - Standard Order,,,,Requested Delivery Date,2024-02-16 23:59:59.000,USER - 03676,Department 751,Manual,Order - 0739,Sales order,Main
Order - 0740,,,,,0,,SO - Standard Order,,,,Requested Delivery Date,2024-02-16 23:59:59.000,USER - 03676,Department 751,Manual,Order - 0740,Sales order,Main
Order - 0741,,,,,0,,SO - Standard Order,,,,Requested Delivery Date,2024-02-19 23:59:59.000,USER - 03676,Department 751,Manual,Order - 0741,Sales order,Main
Order - 1198,,,,,0,,SO - Standard Order,,,,Requested Delivery Date,2024-05-27 23:59:59.000,USER - 03676,Department 751,Manual,Order - 1198,Sales order,Main
Order - 1200,,,,,0,,SO - Standard Order,,,,Requested Delivery Date,2024-05-29 23:59:59.000,USER - 03676,Department 751,Manual,Order - 1200,Sales order,Main
Order - 1218,,,,,0,,SO - Standard Order,,,,Requested Delivery Date,2024-06-04 23:59:59.000,USER - 03676,Department 751,Manual,Order - 1218,Sales order,Main
Order - 1219,,,,,0,,SO - Standard Order,,,,Requested Delivery Date,2024-06-04 23:59:59.000,USER - 03676,Department 751,Manual,Order - 1219,Sales order,Main
Order - 1234,,,,,0,,SO - Standard Order,,,,Requested Delivery Date,2024-06-05 23:59:59.000,USER - 03676,Department 751,Manual,Order - 1234,Sales order,Main
Order - 1235,,,,,0,,SO - Standard Order,,,,Requested Delivery Date,2024-06-05 23:59:59.000,USER - 03676,Department 751,Manual,Order - 1235,Sales order,Main
Order - 1238,,,,,0,,SO - Standard Order,,,,Requested Delivery Date,2024-06-06 23:59:59.000,USER - 03676,Department 751,Manual,Order - 1238,Sales order,Main
Order - 1251,,,,,0,,ST - Services / Tooling,,,,Requested Delivery Date,2024-06-11 23:59:59.000,USER - 02130,Department 2222,Manual,Order - 1251,Sales order,Main
Order - 1254,,,,,0,,ST - Services / Tooling,,,,Requested Delivery Date,2024-06-11 23:59:59.000,USER - 02130,Department 2222,Manual,Order - 1254,Sales order,Main
Order - 0377,,,,,0,,ST - Services / Tooling,,,,Requested Delivery Date,2023-11-22 23:59:59.000,USER - 02130,Department 2222,Manual,Order - 0377,Sales order,Main
Order - 0381,,,,,0,,ST - Services / Tooling,,,,Requested Delivery Date,2023-11-23 23:59:59.000,USER - 02130,Department 2222,Manual,Order - 0381,Sales order,Main
Order - 0383,,,,,0,,ST - Services / Tooling,,,,Requested Delivery Date,2023-11-23 23:59:59.000,USER - 02130,Department 2222,Manual,Order - 0383,Sales order,Main
Order - 0384,,,,,0,,ST - Services / Tooling,,,,Requested Delivery Date,2023-11-23 23:59:59.000,USER - 02130,Department 2222,Manual,Order - 0384,Sales order,Main
Order - 0385,,,,,0,,ST - Services / Tooling,,,,Requested Delivery Date,2023-11-23 23:59:59.000,USER - 02130,Department 2222,Manual,Order - 0385,Sales order,Main
Order - 0405,,,,,0,,ST - Services / Tooling,,,,Requested Delivery Date,2023-11-29 23:59:59.000,USER - 02130,Department 2222,Manual,Order - 0405,Sales order,Main
Order - 0406,,,,,0,,ST - Services / Tooling,,,,Requested Delivery Date,2023-11-29 23:59:59.000,USER - 02130,Department 2222,Manual,Order - 0406,Sales order,Main
Order - 0407,,,,,0,,ST - Services / Tooling,,,,Requested Delivery Date,2023-11-29 23:59:59.000,USER - 02130,Department 2222,Manual,Order - 0407,Sales order,Main
Order - 0411,,,,,0,,ST - Services / Tooling,,,,Requested Delivery Date,2023-11-29 23:59:59.000,USER - 02130,Department 2222,Manual,Order - 0411,Sales order,Main
Order - 0412,,,,,0,,ST - Services / Tooling,,,,Requested Delivery Date,2023-11-29 23:59:59.000,USER - 02130,Department 2222,Manual,Order - 0412,Sales order,Main
Order - 0832,,,,,0,,ST - Services / Tooling,,,,Requested Delivery Date,2024-03-06 23:59:59.000,USER - 02130,Department 2222,Manual,Order - 0832,Sales order,Main
Order - 0835,,,,,0,,ST - Services / Tooling,,,,Requested Delivery Date,2024-03-06 23:59:59.000,USER - 02130,Department 2222,Manual,Order - 0835,Sales order,Main
Order - 0836,,,,,0,,ST - Services / Tooling,,,,Requested Delivery Date,2024-03-06 23:59:59.000,USER - 02130,Department 2222,Manual,Order - 0836,Sales order,Main
Order - 0866,,,,,0,,ST - Services / Tooling,,,,Requested Delivery Date,2024-03-19 23:59:59.000,USER - 02130,Department 2222,Manual,Order - 0866,Sales order,Main
Order - 0797,,,,,0,,ST - Services / Tooling,,,,Requested Delivery Date,2024-02-27 23:59:59.000,USER - 02130,Department 2222,Manual,Order - 0797,Sales order,Main
Order - 0799,,,,,0,,ST - Services / Tooling,,,,Requested Delivery Date,2024-02-27 23:59:59.000,USER - 02130,Department 2222,Manual,Order - 0799,Sales order,Main
Order - 0801,,,,,0,,ST - Services / Tooling,,,,Requested Delivery Date,2024-02-28 23:59:59.000,USER - 02130,Department 2222,Manual,Order - 0801,Sales order,Main
Order - 0802,,,,,0,,ST - Services / Tooling,,,,Requested Delivery Date,2024-02-28 23:59:59.000,USER - 02130,Department 2222,Manual,Order - 0802,Sales order,Main
Order - 0806,,,,,0,,ST - Services / Tooling,,,,Requested Delivery Date,2024-02-28 23:59:59.000,USER - 02130,Department 2222,Manual,Order - 0806,Sales order,Main
Order - 1290,,,,,0,,ST - Services / Tooling,,,,Requested Delivery Date,2024-06-19 23:59:59.000,USER - 02130,Department 2222,Manual,Order - 1290,Sales order,Main
Order - 1291,,,,,0,,ST - Services / Tooling,,,,Requested Delivery Date,2024-06-19 23:59:59.000,USER - 02130,Department 2222,Manual,Order - 1291,Sales order,Main
Order - 1297,,,,,0,,ST - Services / Tooling,,,,Requested Delivery Date,2024-06-19 23:59:59.000,USER - 02130,Department 2222,Manual,Order - 1297,Sales order,Main
Order - 1298,,,,,0,,ST - Services / Tooling,,,,Requested Delivery Date,2024-06-19 23:59:59.000,USER - 02130,Department 2222,Manual,Order - 1298,Sales order,Main
Order - 1299,,,,,0,,ST - Services / Tooling,,,,Requested Delivery Date,2024-06-19 23:59:59.000,USER - 02130,Department 2222,Manual,Order - 1299,Sales order,Main
Order - 0920,,,,,0,,ST - Services / Tooling,,,,Requested Delivery Date,2024-03-26 23:59:59.000,USER - 02130,Department 2222,Manual,Order - 0920,Sales order,Main
Order - 0923,,,,,0,,ST - Services / Tooling,,,,Requested Delivery Date,2024-03-26 23:59:59.000,USER - 02130,Department 2222,Manual,Order - 0923,Sales order,Main
Order - 0924,,,,,0,,ST - Services / Tooling,,,,Requested Delivery Date,2024-03-26 23:59:59.000,USER - 02130,Department 2222,Manual,Order - 0924,Sales order,Main
Order - 0926,,,,,0,,ST - Services / Tooling,,,,Requested Delivery Date,2024-03-26 23:59:59.000,USER - 02130,Department 2222,Manual,Order - 0926,Sales order,Main
Order - 0928,,,,,0,,ST - Services / Tooling,,,,Requested Delivery Date,2024-03-26 23:59:59.000,USER - 02130,Department 2222,Manual,Order - 0928,Sales order,Main
Order - 0488,,,,,0,,ST - Services / Tooling,,,,Requested Delivery Date,2023-12-15 23:59:59.000,USER - 02130,Department 2222,Manual,Order - 0488,Sales order,Main
Order - 0489,,,,,0,,ST - Services / Tooling,,,,Requested Delivery Date,2023-12-15 23:59:59.000,USER - 02130,Department 2222,Manual,Order - 0489,Sales order,Main
Order - 0490,,,,,0,,ST - Services / Tooling,,,,Requested Delivery Date,2023-12-15 23:59:59.000,USER - 02130,Department 2222,Manual,Order - 0490,Sales order,Main
Order - 0491,,,,,0,,ST - Services / Tooling,,,,Requested Delivery Date,2023-12-15 23:59:59.000,USER - 02130,Department 2222,Manual,Order - 0491,Sales order,Main
Order - 0492,,,,,0,,ST - Services / Tooling,,,,Requested Delivery Date,2023-12-15 23:59:59.000,USER - 02130,Department 2222,Manual,Order - 0492,Sales order,Main
Order - 0497,,,,,0,,ST - Services / Tooling,,,,Requested Delivery Date,2023-12-18 23:59:59.000,USER - 02130,Department 2222,Manual,Order - 0497,Sales order,Main
Order - 0498,,,,,0,,ST - Services / Tooling,,,,Requested Delivery Date,2023-12-18 23:59:59.000,USER - 02130,Department 2222,Manual,Order - 0498,Sales order,Main
Order - 0960,,,,,0,,ST - Services / Tooling,,,,Requested Delivery Date,2024-04-03 23:59:59.000,USER - 02130,Department 2222,Manual,Order - 0960,Sales order,Main
Order - 0961,,,,,0,,ST - Services / Tooling,,,,Requested Delivery Date,2024-04-03 23:59:59.000,USER - 02130,Department 2222,Manual,Order - 0961,Sales order,Main
Order - 0962,,,,,0,,ST - Services / Tooling,,,,Requested Delivery Date,2024-04-03 23:59:59.000,USER - 02130,Department 2222,Manual,Order - 0962,Sales order,Main
Order - 1342,,,,,0,,ST - Services / Tooling,,,,Requested Delivery Date,2024-07-02 23:59:59.000,USER - 02130,Department 2222,Manual,Order - 1342,Sales order,Main
Order - 1343,,,,,0,,ST - Services / Tooling,,,,Requested Delivery Date,2024-07-02 23:59:59.000,USER - 02130,Department 2222,Manual,Order - 1343,Sales order,Main
Order - 1352,,,,,0,,ST - Services / Tooling,,,,Requested Delivery Date,2024-07-02 23:59:59.000,USER - 02130,Department 2222,Manual,Order - 1352,Sales order,Main
Order - 1353,,,,,0,,ST - Services / Tooling,,,,Requested Delivery Date,2024-07-02 23:59:59.000,USER - 02130,Department 2222,Manual,Order - 1353,Sales order,Main
Order - 1354,,,,,0,,ST - Services / Tooling,,,,Requested Delivery Date,2024-07-02 23:59:59.000,USER - 02130,Department 2222,Manual,Order - 1354,Sales order,Main
Order - 1887,,,,,0,,ST - Services / Tooling,,,,Requested Delivery Date,2024-11-12 23:59:59.000,USER - 02130,Department 2222,Manual,Order - 1887,Sales order,Main
Order - 1888,,,,,0,,ST - Services / Tooling,,,,Requested Delivery Date,2024-11-12 23:59:59.000,USER - 02130,Department 2222,Manual,Order - 1888,Sales order,Main
Order - 1905,,,,,0,,SC - Scrap Sales,,,,Requested Delivery Date,2024-11-14 23:59:59.000,USER - 02130,Department 2222,Manual,Order - 1905,Sales order,Main
Order - 1880,,,,,0,,SC - Scrap Sales,,,,Requested Delivery Date,2024-11-07 23:59:59.000,USER - 02130,Department 2222,Manual,Order - 1880,Sales order,Main
Order - 1733,,,,,0,,ST - Services / Tooling,,,,Requested Delivery Date,2024-10-10 23:59:59.000,USER - 02130,Department 2222,Manual,Order - 1733,Sales order,Main
Order - 1941,,,,,0,,ST - Services / Tooling,,,,Requested Delivery Date,2024-11-21 23:59:59.000,USER - 02130,Department 2222,Manual,Order - 1941,Sales order,Main
Order - 1908,,,,,0,,FA - Fixed Asset Sale,,,,Requested Delivery Date,2024-11-15 23:59:59.000,USER - 02130,Department 2222,Manual,Order - 1908,Sales order,Main
Order - 1358,,,,,0,,ST - Services / Tooling,,,,Requested Delivery Date,2024-07-02 23:59:59.000,USER - 02130,Department 2222,Manual,Order - 1358,Sales order,Main
Order - 1361,,,,,0,,ST - Services / Tooling,,,,Requested Delivery Date,2024-07-02 23:59:59.000,USER - 02130,Department 2222,Manual,Order - 1361,Sales order,Main
Order - 1883,,,,,0,,ST - Services / Tooling,,,,Requested Delivery Date,2024-11-11 23:59:59.000,USER - 02130,Department 2222,Manual,Order - 1883,Sales order,Main
Order - 1345,,,,,0,,ST - Services / Tooling,,,,Requested Delivery Date,2024-07-02 23:59:59.000,USER - 02130,Department 2222,Manual,Order - 1345,Sales order,Main
Order - 1890,,,,,0,,ST - Services / Tooling,,,,Requested Delivery Date,2024-11-12 23:59:59.000,USER - 02130,Department 2222,Manual,Order - 1890,Sales order,Main
Order - 1409,,,,,0,,ST - Services / Tooling,,,,Requested Delivery Date,2024-07-17 23:59:59.000,USER - 02130,Department 2222,Manual,Order - 1409,Sales order,Main
Order - 1414,,,,,0,,ST - Services / Tooling,,,,Requested Delivery Date,2024-07-17 23:59:59.000,USER - 02130,Department 2222,Manual,Order - 1414,Sales order,Main
Order - 1421,,,,,0,,ST - Services / Tooling,,,,Requested Delivery Date,2024-07-17 23:59:59.000,USER - 02130,Department 2222,Manual,Order - 1421,Sales order,Main
Order - 1410,,,,,0,,ST - Services / Tooling,,,,Requested Delivery Date,2024-07-17 23:59:59.000,USER - 02130,Department 2222,Manual,Order - 1410,Sales order,Main
Order - 0945,,,,,0,,ST - Services / Tooling,,,,Requested Delivery Date,2024-03-29 23:59:59.000,USER - 10897,Department 2178,Manual,Order - 0945,Sales order,Main
Order - 0817,,,,,0,,ST - Services / Tooling,,,,Requested Delivery Date,2024-03-01 23:59:59.000,USER - 10897,Department 2178,Manual,Order - 0817,Sales order,Main
Order - 1451,,,,,0,,ST - Services / Tooling,,,,Requested Delivery Date,2024-07-30 23:59:59.000,USER - 10897,Department 2178,Manual,Order - 1451,Sales order,Main
Order - 1073,,,,,0,,ST - Services / Tooling,,,,Requested Delivery Date,2024-04-30 23:59:59.000,USER - 10897,Department 2178,Manual,Order - 1073,Sales order,Main
Order - 1214,,,,,0,,ST - Services / Tooling,,,,Requested Delivery Date,2024-05-31 23:59:59.000,USER - 10897,Department 2178,Manual,Order - 1214,Sales order,Main
Order - 1313,,,,,0,,ST - Services / Tooling,,,,Requested Delivery Date,2024-06-27 23:59:59.000,USER - 10897,Department 2178,Manual,Order - 1313,Sales order,Main
Order - 1266,,,,,0,,ST - Services / Tooling,,,,Requested Delivery Date,2024-06-13 23:59:59.000,USER - 10897,Department 2178,Manual,Order - 1266,Sales order,Main
Order - 1604,,,,,0,,ST - Services / Tooling,,,,Requested Delivery Date,2024-09-09 23:59:59.000,USER - 10897,Department 2178,Manual,Order - 1604,Sales order,Main
Order - 1694,,,,,0,,ST - Services / Tooling,,,,Requested Delivery Date,2024-10-04 23:59:59.000,USER - 10897,Department 2178,Manual,Order - 1694,Sales order,Main
Order - 1570,,,,,0,,ST - Services / Tooling,,,,Requested Delivery Date,2024-08-28 23:59:59.000,USER - 10897,Department 2178,Manual,Order - 1570,Sales order,Main
Order - 0292,,,,,0,,ST - Services / Tooling,,,,Requested Delivery Date,2023-10-23 23:59:59.000,USER - 10897,Department 2178,Manual,Order - 0292,Sales order,Main
Order - 0007,,,,,0,,ST - Services / Tooling,,,,Requested Delivery Date,2023-05-16 23:59:59.000,USER - 10897,Department 2178,Manual,Order - 0007,Sales order,Main
Order - 0008,,,,,0,,ST - Services / Tooling,,,,Requested Delivery Date,2023-05-16 23:59:59.000,USER - 10897,Department 2178,Manual,Order - 0008,Sales order,Main
Order - 0009,,,,,0,,ST - Services / Tooling,,,,Requested Delivery Date,2023-05-16 23:59:59.000,USER - 10897,Department 2178,Manual,Order - 0009,Sales order,Main
Order - 0010,,,,,0,,ST - Services / Tooling,,,,Requested Delivery Date,2023-05-16 23:59:59.000,USER - 10897,Department 2178,Manual,Order - 0010,Sales order,Main
Order - 0011,,,,,0,,ST - Services / Tooling,,,,Requested Delivery Date,2023-05-17 23:59:59.000,USER - 10897,Department 2178,Manual,Order - 0011,Sales order,Main
Order - 0013,,,,,0,,ST - Services / Tooling,,,,Requested Delivery Date,2023-05-23 23:59:59.000,USER - 10897,Department 2178,Manual,Order - 0013,Sales order,Main
Order - 0017,,,,,0,,ST - Services / Tooling,,,,Requested Delivery Date,2023-05-26 23:59:59.000,USER - 10897,Department 2178,Manual,Order - 0017,Sales order,Main
Order - 0024,,,,,0,,ST - Services / Tooling,,,,Requested Delivery Date,2023-05-30 23:59:59.000,USER - 10897,Department 2178,Manual,Order - 0024,Sales order,Main
Order - 0030,,,,,0,,ST - Services / Tooling,,,,Requested Delivery Date,2023-05-31 23:59:59.000,USER - 10897,Department 2178,Manual,Order - 0030,Sales order,Main
Order - 0043,,,,,0,,ST - Services / Tooling,,,,Requested Delivery Date,2023-06-07 23:59:59.000,USER - 10897,Department 2178,Manual,Order - 0043,Sales order,Main
Order - 0046,,,,,0,,ST - Services / Tooling,,,,Requested Delivery Date,2023-06-12 23:59:59.000,USER - 10897,Department 2178,Manual,Order - 0046,Sales order,Main
Order - 0056,,,,,0,,ST - Services / Tooling,,,,Requested Delivery Date,2023-06-20 23:59:59.000,USER - 10897,Department 2178,Manual,Order - 0056,Sales order,Main
Order - 0057,,,,,0,,ST - Services / Tooling,,,,Requested Delivery Date,2023-06-20 23:59:59.000,USER - 10897,Department 2178,Manual,Order - 0057,Sales order,Main
Order - 0058,,,,,0,,ST - Services / Tooling,,,,Requested Delivery Date,2023-06-20 23:59:59.000,USER - 10897,Department 2178,Manual,Order - 0058,Sales order,Main
Order - 0064,,,,,0,,ST - Services / Tooling,,,,Requested Delivery Date,2023-06-23 23:59:59.000,USER - 10897,Department 2178,Manual,Order - 0064,Sales order,Main
Order - 0066,,,,,0,,ST - Services / Tooling,,,,Requested Delivery Date,2023-06-26 23:59:59.000,USER - 10897,Department 2178,Manual,Order - 0066,Sales order,Main
Order - 0083,,,,,0,,ST - Services / Tooling,,,,Requested Delivery Date,2023-06-30 23:59:59.000,USER - 10897,Department 2178,Manual,Order - 0083,Sales order,Main
Order - 0128,,,,,0,,ST - Services / Tooling,,,,Requested Delivery Date,2023-07-27 23:59:59.000,USER - 10897,Department 2178,Manual,Order - 0128,Sales order,Main
Order - 0131,,,,,0,,ST - Services / Tooling,,,,Requested Delivery Date,2023-07-31 23:59:59.000,USER - 10897,Department 2178,Manual,Order - 0131,Sales order,Main
Order - 0089,,,,,0,,ST - Services / Tooling,,,,Requested Delivery Date,2023-07-06 23:59:59.000,USER - 10897,Department 2178,Manual,Order - 0089,Sales order,Main
Order - 1419,,,,,0,,ST - Services / Tooling,,,,Requested Delivery Date,2024-07-17 23:59:59.000,USER - 02130,Department 2222,Manual,Order - 1419,Sales order,Main
Order - 1420,,,,,0,,ST - Services / Tooling,,,,Requested Delivery Date,2024-07-17 23:59:59.000,USER - 02130,Department 2222,Manual,Order - 1420,Sales order,Main
Order - 1422,,,,,0,,ST - Services / Tooling,,,,Requested Delivery Date,2024-07-17 23:59:59.000,USER - 02130,Department 2222,Manual,Order - 1422,Sales order,Main
Order - 1423,,,,,0,,ST - Services / Tooling,,,,Requested Delivery Date,2024-07-17 23:59:59.000,USER - 02130,Department 2222,Manual,Order - 1423,Sales order,Main
Order - 1743,,,,,0,,ST - Services / Tooling,,,,Requested Delivery Date,2024-10-14 23:59:59.000,USER - 02130,Department 2222,Manual,Order - 1743,Sales order,Main
Order - 1746,,,,,0,,ST - Services / Tooling,,,,Requested Delivery Date,2024-10-14 23:59:59.000,USER - 02130,Department 2222,Manual,Order - 1746,Sales order,Main
Order - 1786,,,,,0,,ST - Services / Tooling,,,,Requested Delivery Date,2024-10-22 23:59:59.000,USER - 02130,Department 2222,Manual,Order - 1786,Sales order,Main
Order - 1319,,,,,0,,ST - Services / Tooling,,,,Requested Delivery Date,2024-06-28 23:59:59.000,USER - 02130,Department 2222,Manual,Order - 1319,Sales order,Main
Order - 1321,,,,,0,,ST - Services / Tooling,,,,Requested Delivery Date,2024-06-28 23:59:59.000,USER - 02130,Department 2222,Manual,Order - 1321,Sales order,Main
Order - 1722,,,,,0,,ST - Services / Tooling,,,,Requested Delivery Date,2024-10-09 23:59:59.000,USER - 02130,Department 2222,Manual,Order - 1722,Sales order,Main
Order - 1723,,,,,0,,ST - Services / Tooling,,,,Requested Delivery Date,2024-10-09 23:59:59.000,USER - 02130,Department 2222,Manual,Order - 1723,Sales order,Main
Order - 1725,,,,,0,,ST - Services / Tooling,,,,Requested Delivery Date,2024-10-09 23:59:59.000,USER - 02130,Department 2222,Manual,Order - 1725,Sales order,Main
Order - 1731,,,,,0,,ST - Services / Tooling,,,,Requested Delivery Date,2024-10-09 23:59:59.000,USER - 02130,Department 2222,Manual,Order - 1731,Sales order,Main
Order - 1223,,,,,0,,ST - Services / Tooling,,,,Requested Delivery Date,2024-06-04 23:59:59.000,USER - 02130,Department 2222,Manual,Order - 1223,Sales order,Main
Order - 1224,,,,,0,,ST - Services / Tooling,,,,Requested Delivery Date,2024-06-04 23:59:59.000,USER - 02130,Department 2222,Manual,Order - 1224,Sales order,Main
Order - 1225,,,,,0,,ST - Services / Tooling,,,,Requested Delivery Date,2024-06-04 23:59:59.000,USER - 02130,Department 2222,Manual,Order - 1225,Sales order,Main
Order - 1228,,,,,0,,ST - Services / Tooling,,,,Requested Delivery Date,2024-06-04 23:59:59.000,USER - 02130,Department 2222,Manual,Order - 1228,Sales order,Main
Order - 1229,,,,,0,,ST - Services / Tooling,,,,Requested Delivery Date,2024-06-04 23:59:59.000,USER - 02130,Department 2222,Manual,Order - 1229,Sales order,Main
Order - 1660,,,,,0,,ST - Services / Tooling,,,,Requested Delivery Date,2024-09-25 23:59:59.000,USER - 02130,Department 2222,Manual,Order - 1660,Sales order,Main
Order - 1257,,,,,0,,ST - Services / Tooling,,,,Requested Delivery Date,2024-06-11 23:59:59.000,USER - 02130,Department 2222,Manual,Order - 1257,Sales order,Main
Order - 1259,,,,,0,,ST - Services / Tooling,,,,Requested Delivery Date,2024-06-11 23:59:59.000,USER - 02130,Department 2222,Manual,Order - 1259,Sales order,Main
Order - 1260,,,,,0,,ST - Services / Tooling,,,,Requested Delivery Date,2024-06-11 23:59:59.000,USER - 02130,Department 2222,Manual,Order - 1260,Sales order,Main
Order - 1534,,,,,0,,ST - Services / Tooling,,,,Requested Delivery Date,2024-08-21 23:59:59.000,USER - 02130,Department 2222,Manual,Order - 1534,Sales order,Main
Order - 1540,,,,,0,,ST - Services / Tooling,,,,Requested Delivery Date,2024-08-21 23:59:59.000,USER - 02130,Department 2222,Manual,Order - 1540,Sales order,Main
Order - 1541,,,,,0,,ST - Services / Tooling,,,,Requested Delivery Date,2024-08-21 23:59:59.000,USER - 02130,Department 2222,Manual,Order - 1541,Sales order,Main
Order - 1542,,,,,0,,ST - Services / Tooling,,,,Requested Delivery Date,2024-08-21 23:59:59.000,USER - 02130,Department 2222,Manual,Order - 1542,Sales order,Main
Order - 1543,,,,,0,,ST - Services / Tooling,,,,Requested Delivery Date,2024-08-21 23:59:59.000,USER - 02130,Department 2222,Manual,Order - 1543,Sales order,Main
Order - 1544,,,,,0,,ST - Services / Tooling,,,,Requested Delivery Date,2024-08-21 23:59:59.000,USER - 02130,Department 2222,Manual,Order - 1544,Sales order,Main
Order - 1545,,,,,0,,ST - Services / Tooling,,,,Requested Delivery Date,2024-08-21 23:59:59.000,USER - 02130,Department 2222,Manual,Order - 1545,Sales order,Main
Order - 1546,,,,,0,,ST - Services / Tooling,,,,Requested Delivery Date,2024-08-21 23:59:59.000,USER - 02130,Department 2222,Manual,Order - 1546,Sales order,Main
Order - 1547,,,,,0,,ST - Services / Tooling,,,,Requested Delivery Date,2024-08-21 23:59:59.000,USER - 02130,Department 2222,Manual,Order - 1547,Sales order,Main
Order - 0786,,,,,0,,,,,,Create Delivery,2024-02-22 11:54:46.000,USER - 03676,Department 751,Manual,Delivery - 0327,Delivery,Main
Order - 0787,,,,,0,,,,,,Create Delivery,2024-02-23 10:51:39.000,USER - 03676,Department 751,Manual,Delivery - 0329,Delivery,Main
Order - 0379,,,,,0,,,,,,Create Delivery,2024-02-23 11:29:54.000,USER - 03676,Department 751,Manual,Delivery - 0330,Delivery,Main
Order - 0789,,,,,0,,,,,,Create Delivery,2024-02-26 15:04:14.000,USER - 03676,Department 751,Manual,Delivery - 0331,Delivery,Main
Order - 0790,,,,,0,,,,,,Create Delivery,2024-02-27 09:54:39.000,USER - 03676,Department 751,Manual,Delivery - 0332,Delivery,Main
Order - 0741,,,,,0,,,,,,Create Delivery,2024-02-19 13:59:27.000,USER - 03676,Department 751,Manual,Delivery - 0320,Delivery,Main
Order - 0746,,,,,0,,,,,,Create Delivery,2024-02-20 13:02:45.000,USER - 03676,Department 751,Manual,Delivery - 0321,Delivery,Main
Order - 0748,,,,,0,,,,,,Create Delivery,2024-02-20 13:05:56.000,USER - 03676,Department 751,Manual,Delivery - 0322,Delivery,Main
Order - 0749,,,,,0,,,,,,Create Delivery,2024-02-20 14:53:00.000,USER - 03676,Department 751,Manual,Delivery - 0323,Delivery,Main
Order - 0767,,,,,0,,,,,,Create Delivery,2024-02-21 11:55:53.000,USER - 03676,Department 751,Manual,Delivery - 0324,Delivery,Main
Order - 0768,,,,,0,,,,,,Create Delivery,2024-02-22 08:31:00.000,USER - 03676,Department 751,Manual,Delivery - 0325,Delivery,Main
Order - 0701,,,,,0,,,,,,Create Delivery,2024-02-13 11:24:58.000,USER - 03676,Department 751,Manual,Delivery - 0313,Delivery,Main
Order - 0702,,,,,0,,,,,,Create Delivery,2024-02-13 11:42:39.000,USER - 03676,Department 751,Manual,Delivery - 0314,Delivery,Main
Order - 0703,,,,,0,,,,,,Create Delivery,2024-02-13 15:17:21.000,USER - 03676,Department 751,Manual,Delivery - 0315,Delivery,Main
Order - 0012,,,,,0,,,,,,Create Delivery,2024-02-16 12:14:58.000,USER - 03676,Department 751,Manual,Delivery - 0317,Delivery,Main
Order - 0739,,,,,0,,,,,,Create Delivery,2024-02-16 12:47:55.000,USER - 03676,Department 751,Manual,Delivery - 0318,Delivery,Main
Order - 0740,,,,,0,,,,,,Create Delivery,2024-02-16 12:52:34.000,USER - 03676,Department 751,Manual,Delivery - 0319,Delivery,Main
Order - 0685,,,,,0,,,,,,Create Delivery,2024-02-07 13:43:00.000,USER - 03676,Department 751,Manual,Delivery - 0307,Delivery,Main
Order - 0686,,,,,0,,,,,,Create Delivery,2024-02-08 08:36:30.000,USER - 03676,Department 751,Manual,Delivery - 0308,Delivery,Main
Order - 0688,,,,,0,,,,,,Create Delivery,2024-02-08 09:23:04.000,USER - 03676,Department 751,Manual,Delivery - 0309,Delivery,Main
Order - 0135,,,,,0,,,,,,Create Delivery,2024-02-08 12:08:20.000,USER - 03676,Department 751,Manual,Delivery - 0310,Delivery,Main
Order - 0696,,,,,0,,,,,,Create Delivery,2024-02-09 12:28:21.000,USER - 03676,Department 751,Manual,Delivery - 0311,Delivery,Main
Order - 0695,,,,,0,,,,,,Create Delivery,2024-02-09 12:42:24.000,USER - 03676,Department 751,Manual,Delivery - 0312,Delivery,Main
Order - 0186,,,,,0,,,,,,Create Delivery,2024-02-02 09:55:01.000,USER - 03676,Department 751,Manual,Delivery - 0301,Delivery,Main
Order - 0679,,,,,0,,,,,,Create Delivery,2024-02-06 09:42:10.000,USER - 03676,Department 751,Manual,Delivery - 0302,Delivery,Main
Order - 0680,,,,,0,,,,,,Create Delivery,2024-02-06 10:13:25.000,USER - 03676,Department 751,Manual,Delivery - 0303,Delivery,Main
Order - 0655,,,,,0,,,,,,Create Delivery,2024-02-06 14:44:36.000,USER - 03676,Department 751,Manual,Delivery - 0304,Delivery,Main
Order - 0379,,,,,0,,,,,,Create Delivery,2024-02-06 15:46:40.000,USER - 03676,Department 751,Manual,Delivery - 0305,Delivery,Main
Order - 0684,,,,,0,,,,,,Create Delivery,2024-02-07 13:39:32.000,USER - 03676,Department 751,Manual,Delivery - 0306,Delivery,Main
Order - 0606,,,,,0,,,,,,Create Delivery,2024-01-19 09:26:48.000,USER - 03676,Department 751,Manual,Delivery - 0290,Delivery,Main
Order - 0603,,,,,0,,,,,,Create Delivery,2024-01-19 13:26:57.000,USER - 03676,Department 751,Manual,Delivery - 0291,Delivery,Main
Order - 0607,,,,,0,,,,,,Create Delivery,2024-01-22 09:27:01.000,USER - 03676,Department 751,Manual,Delivery - 0292,Delivery,Main
Order - 0654,,,,,0,,,,,,Create Delivery,2024-01-31 09:42:49.000,USER - 03676,Department 751,Manual,Delivery - 0298,Delivery,Main
Order - 0673,,,,,0,,,,,,Create Delivery,2024-02-01 15:09:03.000,USER - 03676,Department 751,Manual,Delivery - 0299,Delivery,Main
Order - 0674,,,,,0,,,,,,Create Delivery,2024-02-01 15:13:24.000,USER - 03676,Department 751,Manual,Delivery - 0300,Delivery,Main
Order - 0597,,,,,0,,,,,,Create Delivery,2024-01-16 11:05:54.000,USER - 03676,Department 751,Manual,Delivery - 0284,Delivery,Main
Order - 0598,,,,,0,,,,,,Create Delivery,2024-01-16 11:10:43.000,USER - 03676,Department 751,Manual,Delivery - 0285,Delivery,Main
Order - 0600,,,,,0,,,,,,Create Delivery,2024-01-17 13:42:57.000,USER - 03676,Department 751,Manual,Delivery - 0286,Delivery,Main
Order - 0185,,,,,0,,,,,,Create Delivery,2024-01-18 09:01:36.000,USER - 03676,Department 751,Manual,Delivery - 0287,Delivery,Main
Order - 0601,,,,,0,,,,,,Create Delivery,2024-01-18 12:51:14.000,USER - 03676,Department 751,Manual,Delivery - 0288,Delivery,Main
Order - 0001,,,,,0,,,,,,Create Freight Order,2023-05-10 13:54:44.000,USER - 03676,Department 751,Manual,FREIGHT - 00002,Freight Order,Main
Order - 0002,,,,,0,,,,,,Create Freight Order,2023-05-15 10:53:32.000,USER - 03676,Department 751,Manual,FREIGHT - 00003,Freight Order,Main
Order - 0002,,,,,0,,,,,,Create Freight Order,2023-05-15 11:04:12.000,USER - 03676,Department 751,Manual,FREIGHT - 00004,Freight Order,Main
Order - 0012,,,,,0,,,,,,Create Freight Order,2023-05-25 11:56:20.000,USER - 03676,Department 751,Manual,FREIGHT - 00005,Freight Order,Main
Order - 0012,,,,,0,,,,,,Create Freight Order,2023-05-25 11:58:00.000,USER - 03676,Department 751,Manual,FREIGHT - 00006,Freight Order,Main
Order - 0016,,,,,0,,,,,,Create Freight Order,2023-05-25 13:12:56.000,USER - 03676,Department 751,Manual,FREIGHT - 00007,Freight Order,Main
Order - 1765,,,,,0,,,,,,Create Freight Order,2024-11-21 11:16:28.000,USER - 03676,Department 751,Manual,FREIGHT - 00652,Freight Order,Main
Order - 1669,,,,,0,,,,,,Create Freight Order,2024-12-06 09:03:22.000,USER - 03676,Department 751,Manual,FREIGHT - 00655,Freight Order,Main
Order - 0768,,,,,0,,,,,,Create Freight Order,2024-12-06 09:10:39.000,USER - 03676,Department 751,Manual,FREIGHT - 00656,Freight Order,Main
Order - 1917,,,,,0,,,,,,Create Freight Order,2024-11-19 11:08:10.000,USER - 03676,Department 751,Manual,FREIGHT - 00648,Freight Order,Main
Order - 1918,,,,,0,,,,,,Create Freight Order,2024-11-19 11:16:01.000,USER - 03676,Department 751,Manual,FREIGHT - 00649,Freight Order,Main
Order - 1919,,,,,0,,,,,,Create Freight Order,2024-11-20 10:54:48.000,USER - 03676,Department 751,Manual,FREIGHT - 00650,Freight Order,Main
Order - 1921,,,,,0,,,,,,Create Freight Order,2024-11-20 11:56:35.000,USER - 03676,Department 751,Manual,FREIGHT - 00651,Freight Order,Main
Order - 1388,,,,,0,,,,,,Create Freight Order,2024-07-10 12:56:06.000,USER - 03676,Department 751,Manual,FREIGHT - 00533,Freight Order,Main
Order - 1392,,,,,0,,,,,,Create Freight Order,2024-07-12 11:32:12.000,USER - 03676,Department 751,Manual,FREIGHT - 00534,Freight Order,Main
Order - 1676,,,,,0,,,,,,Create Freight Order,2024-09-26 15:40:25.000,USER - 03676,Department 751,Manual,FREIGHT - 00592,Freight Order,Main
Order - 1677,,,,,0,,,,,,Create Freight Order,2024-09-26 15:43:57.000,USER - 03676,Department 751,Manual,FREIGHT - 00593,Freight Order,Main
Order - 1935,,,,,0,,,,,,Create Freight Order,2024-11-21 11:25:04.000,USER - 03676,Department 751,Manual,FREIGHT - 00653,Freight Order,Main
Order - 0768,,,,,0,,,,,,Create Freight Order,2024-11-22 10:49:42.000,USER - 03676,Department 751,Manual,FREIGHT - 00654,Freight Order,Main
Order - 1160,,,,,0,,,,,,Create Freight Order,2024-05-16 12:52:06.000,USER - 03676,Department 751,Manual,FREIGHT - 00473,Freight Order,Main
Order - 0854,,,,,0,,,,,,Create Freight Order,2024-05-17 08:46:48.000,USER - 03676,Department 751,Manual,FREIGHT - 00474,Freight Order,Main
Order - 1162,,,,,0,,,,,,Create Freight Order,2024-05-17 09:03:35.000,USER - 03676,Department 751,Manual,FREIGHT - 00475,Freight Order,Main
Order - 1369,,,,,0,,,,,,Create Freight Order,2024-07-09 14:59:53.000,USER - 03676,Department 751,Manual,FREIGHT - 00530,Freight Order,Main
Order - 1370,,,,,0,,,,,,Create Freight Order,2024-07-09 15:03:25.000,USER - 03676,Department 751,Manual,FREIGHT - 00531,Freight Order,Main
Order - 1387,,,,,0,,,,,,Create Freight Order,2024-07-10 12:54:56.000,USER - 03676,Department 751,Manual,FREIGHT - 00532,Freight Order,Main
Order - 0012,,,,,0,,,,,,Create Freight Order,2024-02-16 12:20:20.000,USER - 03676,Department 751,Manual,FREIGHT - 00357,Freight Order,Main
Order - 0768,,,,,0,,,,,,Create Freight Order,2024-03-27 08:22:10.000,USER - 03676,Department 751,Manual,FREIGHT - 00414,Freight Order,Main
Order - 0911,,,,,0,,,,,,Create Freight Order,2024-03-27 08:30:05.000,USER - 03676,Department 751,Manual,FREIGHT - 00415,Freight Order,Main
Order - 0934,,,,,0,,,,,,Create Freight Order,2024-03-27 14:52:44.000,USER - 03676,Department 751,Manual,FREIGHT - 00416,Freight Order,Main
Order - 1133,,,,,0,,,,,,Create Freight Order,2024-05-15 13:06:35.000,USER - 03676,Department 751,Manual,FREIGHT - 00471,Freight Order,Main
Order - 1066,,,,,0,,,,,,Create Freight Order,2024-05-15 14:07:22.000,USER - 03676,Department 751,Manual,FREIGHT - 00472,Freight Order,Main
Order - 0418,,,,,0,,,,,,Create Freight Order,2023-12-06 09:16:17.000,USER - 03676,Department 751,Manual,FREIGHT - 00294,Freight Order,Main
Order - 0419,,,,,0,,,,,,Create Freight Order,2023-12-06 09:19:09.000,USER - 03676,Department 751,Manual,FREIGHT - 00295,Freight Order,Main
Order - 0420,,,,,0,,,,,,Create Freight Order,2023-12-06 09:21:46.000,USER - 03676,Department 751,Manual,FREIGHT - 00296,Freight Order,Main
Order - 0421,,,,,0,,,,,,Create Freight Order,2023-12-06 11:05:15.000,USER - 03676,Department 751,Manual,FREIGHT - 00297,Freight Order,Main
Order - 0702,,,,,0,,,,,,Create Freight Order,2024-02-13 11:43:30.000,USER - 03676,Department 751,Manual,FREIGHT - 00354,Freight Order,Main
Order - 0703,,,,,0,,,,,,Create Freight Order,2024-02-13 15:17:45.000,USER - 03676,Department 751,Manual,FREIGHT - 00355,Freight Order,Main
Order - 0289,,,,,0,,,,,,Create Freight Order,2023-10-20 11:56:39.000,USER - 03676,Department 751,Manual,FREIGHT - 00237,Freight Order,Main
Order - 1130,,,,,0,,,,,,Create Freight Order,2024-05-14 12:39:35.000,USER - 03676,Department 751,Manual,FREIGHT - 00470,Freight Order,Main
Order - 1066,,,,,0,,,,,,Create Freight Order,2024-04-29 08:39:42.000,USER - 03676,Department 751,Manual,FREIGHT - 00459,Freight Order,Main
Order - 1039,,,,,0,,,,,,Create Freight Order,2024-04-29 13:45:45.000,USER - 03676,Department 751,Manual,FREIGHT - 00460,Freight Order,Main
Order - 1070,,,,,0,,,,,,Create Freight Order,2024-04-29 14:51:44.000,USER - 03676,Department 751,Manual,FREIGHT - 00461,Freight Order,Main
Order - 1039,,,,,0,,,,,,Create Freight Order,2024-05-08 08:20:26.000,USER - 03676,Department 751,Manual,FREIGHT - 00462,Freight Order,Main
Order - 0975,,,,,0,,ST - Services / Tooling,,,,Requested Delivery Date,2024-04-03 23:59:59.000,USER - 02130,Department 2222,Manual,Order - 0975,Sales order,Main
Order - 0976,,,,,0,,ST - Services / Tooling,,,,Requested Delivery Date,2024-04-03 23:59:59.000,USER - 02130,Department 2222,Manual,Order - 0976,Sales order,Main
Order - 0972,,,,,0,,ST - Services / Tooling,,,,Requested Delivery Date,2024-04-03 23:59:59.000,USER - 02130,Department 2222,Manual,Order - 0972,Sales order,Main
Order - 0973,,,,,0,,ST - Services / Tooling,,,,Requested Delivery Date,2024-04-03 23:59:59.000,USER - 02130,Department 2222,Manual,Order - 0973,Sales order,Main
Order - 0968,,,,,0,,ST - Services / Tooling,,,,Requested Delivery Date,2024-04-03 23:59:59.000,USER - 02130,Department 2222,Manual,Order - 0968,Sales order,Main
Order - 0969,,,,,0,,ST - Services / Tooling,,,,Requested Delivery Date,2024-04-03 23:59:59.000,USER - 02130,Department 2222,Manual,Order - 0969,Sales order,Main
Order - 0970,,,,,0,,ST - Services / Tooling,,,,Requested Delivery Date,2024-04-03 23:59:59.000,USER - 02130,Department 2222,Manual,Order - 0970,Sales order,Main
Order - 0966,,,,,0,,ST - Services / Tooling,,,,Requested Delivery Date,2024-04-03 23:59:59.000,USER - 02130,Department 2222,Manual,Order - 0966,Sales order,Main
Order - 0963,,,,,0,,ST - Services / Tooling,,,,Requested Delivery Date,2024-04-03 23:59:59.000,USER - 02130,Department 2222,Manual,Order - 0963,Sales order,Main
Order - 0956,,,,,0,,ST - Services / Tooling,,,,Requested Delivery Date,2024-04-03 23:59:59.000,USER - 02130,Department 2222,Manual,Order - 0956,Sales order,Main
Order - 0493,,,,,0,,ST - Services / Tooling,,,,Requested Delivery Date,2023-12-15 23:59:59.000,USER - 02130,Department 2222,Manual,Order - 0493,Sales order,Main
Order - 0494,,,,,0,,ST - Services / Tooling,,,,Requested Delivery Date,2023-12-15 23:59:59.000,USER - 02130,Department 2222,Manual,Order - 0494,Sales order,Main
Order - 0996,,,,,0,,ST - Services / Tooling,,,,Requested Delivery Date,2024-04-10 23:59:59.000,USER - 02130,Department 2222,Manual,Order - 0996,Sales order,Main
Order - 0873,,,,,0,,ST - Services / Tooling,,,,Requested Delivery Date,2024-03-19 23:59:59.000,USER - 02130,Department 2222,Manual,Order - 0873,Sales order,Main
Order - 0532,,,,,0,,ST - Services / Tooling,,,,Requested Delivery Date,2023-12-19 23:59:59.000,USER - 02130,Department 2222,Manual,Order - 0532,Sales order,Main
Order - 0883,,,,,0,,ST - Services / Tooling,,,,Requested Delivery Date,2024-03-19 23:59:59.000,USER - 02130,Department 2222,Manual,Order - 0883,Sales order,Main
Order - 0884,,,,,0,,ST - Services / Tooling,,,,Requested Delivery Date,2024-03-19 23:59:59.000,USER - 02130,Department 2222,Manual,Order - 0884,Sales order,Main
Order - 0892,,,,,0,,ST - Services / Tooling,,,,Requested Delivery Date,2024-03-20 23:59:59.000,USER - 02130,Department 2222,Manual,Order - 0892,Sales order,Main
Order - 0369,,,,,0,,ST - Services / Tooling,,,,Requested Delivery Date,2023-11-22 23:59:59.000,USER - 02130,Department 2222,Manual,Order - 0369,Sales order,Main
Order - 1732,,,,,0,,ST - Services / Tooling,,,,Requested Delivery Date,2024-10-10 23:59:59.000,USER - 02130,Department 2222,Manual,Order - 1732,Sales order,Main
Order - 1715,,,,,0,,ST - Services / Tooling,,,,Requested Delivery Date,2024-10-08 23:59:59.000,USER - 02130,Department 2222,Manual,Order - 1715,Sales order,Main
Order - 0544,,,,,0,,ST - Services / Tooling,,,,Requested Delivery Date,2023-12-19 23:59:59.000,USER - 02130,Department 2222,Manual,Order - 0544,Sales order,Main
Order - 1882,,,,,0,,SC - Scrap Sales,,,,Requested Delivery Date,2024-11-07 23:59:59.000,USER - 02130,Department 2222,Manual,Order - 1882,Sales order,Main
Order - 1904,,,,,0,,SC - Scrap Sales,,,,Requested Delivery Date,2024-11-14 23:59:59.000,USER - 02130,Department 2222,Manual,Order - 1904,Sales order,Main
Order - 0765,,,,,0,,ST - Services / Tooling,,,,Requested Delivery Date,2024-02-20 23:59:59.000,USER - 02130,Department 2222,Manual,Order - 0765,Sales order,Main
Order - 0773,,,,,0,,ST - Services / Tooling,,,,Requested Delivery Date,2024-02-21 23:59:59.000,USER - 02130,Department 2222,Manual,Order - 0773,Sales order,Main
Order - 0779,,,,,0,,ST - Services / Tooling,,,,Requested Delivery Date,2024-02-21 23:59:59.000,USER - 02130,Department 2222,Manual,Order - 0779,Sales order,Main
Order - 0780,,,,,0,,ST - Services / Tooling,,,,Requested Delivery Date,2024-02-21 23:59:59.000,USER - 02130,Department 2222,Manual,Order - 0780,Sales order,Main
Order - 0751,,,,,0,,ST - Services / Tooling,,,,Requested Delivery Date,2024-02-20 23:59:59.000,USER - 02130,Department 2222,Manual,Order - 0751,Sales order,Main
Order - 0756,,,,,0,,ST - Services / Tooling,,,,Requested Delivery Date,2024-02-20 23:59:59.000,USER - 02130,Department 2222,Manual,Order - 0756,Sales order,Main
Order - 0757,,,,,0,,ST - Services / Tooling,,,,Requested Delivery Date,2024-02-20 23:59:59.000,USER - 02130,Department 2222,Manual,Order - 0757,Sales order,Main
Order - 0918,,,,,0,,ST - Services / Tooling,,,,Requested Delivery Date,2024-03-26 23:59:59.000,USER - 02130,Department 2222,Manual,Order - 0918,Sales order,Main
Order - 0921,,,,,0,,ST - Services / Tooling,,,,Requested Delivery Date,2024-03-26 23:59:59.000,USER - 02130,Department 2222,Manual,Order - 0921,Sales order,Main
Order - 0922,,,,,0,,ST - Services / Tooling,,,,Requested Delivery Date,2024-03-26 23:59:59.000,USER - 02130,Department 2222,Manual,Order - 0922,Sales order,Main
Order - 0925,,,,,0,,ST - Services / Tooling,,,,Requested Delivery Date,2024-03-26 23:59:59.000,USER - 02130,Department 2222,Manual,Order - 0925,Sales order,Main
Order - 0929,,,,,0,,ST - Services / Tooling,,,,Requested Delivery Date,2024-03-26 23:59:59.000,USER - 02130,Department 2222,Manual,Order - 0929,Sales order,Main
Order - 0930,,,,,0,,ST - Services / Tooling,,,,Requested Delivery Date,2024-03-26 23:59:59.000,USER - 02130,Department 2222,Manual,Order - 0930,Sales order,Main
Order - 0931,,,,,0,,ST - Services / Tooling,,,,Requested Delivery Date,2024-03-26 23:59:59.000,USER - 02130,Department 2222,Manual,Order - 0931,Sales order,Main
Order - 0933,,,,,0,,ST - Services / Tooling,,,,Requested Delivery Date,2024-03-26 23:59:59.000,USER - 02130,Department 2222,Manual,Order - 0933,Sales order,Main
Order - 1405,,,,,0,,ST - Services / Tooling,,,,Requested Delivery Date,2024-07-17 23:59:59.000,USER - 02130,Department 2222,Manual,Order - 1405,Sales order,Main
Order - 0902,,,,,0,,ST - Services / Tooling,,,,Requested Delivery Date,2024-03-20 23:59:59.000,USER - 02130,Department 2222,Manual,Order - 0902,Sales order,Main
Order - 0903,,,,,0,,ST - Services / Tooling,,,,Requested Delivery Date,2024-03-20 23:59:59.000,USER - 02130,Department 2222,Manual,Order - 0903,Sales order,Main
Order - 1868,,,,,0,,ST - Services / Tooling,,,,Requested Delivery Date,2024-11-05 23:59:59.000,USER - 02130,Department 2222,Manual,Order - 1868,Sales order,Main
Order - 0997,,,,,0,,ST - Services / Tooling,,,,Requested Delivery Date,2024-04-10 23:59:59.000,USER - 02130,Department 2222,Manual,Order - 0997,Sales order,Main
Order - 0999,,,,,0,,ST - Services / Tooling,,,,Requested Delivery Date,2024-04-10 23:59:59.000,USER - 02130,Department 2222,Manual,Order - 0999,Sales order,Main
Order - 1000,,,,,0,,ST - Services / Tooling,,,,Requested Delivery Date,2024-04-10 23:59:59.000,USER - 02130,Department 2222,Manual,Order - 1000,Sales order,Main
Order - 1001,,,,,0,,ST - Services / Tooling,,,,Requested Delivery Date,2024-04-10 23:59:59.000,USER - 02130,Department 2222,Manual,Order - 1001,Sales order,Main
Order - 1003,,,,,0,,ST - Services / Tooling,,,,Requested Delivery Date,2024-04-10 23:59:59.000,USER - 02130,Department 2222,Manual,Order - 1003,Sales order,Main
Order - 1004,,,,,0,,ST - Services / Tooling,,,,Requested Delivery Date,2024-04-10 23:59:59.000,USER - 02130,Department 2222,Manual,Order - 1004,Sales order,Main
Order - 1005,,,,,0,,ST - Services / Tooling,,,,Requested Delivery Date,2024-04-10 23:59:59.000,USER - 02130,Department 2222,Manual,Order - 1005,Sales order,Main
Order - 1528,,,,,0,,ST - Services / Tooling,,,,Requested Delivery Date,2024-08-20 23:59:59.000,USER - 02130,Department 2222,Manual,Order - 1528,Sales order,Main
Order - 0980,,,,,0,,ST - Services / Tooling,,,,Requested Delivery Date,2024-04-03 23:59:59.000,USER - 02130,Department 2222,Manual,Order - 0980,Sales order,Main
Order - 0982,,,,,0,,ST - Services / Tooling,,,,Requested Delivery Date,2024-04-03 23:59:59.000,USER - 02130,Department 2222,Manual,Order - 0982,Sales order,Main
Order - 1509,,,,,0,,ST - Services / Tooling,,,,Requested Delivery Date,2024-08-12 23:59:59.000,USER - 02130,Department 2222,Manual,Order - 1509,Sales order,Main
Order - 1512,,,,,0,,ST - Services / Tooling,,,,Requested Delivery Date,2024-08-12 23:59:59.000,USER - 02130,Department 2222,Manual,Order - 1512,Sales order,Main
Order - 1513,,,,,0,,ST - Services / Tooling,,,,Requested Delivery Date,2024-08-12 23:59:59.000,USER - 02130,Department 2222,Manual,Order - 1513,Sales order,Main
Order - 1514,,,,,0,,ST - Services / Tooling,,,,Requested Delivery Date,2024-08-12 23:59:59.000,USER - 02130,Department 2222,Manual,Order - 1514,Sales order,Main
Order - 1461,,,,,0,,ST - Services / Tooling,,,,Requested Delivery Date,2024-07-30 23:59:59.000,USER - 02130,Department 2222,Manual,Order - 1461,Sales order,Main
Order - 1462,,,,,0,,ST - Services / Tooling,,,,Requested Delivery Date,2024-07-30 23:59:59.000,USER - 02130,Department 2222,Manual,Order - 1462,Sales order,Main
Order - 1464,,,,,0,,ST - Services / Tooling,,,,Requested Delivery Date,2024-07-30 23:59:59.000,USER - 02130,Department 2222,Manual,Order - 1464,Sales order,Main
Order - 1465,,,,,0,,ST - Services / Tooling,,,,Requested Delivery Date,2024-07-30 23:59:59.000,USER - 02130,Department 2222,Manual,Order - 1465,Sales order,Main
Order - 1474,,,,,0,,ST - Services / Tooling,,,,Requested Delivery Date,2024-07-31 23:59:59.000,USER - 02130,Department 2222,Manual,Order - 1474,Sales order,Main
Order - 1262,,,,,0,,,,,,Create Delivery,2024-06-12 11:48:27.000,USER - 03676,Department 751,Manual,Delivery - 0454,Delivery,Main
Order - 1263,,,,,0,,,,,,Create Delivery,2024-06-12 14:55:56.000,USER - 03676,Department 751,Manual,Delivery - 0455,Delivery,Main
Order - 0768,,,,,0,,,,,,Create Delivery,2024-06-12 14:58:14.000,USER - 03676,Department 751,Manual,Delivery - 0456,Delivery,Main
Order - 0768,,,,,0,,,,,,Create Delivery,2024-06-12 15:04:06.000,USER - 03676,Department 751,Manual,Delivery - 0457,Delivery,Main
Order - 1189,,,,,0,,,,,,Create Delivery,2024-06-12 16:20:40.000,USER - 03676,Department 751,Manual,Delivery - 0458,Delivery,Main
Order - 1235,,,,,0,,,,,,Create Delivery,2024-06-05 09:58:54.000,USER - 03676,Department 751,Manual,Delivery - 0447,Delivery,Main
Order - 1238,,,,,0,,,,,,Create Delivery,2024-06-06 15:33:32.000,USER - 03676,Department 751,Manual,Delivery - 0448,Delivery,Main
Order - 1244,,,,,0,,,,,,Create Delivery,2024-06-11 11:33:02.000,USER - 03676,Department 751,Manual,Delivery - 0449,Delivery,Main
Order - 1245,,,,,0,,,,,,Create Delivery,2024-06-11 11:47:22.000,USER - 03676,Department 751,Manual,Delivery - 0450,Delivery,Main
Order - 1169,,,,,0,,,,,,Create Delivery,2024-06-11 13:27:53.000,USER - 03676,Department 751,Manual,Delivery - 0451,Delivery,Main
Order - 1240,,,,,0,,,,,,Create Delivery,2024-06-11 14:59:08.000,USER - 03676,Department 751,Manual,Delivery - 0452,Delivery,Main
Order - 1197,,,,,0,,,,,,Create Delivery,2024-05-27 11:44:35.000,USER - 03676,Department 751,Manual,Delivery - 0441,Delivery,Main
Order - 1198,,,,,0,,,,,,Create Delivery,2024-05-27 11:46:26.000,USER - 03676,Department 751,Manual,Delivery - 0442,Delivery,Main
Order - 1200,,,,,0,,,,,,Create Delivery,2024-05-29 13:34:59.000,USER - 03676,Department 751,Manual,Delivery - 0443,Delivery,Main
Order - 1218,,,,,0,,,,,,Create Delivery,2024-06-04 13:53:13.000,USER - 03676,Department 751,Manual,Delivery - 0444,Delivery,Main
Order - 1219,,,,,0,,,,,,Create Delivery,2024-06-04 13:55:52.000,USER - 03676,Department 751,Manual,Delivery - 0445,Delivery,Main
Order - 1234,,,,,0,,,,,,Create Delivery,2024-06-05 09:51:32.000,USER - 03676,Department 751,Manual,Delivery - 0446,Delivery,Main
Order - 1191,,,,,0,,,,,,Create Delivery,2024-05-23 11:52:42.000,USER - 03676,Department 751,Manual,Delivery - 0435,Delivery,Main
Order - 1192,,,,,0,,,,,,Create Delivery,2024-05-24 10:58:01.000,USER - 03676,Department 751,Manual,Delivery - 0436,Delivery,Main
Order - 1193,,,,,0,,,,,,Create Delivery,2024-05-24 11:07:13.000,USER - 03676,Department 751,Manual,Delivery - 0437,Delivery,Main
Order - 1190,,,,,0,,,,,,Create Delivery,2024-05-24 12:24:09.000,USER - 03676,Department 751,Manual,Delivery - 0438,Delivery,Main
Order - 1062,,,,,0,,,,,,Create Delivery,2024-05-24 12:28:46.000,USER - 03676,Department 751,Manual,Delivery - 0439,Delivery,Main
Order - 1194,,,,,0,,,,,,Create Delivery,2024-05-24 13:38:24.000,USER - 03676,Department 751,Manual,Delivery - 0440,Delivery,Main
Order - 1066,,,,,0,,,,,,Create Delivery,2024-05-15 14:04:39.000,USER - 03676,Department 751,Manual,Delivery - 0429,Delivery,Main
Order - 1160,,,,,0,,,,,,Create Delivery,2024-05-16 12:51:39.000,USER - 03676,Department 751,Manual,Delivery - 0430,Delivery,Main
Order - 0854,,,,,0,,,,,,Create Delivery,2024-05-17 08:43:55.000,USER - 03676,Department 751,Manual,Delivery - 0431,Delivery,Main
Order - 1162,,,,,0,,,,,,Create Delivery,2024-05-17 09:01:32.000,USER - 03676,Department 751,Manual,Delivery - 0432,Delivery,Main
Order - 1170,,,,,0,,,,,,Create Delivery,2024-05-21 15:45:40.000,USER - 03676,Department 751,Manual,Delivery - 0433,Delivery,Main
Order - 1172,,,,,0,,,,,,Create Delivery,2024-05-21 15:49:22.000,USER - 03676,Department 751,Manual,Delivery - 0434,Delivery,Main
Order - 1125,,,,,0,,,,,,Create Delivery,2024-05-10 13:26:02.000,USER - 03676,Department 751,Manual,Delivery - 0423,Delivery,Main
Order - 1126,,,,,0,,,,,,Create Delivery,2024-05-10 13:30:22.000,USER - 03676,Department 751,Manual,Delivery - 0424,Delivery,Main
Order - 1097,,,,,0,,,,,,Create Delivery,2024-05-14 11:23:43.000,USER - 03676,Department 751,Manual,Delivery - 0425,Delivery,Main
Order - 1129,,,,,0,,,,,,Create Delivery,2024-05-14 12:31:20.000,USER - 03676,Department 751,Manual,Delivery - 0426,Delivery,Main
Order - 1130,,,,,0,,,,,,Create Delivery,2024-05-14 12:36:28.000,USER - 03676,Department 751,Manual,Delivery - 0427,Delivery,Main
Order - 1133,,,,,0,,,,,,Create Delivery,2024-05-15 13:06:20.000,USER - 03676,Department 751,Manual,Delivery - 0428,Delivery,Main
Order - 1039,,,,,0,,,,,,Create Delivery,2024-04-29 13:44:39.000,USER - 03676,Department 751,Manual,Delivery - 0417,Delivery,Main
Order - 1070,,,,,0,,,,,,Create Delivery,2024-04-29 14:51:21.000,USER - 03676,Department 751,Manual,Delivery - 0418,Delivery,Main
Order - 1039,,,,,0,,,,,,Create Delivery,2024-05-08 08:19:42.000,USER - 03676,Department 751,Manual,Delivery - 0419,Delivery,Main
Order - 0850,,,,,0,,,,,,Create Delivery,2024-05-08 11:56:50.000,USER - 03676,Department 751,Manual,Delivery - 0420,Delivery,Main
Order - 1118,,,,,0,,,,,,Create Delivery,2024-05-09 13:24:39.000,USER - 03676,Department 751,Manual,Delivery - 0421,Delivery,Main
Order - 0001,,,,,0,,,,,,Create Freight Order,2023-05-10 12:53:43.000,USER - 05732,Department 751,Manual,FREIGHT - 00001,Freight Order,Main
Order - 0233,,,,,0,,,,,,Create Freight Order,2023-10-03 09:21:13.000,USER - 07901,Department 1776,Manual,FREIGHT - 00209,Freight Order,Main
Order - 0687,,,,,0,,,,,,Create Freight Order,2024-02-22 13:06:42.000,USER - 07760,Department 713,Manual,FREIGHT - 00368,Freight Order,Main
Order - 0080,,,,,0,,,,,,Create Freight Order,2023-07-14 12:59:09.000,USER - 10696,Department 749,Manual,FREIGHT - 00084,Freight Order,Main
Order - 1275,,,,,0,,,,,,Create Freight Order,2024-07-30 12:51:25.000,USER - 10696,Department 749,Manual,FREIGHT - 00549,Freight Order,Main
Order - 1753,,,,,0,,,,,,Create Freight Order,2024-10-16 15:33:55.000,USER - 03676,Department 751,Manual,FREIGHT - 00615,Freight Order,Main
Order - 1754,,,,,0,,,,,,Create Freight Order,2024-10-17 08:29:48.000,USER - 03676,Department 751,Manual,FREIGHT - 00616,Freight Order,Main
Order - 1755,,,,,0,,,,,,Create Freight Order,2024-10-17 08:38:53.000,USER - 03676,Department 751,Manual,FREIGHT - 00617,Freight Order,Main
Order - 0792,,,,,0,,,,,,Create Freight Order,2024-10-09 11:06:38.000,USER - 03676,Department 751,Manual,FREIGHT - 00606,Freight Order,Main
Order - 1718,,,,,0,,,,,,Create Freight Order,2024-10-09 13:26:41.000,USER - 03676,Department 751,Manual,FREIGHT - 00607,Freight Order,Main
Order - 1736,,,,,0,,,,,,Create Freight Order,2024-10-10 15:26:07.000,USER - 03676,Department 751,Manual,FREIGHT - 00608,Freight Order,Main
Order - 1737,,,,,0,,,,,,Create Freight Order,2024-10-10 15:35:51.000,USER - 03676,Department 751,Manual,FREIGHT - 00609,Freight Order,Main
Order - 1738,,,,,0,,,,,,Create Freight Order,2024-10-14 09:54:01.000,USER - 03676,Department 751,Manual,FREIGHT - 00610,Freight Order,Main
Order - 1748,,,,,0,,,,,,Create Freight Order,2024-10-15 09:40:03.000,USER - 03676,Department 751,Manual,FREIGHT - 00611,Freight Order,Main
Order - 1684,,,,,0,,,,,,Create Freight Order,2024-10-01 11:33:40.000,USER - 03676,Department 751,Manual,FREIGHT - 00600,Freight Order,Main
Order - 1597,,,,,0,,,,,,Create Freight Order,2024-10-03 12:27:09.000,USER - 03676,Department 751,Manual,FREIGHT - 00601,Freight Order,Main
Order - 1691,,,,,0,,,,,,Create Freight Order,2024-10-03 13:19:02.000,USER - 03676,Department 751,Manual,FREIGHT - 00602,Freight Order,Main
Order - 1597,,,,,0,,,,,,Create Freight Order,2024-10-08 08:35:54.000,USER - 03676,Department 751,Manual,FREIGHT - 00603,Freight Order,Main
Order - 1719,,,,,0,,,,,,Create Freight Order,2024-10-08 13:20:47.000,USER - 03676,Department 751,Manual,FREIGHT - 00604,Freight Order,Main
Order - 0854,,,,,0,,,,,,Create Freight Order,2024-10-09 10:49:46.000,USER - 03676,Department 751,Manual,FREIGHT - 00605,Freight Order,Main
Order - 1673,,,,,0,,,,,,Create Freight Order,2024-09-26 16:00:13.000,USER - 03676,Department 751,Manual,FREIGHT - 00594,Freight Order,Main
Order - 1597,,,,,0,,,,,,Create Freight Order,2024-09-27 09:20:45.000,USER - 03676,Department 751,Manual,FREIGHT - 00595,Freight Order,Main
Order - 1679,,,,,0,,,,,,Create Freight Order,2024-09-27 11:04:25.000,USER - 03676,Department 751,Manual,FREIGHT - 00596,Freight Order,Main
Order - 1662,,,,,0,,,,,,Create Freight Order,2024-09-27 11:34:46.000,USER - 03676,Department 751,Manual,FREIGHT - 00597,Freight Order,Main
Order - 1682,,,,,0,,,,,,Create Freight Order,2024-09-30 12:44:56.000,USER - 03676,Department 751,Manual,FREIGHT - 00598,Freight Order,Main
Order - 1683,,,,,0,,,,,,Create Freight Order,2024-09-30 12:54:02.000,USER - 03676,Department 751,Manual,FREIGHT - 00599,Freight Order,Main
Order - 0126,,,,,0,,,,,,Create Freight Order,2023-07-28 11:40:58.000,USER - 03676,Department 751,Manual,FREIGHT - 00100,Freight Order,Main
Order - 0126,,,,,0,,,,,,Create Freight Order,2023-07-28 11:47:12.000,USER - 03676,Department 751,Manual,FREIGHT - 00101,Freight Order,Main
Order - 0113,,,,,0,,,,,,Create Freight Order,2023-07-28 12:10:06.000,USER - 03676,Department 751,Manual,FREIGHT - 00102,Freight Order,Main
Order - 0113,,,,,0,,,,,,Create Freight Order,2023-07-28 12:11:19.000,USER - 03676,Department 751,Manual,FREIGHT - 00103,Freight Order,Main
Order - 0112,,,,,0,,,,,,Create Freight Order,2023-07-28 12:47:16.000,USER - 03676,Department 751,Manual,FREIGHT - 00104,Freight Order,Main
Order - 0112,,,,,0,,,,,,Create Freight Order,2023-07-28 12:53:37.000,USER - 03676,Department 751,Manual,FREIGHT - 00105,Freight Order,Main
Order - 0116,,,,,0,,,,,,Create Freight Order,2023-07-21 10:56:30.000,USER - 03676,Department 751,Manual,FREIGHT - 00090,Freight Order,Main
Order - 0117,,,,,0,,,,,,Create Freight Order,2023-07-24 13:53:57.000,USER - 03676,Department 751,Manual,FREIGHT - 00091,Freight Order,Main
Order - 0121,,,,,0,,,,,,Create Freight Order,2023-07-25 14:17:40.000,USER - 03676,Department 751,Manual,FREIGHT - 00093,Freight Order,Main
Order - 0122,,,,,0,,,,,,Create Freight Order,2023-07-25 14:33:33.000,USER - 03676,Department 751,Manual,FREIGHT - 00094,Freight Order,Main
Order - 0123,,,,,0,,,,,,Create Freight Order,2023-07-25 14:40:31.000,USER - 03676,Department 751,Manual,FREIGHT - 00095,Freight Order,Main
Order - 0124,,,,,0,,,,,,Create Freight Order,2023-07-25 14:45:25.000,USER - 03676,Department 751,Manual,FREIGHT - 00096,Freight Order,Main
Order - 0015,,,,,0,,,,,,Create Freight Order,2023-07-14 10:56:10.000,USER - 03676,Department 751,Manual,FREIGHT - 00080,Freight Order,Main
Order - 0079,,,,,0,,,,,,Create Freight Order,2023-07-14 11:58:25.000,USER - 03676,Department 751,Manual,FREIGHT - 00082,Freight Order,Main
Order - 0105,,,,,0,,,,,,Create Freight Order,2023-07-18 09:59:13.000,USER - 03676,Department 751,Manual,FREIGHT - 00085,Freight Order,Main
Order - 0106,,,,,0,,,,,,Create Freight Order,2023-07-18 10:02:56.000,USER - 03676,Department 751,Manual,FREIGHT - 00086,Freight Order,Main
Order - 0107,,,,,0,,,,,,Create Freight Order,2023-07-18 10:13:26.000,USER - 03676,Department 751,Manual,FREIGHT - 00087,Freight Order,Main
Order - 0039,,,,,0,,,,,,Create Freight Order,2023-06-07 08:46:26.000,USER - 03676,Department 751,Manual,FREIGHT - 00025,Freight Order,Main
Order - 0016,,,,,0,,,,,,Create Freight Order,2023-05-25 13:14:16.000,USER - 03676,Department 751,Manual,FREIGHT - 00008,Freight Order,Main
Order - 0015,,,,,0,,,,,,Create Freight Order,2023-05-25 13:32:02.000,USER - 03676,Department 751,Manual,FREIGHT - 00009,Freight Order,Main
Order - 0015,,,,,0,,,,,,Create Freight Order,2023-05-25 13:32:46.000,USER - 03676,Department 751,Manual,FREIGHT - 00010,Freight Order,Main
Order - 0025,,,,,0,,,,,,Create Freight Order,2023-05-31 13:21:20.000,USER - 03676,Department 751,Manual,FREIGHT - 00017,Freight Order,Main
Order - 0026,,,,,0,,,,,,Create Freight Order,2023-05-31 13:41:59.000,USER - 03676,Department 751,Manual,FREIGHT - 00018,Freight Order,Main
Order - 0031,,,,,0,,,,,,Create Freight Order,2023-06-02 11:55:04.000,USER - 03676,Department 751,Manual,FREIGHT - 00019,Freight Order,Main
Order - 0148,,,,,0,,,,,,Create Freight Order,2023-08-09 14:28:03.000,USER - 05664,Department 751,Manual,FREIGHT - 00121,Freight Order,Main
Order - 0149,,,,,0,,,,,,Create Freight Order,2023-08-10 15:02:10.000,USER - 05664,Department 751,Manual,FREIGHT - 00124,Freight Order,Main
Order - 0151,,,,,0,,,,,,Create Freight Order,2023-08-11 10:06:13.000,USER - 05664,Department 751,Manual,FREIGHT - 00125,Freight Order,Main
Order - 0197,,,,,0,,,,,,Create Freight Order,2023-09-05 13:07:07.000,USER - 05664,Department 751,Manual,FREIGHT - 00160,Freight Order,Main
Order - 0198,,,,,0,,,,,,Create Freight Order,2023-09-05 13:20:22.000,USER - 05664,Department 751,Manual,FREIGHT - 00161,Freight Order,Main
Order - 0236,,,,,0,,,,,,Create Freight Order,2023-09-22 11:56:03.000,USER - 05664,Department 751,Manual,FREIGHT - 00195,Freight Order,Main
Order - 0142,,,,,0,,,,,,Create Freight Order,2023-08-08 12:29:44.000,USER - 05664,Department 751,Manual,FREIGHT - 00117,Freight Order,Main
Order - 0143,,,,,0,,,,,,Create Freight Order,2023-08-08 12:38:04.000,USER - 05664,Department 751,Manual,FREIGHT - 00118,Freight Order,Main
Order - 0144,,,,,0,,,,,,Create Freight Order,2023-08-08 12:42:31.000,USER - 05664,Department 751,Manual,FREIGHT - 00119,Freight Order,Main
Order - 1447,,,,,0,,,,,,Create Freight Order,2024-07-30 14:06:38.000,USER - 05664,Department 751,Manual,FREIGHT - 00552,Freight Order,Main
Order - 1480,,,,,0,,,,,,Create Freight Order,2024-08-02 13:15:29.000,USER - 05664,Department 751,Manual,FREIGHT - 00554,Freight Order,Main
Order - 1481,,,,,0,,,,,,Create Freight Order,2024-08-02 13:26:11.000,USER - 05664,Department 751,Manual,FREIGHT - 00555,Freight Order,Main
Order - 0125,,,,,0,,,,,,Create Freight Order,2023-07-27 09:15:24.000,USER - 05664,Department 751,Manual,FREIGHT - 00099,Freight Order,Main
Order - 0133,,,,,0,,,,,,Create Freight Order,2023-08-01 14:31:51.000,USER - 05664,Department 751,Manual,FREIGHT - 00110,Freight Order,Main
Order - 0136,,,,,0,,,,,,Create Freight Order,2023-08-03 13:20:27.000,USER - 05664,Department 751,Manual,FREIGHT - 00114,Freight Order,Main
Order - 1437,,,,,0,,,,,,Create Freight Order,2024-07-24 14:23:37.000,USER - 05664,Department 751,Manual,FREIGHT - 00545,Freight Order,Main
Order - 1438,,,,,0,,,,,,Create Freight Order,2024-07-24 14:29:41.000,USER - 05664,Department 751,Manual,FREIGHT - 00546,Freight Order,Main
Order - 1439,,,,,0,,,,,,Create Freight Order,2024-07-24 14:34:36.000,USER - 05664,Department 751,Manual,FREIGHT - 00547,Freight Order,Main
Order - 1440,,,,,0,,,,,,Create Freight Order,2024-07-25 11:10:10.000,USER - 05664,Department 751,Manual,FREIGHT - 00548,Freight Order,Main
Order - 1445,,,,,0,,,,,,Create Freight Order,2024-07-30 13:49:43.000,USER - 05664,Department 751,Manual,FREIGHT - 00550,Freight Order,Main
Order - 1446,,,,,0,,,,,,Create Freight Order,2024-07-30 13:54:59.000,USER - 05664,Department 751,Manual,FREIGHT - 00551,Freight Order,Main
Order - 1399,,,,,0,,,,,,Create Freight Order,2024-07-17 12:35:31.000,USER - 05664,Department 751,Manual,FREIGHT - 00539,Freight Order,Main
Order - 1400,,,,,0,,,,,,Create Freight Order,2024-07-17 12:41:52.000,USER - 05664,Department 751,Manual,FREIGHT - 00540,Freight Order,Main
Order - 1425,,,,,0,,,,,,Create Freight Order,2024-07-19 11:53:59.000,USER - 05664,Department 751,Manual,FREIGHT - 00541,Freight Order,Main
Order - 1432,,,,,0,,,,,,Create Freight Order,2024-07-23 13:14:56.000,USER - 05664,Department 751,Manual,FREIGHT - 00542,Freight Order,Main
Order - 1433,,,,,0,,,,,,Create Freight Order,2024-07-23 13:49:43.000,USER - 05664,Department 751,Manual,FREIGHT - 00543,Freight Order,Main
Order - 1435,,,,,0,,,,,,Create Freight Order,2024-07-23 13:55:05.000,USER - 05664,Department 751,Manual,FREIGHT - 00544,Freight Order,Main
Order - 0624,,,,,0,,,,,,Create Freight Order,2024-01-30 11:51:39.000,USER - 05664,Department 751,Manual,FREIGHT - 00336,Freight Order,Main
Order - 0845,,,,,0,,,,,,Create Freight Order,2024-03-12 14:11:57.000,USER - 05664,Department 751,Manual,FREIGHT - 00390,Freight Order,Main
Order - 0846,,,,,0,,,,,,Create Freight Order,2024-03-12 14:21:04.000,USER - 05664,Department 751,Manual,FREIGHT - 00391,Freight Order,Main
Order - 0915,,,,,0,,,,,,Create Freight Order,2024-03-25 13:26:49.000,USER - 05664,Department 751,Manual,FREIGHT - 00411,Freight Order,Main
Order - 0379,,,,,0,,,,,,Create Goods Issue,2024-03-14 12:18:57.000,No user information,,,GI - 000577,Goods Issue is created,Main
Order - 0848,,,,,0,,,,,,Create Goods Issue,2024-03-14 13:45:42.000,No user information,,,GI - 000578,Goods Issue is created,Main
Order - 0849,,,,,0,,,,,,Create Goods Issue,2024-03-14 13:48:52.000,No user information,,,GI - 000579,Goods Issue is created,Main
Order - 0674,,,,,0,,,,,,Create Goods Issue,2024-03-14 13:53:34.000,No user information,,,GI - 000580,Goods Issue is created,Main
Order - 0740,,,,,0,,,,,,Create Goods Issue,2024-03-14 13:55:25.000,No user information,,,GI - 000581,Goods Issue is created,Main
Order - 0786,,,,,0,,,,,,Create Goods Issue,2024-03-14 13:58:42.000,No user information,,,GI - 000582,Goods Issue is created,Main
Order - 0684,,,,,0,,,,,,Create Goods Issue,2024-03-14 14:45:27.000,No user information,,,GI - 000583,Goods Issue is created,Main
Order - 0702,,,,,0,,,,,,Create Goods Issue,2024-03-14 14:47:33.000,No user information,,,GI - 000584,Goods Issue is created,Main
Order - 0746,,,,,0,,,,,,Create Goods Issue,2024-03-14 14:48:50.000,No user information,,,GI - 000585,Goods Issue is created,Main
Order - 0748,,,,,0,,,,,,Create Goods Issue,2024-03-14 14:51:03.000,No user information,,,GI - 000586,Goods Issue is created,Main
Order - 0851,,,,,0,,,,,,Create Goods Issue,2024-03-14 15:10:07.000,No user information,,,GI - 000587,Goods Issue is created,Main
Order - 0852,,,,,0,,,,,,Create Goods Issue,2024-03-14 15:31:01.000,No user information,,,GI - 000588,Goods Issue is created,Main
Order - 0853,,,,,0,,,,,,Create Goods Issue,2024-03-14 15:35:18.000,No user information,,,GI - 000589,Goods Issue is created,Main
Order - 0854,,,,,0,,,,,,Create Goods Issue,2024-03-15 12:48:24.000,No user information,,,GI - 000590,Goods Issue is created,Main
Order - 0854,,,,,0,,,,,,Create Goods Issue,2024-03-15 12:48:24.000,No user information,,,GI - 000591,Goods Issue is created,Main
Order - 0854,,,,,0,,,,,,Create Goods Issue,2024-03-15 12:48:24.000,No user information,,,GI - 000592,Goods Issue is created,Main
Order - 0861,,,,,0,,,,,,Create Goods Issue,2024-03-18 15:10:53.000,No user information,,,GI - 000593,Goods Issue is created,Main
Order - 0862,,,,,0,,,,,,Create Goods Issue,2024-03-18 15:19:55.000,No user information,,,GI - 000594,Goods Issue is created,Main
Order - 0863,,,,,0,,,,,,Create Goods Issue,2024-03-18 15:24:21.000,No user information,,,GI - 000595,Goods Issue is created,Main
Order - 0864,,,,,0,,,,,,Create Goods Issue,2024-03-19 09:25:56.000,No user information,,,GI - 000596,Goods Issue is created,Main
Order - 0887,,,,,0,,,,,,Create Goods Issue,2024-03-20 10:03:56.000,No user information,,,GI - 000597,Goods Issue is created,Main
Order - 0888,,,,,0,,,,,,Create Goods Issue,2024-03-20 10:58:26.000,No user information,,,GI - 000598,Goods Issue is created,Main
Order - 0379,,,,,0,,,,,,Create Goods Issue,2024-03-21 13:30:18.000,No user information,,,GI - 000599,Goods Issue is created,Main
Order - 0841,,,,,0,,,,,,Create Goods Issue,2024-03-22 09:53:10.000,No user information,,,GI - 000600,Goods Issue is created,Main
Order - 0841,,,,,0,,,,,,Create Goods Issue,2024-03-22 09:53:10.000,No user information,,,GI - 000601,Goods Issue is created,Main
Order - 0911,,,,,0,,,,,,Create Goods Issue,2024-03-22 11:54:28.000,No user information,,,GI - 000602,Goods Issue is created,Main
Order - 0911,,,,,0,,,,,,Create Goods Issue,2024-03-22 11:54:28.000,No user information,,,GI - 000603,Goods Issue is created,Main
Order - 0911,,,,,0,,,,,,Create Goods Issue,2024-03-22 11:54:28.000,No user information,,,GI - 000604,Goods Issue is created,Main
Order - 0912,,,,,0,,,,,,Create Goods Issue,2024-03-22 14:20:11.000,No user information,,,GI - 000605,Goods Issue is created,Main
Order - 0913,,,,,0,,,,,,Create Goods Issue,2024-03-22 14:25:25.000,No user information,,,GI - 000606,Goods Issue is created,Main
Order - 0914,,,,,0,,,,,,Create Goods Issue,2024-03-22 14:33:24.000,No user information,,,GI - 000607,Goods Issue is created,Main
Order - 0915,,,,,0,,,,,,Create Goods Issue,2024-03-25 13:27:14.000,No user information,,,GI - 000608,Goods Issue is created,Main
Order - 0916,,,,,0,,,,,,Create Goods Issue,2024-03-25 13:36:38.000,No user information,,,GI - 000609,Goods Issue is created,Main
Order - 0917,,,,,0,,,,,,Create Goods Issue,2024-03-25 13:43:54.000,No user information,,,GI - 000610,Goods Issue is created,Main
Order - 0768,,,,,0,,,,,,Create Goods Issue,2024-03-27 08:25:12.000,No user information,,,GI - 000611,Goods Issue is created,Main
Order - 0768,,,,,0,,,,,,Create Goods Issue,2024-03-27 08:25:12.000,No user information,,,GI - 000612,Goods Issue is created,Main
Order - 0768,,,,,0,,,,,,Create Goods Issue,2024-03-27 08:25:12.000,No user information,,,GI - 000613,Goods Issue is created,Main
Order - 0911,,,,,0,,,,,,Create Goods Issue,2024-03-27 08:33:01.000,No user information,,,GI - 000614,Goods Issue is created,Main
Order - 0911,,,,,0,,,,,,Create Goods Issue,2024-03-27 08:33:01.000,No user information,,,GI - 000615,Goods Issue is created,Main
Order - 0934,,,,,0,,,,,,Create Goods Issue,2024-03-27 14:52:53.000,No user information,,,GI - 000616,Goods Issue is created,Main
Order - 0935,,,,,0,,,,,,Create Goods Issue,2024-03-27 14:56:56.000,No user information,,,GI - 000617,Goods Issue is created,Main
Order - 0936,,,,,0,,,,,,Create Goods Issue,2024-03-27 15:02:29.000,No user information,,,GI - 000618,Goods Issue is created,Main
Order - 0937,,,,,0,,,,,,Create Goods Issue,2024-03-27 15:07:52.000,No user information,,,GI - 000619,Goods Issue is created,Main
Order - 0938,,,,,0,,,,,,Create Goods Issue,2024-03-27 15:20:38.000,No user information,,,GI - 000620,Goods Issue is created,Main
Order - 0947,,,,,0,,,,,,Create Goods Issue,2024-04-02 09:14:40.000,No user information,,,GI - 000621,Goods Issue is created,Main
Order - 0948,,,,,0,,,,,,Create Goods Issue,2024-04-02 09:19:40.000,No user information,,,GI - 000622,Goods Issue is created,Main
Order - 0951,,,,,0,,,,,,Create Goods Issue,2024-04-03 15:31:52.000,No user information,,,GI - 000623,Goods Issue is created,Main
Order - 0952,,,,,0,,,,,,Create Goods Issue,2024-04-03 15:34:51.000,No user information,,,GI - 000624,Goods Issue is created,Main
Order - 1309,,,,,0,,,,,,Create Goods Issue,2024-07-10 12:39:53.000,No user information,,,GI - 000817,Goods Issue is created,Main
Order - 1234,,,,,0,,,,,,Create Goods Issue,2024-07-10 12:40:59.000,No user information,,,GI - 000818,Goods Issue is created,Main
Order - 1219,,,,,0,,,,,,Create Goods Issue,2024-07-10 12:50:38.000,No user information,,,GI - 000819,Goods Issue is created,Main
Order - 1245,,,,,0,,,,,,Create Goods Issue,2024-07-10 12:51:52.000,No user information,,,GI - 000820,Goods Issue is created,Main
Order - 1264,,,,,0,,,,,,Create Goods Issue,2024-07-10 12:53:18.000,No user information,,,GI - 000821,Goods Issue is created,Main
Order - 1283,,,,,0,,,,,,Create Goods Issue,2024-07-10 12:54:14.000,No user information,,,GI - 000822,Goods Issue is created,Main
Order - 1387,,,,,0,,,,,,Create Goods Issue,2024-07-10 12:55:17.000,No user information,,,GI - 000823,Goods Issue is created,Main
Order - 1388,,,,,0,,,,,,Create Goods Issue,2024-07-10 12:56:25.000,No user information,,,GI - 000824,Goods Issue is created,Main
Order - 1392,,,,,0,,,,,,Create Goods Issue,2024-07-12 11:32:26.000,No user information,,,GI - 000825,Goods Issue is created,Main
Order - 1393,,,,,0,,,,,,Create Goods Issue,2024-07-12 13:15:27.000,No user information,,,GI - 000826,Goods Issue is created,Main
Order - 1394,,,,,0,,,,,,Create Goods Issue,2024-07-15 15:13:42.000,No user information,,,GI - 000827,Goods Issue is created,Main
Order - 1395,,,,,0,,,,,,Create Goods Issue,2024-07-16 14:03:34.000,No user information,,,GI - 000828,Goods Issue is created,Main
Order - 1396,,,,,0,,,,,,Create Goods Issue,2024-07-16 14:12:19.000,No user information,,,GI - 000829,Goods Issue is created,Main
Order - 1399,,,,,0,,,,,,Create Goods Issue,2024-07-17 12:35:52.000,No user information,,,GI - 000830,Goods Issue is created,Main
Order - 1400,,,,,0,,,,,,Create Goods Issue,2024-07-17 12:42:19.000,No user information,,,GI - 000831,Goods Issue is created,Main
Order - 1425,,,,,0,,,,,,Create Goods Issue,2024-07-19 11:54:19.000,No user information,,,GI - 000832,Goods Issue is created,Main
Order - 1432,,,,,0,,,,,,Create Goods Issue,2024-07-23 13:15:12.000,No user information,,,GI - 000833,Goods Issue is created,Main
Order - 1433,,,,,0,,,,,,Create Goods Issue,2024-07-23 13:49:57.000,No user information,,,GI - 000834,Goods Issue is created,Main
Order - 1435,,,,,0,,,,,,Create Goods Issue,2024-07-23 13:55:24.000,No user information,,,GI - 000835,Goods Issue is created,Main
Order - 1437,,,,,0,,,,,,Create Goods Issue,2024-07-24 14:24:03.000,No user information,,,GI - 000836,Goods Issue is created,Main
Order - 1438,,,,,0,,,,,,Create Goods Issue,2024-07-24 14:29:51.000,No user information,,,GI - 000837,Goods Issue is created,Main
Order - 1439,,,,,0,,,,,,Create Goods Issue,2024-07-24 14:34:47.000,No user information,,,GI - 000838,Goods Issue is created,Main
Order - 1440,,,,,0,,,,,,Create Goods Issue,2024-07-25 11:10:30.000,No user information,,,GI - 000839,Goods Issue is created,Main
Order - 1445,,,,,0,,,,,,Create Goods Issue,2024-07-30 13:50:38.000,No user information,,,GI - 000840,Goods Issue is created,Main
Order - 1446,,,,,0,,,,,,Create Goods Issue,2024-07-30 13:55:11.000,No user information,,,GI - 000841,Goods Issue is created,Main
Order - 1447,,,,,0,,,,,,Create Goods Issue,2024-07-30 14:06:47.000,No user information,,,GI - 000842,Goods Issue is created,Main
Order - 1275,,,,,0,,,,,,Create Goods Issue,2024-07-31 09:25:32.000,No user information,,,GI - 000843,Goods Issue is created,Main
Order - 0768,,,,,0,,,,,,Create Goods Issue,2024-08-02 09:48:32.000,No user information,,,GI - 000844,Goods Issue is created,Main
Order - 1480,,,,,0,,,,,,Create Goods Issue,2024-08-02 13:15:48.000,No user information,,,GI - 000845,Goods Issue is created,Main
Order - 1481,,,,,0,,,,,,Create Goods Issue,2024-08-02 13:26:22.000,No user information,,,GI - 000846,Goods Issue is created,Main
Order - 0768,,,,,0,,,,,,Create Goods Issue,2024-08-07 12:06:10.000,No user information,,,GI - 000847,Goods Issue is created,Main
Order - 0768,,,,,0,,,,,,Create Goods Issue,2024-08-07 12:06:10.000,No user information,,,GI - 000848,Goods Issue is created,Main
Order - 1240,,,,,0,,,,,,Create Goods Issue,2024-08-08 11:06:49.000,No user information,,,GI - 000849,Goods Issue is created,Main
Order - 1240,,,,,0,,,,,,Create Goods Issue,2024-08-08 11:06:49.000,No user information,,,GI - 000850,Goods Issue is created,Main
Order - 1240,,,,,0,,,,,,Create Goods Issue,2024-08-08 11:06:49.000,No user information,,,GI - 000851,Goods Issue is created,Main
Order - 1240,,,,,0,,,,,,Create Goods Issue,2024-08-08 11:06:49.000,No user information,,,GI - 000852,Goods Issue is created,Main
Order - 1335,,,,,0,,,,,,Create Goods Issue,2024-08-14 14:59:48.000,No user information,,,GI - 000853,Goods Issue is created,Main
Order - 1334,,,,,0,,,,,,Create Goods Issue,2024-08-14 15:01:43.000,No user information,,,GI - 000854,Goods Issue is created,Main
Order - 1395,,,,,0,,,,,,Create Goods Issue,2024-08-14 15:02:59.000,No user information,,,GI - 000855,Goods Issue is created,Main
Order - 1432,,,,,0,,,,,,Create Goods Issue,2024-08-14 15:04:29.000,No user information,,,GI - 000856,Goods Issue is created,Main
Order - 1521,,,,,0,,,,,,Create Goods Issue,2024-08-14 15:09:34.000,No user information,,,GI - 000857,Goods Issue is created,Main
Order - 1522,,,,,0,,,,,,Create Goods Issue,2024-08-14 15:49:06.000,No user information,,,GI - 000858,Goods Issue is created,Main
Order - 1523,,,,,0,,,,,,Create Goods Issue,2024-08-14 15:53:40.000,No user information,,,GI - 000859,Goods Issue is created,Main
Order - 1524,,,,,0,,,,,,Create Goods Issue,2024-08-14 16:00:01.000,No user information,,,GI - 000860,Goods Issue is created,Main
Order - 1527,,,,,0,,,,,,Create Goods Issue,2024-08-20 12:21:58.000,No user information,,,GI - 000861,Goods Issue is created,Main
Order - 1275,,,,,0,,,,,,Create Goods Issue,2024-08-20 13:38:58.000,No user information,,,GI - 000862,Goods Issue is created,Main
Order - 1275,,,,,0,,,,,,Create Goods Issue,2024-08-20 13:38:58.000,No user information,,,GI - 000863,Goods Issue is created,Main
Order - 1530,,,,,0,,,,,,Create Goods Issue,2024-08-21 15:18:44.000,No user information,,,GI - 000864,Goods Issue is created,Main
Order - 1240,,,,,0,,,,,,Create Invoice,2024-06-11 22:00:00.000,USER - 07897,NULL,Automatic,Invoice - 474,Create Invoice,Main
Order - 1240,,,,,0,,,,,,Create Invoice,2024-06-11 22:00:00.000,USER - 07897,NULL,Automatic,Invoice - 475,Create Invoice,Main
Order - 1240,,,,,0,,,,,,Create Invoice,2024-06-11 22:00:00.000,USER - 07897,NULL,Automatic,Invoice - 476,Create Invoice,Main
Order - 1198,,,,,0,,,,,,Create Invoice,2024-05-27 23:09:00.000,USER - 07897,NULL,Automatic,Invoice - 465,Create Invoice,Main
Order - 1200,,,,,0,,,,,,Create Invoice,2024-05-29 22:43:00.000,USER - 07897,NULL,Automatic,Invoice - 466,Create Invoice,Main
Order - 1218,,,,,0,,,,,,Create Invoice,2024-06-04 22:17:00.000,USER - 07897,NULL,Automatic,Invoice - 467,Create Invoice,Main
Order - 1219,,,,,0,,,,,,Create Invoice,2024-06-04 22:17:00.000,USER - 07897,NULL,Automatic,Invoice - 468,Create Invoice,Main
Order - 1234,,,,,0,,,,,,Create Invoice,2024-06-05 22:41:00.000,USER - 07897,NULL,Automatic,Invoice - 469,Create Invoice,Main
Order - 1235,,,,,0,,,,,,Create Invoice,2024-06-05 22:41:00.000,USER - 07897,NULL,Automatic,Invoice - 470,Create Invoice,Main
Order - 1062,,,,,0,,,,,,Create Invoice,2024-05-24 22:00:00.000,USER - 07897,NULL,Automatic,Invoice - 459,Create Invoice,Main
Order - 1190,,,,,0,,,,,,Create Invoice,2024-05-24 22:33:00.000,USER - 07897,NULL,Automatic,Invoice - 460,Create Invoice,Main
Order - 1192,,,,,0,,,,,,Create Invoice,2024-05-24 22:33:00.000,USER - 07897,NULL,Automatic,Invoice - 461,Create Invoice,Main
Order - 1193,,,,,0,,,,,,Create Invoice,2024-05-24 22:33:00.000,USER - 07897,NULL,Automatic,Invoice - 462,Create Invoice,Main
Order - 1194,,,,,0,,,,,,Create Invoice,2024-05-24 22:33:00.000,USER - 07897,NULL,Automatic,Invoice - 463,Create Invoice,Main
Order - 1197,,,,,0,,,,,,Create Invoice,2024-05-27 23:09:00.000,USER - 07897,NULL,Automatic,Invoice - 464,Create Invoice,Main
Order - 1170,,,,,0,,,,,,Create Invoice,2024-05-21 22:42:00.000,USER - 07897,NULL,Automatic,Invoice - 453,Create Invoice,Main
Order - 1172,,,,,0,,,,,,Create Invoice,2024-05-21 22:42:00.000,USER - 07897,NULL,Automatic,Invoice - 454,Create Invoice,Main
Order - 1189,,,,,0,,,,,,Create Invoice,2024-05-22 22:00:00.000,USER - 07897,NULL,Automatic,Invoice - 455,Create Invoice,Main
Order - 1189,,,,,0,,,,,,Create Invoice,2024-05-22 22:00:00.000,USER - 07897,NULL,Automatic,Invoice - 456,Create Invoice,Main
Order - 1189,,,,,0,,,,,,Create Invoice,2024-05-22 22:00:00.000,USER - 07897,NULL,Automatic,Invoice - 457,Create Invoice,Main
Order - 0597,,,,,0,,,,,,Invoice is paid,2024-02-14 23:59:59.000,USER - 04201,Department 1601,Manual,Invoice - 295,Invoice is paid,Main
Order - 0173,,,,,0,,,,,,Invoice is paid,2023-12-28 23:59:59.000,USER - 04201,Department 1601,Manual,Invoice - 220,Invoice is paid,Main
Order - 0185,,,,,0,,,,,,Invoice is paid,2023-11-15 23:59:59.000,USER - 04201,Department 1601,Manual,Invoice - 221,Invoice is paid,Main
Order - 0309,,,,,0,,,,,,Invoice is paid,2023-11-29 23:59:59.000,USER - 04201,Department 1601,Manual,Invoice - 222,Invoice is paid,Main
Order - 0173,,,,,0,,,,,,Invoice is paid,2024-01-16 23:59:59.000,USER - 04201,Department 1601,Manual,Invoice - 242,Invoice is paid,Main
Order - 0338,,,,,0,,,,,,Invoice is paid,2023-12-29 23:59:59.000,USER - 04201,Department 1601,Manual,Invoice - 243,Invoice is paid,Main
Order - 0339,,,,,0,,,,,,Invoice is paid,2023-12-20 23:59:59.000,USER - 04201,Department 1601,Manual,Invoice - 244,Invoice is paid,Main
Order - 0275,,,,,0,,,,,,Invoice is paid,2023-11-29 23:59:59.000,USER - 04201,Department 1601,Manual,Invoice - 195,Invoice is paid,Main
Order - 0276,,,,,0,,,,,,Invoice is paid,2023-11-29 23:59:59.000,USER - 04201,Department 1601,Manual,Invoice - 196,Invoice is paid,Main
Order - 0277,,,,,0,,,,,,Invoice is paid,2023-11-24 23:59:59.000,USER - 04201,Department 1601,Manual,Invoice - 197,Invoice is paid,Main
Order - 0217,,,,,0,,,,,,Sales order is changed,2023-09-15 11:23:00.000,USER - 04201,Department 1601,Manual,Order - 0217,Sales order,Change
Order - 1936,,,,,0,,,,,,Sales order is changed,2024-11-21 14:58:00.000,USER - 10897,Department 2178,Manual,Order - 1936,Sales order,Change
Order - 1436,,,,,0,,,,,,Sales order is changed,2024-07-24 12:28:00.000,USER - 10897,Department 2178,Manual,Order - 1436,Sales order,Change
Order - 0744,,,,,0,,,,,,Sales order is changed,2024-02-20 15:16:00.000,USER - 08479,NULL,NULL,Order - 0744,Sales order,Change
Order - 0173,,,,,0,,,,,,Delivery is changed,2023-09-08 11:38:00.000,USER - 10699,Department 752,Manual,Delivery - 0135,Delivery,Change
Order - 0015,,,,,0,,,,,,Delivery is changed,2023-06-23 07:47:00.000,USER - 07543,Department 752,Manual,Delivery - 0020,Delivery,Change
Order - 0850,,,,,0,,,,,,Delivery is changed,2024-04-18 12:45:00.000,USER - 03676,Department 751,Manual,Delivery - 0407,Delivery,Change
Order - 0041,,,,,0,,,,,,Delivery is changed,2023-06-28 16:05:00.000,USER - 03676,Department 751,Manual,Delivery - 0041,Delivery,Change
Order - 0015,,,,,0,,,,,,Delivery is changed,2023-08-30 13:43:00.000,USER - 03676,Department 751,Manual,Delivery - 0104,Delivery,Change
Order - 0655,,,,,0,,,,,,Freight order is changed,2024-02-06 14:56:00.000,USER - 03676,Department 751,Manual,FREIGHT - 00343,Freight order,Change
Order - 0041,,,,,0,,,,,,Freight order is changed,2023-06-28 15:28:00.000,USER - 03676,Department 751,Manual,FREIGHT - 00052,Freight order,Change
Order - 0942,,,,,0,,,,,,Freight order is changed,2024-04-09 12:35:00.000,USER - 03676,Department 751,Manual,FREIGHT - 00430,Freight order,Change
Order - 0080,,,,,0,,,,,,Freight order is changed,2023-07-14 12:59:00.000,USER - 10696,Department 749,Manual,FREIGHT - 00083,Freight order,Change
Order - 0032,,,,,0,,,,,,Invoice is changed,2023-06-05 08:30:00.000,USER - 04201,Department 1601,Manual,Invoice - 011,Invoice,Change
Order - 0792,,,,,0,,,,,,Invoice is changed,2024-11-28 21:24:00.000,USER - 03649,Department 486,Manual,Invoice - 589,Invoice,Change
Order - 1828,,,,,0,,ST - Services / Tooling,,,,Requested Delivery Date,2024-10-30 23:59:59.000,USER - 01037,Department 2177,Manual,Order - 1828,Sales order,Main
Order - 1829,,,,,0,,ST - Services / Tooling,,,,Requested Delivery Date,2024-10-30 23:59:59.000,USER - 01037,Department 2177,Manual,Order - 1829,Sales order,Main
Order - 1830,,,,,0,,ST - Services / Tooling,,,,Requested Delivery Date,2024-10-30 23:59:59.000,USER - 01037,Department 2177,Manual,Order - 1830,Sales order,Main
Order - 1848,,,,,0,,ST - Services / Tooling,,,,Requested Delivery Date,2024-10-30 23:59:59.000,USER - 01037,Department 2177,Manual,Order - 1848,Sales order,Main
Order - 1800,,,,,0,,ST - Services / Tooling,,,,Requested Delivery Date,2024-10-24 23:59:59.000,USER - 01037,Department 2177,Manual,Order - 1800,Sales order,Main
Order - 1808,,,,,0,,FA - Fixed Asset Sale,,,,Requested Delivery Date,2024-10-25 23:59:59.000,USER - 01037,Department 2177,Manual,Order - 1808,Sales order,Main
Order - 1842,,,,,0,,ST - Services / Tooling,,,,Requested Delivery Date,2024-10-30 23:59:59.000,USER - 01037,Department 2177,Manual,Order - 1842,Sales order,Main
Order - 1843,,,,,0,,ST - Services / Tooling,,,,Requested Delivery Date,2024-10-30 23:59:59.000,USER - 01037,Department 2177,Manual,Order - 1843,Sales order,Main
Order - 1844,,,,,0,,ST - Services / Tooling,,,,Requested Delivery Date,2024-10-30 23:59:59.000,USER - 01037,Department 2177,Manual,Order - 1844,Sales order,Main
Order - 1873,,,,,0,,ST - Services / Tooling,,,,Requested Delivery Date,2024-11-05 23:59:59.000,USER - 01037,Department 2177,Manual,Order - 1873,Sales order,Main
Order - 1847,,,,,0,,ST - Services / Tooling,,,,Requested Delivery Date,2024-10-30 23:59:59.000,USER - 01037,Department 2177,Manual,Order - 1847,Sales order,Main
Order - 1853,,,,,0,,ST - Services / Tooling,,,,Requested Delivery Date,2024-10-30 23:59:59.000,USER - 01037,Department 2177,Manual,Order - 1853,Sales order,Main
Order - 1845,,,,,0,,ST - Services / Tooling,,,,Requested Delivery Date,2024-10-30 23:59:59.000,USER - 01037,Department 2177,Manual,Order - 1845,Sales order,Main
Order - 1846,,,,,0,,ST - Services / Tooling,,,,Requested Delivery Date,2024-10-30 23:59:59.000,USER - 01037,Department 2177,Manual,Order - 1846,Sales order,Main
Order - 1849,,,,,0,,ST - Services / Tooling,,,,Requested Delivery Date,2024-10-30 23:59:59.000,USER - 01037,Department 2177,Manual,Order - 1849,Sales order,Main
Order - 1850,,,,,0,,ST - Services / Tooling,,,,Requested Delivery Date,2024-10-30 23:59:59.000,USER - 01037,Department 2177,Manual,Order - 1850,Sales order,Main
Order - 1852,,,,,0,,ST - Services / Tooling,,,,Requested Delivery Date,2024-10-30 23:59:59.000,USER - 01037,Department 2177,Manual,Order - 1852,Sales order,Main
Order - 1782,,,,,0,,ST - Services / Tooling,,,,Requested Delivery Date,2024-10-22 23:59:59.000,USER - 01037,Department 2177,Manual,Order - 1782,Sales order,Main
Order - 1805,,,,,0,,SO - Standard Order,,,,Requested Delivery Date,2024-10-25 23:59:59.000,USER - 01037,Department 2177,Manual,Order - 1805,Sales order,Main
Order - 1806,,,,,0,,SO - Standard Order,,,,Requested Delivery Date,2024-10-25 23:59:59.000,USER - 01037,Department 2177,Manual,Order - 1806,Sales order,Main
Order - 1811,,,,,0,,SO - Standard Order,,,,Requested Delivery Date,2024-10-28 23:59:59.000,USER - 06647,Department 953,Manual,Order - 1811,Sales order,Main
Order - 1821,,,,,0,,ST - Services / Tooling,,,,Requested Delivery Date,2024-10-29 23:59:59.000,USER - 06647,Department 953,Manual,Order - 1821,Sales order,Main
Order - 1755,,,,,0,,SO - Standard Order,,,,Requested Delivery Date,2024-10-17 23:59:59.000,USER - 06647,Department 953,Manual,Order - 1755,Sales order,Main
Order - 1780,,,,,0,,ST - Services / Tooling,,,,Requested Delivery Date,2024-10-22 23:59:59.000,USER - 06647,Department 953,Manual,Order - 1780,Sales order,Main
Order - 1781,,,,,0,,ST - Services / Tooling,,,,Requested Delivery Date,2024-10-22 23:59:59.000,USER - 06647,Department 953,Manual,Order - 1781,Sales order,Main
Order - 1891,,,,,0,,ST - Services / Tooling,,,,Requested Delivery Date,2024-11-12 23:59:59.000,USER - 06647,Department 953,Manual,Order - 1891,Sales order,Main
Order - 1779,,,,,0,,ST - Services / Tooling,,,,Requested Delivery Date,2024-10-22 23:59:59.000,USER - 06647,Department 953,Manual,Order - 1779,Sales order,Main
Order - 1783,,,,,0,,ST - Services / Tooling,,,,Requested Delivery Date,2024-10-22 23:59:59.000,USER - 06647,Department 953,Manual,Order - 1783,Sales order,Main
Order - 1524,,,,,0,,SO - Standard Order,,,,Requested Delivery Date,2024-08-14 23:59:59.000,USER - 03676,Department 751,Manual,Order - 1524,Sales order,Main
Order - 1527,,,,,0,,SO - Standard Order,,,,Requested Delivery Date,2024-08-20 23:59:59.000,USER - 03676,Department 751,Manual,Order - 1527,Sales order,Main
Order - 1530,,,,,0,,SO - Standard Order,,,,Requested Delivery Date,2024-08-21 23:59:59.000,USER - 03676,Department 751,Manual,Order - 1530,Sales order,Main
Order - 1531,,,,,0,,SO - Standard Order,,,,Requested Delivery Date,2024-08-21 23:59:59.000,USER - 03676,Department 751,Manual,Order - 1531,Sales order,Main
Order - 0045,,,,,0,,SO - Standard Order,,,,Requested Delivery Date,2023-06-09 23:59:59.000,USER - 03676,Department 751,Manual,Order - 0045,Sales order,Main
Order - 0047,,,,,0,,SO - Standard Order,,,,Requested Delivery Date,2023-06-12 23:59:59.000,USER - 03676,Department 751,Manual,Order - 0047,Sales order,Main
Order - 0050,,,,,0,,SO - Standard Order,,,,Requested Delivery Date,2023-06-13 23:59:59.000,USER - 03676,Department 751,Manual,Order - 0050,Sales order,Main
Order - 0051,,,,,0,,SO - Standard Order,,,,Requested Delivery Date,2023-06-13 23:59:59.000,USER - 03676,Department 751,Manual,Order - 0051,Sales order,Main
Order - 0052,,,,,0,,SO - Standard Order,,,,Requested Delivery Date,2023-06-13 23:59:59.000,USER - 03676,Department 751,Manual,Order - 0052,Sales order,Main
Order - 0053,,,,,0,,SO - Standard Order,,,,Requested Delivery Date,2023-06-15 23:59:59.000,USER - 03676,Department 751,Manual,Order - 0053,Sales order,Main
Order - 0054,,,,,0,,SO - Standard Order,,,,Requested Delivery Date,2023-06-15 23:59:59.000,USER - 03676,Department 751,Manual,Order - 0054,Sales order,Main
Order - 0059,,,,,0,,SO - Standard Order,,,,Requested Delivery Date,2023-06-20 23:59:59.000,USER - 03676,Department 751,Manual,Order - 0059,Sales order,Main
Order - 0060,,,,,0,,SO - Standard Order,,,,Requested Delivery Date,2023-06-20 23:59:59.000,USER - 03676,Department 751,Manual,Order - 0060,Sales order,Main
Order - 0061,,,,,0,,SO - Standard Order,,,,Requested Delivery Date,2023-06-22 23:59:59.000,USER - 03676,Department 751,Manual,Order - 0061,Sales order,Main
Order - 0062,,,,,0,,SO - Standard Order,,,,Requested Delivery Date,2023-06-22 23:59:59.000,USER - 03676,Department 751,Manual,Order - 0062,Sales order,Main
Order - 0063,,,,,0,,SO - Standard Order,,,,Requested Delivery Date,2023-06-23 23:59:59.000,USER - 03676,Department 751,Manual,Order - 0063,Sales order,Main
Order - 0067,,,,,0,,SO - Standard Order,,,,Requested Delivery Date,2023-06-26 23:59:59.000,USER - 03676,Department 751,Manual,Order - 0067,Sales order,Main
Order - 0068,,,,,0,,SO - Standard Order,,,,Requested Delivery Date,2023-06-27 23:59:59.000,USER - 03676,Department 751,Manual,Order - 0068,Sales order,Main
Order - 0071,,,,,0,,SO - Standard Order,,,,Requested Delivery Date,2023-06-27 23:59:59.000,USER - 03676,Department 751,Manual,Order - 0071,Sales order,Main
Order - 0072,,,,,0,,SO - Standard Order,,,,Requested Delivery Date,2023-06-28 23:59:59.000,USER - 03676,Department 751,Manual,Order - 0072,Sales order,Main
Order - 0074,,,,,0,,SO - Standard Order,,,,Requested Delivery Date,2023-06-29 23:59:59.000,USER - 03676,Department 751,Manual,Order - 0074,Sales order,Main
Order - 0075,,,,,0,,SO - Standard Order,,,,Requested Delivery Date,2023-06-29 23:59:59.000,USER - 03676,Department 751,Manual,Order - 0075,Sales order,Main
Order - 0076,,,,,0,,SO - Standard Order,,,,Requested Delivery Date,2023-06-29 23:59:59.000,USER - 03676,Department 751,Manual,Order - 0076,Sales order,Main
Order - 0081,,,,,0,,SO - Standard Order,,,,Requested Delivery Date,2023-06-30 23:59:59.000,USER - 03676,Department 751,Manual,Order - 0081,Sales order,Main
Order - 0554,,,,,0,,SO - Standard Order,,,,Requested Delivery Date,2023-12-20 23:59:59.000,USER - 03676,Department 751,Manual,Order - 0554,Sales order,Main
Order - 0555,,,,,0,,SO - Standard Order,,,,Requested Delivery Date,2023-12-20 23:59:59.000,USER - 03676,Department 751,Manual,Order - 0555,Sales order,Main
Order - 1040,,,,,0,,SO - Standard Order,,,,Requested Delivery Date,2024-04-17 23:59:59.000,USER - 03676,Department 751,Manual,Order - 1040,Sales order,Main
Order - 1041,,,,,0,,SO - Standard Order,,,,Requested Delivery Date,2024-04-17 23:59:59.000,USER - 03676,Department 751,Manual,Order - 1041,Sales order,Main
Order - 1042,,,,,0,,SO - Standard Order,,,,Requested Delivery Date,2024-04-17 23:59:59.000,USER - 03676,Department 751,Manual,Order - 1042,Sales order,Main
Order - 1043,,,,,0,,SO - Standard Order,,,,Requested Delivery Date,2024-04-17 23:59:59.000,USER - 03676,Department 751,Manual,Order - 1043,Sales order,Main
Order - 1044,,,,,0,,SO - Standard Order,,,,Requested Delivery Date,2024-04-18 23:59:59.000,USER - 03676,Department 751,Manual,Order - 1044,Sales order,Main
Order - 1048,,,,,0,,SO - Standard Order,,,,Requested Delivery Date,2024-04-22 23:59:59.000,USER - 03676,Department 751,Manual,Order - 1048,Sales order,Main
Order - 1049,,,,,0,,SO - Standard Order,,,,Requested Delivery Date,2024-04-22 23:59:59.000,USER - 03676,Department 751,Manual,Order - 1049,Sales order,Main
Order - 1267,,,,,0,,SO - Standard Order,,,,Requested Delivery Date,2024-06-13 23:59:59.000,USER - 03676,Department 751,Manual,Order - 1267,Sales order,Main
Order - 1268,,,,,0,,SO - Standard Order,,,,Requested Delivery Date,2024-06-13 23:59:59.000,USER - 03676,Department 751,Manual,Order - 1268,Sales order,Main
Order - 1269,,,,,0,,SO - Standard Order,,,,Requested Delivery Date,2024-06-17 23:59:59.000,USER - 03676,Department 751,Manual,Order - 1269,Sales order,Main
Order - 1756,,,,,0,,SO - Standard Order,,,,Requested Delivery Date,2024-10-17 23:59:59.000,USER - 03676,Department 751,Manual,Order - 1756,Sales order,Main
Order - 1757,,,,,0,,SO - Standard Order,,,,Requested Delivery Date,2024-10-17 23:59:59.000,USER - 03676,Department 751,Manual,Order - 1757,Sales order,Main
Order - 1770,,,,,0,,SO - Standard Order,,,,Requested Delivery Date,2024-10-22 23:59:59.000,USER - 03676,Department 751,Manual,Order - 1770,Sales order,Main
Order - 0293,,,,,0,,SO - Standard Order,,,,Requested Delivery Date,2023-10-24 23:59:59.000,USER - 03676,Department 751,Manual,Order - 0293,Sales order,Main
Order - 0294,,,,,0,,SO - Standard Order,,,,Requested Delivery Date,2023-10-24 23:59:59.000,USER - 03676,Department 751,Manual,Order - 0294,Sales order,Main
Order - 0301,,,,,0,,SO - Standard Order,,,,Requested Delivery Date,2023-10-27 23:59:59.000,USER - 03676,Department 751,Manual,Order - 0301,Sales order,Main
Order - 0303,,,,,0,,SO - Standard Order,,,,Requested Delivery Date,2023-10-30 23:59:59.000,USER - 03676,Department 751,Manual,Order - 0303,Sales order,Main
Order - 0304,,,,,0,,SO - Standard Order,,,,Requested Delivery Date,2023-10-30 23:59:59.000,USER - 03676,Department 751,Manual,Order - 0304,Sales order,Main
Order - 0309,,,,,0,,SO - Standard Order,,,,Requested Delivery Date,2023-10-31 23:59:59.000,USER - 03676,Department 751,Manual,Order - 0309,Sales order,Main
Order - 0311,,,,,0,,SO - Standard Order,,,,Requested Delivery Date,2023-11-06 23:59:59.000,USER - 03676,Department 751,Manual,Order - 0311,Sales order,Main
Order - 0312,,,,,0,,SO - Standard Order,,,,Requested Delivery Date,2023-11-06 23:59:59.000,USER - 03676,Department 751,Manual,Order - 0312,Sales order,Main
Order - 0313,,,,,0,,SO - Standard Order,,,,Requested Delivery Date,2023-11-08 23:59:59.000,USER - 03676,Department 751,Manual,Order - 0313,Sales order,Main
Order - 0314,,,,,0,,SO - Standard Order,,,,Requested Delivery Date,2023-11-08 23:59:59.000,USER - 03676,Department 751,Manual,Order - 0314,Sales order,Main
Order - 0315,,,,,0,,SO - Standard Order,,,,Requested Delivery Date,2023-11-08 23:59:59.000,USER - 03676,Department 751,Manual,Order - 0315,Sales order,Main
Order - 0316,,,,,0,,SO - Standard Order,,,,Requested Delivery Date,2023-11-08 23:59:59.000,USER - 03676,Department 751,Manual,Order - 0316,Sales order,Main
Order - 0319,,,,,0,,SO - Standard Order,,,,Requested Delivery Date,2023-11-09 23:59:59.000,USER - 03676,Department 751,Manual,Order - 0319,Sales order,Main
Order - 0324,,,,,0,,SO - Standard Order,,,,Requested Delivery Date,2023-11-10 23:59:59.000,USER - 03676,Department 751,Manual,Order - 0324,Sales order,Main
Order - 0325,,,,,0,,SO - Standard Order,,,,Requested Delivery Date,2023-11-10 23:59:59.000,USER - 03676,Department 751,Manual,Order - 0325,Sales order,Main
Order - 0326,,,,,0,,SO - Standard Order,,,,Requested Delivery Date,2023-11-13 23:59:59.000,USER - 03676,Department 751,Manual,Order - 0326,Sales order,Main
Order - 0327,,,,,0,,SO - Standard Order,,,,Requested Delivery Date,2023-11-13 23:59:59.000,USER - 03676,Department 751,Manual,Order - 0327,Sales order,Main
Order - 0329,,,,,0,,SO - Standard Order,,,,Requested Delivery Date,2023-11-14 23:59:59.000,USER - 03676,Department 751,Manual,Order - 0329,Sales order,Main
Order - 0330,,,,,0,,SO - Standard Order,,,,Requested Delivery Date,2023-11-14 23:59:59.000,USER - 03676,Department 751,Manual,Order - 0330,Sales order,Main
Order - 0789,,,,,0,,SO - Standard Order,,,,Requested Delivery Date,2024-02-26 23:59:59.000,USER - 03676,Department 751,Manual,Order - 0789,Sales order,Main
Order - 0790,,,,,0,,SO - Standard Order,,,,Requested Delivery Date,2024-02-27 23:59:59.000,USER - 03676,Department 751,Manual,Order - 0790,Sales order,Main
Order - 0791,,,,,0,,SO - Standard Order,,,,Requested Delivery Date,2024-02-27 23:59:59.000,USER - 03676,Department 751,Manual,Order - 0791,Sales order,Main
Order - 0793,,,,,0,,SO - Standard Order,,,,Requested Delivery Date,2024-02-27 23:59:59.000,USER - 03676,Department 751,Manual,Order - 0793,Sales order,Main
Order - 0794,,,,,0,,SO - Standard Order,,,,Requested Delivery Date,2024-02-27 23:59:59.000,USER - 03676,Department 751,Manual,Order - 0794,Sales order,Main
Order - 0809,,,,,0,,SO - Standard Order,,,,Requested Delivery Date,2024-02-29 23:59:59.000,USER - 03676,Department 751,Manual,Order - 0809,Sales order,Main
Order - 0818,,,,,0,,SO - Standard Order,,,,Requested Delivery Date,2024-03-01 23:59:59.000,USER - 03676,Department 751,Manual,Order - 0818,Sales order,Main
Order - 0819,,,,,0,,SO - Standard Order,,,,Requested Delivery Date,2024-03-01 23:59:59.000,USER - 03676,Department 751,Manual,Order - 0819,Sales order,Main
Order - 0502,,,,,0,,ST - Services / Tooling,,,,Requested Delivery Date,2023-12-18 23:59:59.000,USER - 02130,Department 2222,Manual,Order - 0502,Sales order,Main
Order - 0526,,,,,0,,ST - Services / Tooling,,,,Requested Delivery Date,2023-12-19 23:59:59.000,USER - 02130,Department 2222,Manual,Order - 0526,Sales order,Main
Order - 1785,,,,,0,,ST - Services / Tooling,,,,Requested Delivery Date,2024-10-22 23:59:59.000,USER - 02130,Department 2222,Manual,Order - 1785,Sales order,Main
Order - 1658,,,,,0,,ST - Services / Tooling,,,,Requested Delivery Date,2024-09-25 23:59:59.000,USER - 02130,Department 2222,Manual,Order - 1658,Sales order,Main
Order - 1704,,,,,0,,ST - Services / Tooling,,,,Requested Delivery Date,2024-10-04 23:59:59.000,USER - 02130,Department 2222,Manual,Order - 1704,Sales order,Main
Order - 1744,,,,,0,,ST - Services / Tooling,,,,Requested Delivery Date,2024-10-14 23:59:59.000,USER - 02130,Department 2222,Manual,Order - 1744,Sales order,Main
Order - 1034,,,,,0,,ST - Services / Tooling,,,,Requested Delivery Date,2024-04-16 23:59:59.000,USER - 02130,Department 2222,Manual,Order - 1034,Sales order,Main
Order - 0675,,,,,0,,ST - Services / Tooling,,,,Requested Delivery Date,2024-02-01 23:59:59.000,USER - 02130,Department 2222,Manual,Order - 0675,Sales order,Main
Order - 0678,,,,,0,,ST - Services / Tooling,,,,Requested Delivery Date,2024-02-01 23:59:59.000,USER - 02130,Department 2222,Manual,Order - 0678,Sales order,Main
Order - 1455,,,,,0,,ST - Services / Tooling,,,,Requested Delivery Date,2024-07-30 23:59:59.000,USER - 02130,Department 2222,Manual,Order - 1455,Sales order,Main
Order - 1793,,,,,0,,ST - Services / Tooling,,,,Requested Delivery Date,2024-10-23 23:59:59.000,USER - 02130,Department 2222,Manual,Order - 1793,Sales order,Main
Order - 1794,,,,,0,,ST - Services / Tooling,,,,Requested Delivery Date,2024-10-23 23:59:59.000,USER - 02130,Department 2222,Manual,Order - 1794,Sales order,Main
Order - 1881,,,,,0,,SC - Scrap Sales,,,,Requested Delivery Date,2024-11-07 23:59:59.000,USER - 02130,Department 2222,Manual,Order - 1881,Sales order,Main
Order - 1714,,,,,0,,ST - Services / Tooling,,,,Requested Delivery Date,2024-10-08 23:59:59.000,USER - 02130,Department 2222,Manual,Order - 1714,Sales order,Main
Order - 1909,,,,,0,,FA - Fixed Asset Sale,,,,Requested Delivery Date,2024-11-15 23:59:59.000,USER - 02130,Department 2222,Manual,Order - 1909,Sales order,Main
Order - 1701,,,,,0,,ST - Services / Tooling,,,,Requested Delivery Date,2024-10-04 23:59:59.000,USER - 02130,Department 2222,Manual,Order - 1701,Sales order,Main
Order - 1702,,,,,0,,ST - Services / Tooling,,,,Requested Delivery Date,2024-10-04 23:59:59.000,USER - 02130,Department 2222,Manual,Order - 1702,Sales order,Main
Order - 1726,,,,,0,,ST - Services / Tooling,,,,Requested Delivery Date,2024-10-09 23:59:59.000,USER - 02130,Department 2222,Manual,Order - 1726,Sales order,Main
Order - 1727,,,,,0,,ST - Services / Tooling,,,,Requested Delivery Date,2024-10-09 23:59:59.000,USER - 02130,Department 2222,Manual,Order - 1727,Sales order,Main
Order - 1728,,,,,0,,ST - Services / Tooling,,,,Requested Delivery Date,2024-10-09 23:59:59.000,USER - 02130,Department 2222,Manual,Order - 1728,Sales order,Main
Order - 1729,,,,,0,,ST - Services / Tooling,,,,Requested Delivery Date,2024-10-09 23:59:59.000,USER - 02130,Department 2222,Manual,Order - 1729,Sales order,Main
Order - 1584,,,,,0,,ST - Services / Tooling,,,,Requested Delivery Date,2024-09-03 23:59:59.000,USER - 02130,Department 2222,Manual,Order - 1584,Sales order,Main
Order - 1585,,,,,0,,ST - Services / Tooling,,,,Requested Delivery Date,2024-09-03 23:59:59.000,USER - 02130,Department 2222,Manual,Order - 1585,Sales order,Main
Order - 1628,,,,,0,,ST - Services / Tooling,,,,Requested Delivery Date,2024-09-17 23:59:59.000,USER - 02130,Department 2222,Manual,Order - 1628,Sales order,Main
Order - 1629,,,,,0,,ST - Services / Tooling,,,,Requested Delivery Date,2024-09-17 23:59:59.000,USER - 02130,Department 2222,Manual,Order - 1629,Sales order,Main
Order - 1456,,,,,0,,ST - Services / Tooling,,,,Requested Delivery Date,2024-07-30 23:59:59.000,USER - 02130,Department 2222,Manual,Order - 1456,Sales order,Main
Order - 1457,,,,,0,,ST - Services / Tooling,,,,Requested Delivery Date,2024-07-30 23:59:59.000,USER - 02130,Department 2222,Manual,Order - 1457,Sales order,Main
Order - 1458,,,,,0,,ST - Services / Tooling,,,,Requested Delivery Date,2024-07-30 23:59:59.000,USER - 02130,Department 2222,Manual,Order - 1458,Sales order,Main
Order - 1460,,,,,0,,ST - Services / Tooling,,,,Requested Delivery Date,2024-07-30 23:59:59.000,USER - 02130,Department 2222,Manual,Order - 1460,Sales order,Main
Order - 1476,,,,,0,,ST - Services / Tooling,,,,Requested Delivery Date,2024-07-31 23:59:59.000,USER - 02130,Department 2222,Manual,Order - 1476,Sales order,Main
Order - 1477,,,,,0,,ST - Services / Tooling,,,,Requested Delivery Date,2024-07-31 23:59:59.000,USER - 02130,Department 2222,Manual,Order - 1477,Sales order,Main
Order - 0932,,,,,0,,ST - Services / Tooling,,,,Requested Delivery Date,2024-03-26 23:59:59.000,USER - 02130,Department 2222,Manual,Order - 0932,Sales order,Main
Order - 0443,,,,,0,,ST - Services / Tooling,,,,Requested Delivery Date,2023-12-14 23:59:59.000,USER - 02130,Department 2222,Manual,Order - 0443,Sales order,Main
Order - 1408,,,,,0,,ST - Services / Tooling,,,,Requested Delivery Date,2024-07-17 23:59:59.000,USER - 02130,Department 2222,Manual,Order - 1408,Sales order,Main
Order - 1137,,,,,0,,ST - Services / Tooling,,,,Requested Delivery Date,2024-05-15 23:59:59.000,USER - 02130,Department 2222,Manual,Order - 1137,Sales order,Main
Order - 1138,,,,,0,,ST - Services / Tooling,,,,Requested Delivery Date,2024-05-15 23:59:59.000,USER - 02130,Department 2222,Manual,Order - 1138,Sales order,Main
Order - 1149,,,,,0,,ST - Services / Tooling,,,,Requested Delivery Date,2024-05-15 23:59:59.000,USER - 02130,Department 2222,Manual,Order - 1149,Sales order,Main
Order - 1151,,,,,0,,ST - Services / Tooling,,,,Requested Delivery Date,2024-05-15 23:59:59.000,USER - 02130,Department 2222,Manual,Order - 1151,Sales order,Main
Order - 1153,,,,,0,,ST - Services / Tooling,,,,Requested Delivery Date,2024-05-15 23:59:59.000,USER - 02130,Department 2222,Manual,Order - 1153,Sales order,Main
Order - 1155,,,,,0,,ST - Services / Tooling,,,,Requested Delivery Date,2024-05-15 23:59:59.000,USER - 02130,Department 2222,Manual,Order - 1155,Sales order,Main
Order - 1617,,,,,0,,ST - Services / Tooling,,,,Requested Delivery Date,2024-09-11 23:59:59.000,USER - 02130,Department 2222,Manual,Order - 1617,Sales order,Main
Order - 1618,,,,,0,,ST - Services / Tooling,,,,Requested Delivery Date,2024-09-11 23:59:59.000,USER - 02130,Department 2222,Manual,Order - 1618,Sales order,Main
Order - 1619,,,,,0,,ST - Services / Tooling,,,,Requested Delivery Date,2024-09-11 23:59:59.000,USER - 02130,Department 2222,Manual,Order - 1619,Sales order,Main
Order - 1621,,,,,0,,ST - Services / Tooling,,,,Requested Delivery Date,2024-09-11 23:59:59.000,USER - 02130,Department 2222,Manual,Order - 1621,Sales order,Main
Order - 1622,,,,,0,,ST - Services / Tooling,,,,Requested Delivery Date,2024-09-11 23:59:59.000,USER - 02130,Department 2222,Manual,Order - 1622,Sales order,Main
Order - 0435,,,,,0,,ST - Services / Tooling,,,,Requested Delivery Date,2023-12-14 23:59:59.000,USER - 02130,Department 2222,Manual,Order - 0435,Sales order,Main
Order - 0772,,,,,0,,ST - Services / Tooling,,,,Requested Delivery Date,2024-02-21 23:59:59.000,USER - 02130,Department 2222,Manual,Order - 0772,Sales order,Main
Order - 0810,,,,,0,,ST - Services / Tooling,,,,Requested Delivery Date,2024-02-29 23:59:59.000,USER - 02130,Department 2222,Manual,Order - 0810,Sales order,Main
Order - 1789,,,,,0,,ST - Services / Tooling,,,,Requested Delivery Date,2024-10-23 23:59:59.000,USER - 02130,Department 2222,Manual,Order - 1789,Sales order,Main
Order - 1790,,,,,0,,ST - Services / Tooling,,,,Requested Delivery Date,2024-10-23 23:59:59.000,USER - 02130,Department 2222,Manual,Order - 1790,Sales order,Main
Order - 1795,,,,,0,,ST - Services / Tooling,,,,Requested Delivery Date,2024-10-23 23:59:59.000,USER - 02130,Department 2222,Manual,Order - 1795,Sales order,Main
Order - 1135,,,,,0,,ST - Services / Tooling,,,,Requested Delivery Date,2024-05-15 23:59:59.000,USER - 02130,Department 2222,Manual,Order - 1135,Sales order,Main
Order - 1641,,,,,0,,ST - Services / Tooling,,,,Requested Delivery Date,2024-09-17 23:59:59.000,USER - 02130,Department 2222,Manual,Order - 1641,Sales order,Main
Order - 1642,,,,,0,,ST - Services / Tooling,,,,Requested Delivery Date,2024-09-17 23:59:59.000,USER - 02130,Department 2222,Manual,Order - 1642,Sales order,Main
Order - 0904,,,,,0,,ST - Services / Tooling,,,,Requested Delivery Date,2024-03-20 23:59:59.000,USER - 02130,Department 2222,Manual,Order - 0904,Sales order,Main
Order - 1007,,,,,0,,ST - Services / Tooling,,,,Requested Delivery Date,2024-04-10 23:59:59.000,USER - 02130,Department 2222,Manual,Order - 1007,Sales order,Main
Order - 1027,,,,,0,,ST - Services / Tooling,,,,Requested Delivery Date,2024-04-16 23:59:59.000,USER - 02130,Department 2222,Manual,Order - 1027,Sales order,Main
Order - 1031,,,,,0,,ST - Services / Tooling,,,,Requested Delivery Date,2024-04-16 23:59:59.000,USER - 02130,Department 2222,Manual,Order - 1031,Sales order,Main
Order - 1495,,,,,0,,ST - Services / Tooling,,,,Requested Delivery Date,2024-08-07 23:59:59.000,USER - 02130,Department 2222,Manual,Order - 1495,Sales order,Main
Order - 0978,,,,,0,,ST - Services / Tooling,,,,Requested Delivery Date,2024-04-03 23:59:59.000,USER - 02130,Department 2222,Manual,Order - 0978,Sales order,Main
Order - 0981,,,,,0,,ST - Services / Tooling,,,,Requested Delivery Date,2024-04-03 23:59:59.000,USER - 02130,Department 2222,Manual,Order - 0981,Sales order,Main
Order - 1468,,,,,0,,ST - Services / Tooling,,,,Requested Delivery Date,2024-07-30 23:59:59.000,USER - 02130,Department 2222,Manual,Order - 1468,Sales order,Main
Order - 1220,,,,,0,,ST - Services / Tooling,,,,Requested Delivery Date,2024-06-04 23:59:59.000,USER - 02130,Department 2222,Manual,Order - 1220,Sales order,Main
Order - 1227,,,,,0,,ST - Services / Tooling,,,,Requested Delivery Date,2024-06-04 23:59:59.000,USER - 02130,Department 2222,Manual,Order - 1227,Sales order,Main
Order - 1230,,,,,0,,ST - Services / Tooling,,,,Requested Delivery Date,2024-06-04 23:59:59.000,USER - 02130,Department 2222,Manual,Order - 1230,Sales order,Main
Order - 1651,,,,,0,,ST - Services / Tooling,,,,Requested Delivery Date,2024-09-24 23:59:59.000,USER - 02130,Department 2222,Manual,Order - 1651,Sales order,Main
Order - 1703,,,,,0,,ST - Services / Tooling,,,,Requested Delivery Date,2024-10-04 23:59:59.000,USER - 02130,Department 2222,Manual,Order - 1703,Sales order,Main
Order - 1707,,,,,0,,ST - Services / Tooling,,,,Requested Delivery Date,2024-10-04 23:59:59.000,USER - 02130,Department 2222,Manual,Order - 1707,Sales order,Main
Order - 1709,,,,,0,,ST - Services / Tooling,,,,Requested Delivery Date,2024-10-04 23:59:59.000,USER - 02130,Department 2222,Manual,Order - 1709,Sales order,Main
Order - 1724,,,,,0,,ST - Services / Tooling,,,,Requested Delivery Date,2024-10-09 23:59:59.000,USER - 02130,Department 2222,Manual,Order - 1724,Sales order,Main
Order - 1730,,,,,0,,ST - Services / Tooling,,,,Requested Delivery Date,2024-10-09 23:59:59.000,USER - 02130,Department 2222,Manual,Order - 1730,Sales order,Main
Order - 1745,,,,,0,,ST - Services / Tooling,,,,Requested Delivery Date,2024-10-14 23:59:59.000,USER - 02130,Department 2222,Manual,Order - 1745,Sales order,Main
Order - 1747,,,,,0,,ST - Services / Tooling,,,,Requested Delivery Date,2024-10-14 23:59:59.000,USER - 02130,Department 2222,Manual,Order - 1747,Sales order,Main
Order - 1787,,,,,0,,ST - Services / Tooling,,,,Requested Delivery Date,2024-10-22 23:59:59.000,USER - 02130,Department 2222,Manual,Order - 1787,Sales order,Main
Order - 1788,,,,,0,,ST - Services / Tooling,,,,Requested Delivery Date,2024-10-22 23:59:59.000,USER - 02130,Department 2222,Manual,Order - 1788,Sales order,Main
Order - 1320,,,,,0,,ST - Services / Tooling,,,,Requested Delivery Date,2024-06-28 23:59:59.000,USER - 02130,Department 2222,Manual,Order - 1320,Sales order,Main
Order - 1337,,,,,0,,ST - Services / Tooling,,,,Requested Delivery Date,2024-07-02 23:59:59.000,USER - 02130,Department 2222,Manual,Order - 1337,Sales order,Main
Order - 1347,,,,,0,,ST - Services / Tooling,,,,Requested Delivery Date,2024-07-02 23:59:59.000,USER - 02130,Department 2222,Manual,Order - 1347,Sales order,Main
Order - 1348,,,,,0,,ST - Services / Tooling,,,,Requested Delivery Date,2024-07-02 23:59:59.000,USER - 02130,Department 2222,Manual,Order - 1348,Sales order,Main
Order - 1349,,,,,0,,ST - Services / Tooling,,,,Requested Delivery Date,2024-07-02 23:59:59.000,USER - 02130,Department 2222,Manual,Order - 1349,Sales order,Main
Order - 1351,,,,,0,,ST - Services / Tooling,,,,Requested Delivery Date,2024-07-02 23:59:59.000,USER - 02130,Department 2222,Manual,Order - 1351,Sales order,Main
Order - 1355,,,,,0,,ST - Services / Tooling,,,,Requested Delivery Date,2024-07-02 23:59:59.000,USER - 02130,Department 2222,Manual,Order - 1355,Sales order,Main
Order - 1357,,,,,0,,ST - Services / Tooling,,,,Requested Delivery Date,2024-07-02 23:59:59.000,USER - 02130,Department 2222,Manual,Order - 1357,Sales order,Main
Order - 0870,,,,,0,,ST - Services / Tooling,,,,Requested Delivery Date,2024-03-19 23:59:59.000,USER - 02130,Department 2222,Manual,Order - 0870,Sales order,Main
Order - 0871,,,,,0,,ST - Services / Tooling,,,,Requested Delivery Date,2024-03-19 23:59:59.000,USER - 02130,Department 2222,Manual,Order - 0871,Sales order,Main
Order - 0634,,,,,0,,ST - Services / Tooling,,,,Requested Delivery Date,2024-01-30 23:59:59.000,USER - 02130,Department 2222,Manual,Order - 0634,Sales order,Main
Order - 0635,,,,,0,,ST - Services / Tooling,,,,Requested Delivery Date,2024-01-30 23:59:59.000,USER - 02130,Department 2222,Manual,Order - 0635,Sales order,Main
Order - 0640,,,,,0,,ST - Services / Tooling,,,,Requested Delivery Date,2024-01-30 23:59:59.000,USER - 02130,Department 2222,Manual,Order - 0640,Sales order,Main
Order - 0649,,,,,0,,ST - Services / Tooling,,,,Requested Delivery Date,2024-01-30 23:59:59.000,USER - 02130,Department 2222,Manual,Order - 0649,Sales order,Main
Order - 0650,,,,,0,,ST - Services / Tooling,,,,Requested Delivery Date,2024-01-30 23:59:59.000,USER - 02130,Department 2222,Manual,Order - 0650,Sales order,Main
Order - 0651,,,,,0,,ST - Services / Tooling,,,,Requested Delivery Date,2024-01-30 23:59:59.000,USER - 02130,Department 2222,Manual,Order - 0651,Sales order,Main
Order - 0482,,,,,0,,ST - Services / Tooling,,,,Requested Delivery Date,2023-12-15 23:59:59.000,USER - 02130,Department 2222,Manual,Order - 0482,Sales order,Main
Order - 0487,,,,,0,,ST - Services / Tooling,,,,Requested Delivery Date,2023-12-15 23:59:59.000,USER - 02130,Department 2222,Manual,Order - 0487,Sales order,Main
Order - 0468,,,,,0,,ST - Services / Tooling,,,,Requested Delivery Date,2023-12-15 23:59:59.000,USER - 10897,Department 2178,Manual,Order - 0468,Sales order,Main
Order - 0469,,,,,0,,ST - Services / Tooling,,,,Requested Delivery Date,2023-12-15 23:59:59.000,USER - 10897,Department 2178,Manual,Order - 0469,Sales order,Main
Order - 0470,,,,,0,,ST - Services / Tooling,,,,Requested Delivery Date,2023-12-15 23:59:59.000,USER - 10897,Department 2178,Manual,Order - 0470,Sales order,Main
Order - 0471,,,,,0,,ST - Services / Tooling,,,,Requested Delivery Date,2023-12-15 23:59:59.000,USER - 10897,Department 2178,Manual,Order - 0471,Sales order,Main
Order - 0472,,,,,0,,ST - Services / Tooling,,,,Requested Delivery Date,2023-12-15 23:59:59.000,USER - 10897,Department 2178,Manual,Order - 0472,Sales order,Main
Order - 0473,,,,,0,,ST - Services / Tooling,,,,Requested Delivery Date,2023-12-15 23:59:59.000,USER - 10897,Department 2178,Manual,Order - 0473,Sales order,Main
Order - 0474,,,,,0,,ST - Services / Tooling,,,,Requested Delivery Date,2023-12-15 23:59:59.000,USER - 10897,Department 2178,Manual,Order - 0474,Sales order,Main
Order - 0475,,,,,0,,ST - Services / Tooling,,,,Requested Delivery Date,2023-12-15 23:59:59.000,USER - 10897,Department 2178,Manual,Order - 0475,Sales order,Main
Order - 0476,,,,,0,,ST - Services / Tooling,,,,Requested Delivery Date,2023-12-15 23:59:59.000,USER - 10897,Department 2178,Manual,Order - 0476,Sales order,Main
Order - 0477,,,,,0,,ST - Services / Tooling,,,,Requested Delivery Date,2023-12-15 23:59:59.000,USER - 10897,Department 2178,Manual,Order - 0477,Sales order,Main
Order - 0478,,,,,0,,ST - Services / Tooling,,,,Requested Delivery Date,2023-12-15 23:59:59.000,USER - 10897,Department 2178,Manual,Order - 0478,Sales order,Main
Order - 0479,,,,,0,,ST - Services / Tooling,,,,Requested Delivery Date,2023-12-15 23:59:59.000,USER - 10897,Department 2178,Manual,Order - 0479,Sales order,Main
Order - 0480,,,,,0,,ST - Services / Tooling,,,,Requested Delivery Date,2023-12-15 23:59:59.000,USER - 10897,Department 2178,Manual,Order - 0480,Sales order,Main
Order - 0481,,,,,0,,ST - Services / Tooling,,,,Requested Delivery Date,2023-12-15 23:59:59.000,USER - 10897,Department 2178,Manual,Order - 0481,Sales order,Main
Order - 0485,,,,,0,,ST - Services / Tooling,,,,Requested Delivery Date,2023-12-15 23:59:59.000,USER - 10897,Department 2178,Manual,Order - 0485,Sales order,Main
Order - 1281,,,,,0,,ST - Services / Tooling,,,,Requested Delivery Date,2024-06-19 23:59:59.000,USER - 10897,Department 2178,Manual,Order - 1281,Sales order,Main
Order - 1285,,,,,0,,ST - Services / Tooling,,,,Requested Delivery Date,2024-06-19 23:59:59.000,USER - 10897,Department 2178,Manual,Order - 1285,Sales order,Main
Order - 1286,,,,,0,,ST - Services / Tooling,,,,Requested Delivery Date,2024-06-19 23:59:59.000,USER - 10897,Department 2178,Manual,Order - 1286,Sales order,Main
Order - 0448,,,,,0,,ST - Services / Tooling,,,,Requested Delivery Date,2023-12-15 23:59:59.000,USER - 10897,Department 2178,Manual,Order - 0448,Sales order,Main
Order - 0449,,,,,0,,ST - Services / Tooling,,,,Requested Delivery Date,2023-12-15 23:59:59.000,USER - 10897,Department 2178,Manual,Order - 0449,Sales order,Main
Order - 0450,,,,,0,,ST - Services / Tooling,,,,Requested Delivery Date,2023-12-15 23:59:59.000,USER - 10897,Department 2178,Manual,Order - 0450,Sales order,Main
Order - 0451,,,,,0,,ST - Services / Tooling,,,,Requested Delivery Date,2023-12-15 23:59:59.000,USER - 10897,Department 2178,Manual,Order - 0451,Sales order,Main
Order - 0452,,,,,0,,ST - Services / Tooling,,,,Requested Delivery Date,2023-12-15 23:59:59.000,USER - 10897,Department 2178,Manual,Order - 0452,Sales order,Main
Order - 0453,,,,,0,,ST - Services / Tooling,,,,Requested Delivery Date,2023-12-15 23:59:59.000,USER - 10897,Department 2178,Manual,Order - 0453,Sales order,Main
Order - 0454,,,,,0,,ST - Services / Tooling,,,,Requested Delivery Date,2023-12-15 23:59:59.000,USER - 10897,Department 2178,Manual,Order - 0454,Sales order,Main
Order - 0455,,,,,0,,ST - Services / Tooling,,,,Requested Delivery Date,2023-12-15 23:59:59.000,USER - 10897,Department 2178,Manual,Order - 0455,Sales order,Main
Order - 0456,,,,,0,,ST - Services / Tooling,,,,Requested Delivery Date,2023-12-15 23:59:59.000,USER - 10897,Department 2178,Manual,Order - 0456,Sales order,Main
Order - 0457,,,,,0,,ST - Services / Tooling,,,,Requested Delivery Date,2023-12-15 23:59:59.000,USER - 10897,Department 2178,Manual,Order - 0457,Sales order,Main
Order - 0415,,,,,0,,ST - Services / Tooling,,,,Requested Delivery Date,2023-11-30 23:59:59.000,USER - 10897,Department 2178,Manual,Order - 0415,Sales order,Main
Order - 0617,,,,,0,,ST - Services / Tooling,,,,Requested Delivery Date,2024-01-26 23:59:59.000,USER - 10897,Department 2178,Manual,Order - 0617,Sales order,Main
Order - 0618,,,,,0,,ST - Services / Tooling,,,,Requested Delivery Date,2024-01-26 23:59:59.000,USER - 10897,Department 2178,Manual,Order - 0618,Sales order,Main
Order - 1633,,,,,0,,ST - Services / Tooling,,,,Requested Delivery Date,2024-09-17 23:59:59.000,USER - 02130,Department 2222,Manual,Order - 1633,Sales order,Main
Order - 1634,,,,,0,,ST - Services / Tooling,,,,Requested Delivery Date,2024-09-17 23:59:59.000,USER - 02130,Department 2222,Manual,Order - 1634,Sales order,Main
Order - 1635,,,,,0,,ST - Services / Tooling,,,,Requested Delivery Date,2024-09-17 23:59:59.000,USER - 02130,Department 2222,Manual,Order - 1635,Sales order,Main
Order - 1636,,,,,0,,ST - Services / Tooling,,,,Requested Delivery Date,2024-09-17 23:59:59.000,USER - 02130,Department 2222,Manual,Order - 1636,Sales order,Main
Order - 1637,,,,,0,,ST - Services / Tooling,,,,Requested Delivery Date,2024-09-17 23:59:59.000,USER - 02130,Department 2222,Manual,Order - 1637,Sales order,Main
Order - 1638,,,,,0,,ST - Services / Tooling,,,,Requested Delivery Date,2024-09-17 23:59:59.000,USER - 02130,Department 2222,Manual,Order - 1638,Sales order,Main
Order - 1643,,,,,0,,ST - Services / Tooling,,,,Requested Delivery Date,2024-09-17 23:59:59.000,USER - 02130,Department 2222,Manual,Order - 1643,Sales order,Main
Order - 0437,,,,,0,,ST - Services / Tooling,,,,Requested Delivery Date,2023-12-14 23:59:59.000,USER - 02130,Department 2222,Manual,Order - 0437,Sales order,Main
Order - 0442,,,,,0,,ST - Services / Tooling,,,,Requested Delivery Date,2023-12-14 23:59:59.000,USER - 02130,Department 2222,Manual,Order - 0442,Sales order,Main
Order - 0826,,,,,0,,ST - Services / Tooling,,,,Requested Delivery Date,2024-03-06 23:59:59.000,USER - 02130,Department 2222,Manual,Order - 0826,Sales order,Main
Order - 1288,,,,,0,,ST - Services / Tooling,,,,Requested Delivery Date,2024-06-19 23:59:59.000,USER - 02130,Department 2222,Manual,Order - 1288,Sales order,Main
Order - 1289,,,,,0,,ST - Services / Tooling,,,,Requested Delivery Date,2024-06-19 23:59:59.000,USER - 02130,Department 2222,Manual,Order - 1289,Sales order,Main
Order - 1292,,,,,0,,ST - Services / Tooling,,,,Requested Delivery Date,2024-06-19 23:59:59.000,USER - 02130,Department 2222,Manual,Order - 1292,Sales order,Main
Order - 1295,,,,,0,,ST - Services / Tooling,,,,Requested Delivery Date,2024-06-19 23:59:59.000,USER - 02130,Department 2222,Manual,Order - 1295,Sales order,Main
Order - 1296,,,,,0,,ST - Services / Tooling,,,,Requested Delivery Date,2024-06-19 23:59:59.000,USER - 02130,Department 2222,Manual,Order - 1296,Sales order,Main
Order - 0408,,,,,0,,ST - Services / Tooling,,,,Requested Delivery Date,2023-11-29 23:59:59.000,USER - 02130,Department 2222,Manual,Order - 0408,Sales order,Main
Order - 0410,,,,,0,,ST - Services / Tooling,,,,Requested Delivery Date,2023-11-29 23:59:59.000,USER - 02130,Department 2222,Manual,Order - 0410,Sales order,Main
Order - 1203,,,,,0,,ST - Services / Tooling,,,,Requested Delivery Date,2024-05-29 23:59:59.000,USER - 02130,Department 2222,Manual,Order - 1203,Sales order,Main
Order - 1208,,,,,0,,ST - Services / Tooling,,,,Requested Delivery Date,2024-05-29 23:59:59.000,USER - 02130,Department 2222,Manual,Order - 1208,Sales order,Main
Order - 1211,,,,,0,,ST - Services / Tooling,,,,Requested Delivery Date,2024-05-29 23:59:59.000,USER - 02130,Department 2222,Manual,Order - 1211,Sales order,Main
Order - 1249,,,,,0,,ST - Services / Tooling,,,,Requested Delivery Date,2024-06-11 23:59:59.000,USER - 02130,Department 2222,Manual,Order - 1249,Sales order,Main
Order - 1250,,,,,0,,ST - Services / Tooling,,,,Requested Delivery Date,2024-06-11 23:59:59.000,USER - 02130,Department 2222,Manual,Order - 1250,Sales order,Main
Order - 1252,,,,,0,,ST - Services / Tooling,,,,Requested Delivery Date,2024-06-11 23:59:59.000,USER - 02130,Department 2222,Manual,Order - 1252,Sales order,Main
Order - 1253,,,,,0,,ST - Services / Tooling,,,,Requested Delivery Date,2024-06-11 23:59:59.000,USER - 02130,Department 2222,Manual,Order - 1253,Sales order,Main
Order - 1255,,,,,0,,ST - Services / Tooling,,,,Requested Delivery Date,2024-06-11 23:59:59.000,USER - 02130,Department 2222,Manual,Order - 1255,Sales order,Main
Order - 1256,,,,,0,,ST - Services / Tooling,,,,Requested Delivery Date,2024-06-11 23:59:59.000,USER - 02130,Department 2222,Manual,Order - 1256,Sales order,Main
Order - 0380,,,,,0,,ST - Services / Tooling,,,,Requested Delivery Date,2023-11-23 23:59:59.000,USER - 02130,Department 2222,Manual,Order - 0380,Sales order,Main
Order - 0382,,,,,0,,ST - Services / Tooling,,,,Requested Delivery Date,2023-11-23 23:59:59.000,USER - 02130,Department 2222,Manual,Order - 0382,Sales order,Main
Order - 0386,,,,,0,,ST - Services / Tooling,,,,Requested Delivery Date,2023-11-23 23:59:59.000,USER - 02130,Department 2222,Manual,Order - 0386,Sales order,Main
Order - 0387,,,,,0,,ST - Services / Tooling,,,,Requested Delivery Date,2023-11-23 23:59:59.000,USER - 02130,Department 2222,Manual,Order - 0387,Sales order,Main
Order - 0388,,,,,0,,ST - Services / Tooling,,,,Requested Delivery Date,2023-11-23 23:59:59.000,USER - 02130,Department 2222,Manual,Order - 0388,Sales order,Main
Order - 0602,,,,,0,,,,,,Create Delivery,2024-01-18 13:07:13.000,USER - 03676,Department 751,Manual,Delivery - 0289,Delivery,Main
Order - 0842,,,,,0,,ST - Services / Tooling,,,,Requested Delivery Date,2024-03-08 23:59:59.000,USER - 10897,Department 2178,Manual,Order - 0842,Sales order,Main
Order - 0300,,,,,0,,ST - Services / Tooling,,,,Requested Delivery Date,2023-10-26 23:59:59.000,USER - 10897,Department 2178,Manual,Order - 0300,Sales order,Main
Order - 0778,,,,,0,,ST - Services / Tooling,,,,Requested Delivery Date,2024-02-21 23:59:59.000,USER - 10897,Department 2178,Manual,Order - 0778,Sales order,Main
Order - 0399,,,,,0,,ST - Services / Tooling,,,,Requested Delivery Date,2023-11-29 23:59:59.000,USER - 10897,Department 2178,Manual,Order - 0399,Sales order,Main
Order - 0270,,,,,0,,ST - Services / Tooling,,,,Requested Delivery Date,2023-10-10 23:59:59.000,USER - 10897,Department 2178,Manual,Order - 0270,Sales order,Main
Order - 0271,,,,,0,,ST - Services / Tooling,,,,Requested Delivery Date,2023-10-10 23:59:59.000,USER - 10897,Department 2178,Manual,Order - 0271,Sales order,Main
Order - 0745,,,,,0,,ST - Services / Tooling,,,,Requested Delivery Date,2024-02-20 23:59:59.000,USER - 10897,Department 2178,Manual,Order - 0745,Sales order,Main
Order - 0604,,,,,0,,ST - Services / Tooling,,,,Requested Delivery Date,2024-01-18 23:59:59.000,USER - 10897,Department 2178,Manual,Order - 0604,Sales order,Main
Order - 0605,,,,,0,,ST - Services / Tooling,,,,Requested Delivery Date,2024-01-18 23:59:59.000,USER - 10897,Department 2178,Manual,Order - 0605,Sales order,Main
Order - 0578,,,,,0,,ST - Services / Tooling,,,,Requested Delivery Date,2023-12-22 23:59:59.000,USER - 10897,Department 2178,Manual,Order - 0578,Sales order,Main
Order - 0561,,,,,0,,ST - Services / Tooling,,,,Requested Delivery Date,2023-12-20 23:59:59.000,USER - 10897,Department 2178,Manual,Order - 0561,Sales order,Main
Order - 0559,,,,,0,,ST - Services / Tooling,,,,Requested Delivery Date,2023-12-20 23:59:59.000,USER - 10897,Department 2178,Manual,Order - 0559,Sales order,Main
Order - 1575,,,,,0,,ST - Services / Tooling,,,,Requested Delivery Date,2024-08-29 23:59:59.000,USER - 10897,Department 2178,Manual,Order - 1575,Sales order,Main
Order - 1598,,,,,0,,ST - Services / Tooling,,,,Requested Delivery Date,2024-09-05 23:59:59.000,USER - 10897,Department 2178,Manual,Order - 1598,Sales order,Main
Order - 1599,,,,,0,,ST - Services / Tooling,,,,Requested Delivery Date,2024-09-05 23:59:59.000,USER - 10897,Department 2178,Manual,Order - 1599,Sales order,Main
Order - 1316,,,,,0,,ST - Services / Tooling,,,,Requested Delivery Date,2024-06-28 23:59:59.000,USER - 10897,Department 2178,Manual,Order - 1316,Sales order,Main
Order - 1374,,,,,0,,ST - Services / Tooling,,,,Requested Delivery Date,2024-07-09 23:59:59.000,USER - 10897,Department 2178,Manual,Order - 1374,Sales order,Main
Order - 1383,,,,,0,,ST - Services / Tooling,,,,Requested Delivery Date,2024-07-10 23:59:59.000,USER - 10897,Department 2178,Manual,Order - 1383,Sales order,Main
Order - 1384,,,,,0,,ST - Services / Tooling,,,,Requested Delivery Date,2024-07-10 23:59:59.000,USER - 10897,Department 2178,Manual,Order - 1384,Sales order,Main
Order - 1389,,,,,0,,ST - Services / Tooling,,,,Requested Delivery Date,2024-07-10 23:59:59.000,USER - 10897,Department 2178,Manual,Order - 1389,Sales order,Main
Order - 1390,,,,,0,,ST - Services / Tooling,,,,Requested Delivery Date,2024-07-10 23:59:59.000,USER - 10897,Department 2178,Manual,Order - 1390,Sales order,Main
Order - 1397,,,,,0,,ST - Services / Tooling,,,,Requested Delivery Date,2024-07-16 23:59:59.000,USER - 10897,Department 2178,Manual,Order - 1397,Sales order,Main
Order - 0048,,,,,0,,ST - Services / Tooling,,,,Requested Delivery Date,2023-06-13 23:59:59.000,USER - 10897,Department 2178,Manual,Order - 0048,Sales order,Main
Order - 1014,,,,,0,,ST - Services / Tooling,,,,Requested Delivery Date,2024-04-12 23:59:59.000,USER - 10897,Department 2178,Manual,Order - 1014,Sales order,Main
Order - 0430,,,,,0,,ST - Services / Tooling,,,,Requested Delivery Date,2023-12-08 23:59:59.000,USER - 10897,Department 2178,Manual,Order - 0430,Sales order,Main
Order - 0416,,,,,0,,ST - Services / Tooling,,,,Requested Delivery Date,2023-11-30 23:59:59.000,USER - 10897,Department 2178,Manual,Order - 0416,Sales order,Main
Order - 0307,,,,,0,,ST - Services / Tooling,,,,Requested Delivery Date,2023-10-31 23:59:59.000,USER - 10897,Department 2178,Manual,Order - 0307,Sales order,Main
Order - 0191,,,,,0,,ST - Services / Tooling,,,,Requested Delivery Date,2023-08-29 23:59:59.000,USER - 10897,Department 2178,Manual,Order - 0191,Sales order,Main
Order - 0130,,,,,0,,ST - Services / Tooling,,,,Requested Delivery Date,2023-07-31 23:59:59.000,USER - 10897,Department 2178,Manual,Order - 0130,Sales order,Main
Order - 0082,,,,,0,,ST - Services / Tooling,,,,Requested Delivery Date,2023-06-30 23:59:59.000,USER - 10897,Department 2178,Manual,Order - 0082,Sales order,Main
Order - 0021,,,,,0,,ST - Services / Tooling,,,,Requested Delivery Date,2023-05-30 23:59:59.000,USER - 10897,Department 2178,Manual,Order - 0021,Sales order,Main
Order - 1685,,,,,0,,ST - Services / Tooling,,,,Requested Delivery Date,2024-10-01 23:59:59.000,USER - 10897,Department 2178,Manual,Order - 1685,Sales order,Main
Order - 1119,,,,,0,,,,,,Create Delivery,2024-05-09 13:27:34.000,USER - 03676,Department 751,Manual,Delivery - 0422,Delivery,Main
Order - 1050,,,,,0,,,,,,Create Delivery,2024-04-23 13:02:07.000,USER - 03676,Department 751,Manual,Delivery - 0411,Delivery,Main
Order - 1039,,,,,0,,,,,,Create Delivery,2024-04-24 14:55:44.000,USER - 03676,Department 751,Manual,Delivery - 0412,Delivery,Main
Order - 1064,,,,,0,,,,,,Create Delivery,2024-04-25 10:45:29.000,USER - 03676,Department 751,Manual,Delivery - 0413,Delivery,Main
Order - 1065,,,,,0,,,,,,Create Delivery,2024-04-25 10:49:34.000,USER - 03676,Department 751,Manual,Delivery - 0414,Delivery,Main
Order - 0768,,,,,0,,,,,,Create Delivery,2024-04-29 08:16:46.000,USER - 03676,Department 751,Manual,Delivery - 0415,Delivery,Main
Order - 1066,,,,,0,,,,,,Create Delivery,2024-04-29 08:38:27.000,USER - 03676,Department 751,Manual,Delivery - 0416,Delivery,Main
Order - 1042,,,,,0,,,,,,Create Delivery,2024-04-17 15:02:56.000,USER - 03676,Department 751,Manual,Delivery - 0405,Delivery,Main
Order - 1043,,,,,0,,,,,,Create Delivery,2024-04-17 15:06:05.000,USER - 03676,Department 751,Manual,Delivery - 0406,Delivery,Main
Order - 0850,,,,,0,,,,,,Create Delivery,2024-04-18 12:05:40.000,USER - 03676,Department 751,Manual,Delivery - 0407,Delivery,Main
Order - 1044,,,,,0,,,,,,Create Delivery,2024-04-18 13:29:10.000,USER - 03676,Department 751,Manual,Delivery - 0408,Delivery,Main
Order - 1048,,,,,0,,,,,,Create Delivery,2024-04-22 13:35:47.000,USER - 03676,Department 751,Manual,Delivery - 0409,Delivery,Main
Order - 1049,,,,,0,,,,,,Create Delivery,2024-04-22 13:50:36.000,USER - 03676,Department 751,Manual,Delivery - 0410,Delivery,Main
Order - 1025,,,,,0,,,,,,Create Delivery,2024-04-15 13:06:56.000,USER - 03676,Department 751,Manual,Delivery - 0399,Delivery,Main
Order - 1026,,,,,0,,,,,,Create Delivery,2024-04-16 11:34:34.000,USER - 03676,Department 751,Manual,Delivery - 0400,Delivery,Main
Order - 1017,,,,,0,,,,,,Create Delivery,2024-04-16 14:53:57.000,USER - 03676,Department 751,Manual,Delivery - 0401,Delivery,Main
Order - 1039,,,,,0,,,,,,Create Delivery,2024-04-17 11:04:32.000,USER - 03676,Department 751,Manual,Delivery - 0402,Delivery,Main
Order - 1040,,,,,0,,,,,,Create Delivery,2024-04-17 14:50:54.000,USER - 03676,Department 751,Manual,Delivery - 0403,Delivery,Main
Order - 1041,,,,,0,,,,,,Create Delivery,2024-04-17 14:54:59.000,USER - 03676,Department 751,Manual,Delivery - 0404,Delivery,Main
Order - 0850,,,,,0,,,,,,Create Delivery,2024-04-11 12:10:50.000,USER - 03676,Department 751,Manual,Delivery - 0393,Delivery,Main
Order - 0993,,,,,0,,,,,,Create Delivery,2024-04-11 13:25:29.000,USER - 03676,Department 751,Manual,Delivery - 0394,Delivery,Main
Order - 1013,,,,,0,,,,,,Create Delivery,2024-04-11 15:24:44.000,USER - 03676,Department 751,Manual,Delivery - 0395,Delivery,Main
Order - 1022,,,,,0,,,,,,Create Delivery,2024-04-15 10:19:02.000,USER - 03676,Department 751,Manual,Delivery - 0396,Delivery,Main
Order - 1023,,,,,0,,,,,,Create Delivery,2024-04-15 10:24:31.000,USER - 03676,Department 751,Manual,Delivery - 0397,Delivery,Main
Order - 1024,,,,,0,,,,,,Create Delivery,2024-04-15 11:00:41.000,USER - 03676,Department 751,Manual,Delivery - 0398,Delivery,Main
Order - 0984,,,,,0,,,,,,Create Delivery,2024-04-04 13:18:42.000,USER - 03676,Department 751,Manual,Delivery - 0387,Delivery,Main
Order - 0987,,,,,0,,,,,,Create Delivery,2024-04-08 15:17:52.000,USER - 03676,Department 751,Manual,Delivery - 0388,Delivery,Main
Order - 0942,,,,,0,,,,,,Create Delivery,2024-04-09 12:32:49.000,USER - 03676,Department 751,Manual,Delivery - 0389,Delivery,Main
Order - 0988,,,,,0,,,,,,Create Delivery,2024-04-09 14:44:33.000,USER - 03676,Department 751,Manual,Delivery - 0390,Delivery,Main
Order - 0989,,,,,0,,,,,,Create Delivery,2024-04-09 14:47:20.000,USER - 03676,Department 751,Manual,Delivery - 0391,Delivery,Main
Order - 0994,,,,,0,,,,,,Create Delivery,2024-04-10 11:44:14.000,USER - 03676,Department 751,Manual,Delivery - 0392,Delivery,Main
Order - 0947,,,,,0,,,,,,Create Delivery,2024-04-02 09:13:29.000,USER - 03676,Department 751,Manual,Delivery - 0381,Delivery,Main
Order - 0948,,,,,0,,,,,,Create Delivery,2024-04-02 09:18:37.000,USER - 03676,Department 751,Manual,Delivery - 0382,Delivery,Main
Order - 0951,,,,,0,,,,,,Create Delivery,2024-04-03 15:30:51.000,USER - 03676,Department 751,Manual,Delivery - 0383,Delivery,Main
Order - 0952,,,,,0,,,,,,Create Delivery,2024-04-03 15:34:20.000,USER - 03676,Department 751,Manual,Delivery - 0384,Delivery,Main
Order - 0953,,,,,0,,,,,,Create Delivery,2024-04-03 15:37:02.000,USER - 03676,Department 751,Manual,Delivery - 0385,Delivery,Main
Order - 0379,,,,,0,,,,,,Create Delivery,2024-04-04 12:07:22.000,USER - 03676,Department 751,Manual,Delivery - 0386,Delivery,Main
Order - 0911,,,,,0,,,,,,Create Delivery,2024-03-27 08:28:44.000,USER - 03676,Department 751,Manual,Delivery - 0375,Delivery,Main
Order - 0934,,,,,0,,,,,,Create Delivery,2024-03-27 14:52:30.000,USER - 03676,Department 751,Manual,Delivery - 0376,Delivery,Main
Order - 0935,,,,,0,,,,,,Create Delivery,2024-03-27 14:56:20.000,USER - 03676,Department 751,Manual,Delivery - 0377,Delivery,Main
Order - 0003,,,,,0,,,,,,Create Freight Order,2023-05-25 15:15:07.000,NULL,NULL,NULL,FREIGHT - 00011,Freight Order,Main
Order - 0003,,,,,0,,,,,,Create Freight Order,2023-05-25 15:16:56.000,NULL,NULL,NULL,FREIGHT - 00012,Freight Order,Main
Order - 0005,,,,,0,,,,,,Create Freight Order,2023-05-25 15:42:53.000,NULL,NULL,NULL,FREIGHT - 00013,Freight Order,Main
Order - 0005,,,,,0,,,,,,Create Freight Order,2023-05-25 15:44:42.000,NULL,NULL,NULL,FREIGHT - 00014,Freight Order,Main
Order - 0004,,,,,0,,,,,,Create Freight Order,2023-05-25 16:51:39.000,NULL,NULL,NULL,FREIGHT - 00015,Freight Order,Main
Order - 0004,,,,,0,,,,,,Create Freight Order,2023-05-25 16:52:32.000,NULL,NULL,NULL,FREIGHT - 00016,Freight Order,Main
Order - 0495,,,,,0,,,,,,Create Freight Order,2024-01-18 11:46:04.000,NULL,NULL,NULL,FREIGHT - 00326,Freight Order,Main
Order - 0379,,,,,0,,,,,,Create Freight Order,2024-02-15 12:49:17.000,NULL,NULL,NULL,FREIGHT - 00356,Freight Order,Main
Order - 0293,,,,,0,,,,,,Create Freight Order,2023-10-24 08:53:58.000,USER - 03676,Department 751,Manual,FREIGHT - 00238,Freight Order,Main
Order - 0217,,,,,0,,,,,,Create Freight Order,2023-09-12 16:40:34.000,USER - 03676,Department 751,Manual,FREIGHT - 00177,Freight Order,Main
Order - 0219,,,,,0,,,,,,Create Freight Order,2023-09-14 09:26:20.000,USER - 03676,Department 751,Manual,FREIGHT - 00178,Freight Order,Main
Order - 0219,,,,,0,,,,,,Create Freight Order,2023-09-14 09:27:46.000,USER - 03676,Department 751,Manual,FREIGHT - 00179,Freight Order,Main
Order - 0186,,,,,0,,,,,,Create Freight Order,2023-12-05 11:22:19.000,USER - 03676,Department 751,Manual,FREIGHT - 00293,Freight Order,Main
Order - 1902,,,,,0,,,,,,Create Freight Order,2024-11-13 11:59:08.000,USER - 03676,Department 751,Manual,FREIGHT - 00642,Freight Order,Main
Order - 1903,,,,,0,,,,,,Create Freight Order,2024-11-13 13:02:36.000,USER - 03676,Department 751,Manual,FREIGHT - 00643,Freight Order,Main
Order - 1906,,,,,0,,,,,,Create Freight Order,2024-11-15 11:31:24.000,USER - 03676,Department 751,Manual,FREIGHT - 00644,Freight Order,Main
